# .PCD v0.7 - Point Cloud Data file format
VERSION 0.7
FIELDS x y z intensity
SIZE 4 4 4 4
TYPE F F F F
COUNT 1 1 1 1
WIDTH 14400
HEIGHT 1
VIEWPOINT 0 0 0 1 0 0 0
POINTS 14400
DATA ascii
29.000418 -0.000001 7.770638 2.162143
28.935913 -0.202015 7.753543 2.163018
28.756018 -0.401536 7.705903 2.165458
28.578320 -0.598631 7.659218 2.167848
28.402761 -0.793361 7.613465 2.170191
28.229288 -0.985789 7.568625 2.172486
28.057844 -1.175973 7.524677 2.174736
27.888382 -1.363970 7.481601 2.176942
26.765373 -1.496417 7.182960 2.192232
26.605429 -1.673872 7.142998 2.194278
26.447254 -1.849373 7.103825 2.196284
26.350557 -2.027565 7.081481 2.197428
26.376270 -2.214878 7.092374 2.196871
26.402069 -2.402777 7.103649 2.196293
26.427959 -2.591285 7.115309 2.195696
26.453941 -2.780422 7.127357 2.195079
26.444439 -2.966220 7.130202 2.194934
26.292229 -3.135159 7.094891 2.196742
26.141520 -3.302443 7.060272 2.198514
25.992275 -3.468110 7.026331 2.200252
25.844456 -3.632202 6.993057 2.201955
25.698030 -3.794756 6.960436 2.203626
25.552965 -3.955808 6.928455 2.205263
25.409225 -4.115397 6.897104 2.206868
25.266781 -4.273557 6.866370 2.208442
24.391403 -4.300863 6.636480 2.220212
24.124454 -4.427667 6.572098 2.223509
23.990492 -4.576432 6.544147 2.224940
23.857662 -4.723945 6.516752 2.226342
23.816410 -4.888807 6.514648 2.226450
23.841049 -5.067572 6.530906 2.225617
23.865820 -5.247241 6.547567 2.224765
23.890724 -5.427840 6.564636 2.223891
23.915766 -5.609393 6.582117 2.222996
23.907057 -5.783726 6.590672 2.222558
23.776960 -5.928262 6.566057 2.223818
23.647829 -6.071732 6.541944 2.225053
23.519644 -6.214159 6.518326 2.226262
23.392382 -6.355569 6.495194 2.227446
23.266016 -6.495989 6.472542 2.228606
23.140530 -6.635441 6.450363 2.229741
23.015902 -6.773948 6.428648 2.230853
22.892107 -6.911535 6.407393 2.231941
22.769129 -7.048223 6.386588 2.233006
22.503517 -7.138536 6.325911 2.236113
21.921471 -7.122718 6.176121 2.243783
21.632645 -7.196223 6.108754 2.247232
21.516865 -7.324939 6.090352 2.248174
21.401781 -7.452889 6.072357 2.249095
21.287374 -7.580093 6.054763 2.249996
21.283888 -7.746702 6.069006 2.249267
21.308516 -7.924566 6.091656 2.248107
21.333336 -8.103775 6.114777 2.246923
21.358351 -8.284359 6.138375 2.245715
21.383566 -8.466353 6.162459 2.244482
21.350119 -8.626008 6.170024 2.244095
21.236063 -8.752874 6.154573 2.244886
21.122578 -8.879115 6.139499 2.245657
21.009645 -9.004746 6.124797 2.246410
20.897251 -9.129786 6.110464 2.247144
20.785383 -9.254249 6.096496 2.247859
20.674023 -9.378153 6.082889 2.248556
20.563158 -9.501513 6.069639 2.249234
20.452774 -9.624346 6.056743 2.249895
20.342859 -9.746666 6.044196 2.250537
20.233397 -9.868487 6.031996 2.251162
20.068121 -9.961903 6.003312 2.252630
19.701532 -9.951962 5.914289 2.257188
19.345646 -9.942312 5.828148 2.261599
19.117365 -9.994317 5.780255 2.264051
19.013674 -10.109750 5.770103 2.264571
18.910347 -10.224787 5.760269 2.265074
18.807369 -10.339440 5.750749 2.265562
18.714403 -10.459127 5.744510 2.265881
18.743393 -10.647730 5.776085 2.264264
18.772709 -10.838429 5.808297 2.262615
18.802361 -11.031281 5.841156 2.260933
18.832357 -11.226339 5.874681 2.259216
18.845797 -11.413422 5.903586 2.257736
18.741354 -11.529758 5.895939 2.258128
18.637178 -11.645802 5.888601 2.258503
18.533260 -11.761566 5.881568 2.258864
18.429592 -11.877062 5.874840 2.259208
18.326157 -11.992302 5.868413 2.259537
18.222948 -12.107299 5.862288 2.259851
18.119953 -12.222064 5.856462 2.260149
18.017162 -12.336610 5.850934 2.260432
17.914564 -12.450947 5.845701 2.260700
17.812147 -12.565088 5.840764 2.260953
17.709902 -12.679047 5.836121 2.261191
17.607821 -12.792830 5.831770 2.261413
17.345642 -12.788311 5.774365 2.264353
17.079834 -12.777348 5.715434 2.267370
16.819382 -12.766606 5.657967 2.270312
16.608017 -12.789897 5.616765 2.272422
16.510082 -12.899091 5.613963 2.272565
16.412245 -13.008185 5.611439 2.272694
16.314493 -13.117189 5.609191 2.272809
16.216818 -13.226115 5.607219 2.272910
16.198858 -13.400863 5.633221 2.271579
16.229183 -13.617902 5.676689 2.269353
16.259985 -13.838333 5.721117 2.267079
16.291281 -14.062256 5.766531 2.264753
16.290770 -14.261492 5.801452 2.262966
16.189877 -14.374047 5.801118 2.262983
16.088997 -14.486598 5.801068 2.262985
15.988114 -14.599156 5.801302 2.262973
15.887224 -14.711731 5.801820 2.262947
15.786313 -14.824336 5.802623 2.262906
15.685373 -14.936980 5.803710 2.262850
15.584394 -15.049675 5.805081 2.262780
15.483365 -15.162433 5.806738 2.262695
15.382278 -15.275263 5.808680 2.262596
15.281121 -15.388178 5.810907 2.262482
15.179884 -15.501189 5.813422 2.262353
15.078559 -15.614305 5.816223 2.262209
14.876062 -15.621406 5.780041 2.264062
14.664128 -15.615710 5.739913 2.266116
14.455105 -15.610094 5.700616 2.268128
14.248916 -15.604555 5.662127 2.270099
14.068035 -15.624137 5.633458 2.271567
13.969479 -15.734204 5.637841 2.271343
13.870768 -15.844450 5.642509 2.271103
13.771891 -15.954889 5.647460 2.270850
13.672837 -16.065533 5.652698 2.270582
13.681514 -16.304993 5.703207 2.267996
13.720874 -16.585690 5.767742 2.264692
13.761144 -16.872829 5.834045 2.261297
13.748549 -17.099747 5.879174 2.258986
13.644890 -17.215569 5.886099 2.258631
13.540986 -17.331673 5.893330 2.258261
13.436824 -17.448072 5.900868 2.257875
13.332394 -17.564779 5.908715 2.257474
13.227681 -17.681808 5.916873 2.257056
13.122678 -17.799170 5.925344 2.256622
13.017372 -17.916876 5.934131 2.256172
12.911751 -18.034945 5.943234 2.255706
12.805802 -18.153383 5.952658 2.255224
12.699515 -18.272209 5.962404 2.254725
12.592876 -18.391434 5.972475 2.254209
12.442706 -18.447071 5.962188 2.254736
12.252832 -18.441998 5.932755 2.256243
12.064817 -18.436974 5.903899 2.257720
11.878613 -18.432001 5.875608 2.259169
11.694177 -18.427076 5.847870 2.260589
11.533262 -18.457079 5.831697 2.261417
11.427587 -18.575277 5.843693 2.260803
11.321473 -18.693974 5.856026 2.260171
11.214908 -18.813183 5.868699 2.259523
11.134920 -18.979015 5.896036 2.258123
11.192015 -19.385139 5.997783 2.252913
11.251125 -19.805565 6.103411 2.247505
11.168823 -19.984255 6.134299 2.245924
11.055902 -20.110613 6.149242 2.245159
10.942426 -20.237597 6.164561 2.244374
10.828382 -20.365225 6.180260 2.243571
10.713751 -20.493517 6.196343 2.242747
10.598519 -20.622488 6.212815 2.241904
10.482669 -20.752159 6.229681 2.241040
10.366185 -20.882549 6.246945 2.240156
10.249052 -21.013672 6.264613 2.239252
10.131249 -21.145552 6.282689 2.238326
10.010529 -21.273460 6.299775 2.237452
9.827470 -21.268599 6.277864 2.238573
9.645675 -21.263771 6.256410 2.239672
9.465106 -21.258978 6.235405 2.240747
9.285738 -21.254217 6.214843 2.241800
9.107541 -21.249491 6.194717 2.242831
8.966348 -21.330105 6.199819 2.242569
8.846815 -21.463984 6.220628 2.241504
8.726472 -21.598778 6.241885 2.240415
8.605299 -21.734509 6.263596 2.239304
8.700549 -22.431360 6.446757 2.229926
8.658834 -22.794546 6.533603 2.225479
8.530631 -22.938175 6.557541 2.224254
8.401480 -23.082876 6.581980 2.223003
8.271357 -23.228672 6.606926 2.221725
8.140240 -23.375591 6.632388 2.220422
8.008104 -23.523659 6.658374 2.219091
7.874927 -23.672903 6.684894 2.217733
7.740677 -23.823357 6.711956 2.216348
7.605331 -23.975046 6.739569 2.214934
7.459358 -24.097300 6.759131 2.213932
7.273922 -24.092403 6.743349 2.214741
7.089346 -24.087530 6.727969 2.215528
6.905597 -24.082682 6.712985 2.216295
6.722657 -24.077854 6.698393 2.217042
6.540501 -24.073051 6.684191 2.217769
6.396528 -24.209896 6.709624 2.216467
6.256389 -24.367023 6.740902 2.214866
6.114929 -24.525642 6.772807 2.213232
6.185312 -25.567020 7.048289 2.199127
6.035969 -25.734495 7.082669 2.197367
5.885157 -25.903625 7.117736 2.195572
5.732841 -26.074453 7.153503 2.193741
5.578977 -26.247023 7.189987 2.191873
5.423529 -26.421379 7.227201 2.189967
5.266458 -26.597567 7.265160 2.188024
5.107722 -26.775629 7.303880 2.186041
4.941206 -26.922510 7.334358 2.184481
4.746261 -26.917387 7.323757 2.185024
4.551870 -26.912281 7.313543 2.185547
4.358012 -26.907190 7.303713 2.186050
4.164665 -26.902115 7.294265 2.186533
3.975940 -26.925013 7.292770 2.186610
3.810201 -27.110996 7.335761 2.184409
3.642490 -27.299200 7.379624 2.182163
3.596724 -28.471016 7.689419 2.166302
3.418774 -28.670727 7.736722 2.163880
3.238618 -28.872927 7.784994 2.161408
3.056187 -29.077686 7.834260 2.158886
2.871425 -29.285074 7.884542 2.156312
2.684268 -29.495159 7.935865 2.153684
2.494649 -29.708017 7.988255 2.151001
2.288723 -29.744604 7.993601 2.150728
2.079562 -29.739134 7.988035 2.151012
1.870683 -29.733671 7.982866 2.151277
1.662063 -29.728218 7.978092 2.151522
1.455234 -29.754477 7.982218 2.151310
1.256438 -29.977695 8.039552 2.148375
1.054752 -30.204170 8.098116 2.145376
0.863944 -30.929724 8.290827 2.135510
0.643763 -30.733028 8.236696 2.138281
0.426428 -30.538872 8.183663 2.140996
0.211867 -30.347189 8.131702 2.143657
-0.000001 -30.157907 8.080787 2.146264
-0.209242 -29.970968 8.030892 2.148818
-0.397263 -28.449900 7.623871 2.169658
-0.592293 -28.275650 7.578100 2.172001
-0.787386 -28.188866 7.556130 2.173126
-0.987070 -28.265980 7.578463 2.171983
-1.187948 -28.343557 7.601301 2.170813
-1.390051 -28.421614 7.624651 2.169618
-1.593409 -28.500160 7.648521 2.168396
-1.796392 -28.552835 7.665836 2.167509
-1.984834 -28.384441 7.624160 2.169643
-2.171247 -28.217857 7.583302 2.171735
-2.355681 -28.053038 7.543244 2.173786
-2.424306 -26.638611 7.167292 2.193034
-2.596822 -26.484436 7.130514 2.194917
-2.774440 -26.397028 7.112023 2.195864
-2.969350 -26.472345 7.137726 2.194548
-3.165685 -26.548216 7.163968 2.193205
-3.363479 -26.624655 7.190756 2.191833
-3.562764 -26.701674 7.218099 2.190433
-3.763584 -26.779291 7.246007 2.189004
-3.934184 -26.642231 7.216177 2.190531
-4.101310 -26.492840 7.183294 2.192215
-4.266928 -26.344795 7.151056 2.193866
-4.431070 -26.198063 7.119451 2.195484
-4.387671 -24.883720 6.770431 2.213354
-4.541739 -24.745987 6.741419 2.214839
-4.715292 -24.718414 6.742711 2.214773
-4.904870 -24.771391 6.766338 2.213563
-5.095788 -24.824745 6.790464 2.212328
-5.288086 -24.878489 6.815097 2.211067
-5.481795 -24.932629 6.840245 2.209780
-5.676949 -24.987177 6.865916 2.208465
-5.847652 -24.931580 6.861690 2.208681
-5.998872 -24.796364 6.835836 2.210005
-6.148965 -24.662151 6.810505 2.211302
-6.297958 -24.528921 6.785690 2.212573
-6.445874 -24.396648 6.761382 2.213817
-6.296947 -23.176609 6.435282 2.230513
-6.436244 -23.052038 6.413014 2.231654
-6.574589 -22.928314 6.391208 2.232770
-6.757754 -22.960876 6.413279 2.231640
-6.955387 -23.037346 6.448044 2.229860
-7.155185 -23.114658 6.483508 2.228044
-7.357200 -23.192833 6.519683 2.226192
-7.561498 -23.271894 6.556588 2.224303
-7.732805 -23.245667 6.564248 2.223911
-7.871300 -23.121784 6.544624 2.224915
-8.008974 -22.998632 6.525434 2.225898
-8.145846 -22.876196 6.506671 2.226858
-8.281942 -22.754448 6.488330 2.227798
-8.417279 -22.633377 6.470407 2.228715
-8.551875 -22.512966 6.452894 2.229612
-8.296051 -21.388491 6.147037 2.245272
-8.423246 -21.274693 6.131083 2.246089
-8.549790 -21.161472 6.115507 2.246886
-8.722510 -21.162394 6.133223 2.245979
-8.929553 -21.242561 6.174374 2.243872
-9.139404 -21.323822 6.216387 2.241721
-9.352139 -21.406200 6.259284 2.239525
-9.567847 -21.489735 6.303088 2.237282
-9.732962 -21.456192 6.313025 2.236773
-9.861149 -21.341478 6.299376 2.237472
-9.988790 -21.227253 6.286091 2.238152
-10.115894 -21.113501 6.273167 2.238814
-10.242486 -21.000208 6.260599 2.239457
-10.368576 -20.887358 6.248384 2.240083
-10.424304 -20.636610 6.194993 2.242816
-10.343281 -20.125843 6.063193 2.249564
-10.265624 -19.636328 5.937167 2.256017
-10.380601 -19.523069 5.924690 2.256656
-10.498854 -19.417221 5.914668 2.257169
-10.634677 -19.344402 5.914958 2.257154
-10.860021 -19.431715 5.964694 2.254608
-11.089195 -19.520515 6.015568 2.252003
-11.322332 -19.610853 6.067619 2.249338
-11.559553 -19.702778 6.120881 2.246611
-11.726668 -19.671665 6.136500 2.245811
-11.847869 -19.563152 6.128303 2.246231
-11.968749 -19.454924 6.120426 2.246634
-12.089326 -19.346964 6.112865 2.247021
-12.209609 -19.239264 6.105620 2.247392
-12.329612 -19.131809 6.098688 2.247747
-12.414396 -18.971182 6.074964 2.248962
-12.293037 -18.502508 5.952222 2.255246
-12.176468 -18.052357 5.834614 2.261268
-12.232460 -17.865055 5.801538 2.262961
-12.345920 -17.763447 5.796391 2.263225
-12.459182 -17.662012 5.791533 2.263473
-12.669569 -17.696667 5.831759 2.261414
-12.905425 -17.762793 5.883098 2.258785
-13.145485 -17.830099 5.935641 2.256095
-13.389886 -17.898626 5.989428 2.253341
-13.634674 -17.963017 6.042681 2.250615
-13.752266 -17.857681 6.039397 2.250783
-13.869738 -17.752455 6.036410 2.250936
-13.987099 -17.647320 6.033719 2.251074
-14.104356 -17.542278 6.031323 2.251196
-14.221523 -17.437311 6.029223 2.251304
-14.338618 -17.332407 6.027418 2.251396
-14.401349 -17.162859 6.003273 2.252632
-14.311410 -16.815844 5.916698 2.257065
-14.224019 -16.478682 5.832865 2.261357
-14.142125 -16.154421 5.752894 2.265452
-14.253759 -16.054392 5.752571 2.265468
-14.365381 -15.954371 5.752528 2.265471
-14.485485 -15.863625 5.756132 2.265286
-14.804454 -15.987353 5.838387 2.261075
-15.132692 -16.114681 5.923322 2.256726
-15.470656 -16.245787 6.011067 2.252233
-15.624780 -16.179934 6.026915 2.251422
-15.741834 -16.075026 6.028629 2.251334
-15.858954 -15.970057 6.030638 2.251231
-15.976156 -15.865010 6.032941 2.251113
-16.093456 -15.759873 6.035540 2.250980
-16.210857 -15.654643 6.038435 2.250832
-16.328381 -15.549300 6.041626 2.250669
-16.398174 -15.398909 6.027526 2.251390
-16.325069 -15.117182 5.961717 2.254760
-16.253532 -14.841511 5.897608 2.258042
-16.183510 -14.571696 5.835145 2.261240
-16.159075 -14.346694 5.790080 2.263548
-16.272224 -14.245253 5.794847 2.263304
-16.385563 -14.143639 5.799903 2.263045
-16.598656 -14.126560 5.840279 2.260978
-17.039055 -14.297464 5.959969 2.254849
-17.497932 -14.475543 6.084978 2.248449
-17.632153 -14.380430 6.096592 2.247854
-17.751993 -14.272969 6.103427 2.247504
-17.872110 -14.165257 6.110575 2.247139
-17.992510 -14.057289 6.118036 2.246757
-18.113213 -13.949046 6.125815 2.246358
-18.234221 -13.840525 6.133912 2.245944
-18.297098 -13.687980 6.122768 2.246514
-18.261190 -13.463307 6.079151 2.248747
-18.225784 -13.241807 6.036442 2.250934
-18.190863 -13.023374 5.994616 2.253076
-18.156416 -12.807940 5.953652 2.255173
-18.122427 -12.595416 5.913529 2.257227
-18.234570 -12.485467 5.921534 2.256817
-18.352985 -12.379244 5.931779 2.256293
-18.561378 -12.332146 5.971160 2.254277
-19.259790 -12.603252 6.167382 2.244230
-19.589703 -12.624702 6.244651 2.240274
-19.715508 -12.511838 6.256756 2.239654
-19.841801 -12.398533 6.269214 2.239016
-19.968607 -12.284764 6.282027 2.238360
-20.095932 -12.170527 6.295199 2.237686
-20.223797 -12.055803 6.308734 2.236993
-20.254005 -11.882951 6.292125 2.237843
-20.196037 -11.660187 6.248675 2.240068
-20.138851 -11.440455 6.206119 2.242247
-20.082434 -11.223690 6.164435 2.244381
-20.026758 -11.009804 6.123602 2.246471
-20.060883 -10.846876 6.110733 2.247130
-20.187056 -10.733647 6.126190 2.246339
-20.313875 -10.619833 6.142027 2.245528
-21.004080 -10.794629 6.327775 2.236018
-21.535742 -10.878487 6.464907 2.228997
-21.670652 -10.757401 6.482703 2.228086
-21.806305 -10.635645 6.500913 2.227153
-21.942732 -10.513191 6.519544 2.226199
-22.079943 -10.390031 6.538600 2.225224
-22.217962 -10.266141 6.558089 2.224226
-22.238220 -10.087701 6.543120 2.224992
-22.183197 -9.876595 6.506485 2.226868
-22.128777 -9.667820 6.470568 2.228707
-22.074947 -9.461332 6.435357 2.230510
-22.021690 -9.257068 6.400836 2.232277
-22.029448 -9.079880 6.384509 2.233113
-22.167259 -8.956154 6.406172 2.232004
-22.306017 -8.831573 6.428297 2.230871
-23.500105 -9.115088 6.753913 2.214200
-23.647423 -8.982815 6.778064 2.212963
-23.795809 -8.849579 6.802721 2.211701
-23.945276 -8.715367 6.827889 2.210412
-24.095863 -8.580147 6.853581 2.209097
-24.247587 -8.443901 6.879801 2.207754
-24.207741 -8.240988 6.852004 2.209177
-24.153952 -8.034947 6.820735 2.210778
-24.100645 -7.830774 6.790079 2.212348
-24.047806 -7.628408 6.760022 2.213887
-23.995422 -7.427822 6.730556 2.215395
-24.053637 -7.262222 6.732499 2.215296
-24.206978 -7.124498 6.761332 2.213820
-25.506006 -7.313729 7.109733 2.195982
-25.669357 -7.167008 7.141145 2.194373
-25.834156 -7.018983 7.173184 2.192733
-26.000444 -6.869615 7.205864 2.191060
-26.143425 -6.712487 7.232327 2.189705
-26.110760 -6.510143 7.210541 2.190820
-26.078279 -6.308995 7.189232 2.191911
-26.045984 -6.109028 7.168397 2.192978
-26.013866 -5.910206 7.148028 2.194021
-25.981922 -5.712493 7.128118 2.195040
-25.988632 -5.524054 7.119205 2.195497
-26.160200 -5.369913 7.155759 2.193625
-27.570536 -5.459111 7.530928 2.174416
-27.753920 -5.294344 7.570739 2.172378
-27.939268 -5.127811 7.611347 2.170299
-28.126612 -4.959480 7.652765 2.168179
-28.316019 -4.789291 7.695014 2.166015
-28.507526 -4.617209 7.738110 2.163809
-28.701197 -4.443181 7.782070 2.161558
-27.847395 -4.112142 7.542601 2.173819
-27.645477 -3.885318 7.480382 2.177004
-27.532404 -3.673602 7.442665 2.178936
-27.571064 -3.483033 7.446361 2.178746
-27.609756 -3.292265 7.450422 2.178538
-27.648489 -3.101271 7.454849 2.178312
-27.687262 -2.910048 7.459644 2.178066
-27.726084 -2.718561 7.464808 2.177802
-27.764952 -2.526807 7.470341 2.177519
-27.641212 -2.321098 7.432508 2.179456
-27.455524 -2.112584 7.378432 2.182224
-27.272509 -1.907079 7.325491 2.184935
-27.092075 -1.704484 7.273653 2.187589
-26.914169 -1.504734 7.222892 2.190188
-25.287062 -1.236745 6.783747 2.212672
-25.123377 -1.052978 6.737699 2.215030
-25.010645 -0.873390 6.705667 2.216670
-25.045824 -0.699589 6.713626 2.216262
-25.081083 -0.525372 6.721931 2.215837
-25.116426 -0.350715 6.730582 2.215394
-25.151857 -0.175593 6.739584 2.214933
-25.187378 0.000000 6.748938 2.214454
-25.222994 0.176097 6.758646 2.213957
-25.258709 0.352703 6.768710 2.213442
-25.105137 0.525877 6.728377 2.215507
-24.952648 0.696994 6.688650 2.217541
-24.801943 0.866103 6.649711 2.219535
-24.652960 1.033270 6.611540 2.221489
-24.505671 1.198529 6.574123 2.223405
-24.360025 1.361936 6.537443 2.225283
-22.901285 1.440830 6.148513 2.245196
-22.766541 1.591992 6.115172 2.246903
-22.633230 1.741536 6.082483 2.248577
-22.501333 1.889491 6.050434 2.250218
-22.512182 2.048768 6.057050 2.249879
-22.544836 2.210543 6.069840 2.249224
-22.577623 2.373004 6.082979 2.248552
-22.610550 2.536184 6.096473 2.247860
-22.643620 2.700090 6.110322 2.247152
-22.676834 2.864750 6.124533 2.246424
-22.710203 3.030191 6.139110 2.245677
-22.726568 3.194011 6.149411 2.245150
-22.598928 3.337123 6.121029 2.246603
-22.472454 3.478921 6.093203 2.248028
-22.347113 3.619442 6.065921 2.249425
-22.222872 3.758720 6.039173 2.250794
-22.099714 3.896776 6.012951 2.252137
-21.977608 4.033650 5.987244 2.253453
-21.856533 4.169358 5.962044 2.254743
-21.736462 4.303935 5.937343 2.256008
-20.894323 4.288991 5.715352 2.267374
-20.332031 4.321707 5.569662 2.274833
-20.221188 4.445920 5.547666 2.275959
-20.111210 4.569157 5.526110 2.277063
-20.002075 4.691443 5.504987 2.278145
-19.984335 4.834722 5.509261 2.277926
-20.015673 4.990469 5.527370 2.276999
-20.047216 5.147254 5.545869 2.276052
-20.078968 5.305094 5.564763 2.275084
-20.110933 5.464019 5.584058 2.274096
-20.143118 5.624062 5.603761 2.273088
-20.175528 5.785240 5.623876 2.272058
-20.208166 5.947591 5.644411 2.271006
-20.148371 6.083153 5.639433 2.271261
-20.040770 6.203654 5.621302 2.272189
-19.933844 6.323390 5.603556 2.273098
-19.827585 6.442373 5.586193 2.273987
-19.721970 6.560630 5.569206 2.274857
-19.616987 6.678169 5.552591 2.275707
-19.512623 6.795013 5.536343 2.276539
-19.408852 6.911184 5.520455 2.277353
-19.305668 7.026689 5.504926 2.278148
-19.203053 7.141555 5.489748 2.278925
-18.836983 7.155500 5.399246 2.283559
-18.329714 7.109627 5.267947 2.290281
-17.872478 7.076217 5.150610 2.296289
-17.777454 7.182558 5.137551 2.296957
-17.682899 7.288369 5.124806 2.297610
-17.588808 7.393655 5.112371 2.298246
-17.495163 7.498435 5.100244 2.298867
-17.455158 7.625974 5.103979 2.298676
-17.487209 7.785808 5.129119 2.297389
-17.519577 7.947236 5.154761 2.296076
-17.552265 8.110287 5.180912 2.294737
-17.585283 8.275005 5.207583 2.293372
-17.618641 8.441441 5.234787 2.291979
-17.652344 8.609624 5.262531 2.290558
-17.686405 8.779612 5.290830 2.289109
-17.627506 8.904296 5.291677 2.289066
-17.532534 9.010498 5.281922 2.289566
-17.437899 9.116316 5.272458 2.290050
-17.343597 9.221755 5.263283 2.290520
-17.249611 9.326835 5.254394 2.290975
-17.155939 9.431559 5.245789 2.291415
-17.062563 9.535943 5.237466 2.291842
-16.969471 9.640004 5.229423 2.292253
-16.876661 9.743745 5.221657 2.292651
-16.784113 9.847185 5.214167 2.293035
-16.691826 9.950327 5.206951 2.293404
-16.506678 9.996799 5.170839 2.295253
-16.205221 9.969522 5.098085 2.298978
-15.912126 9.943000 5.027594 2.302587
-15.626998 9.917198 4.959260 2.306086
-15.352552 9.894047 4.893966 2.309429
-15.266539 9.990143 4.888660 2.309700
-15.180701 10.086037 4.883604 2.309959
-15.095037 10.181731 4.878793 2.310206
-15.009529 10.277243 4.874228 2.310439
-14.924177 10.372575 4.869908 2.310661
-14.948525 10.545024 4.901756 2.309030
-14.985153 10.728319 4.938207 2.307164
-15.022326 10.914358 4.975445 2.305257
-15.060061 11.103238 5.013496 2.303309
-15.098373 11.295028 5.052377 2.301318
-15.137281 11.489820 5.092115 2.299284
-15.152914 11.669318 5.124656 2.297617
-15.063628 11.768996 5.122122 2.297747
-14.974419 11.868583 5.119839 2.297864
-14.885285 11.968079 5.117806 2.297968
-14.796215 12.067497 5.116023 2.298059
-14.707195 12.166853 5.114489 2.298138
-14.618225 12.266148 5.113204 2.298204
-14.529289 12.365398 5.112168 2.298257
-14.440385 12.464607 5.111381 2.298297
-14.351501 12.563788 5.110841 2.298325
-14.262624 12.662953 5.110549 2.298340
-14.173754 12.762106 5.110506 2.298342
-14.045907 12.825680 5.096571 2.299055
-13.829284 12.806059 5.050286 2.301425
-13.616548 12.786789 5.005075 2.303740
-13.407569 12.767859 4.960905 2.306002
-13.202243 12.749258 4.917746 2.308211
-13.000441 12.730977 4.875566 2.310371
-12.815317 12.726162 4.839340 2.312226
-12.730999 12.820189 4.841179 2.312132
-12.646606 12.914292 4.843256 2.312025
-12.562138 13.008475 4.845569 2.311907
-12.477579 13.102754 4.848119 2.311776
-12.392927 13.197129 4.850908 2.311634
-12.407148 13.398500 4.892969 2.309480
-12.459882 13.645315 4.951214 2.306498
-12.513881 13.898072 5.011106 2.303431
-12.569201 14.157037 5.072714 2.300277
-12.625895 14.422444 5.136105 2.297031
-12.564665 14.556303 5.152411 2.296196
-12.474190 14.657126 5.157147 2.295954
-12.383545 14.758134 5.162142 2.295698
-12.292713 14.859343 5.167397 2.295429
-12.201693 14.960755 5.172915 2.295147
-12.110471 15.062387 5.178696 2.294851
-12.019034 15.164251 5.184742 2.294541
-11.927381 15.266352 5.191054 2.294218
-11.835492 15.368706 5.197634 2.293881
-11.743368 15.471318 5.204484 2.293530
-11.650992 15.574203 5.211604 2.293166
-11.551821 15.668512 5.216048 2.292938
-11.370012 15.649480 5.183161 2.294622
-11.190466 15.630684 5.150934 2.296272
-11.013137 15.612119 5.119354 2.297889
-10.837959 15.593779 5.088406 2.299474
-10.664871 15.575656 5.058073 2.301027
-10.493833 15.557748 5.028344 2.302549
-10.324779 15.540047 4.999203 2.304041
-10.219963 15.617743 5.001123 2.303942
-10.129699 15.718214 5.010529 2.303461
-10.039083 15.819070 5.020214 2.302965
-9.948116 15.920314 5.030181 2.302455
-9.856775 16.021967 5.040433 2.301930
-9.895055 16.338680 5.118213 2.297947
-9.972761 16.729462 5.218690 2.292803
-10.053581 17.135920 5.323458 2.287439
-10.032163 17.376215 5.376220 2.284737
-9.933450 17.486040 5.388611 2.284103
-9.834277 17.596371 5.401321 2.283452
-9.734629 17.707222 5.414356 2.282785
-9.634487 17.818617 5.427717 2.282101
-9.533847 17.930559 5.441409 2.281400
-9.432687 18.043074 5.455435 2.280682
-9.331000 18.156166 5.469800 2.279946
-9.228770 18.269857 5.484508 2.279193
-9.125978 18.384167 5.499562 2.278422
-9.019326 18.492361 5.512957 2.277736
-8.852804 18.477236 5.489888 2.278918
-8.687667 18.462236 5.467278 2.280075
-8.523876 18.447357 5.445117 2.281210
-8.361394 18.432596 5.423397 2.282322
-8.200200 18.417953 5.402112 2.283412
-8.040253 18.403421 5.381255 2.284480
-7.881534 18.389000 5.360818 2.285526
-7.729507 18.387770 5.344598 2.286357
-7.626209 18.502577 5.362362 2.285447
-7.522219 18.618147 5.380505 2.284518
-7.417512 18.734507 5.399035 2.283570
-7.312078 18.851667 5.417955 2.282601
-7.446969 19.604280 5.619177 2.272298
-7.506470 20.184298 5.770266 2.264562
-7.392550 20.310867 5.791554 2.263472
-7.277776 20.438379 5.813283 2.262360
-7.162133 20.566849 5.835460 2.261224
-7.045597 20.696304 5.858091 2.260066
-6.928142 20.826773 5.881186 2.258883
-6.809754 20.958271 5.904751 2.257677
-6.690402 21.090832 5.928794 2.256446
-6.570071 21.224474 5.953323 2.255190
-6.433289 21.308079 5.964030 2.254642
-6.266850 21.292940 5.947402 2.255493
-6.101335 21.277885 5.931155 2.256325
-5.936707 21.262911 5.915283 2.257138
-5.772956 21.248014 5.899784 2.257931
-5.610053 21.233196 5.884650 2.258706
-5.447969 21.218449 5.869879 2.259462
-5.286695 21.203775 5.855467 2.260200
-5.143392 21.260223 5.860996 2.259917
-5.018936 21.398375 5.889278 2.258469
-4.893275 21.537855 5.918120 2.256992
-4.766371 21.678711 5.947535 2.255486
-4.904454 23.073645 6.320687 2.236381
-4.767533 23.225601 6.353041 2.234724
-4.629185 23.379135 6.386041 2.233035
-4.489395 23.534260 6.419696 2.231312
-4.348114 23.691031 6.454022 2.229554
-4.205307 23.849487 6.489034 2.227762
-4.060935 24.009674 6.524745 2.225933
-3.908022 24.128906 6.549573 2.224662
-3.732877 24.112957 6.538010 2.225254
-3.558342 24.097061 6.526805 2.225827
-3.384394 24.081219 6.515956 2.226383
-3.211016 24.065428 6.505459 2.226920
-3.038173 24.049683 6.495310 2.227440
-2.865874 24.033987 6.485510 2.227942
-2.694085 24.018337 6.476053 2.228426
-2.538330 24.150599 6.506778 2.226853
-2.384695 24.320980 6.548038 2.224740
-2.229079 24.493553 6.590150 2.222584
-2.190369 26.084476 7.013913 2.200888
-2.021496 26.271732 7.060298 2.198513
-1.850367 26.461481 7.107646 2.196088
-1.676917 26.653795 7.155983 2.193614
-1.501070 26.848759 7.205338 2.191087
-1.317750 26.943491 7.228116 2.189920
-1.128541 26.926243 7.221199 2.190274
-0.939683 26.909025 7.214647 2.190610
-0.751159 26.891838 7.208457 2.190927
-0.562935 26.874676 7.202627 2.191225
-0.375020 26.857542 7.197158 2.191505
-0.187381 26.840431 7.192047 2.191767
0.000001 26.964716 7.225174 2.190071
0.189718 27.174976 7.281690 2.187177
0.404406 28.960859 7.760796 2.162647
0.611457 29.190311 7.823236 2.159450
0.821876 29.423487 7.887074 2.156182
1.035768 29.660500 7.952351 2.152840
1.247317 29.760136 7.981205 2.151362
1.454599 29.741222 7.978662 2.151493
1.661743 29.722321 7.976509 2.151603
1.868785 29.703428 7.974746 2.151693
2.075746 29.684540 7.973371 2.151763
2.282645 29.665657 7.972385 2.151814
2.496592 29.730999 7.994435 2.150685
2.729189 29.988657 8.068645 2.146885
3.136433 31.987774 8.612201 2.119055
3.391779 32.270615 8.694514 2.114841
3.652065 32.558914 8.778845 2.110523
3.883758 32.570080 8.788953 2.110006
4.111934 32.549248 8.790863 2.109908
4.340219 32.528400 8.793202 2.109788
4.568638 32.507542 8.795972 2.109646
4.797211 32.486668 8.799170 2.109482
5.038438 32.546257 8.824624 2.108179
5.322255 32.860542 8.919697 2.103312
5.683039 33.600121 9.130996 2.092493
5.891581 33.412811 9.091049 2.094538
6.098316 33.227127 9.051891 2.096543
6.303305 33.043022 9.013505 2.098509
6.506557 32.860477 8.975883 2.100435
6.708131 32.679443 8.939008 2.102323
6.665136 31.356998 8.589789 2.120203
6.856497 31.185148 8.555618 2.121952
7.077078 31.149828 8.559276 2.121765
7.322043 31.217657 8.591750 2.120102
7.568884 31.286001 8.624892 2.118405
7.817649 31.354874 8.658714 2.116674
8.068383 31.424290 8.693226 2.114907
8.264931 31.281466 8.669468 2.116123
8.453093 31.112520 8.638790 2.117694
8.639937 30.944761 8.608748 2.119232
8.825497 30.778162 8.579332 2.120738
8.692965 29.536167 8.249846 2.137608
8.869622 29.377569 8.222643 2.139001
9.099352 29.395233 8.245167 2.137847
9.355866 29.493416 8.290825 2.135510
9.615249 29.592690 8.337399 2.133125
9.877572 29.693085 8.384908 2.130693
10.091002 29.642092 8.390199 2.130422
10.267352 29.483797 8.365479 2.131687
10.442676 29.326429 8.341310 2.132925
10.616999 29.169962 8.317686 2.134134
10.790347 29.014376 8.294599 2.135317
10.589651 27.877426 7.990510 2.150886
10.742684 27.696274 7.959890 2.152454
10.907257 27.548576 7.939133 2.153516
11.168622 27.643307 7.988709 2.150978
11.435886 27.745546 8.041132 2.148294
11.706713 27.849142 8.094646 2.145554
11.978552 27.948038 8.147500 2.142848
12.144963 27.798712 8.128488 2.143821
12.310609 27.650078 8.109959 2.144770
12.475511 27.502115 8.091909 2.145694
12.639701 27.354795 8.074331 2.146594
12.738082 27.069784 8.016259 2.149568
12.612650 26.324621 7.821476 2.159540
12.666441 25.970053 7.742212 2.163599
12.822253 25.830267 7.727038 2.164376
13.040142 25.815071 7.749539 2.163224
13.322667 25.923092 7.809697 2.160144
13.609625 26.032803 7.871181 2.156996
13.901148 26.144255 7.934029 2.153778
14.088104 26.055410 7.936721 2.153640
14.246156 25.913641 7.923642 2.154310
14.403685 25.772345 7.910992 2.154957
14.560720 25.631495 7.898768 2.155583
14.717280 25.491077 7.886967 2.156187
14.569983 24.833941 7.714931 2.164995
14.500546 24.324873 7.588050 2.171492
14.650324 24.190548 7.577869 2.172013
14.818846 24.087685 7.577870 2.172013
15.100215 24.165394 7.635295 2.169073
15.385892 24.244291 7.693974 2.166069
15.676027 24.324415 7.753947 2.162998
15.954727 24.381365 7.807417 2.160260
16.107771 24.244139 7.799294 2.160676
16.260508 24.107191 7.791568 2.161072
16.412949 23.970512 7.784237 2.161447
16.565126 23.834076 7.777299 2.161802
16.717030 23.697889 7.770753 2.162138
16.594606 23.179094 7.638438 2.168912
16.450037 22.641533 7.498953 2.176054
16.567476 22.471582 7.480791 2.176984
16.713188 22.340963 7.475971 2.177230
16.982956 22.374208 7.526587 2.174639
17.333612 22.508150 7.612167 2.170257
17.692348 22.645172 7.700093 2.165755
17.924685 22.615328 7.732307 2.164106
18.074930 22.480663 7.729224 2.164264
18.225054 22.346113 7.726521 2.164402
18.375082 22.211653 7.724196 2.164521
18.525030 22.077271 7.722250 2.164621
18.674911 21.942949 7.720682 2.164701
18.639090 21.593578 7.643357 2.168660
18.521851 21.157330 7.534527 2.174232
18.451788 20.782745 7.446823 2.178723
18.596285 20.653267 7.446767 2.178725
18.740789 20.523787 7.447074 2.178710
19.116381 20.643799 7.538866 2.174010
19.536436 20.804182 7.647058 2.168471
19.873360 20.869078 7.721721 2.164648
20.023304 20.734737 7.723549 2.164554
20.173330 20.600330 7.725756 2.164441
20.323463 20.465832 7.728341 2.164309
20.473694 20.331247 7.731306 2.164157
20.615093 20.187786 7.731292 2.164158
20.559124 19.853714 7.658134 2.167903
20.504210 19.525900 7.586717 2.171560
20.450314 19.204109 7.516981 2.175131
20.480562 18.965200 7.479249 2.177063
20.626450 18.834532 7.484325 2.176802
20.824017 18.750029 7.508333 2.175573
21.340857 18.947302 7.646804 2.168483
21.833214 19.113522 7.775218 2.161909
21.985371 18.977255 7.782034 2.161560
22.137806 18.840744 7.789242 2.161191
22.290531 18.703976 7.796845 2.160801
22.443567 18.566936 7.804844 2.160392
22.595938 18.428785 7.812897 2.159980
22.506601 18.095762 7.738138 2.163807
22.418962 17.769045 7.665168 2.167543
22.332964 17.448423 7.593932 2.171191
22.397598 17.248476 7.574779 2.172171
22.547377 17.114378 7.584837 2.171656
22.853563 17.096642 7.647500 2.168448
23.389816 17.244455 7.786470 2.161333
23.837456 17.318926 7.895047 2.155774
23.994476 17.178360 7.907139 2.155154
24.151999 17.037350 7.919657 2.154514
24.310020 16.895895 7.932601 2.153851
24.468569 16.753975 7.945977 2.153166
24.571669 16.573799 7.941689 2.153385
24.490685 16.271574 7.878607 2.156615
24.410975 15.974083 7.816896 2.159775
24.332516 15.681229 7.756526 2.162866
24.381248 15.472807 7.737439 2.163843
24.537657 15.332829 7.752915 2.163051
25.051088 15.411535 7.880952 2.156495
25.758228 15.599726 8.068954 2.146869
25.922379 15.452830 8.086384 2.145977
26.087250 15.305294 8.104285 2.145061
26.252863 15.157097 8.122664 2.144120
26.419243 15.008222 8.141525 2.143154
26.585972 14.858386 8.160738 2.142170
26.509827 14.573893 8.105936 2.144976
26.434702 14.293185 8.052258 2.147724
26.360571 14.016164 7.999675 2.150417
26.304634 13.751733 7.953371 2.152787
26.470047 13.603745 7.974473 2.151707
26.749165 13.511968 8.029946 2.148867
27.780478 13.790344 8.310437 2.134506
27.954754 13.634443 8.333893 2.133305
28.130026 13.477654 8.357891 2.132076
28.306337 13.319940 8.382441 2.130819
28.483686 13.161304 8.407545 2.129534
28.443426 12.902506 8.368869 2.131514
28.400572 12.644749 8.330084 2.133500
28.358120 12.389360 8.292061 2.135447
28.316055 12.136266 8.254784 2.137355
28.353737 11.918805 8.241310 2.138045
28.531496 11.759830 8.268913 2.136631
29.756891 12.022564 8.599519 2.119705
29.943661 11.855537 8.629365 2.118176
30.131760 11.687327 8.659845 2.116616
30.321190 11.517932 8.690966 2.115023
30.452806 11.325293 8.705816 2.114262
30.381414 11.057930 8.663126 2.116448
30.310726 10.793167 8.621273 2.118591
30.240715 10.530920 8.580238 2.120692
30.189407 10.277305 8.545115 2.122490
30.380667 10.106298 8.579071 2.120752
31.687801 10.295990 8.927672 2.102903
31.889265 10.115873 8.964316 2.101027
32.092419 9.934251 9.001708 2.099113
32.297272 9.751113 9.039852 2.097160
32.454483 9.551869 9.064969 2.095874
32.383526 9.285826 9.026823 2.097826
32.313171 9.022002 8.989436 2.099741
32.243397 8.760324 8.952791 2.101617
32.176056 8.501273 8.917397 2.103429
32.384529 8.314930 8.958868 2.101306
33.782974 8.423041 9.329239 2.082343
34.003166 8.226234 9.373958 2.080053
34.225506 8.027508 9.419572 2.077718
34.450024 7.826845 9.466094 2.075336
34.676785 7.624181 9.513545 2.072906
34.905842 7.419466 9.561944 2.070428
35.137264 7.212647 9.611310 2.067901
34.229816 6.777674 9.349918 2.081284
33.971668 6.480434 9.266822 2.085539
34.004250 6.240943 9.263598 2.085704
34.036816 6.001608 9.260830 2.085845
34.069370 5.762406 9.258516 2.085964
34.100906 5.523130 9.256382 2.086073
33.844872 5.239455 9.176730 2.090151
33.593204 4.960608 9.098882 2.094137
33.345768 4.686441 9.022781 2.098033
33.102440 4.416811 8.948379 2.101843
31.730360 4.008466 8.569698 2.121231
31.502985 3.756496 8.500999 2.124749
31.446239 3.527257 8.478835 2.125884
31.476109 3.308272 8.480454 2.125801
31.505999 3.089193 8.482491 2.125696
31.535913 2.869982 8.484943 2.125571
31.504133 2.645469 8.471217 2.126274
31.289534 2.407594 8.408788 2.129470
31.078074 2.173190 8.347679 2.132599
30.869663 1.942157 8.287855 2.135662
30.664202 1.714385 8.229280 2.138661
30.461641 1.489816 8.171928 2.141597
29.218828 1.224628 7.836035 2.158795
29.028587 1.013700 7.782928 2.161514
28.889996 0.806973 7.744070 2.163503
28.917522 0.605726 7.750126 2.163193
28.945099 0.404169 7.756572 2.162863
28.972731 0.202267 7.763409 2.162513
28.981840 -0.000001 6.690985 2.217422
28.912025 -0.201848 6.675029 2.218238
28.732424 -0.401207 6.634049 2.220337
28.555014 -0.598143 6.593891 2.222393
28.379736 -0.792718 6.554534 2.224408
28.206537 -0.984995 6.515962 2.226383
28.035364 -1.175030 6.478156 2.228318
27.866165 -1.362883 6.441101 2.230216
26.744171 -1.495232 6.184021 2.243378
26.584471 -1.672554 6.149643 2.245138
26.426535 -1.847924 6.115944 2.246864
26.333447 -2.026249 6.097526 2.247807
26.359118 -2.213438 6.106899 2.247327
26.384872 -2.401212 6.116601 2.246830
26.410717 -2.589594 6.126635 2.246316
26.436653 -2.778605 6.137002 2.245785
26.424360 -2.963968 6.138802 2.245693
26.272366 -3.132791 6.108423 2.247249
26.121866 -3.299960 6.078640 2.248774
25.972828 -3.465515 6.049441 2.250268
25.825211 -3.629497 6.020814 2.251734
25.678984 -3.791943 5.992749 2.253171
25.534113 -3.952890 5.965235 2.254580
25.390564 -4.112374 5.938262 2.255961
25.248306 -4.270432 5.911819 2.257315
24.363985 -4.296028 5.711642 2.267564
24.106968 -4.424457 5.658493 2.270285
23.973177 -4.573129 5.634445 2.271516
23.840515 -4.720550 5.610875 2.272723
23.800385 -4.885518 5.609321 2.272803
23.824966 -5.064154 5.623310 2.272086
23.849680 -5.243693 5.637646 2.271353
23.874525 -5.424160 5.652332 2.270601
23.899506 -5.605579 5.667374 2.269830
23.890278 -5.779667 5.674616 2.269460
23.760334 -5.924117 5.653437 2.270544
23.631355 -6.067502 5.632689 2.271606
23.503319 -6.209845 5.612368 2.272647
23.376202 -6.351173 5.592465 2.273666
23.249981 -6.491512 5.572975 2.274664
23.124636 -6.630883 5.553891 2.275641
23.000145 -6.769311 5.535207 2.276597
22.876486 -6.906819 5.516918 2.277534
22.753643 -7.043430 5.499017 2.278450
22.490070 -7.134271 5.447223 2.281102
21.908682 -7.118563 5.318315 2.287702
21.618069 -7.191375 5.259828 2.290697
21.502411 -7.320019 5.243994 2.291507
21.387447 -7.447898 5.228510 2.292300
21.273159 -7.575032 5.213372 2.293075
21.268614 -7.741143 5.225375 2.292461
21.293167 -7.918858 5.244863 2.291463
21.317911 -8.097916 5.264754 2.290444
21.342848 -8.278346 5.285058 2.289405
21.367985 -8.460184 5.305779 2.288344
21.336090 -8.620340 5.312673 2.287991
21.222145 -8.747137 5.299377 2.288672
21.108767 -8.873309 5.286406 2.289336
20.995941 -8.998873 5.273756 2.289984
20.883654 -9.123844 5.261422 2.290615
20.771887 -9.248240 5.249403 2.291230
20.660629 -9.372078 5.237694 2.291830
20.549866 -9.495372 5.226292 2.292414
20.439583 -9.618138 5.215195 2.292982
20.329765 -9.740392 5.204399 2.293535
20.220400 -9.862148 5.193901 2.294072
20.060232 -9.957986 5.170491 2.295271
19.693903 -9.948107 5.093847 2.299195
19.338263 -9.938518 5.019685 2.302992
19.105177 -9.987946 4.977160 2.305169
19.001574 -10.103316 4.968425 2.305617
18.898333 -10.218290 4.959962 2.306050
18.795441 -10.332882 4.951770 2.306469
18.699453 -10.450772 4.945584 2.306786
18.728338 -10.639177 4.972746 2.305395
18.757547 -10.829675 5.000455 2.303977
18.787088 -11.022320 5.028722 2.302529
18.816973 -11.217168 5.057559 2.301053
18.833948 -11.406245 5.083401 2.299730
18.729586 -11.522518 5.076821 2.300067
18.625490 -11.638498 5.070507 2.300390
18.521652 -11.754199 5.064455 2.300700
18.418060 -11.869631 5.058664 2.300997
18.314703 -11.984807 5.053134 2.301280
18.211571 -12.099740 5.047863 2.301549
18.108652 -12.214440 5.042850 2.301806
18.005936 -12.328922 5.038092 2.302050
17.903412 -12.443195 5.033590 2.302280
17.801067 -12.557273 5.029341 2.302498
17.698895 -12.671165 5.025345 2.302702
17.596884 -12.784885 5.021601 2.302894
17.340816 -12.784754 4.973877 2.305337
17.075130 -12.773830 4.923130 2.307936
16.814798 -12.763127 4.873642 2.310469
16.597729 -12.781973 4.836473 2.312373
16.499859 -12.891104 4.834062 2.312496
16.402086 -13.000134 4.831889 2.312607
16.304399 -13.109074 4.829955 2.312706
16.206789 -13.217936 4.828258 2.312793
16.183653 -13.388283 4.849093 2.311726
16.213831 -13.605020 4.886476 2.309813
16.244484 -13.825140 4.924683 2.307856
16.275625 -14.048743 4.963737 2.305856
16.280704 -14.252680 4.995511 2.304230
16.179874 -14.365167 4.995224 2.304245
16.079056 -14.477648 4.995181 2.304247
15.978236 -14.590137 4.995382 2.304236
15.877408 -14.702641 4.995828 2.304214
15.776558 -14.815175 4.996519 2.304178
15.675678 -14.927749 4.997454 2.304130
15.574759 -15.040371 4.998634 2.304070
15.473790 -15.153056 5.000060 2.303997
15.372763 -15.265814 5.001731 2.303911
15.271664 -15.378655 5.003648 2.303813
15.170486 -15.491592 5.005812 2.303702
15.069220 -15.604634 5.008222 2.303579
14.872577 -15.617745 4.978984 2.305076
14.660716 -15.612077 4.944427 2.306845
14.451764 -15.606486 4.910583 2.308578
14.245645 -15.600973 4.877436 2.310275
14.059294 -15.614429 4.850838 2.311637
13.960792 -15.724420 4.854610 2.311444
13.862135 -15.834589 4.858626 2.311238
13.763311 -15.944951 4.862888 2.311020
13.664312 -16.055515 4.867395 2.310789
13.665179 -16.285528 4.908084 2.308706
13.704309 -16.565664 4.963555 2.305866
13.744338 -16.852224 5.020543 2.302948
13.739940 -17.089041 5.062394 2.300805
13.636336 -17.204777 5.068354 2.300500
13.532488 -17.320795 5.074576 2.300182
13.428380 -17.437107 5.081063 2.299850
13.324004 -17.553726 5.087815 2.299504
13.219346 -17.670666 5.094836 2.299144
13.114397 -17.787937 5.102125 2.298771
13.009146 -17.905554 5.109686 2.298384
12.903578 -18.023529 5.117520 2.297983
12.797685 -18.141874 5.125629 2.297568
12.691451 -18.260607 5.134016 2.297138
12.584867 -18.379736 5.142682 2.296695
12.440178 -18.443323 5.136048 2.297034
12.250356 -18.438269 5.110699 2.298332
12.062391 -18.433266 5.085846 2.299605
11.876236 -18.428312 5.061480 2.300852
11.691847 -18.423405 5.037590 2.302075
11.525844 -18.445208 5.021427 2.302903
11.420220 -18.563305 5.031750 2.302374
11.314160 -18.681900 5.042362 2.301831
11.207647 -18.801006 5.053267 2.301273
11.116445 -18.947523 5.071665 2.300331
11.173124 -19.352421 5.159038 2.295857
11.231801 -19.771547 5.249739 2.291213
11.161527 -19.971201 5.281932 2.289565
11.048661 -20.097443 5.294790 2.288907
10.935243 -20.224310 5.307972 2.288232
10.821255 -20.351820 5.321480 2.287540
10.706680 -20.479994 5.335319 2.286832
10.591507 -20.608845 5.349493 2.286106
10.475715 -20.738392 5.364005 2.285363
10.359289 -20.868656 5.378860 2.284602
10.242214 -20.999653 5.394063 2.283824
10.124472 -21.131405 5.409617 2.283027
10.006043 -21.263929 5.425528 2.282213
9.825657 -21.264675 5.408084 2.283106
9.643902 -21.259863 5.389606 2.284052
9.463372 -21.255083 5.371514 2.284978
9.284043 -21.250338 5.353805 2.285885
9.105884 -21.245623 5.336470 2.286772
8.960217 -21.315519 5.338184 2.286685
8.840746 -21.449257 5.356089 2.285768
8.720465 -21.583908 5.374379 2.284832
8.599355 -21.719494 5.393060 2.283875
8.676476 -22.369297 5.539233 2.276391
8.652809 -22.778687 5.625513 2.271974
8.524674 -22.922157 5.646110 2.270919
8.395591 -23.066696 5.667137 2.269843
8.265537 -23.212330 5.688601 2.268744
8.134491 -23.359081 5.710508 2.267622
8.002426 -23.506979 5.732866 2.266477
7.869321 -23.656052 5.755683 2.265309
7.735145 -23.806328 5.778967 2.264117
7.599873 -23.957840 5.802725 2.262900
7.458056 -24.093092 5.822731 2.261876
7.272656 -24.088207 5.809137 2.262572
7.088114 -24.083345 5.795890 2.263250
6.904400 -24.078506 5.782984 2.263911
6.721494 -24.073690 5.770416 2.264555
6.539372 -24.068895 5.758183 2.265181
6.391794 -24.191980 5.776814 2.264227
6.251738 -24.348909 5.803723 2.262849
6.110362 -24.507322 5.831172 2.261444
6.180669 -25.547831 6.068331 2.249301
6.031417 -25.715086 6.097908 2.247787
5.880696 -25.883993 6.128077 2.246242
5.728474 -26.054590 6.158848 2.244667
5.574705 -26.226929 6.190235 2.243060
5.419355 -26.401047 6.222250 2.241421
5.262383 -26.576990 6.254905 2.239749
5.103749 -26.754805 6.288215 2.238043
4.940371 -26.917961 6.318301 2.236503
4.745461 -26.912846 6.309171 2.236970
4.551104 -26.907747 6.300373 2.237421
4.357279 -26.902662 6.291906 2.237854
4.163965 -26.897594 6.283769 2.238271
3.972743 -26.903358 6.278483 2.238542
3.807119 -27.089064 6.315464 2.236648
3.639525 -27.276983 6.353197 2.234716
3.593779 -28.447704 6.619870 2.221063
3.415958 -28.647110 6.660560 2.218979
3.235933 -28.848993 6.702083 2.216853
3.053638 -29.053431 6.744460 2.214684
2.869015 -29.260489 6.787711 2.212469
2.681999 -29.470236 6.831857 2.210209
2.492527 -29.682749 6.876921 2.207901
2.288342 -29.739658 6.886237 2.207425
2.079217 -29.734194 6.881442 2.207670
1.870372 -29.728737 6.876990 2.207898
1.661788 -29.723288 6.872878 2.208108
1.453953 -29.728287 6.871519 2.208178
1.255324 -29.951120 6.920832 2.205653
1.053810 -30.177198 6.971202 2.203074
0.864308 -30.942749 7.146483 2.194100
0.644032 -30.745886 7.099804 2.196490
0.426605 -30.551565 7.054072 2.198831
0.211955 -30.359724 7.009265 2.201126
-0.000001 -30.170286 6.965359 2.203374
-0.209327 -29.983194 6.922334 2.205576
-0.416093 -29.798386 6.880170 2.207735
-0.592532 -28.287045 6.532012 2.225561
-0.787037 -28.176355 6.507562 2.226813
-0.986631 -28.253399 6.526787 2.225828
-1.187418 -28.330906 6.546447 2.224822
-1.389428 -28.408888 6.566548 2.223793
-1.592693 -28.487358 6.587096 2.222741
-1.797091 -28.563951 6.607546 2.221694
-1.985603 -28.395433 6.571610 2.223534
-2.172083 -28.228725 6.536379 2.225337
-2.356584 -28.063786 6.501838 2.227106
-2.425230 -26.648766 6.177777 2.243698
-2.597806 -26.494478 6.146065 2.245322
-2.773164 -26.384890 6.124985 2.246401
-2.967980 -26.460127 6.147111 2.245268
-3.164218 -26.535917 6.169700 2.244111
-3.361915 -26.612274 6.192760 2.242931
-3.561101 -26.689211 6.216297 2.241725
-3.761821 -26.766745 6.240320 2.240496
-3.935626 -26.651997 6.219822 2.241545
-4.102807 -26.502506 6.191470 2.242997
-4.268478 -26.354362 6.163672 2.244420
-4.432673 -26.207537 6.136421 2.245815
-4.389251 -24.892679 5.835583 2.261218
-4.543368 -24.754858 5.810568 2.262499
-4.713427 -24.708639 5.807302 2.262666
-4.902924 -24.761560 5.827643 2.261625
-5.093759 -24.814859 5.848414 2.260561
-5.285973 -24.868546 5.869621 2.259475
-5.479596 -24.922626 5.891272 2.258367
-5.674664 -24.977116 5.913373 2.257235
-5.849690 -24.940269 5.914174 2.257194
-6.000955 -24.804974 5.891882 2.258336
-6.151093 -24.670683 5.870041 2.259454
-6.300128 -24.537374 5.848646 2.260549
-6.448088 -24.405027 5.827687 2.261622
-6.299102 -23.184540 5.546613 2.276013
-6.438439 -23.059898 5.527413 2.276996
-6.576823 -22.936108 5.508612 2.277959
-6.754267 -22.949026 5.522905 2.277227
-6.951778 -23.025393 5.552828 2.275695
-7.151452 -23.102600 5.583352 2.274132
-7.353340 -23.180666 5.614489 2.272538
-7.557508 -23.259617 5.646253 2.270912
-7.735384 -23.253416 5.657720 2.270325
-7.873916 -23.129471 5.640800 2.271191
-8.011628 -23.006256 5.624254 2.272038
-8.148539 -22.883755 5.608078 2.272866
-8.284672 -22.761948 5.592264 2.273676
-8.420045 -22.640816 5.576811 2.274467
-8.554678 -22.520344 5.561712 2.275240
-8.298762 -21.395481 5.298091 2.288738
-8.425992 -21.281628 5.284336 2.289442
-8.552570 -21.168354 5.270907 2.290129
-8.717587 -21.150448 5.281474 2.289588
-8.924478 -21.230490 5.316890 2.287775
-9.134174 -21.311621 5.353048 2.285924
-9.346751 -21.393867 5.389966 2.284034
-9.562296 -21.477266 5.427664 2.282104
-9.736082 -21.463072 5.441122 2.281415
-9.864305 -21.348307 5.429354 2.282017
-9.991979 -21.234030 5.417900 2.282604
-10.119118 -21.120228 5.406756 2.283174
-10.245743 -21.006886 5.395921 2.283729
-10.371866 -20.893988 5.385390 2.284268
-10.447651 -20.682829 5.349634 2.286099
-10.365952 -20.169956 5.235570 2.291939
-10.287657 -19.678473 5.126512 2.297523
-10.383871 -19.529221 5.106391 2.298553
-10.502155 -19.423328 5.097750 2.298995
-10.627914 -19.332102 5.093157 2.299230
-10.853057 -19.419254 5.135955 2.297039
-11.082024 -19.507891 5.179733 2.294798
-11.314946 -19.598061 5.224522 2.292505
-11.551947 -19.689814 5.270353 2.290158
-11.730323 -19.677797 5.288929 2.289207
-11.851557 -19.569242 5.281862 2.289569
-11.972469 -19.460972 5.275070 2.289916
-12.093079 -19.352972 5.268552 2.290250
-12.213395 -19.245230 5.262306 2.290570
-12.333431 -19.137735 5.256329 2.290876
-12.441056 -19.011923 5.245502 2.291430
-12.318902 -18.541439 5.139296 2.296868
-12.201581 -18.089586 5.037540 2.302078
-12.236234 -17.870567 5.000216 2.303989
-12.349725 -17.768923 4.995778 2.304216
-12.463018 -17.667452 4.991590 2.304430
-12.662405 -17.686661 5.021871 2.302880
-12.898063 -17.752661 5.066055 2.300618
-13.137918 -17.819838 5.111276 2.298303
-13.382110 -17.888233 5.157565 2.295933
-13.630778 -17.957884 5.204957 2.293506
-13.756485 -17.863159 5.205212 2.293493
-13.873990 -17.757896 5.202637 2.293625
-13.991385 -17.652729 5.200316 2.293744
-14.108676 -17.547651 5.198252 2.293849
-14.225879 -17.442652 5.196441 2.293942
-14.343008 -17.337713 5.194884 2.294022
-14.424360 -17.190283 5.180756 2.294745
-14.333947 -16.842325 5.105926 2.298577
-14.246101 -16.504265 5.033467 2.302286
-14.160703 -16.175642 4.963274 2.305880
-14.258120 -16.059303 4.958000 2.306150
-14.369776 -15.959252 4.957962 2.306152
-14.481438 -15.859193 4.958165 2.306142
-14.790655 -15.972452 5.025734 2.302682
-15.118382 -16.099443 5.098778 2.298943
-15.455812 -16.230196 5.174237 2.295079
-15.629563 -16.184885 5.194451 2.294044
-15.746655 -16.079948 5.195929 2.293968
-15.863811 -15.974948 5.197660 2.293880
-15.981052 -15.869872 5.199646 2.293778
-16.098391 -15.764705 5.201887 2.293664
-16.215830 -15.659444 5.204382 2.293535
-16.333391 -15.554071 5.207134 2.293395
-16.419271 -15.418719 5.200069 2.293756
-16.345844 -15.136418 5.143222 2.296667
-16.273993 -14.860193 5.087845 2.299502
-16.203665 -14.589845 5.033892 2.302265
-16.164051 -14.351110 4.990337 2.304495
-16.277237 -14.249642 4.994447 2.304284
-16.390615 -14.148001 4.998806 2.304061
-16.578039 -14.109014 5.025803 2.302679
-17.017458 -14.279342 5.128671 2.297412
-17.475288 -14.456810 5.236104 2.291911
-17.637611 -14.384883 5.254522 2.290968
-17.757496 -14.277394 5.260415 2.290667
-17.877657 -14.169653 5.266577 2.290351
-17.998100 -14.061657 5.273011 2.290022
-18.118849 -13.953386 5.279717 2.289679
-18.239902 -13.844837 5.286698 2.289321
-18.315023 -13.701388 5.280618 2.289632
-18.278952 -13.476402 5.242963 2.291560
-18.243387 -13.254596 5.206093 2.293448
-18.208309 -13.035865 5.169985 2.295297
-18.173710 -12.820140 5.134624 2.297107
-18.139574 -12.607333 5.099988 2.298881
-18.240311 -12.489398 5.103670 2.298692
-18.358774 -12.383149 5.112503 2.298240
-18.526079 -12.308693 5.135037 2.297086
-19.221962 -12.578498 5.303452 2.288463
-19.595915 -12.628706 5.382172 2.284433
-19.721773 -12.515814 5.392608 2.283898
-19.848120 -12.402481 5.403348 2.283349
-19.974979 -12.288684 5.414396 2.282783
-20.102358 -12.174418 5.425753 2.282202
-20.230276 -12.059666 5.437422 2.281604
-20.273643 -11.894472 5.426626 2.282157
-20.215483 -11.671414 5.389117 2.284077
-20.158112 -11.451396 5.352379 2.285958
-20.101509 -11.234352 5.316395 2.287801
-20.045654 -11.020193 5.281147 2.289605
-20.067402 -10.850400 5.266790 2.290340
-20.193632 -10.737144 5.280118 2.289658
-20.320511 -10.623302 5.293771 2.288959
-20.966917 -10.775530 5.442439 2.281347
-21.542812 -10.882059 5.572070 2.274710
-21.677786 -10.760943 5.587412 2.273924
-21.813505 -10.639157 5.603113 2.273121
-21.949999 -10.516672 5.619176 2.272298
-22.087276 -10.393481 5.635607 2.271457
-22.225363 -10.269561 5.652409 2.270597
-22.257837 -10.096600 5.642603 2.271099
-22.202658 -9.885260 5.610982 2.272718
-22.148081 -9.676254 5.579982 2.274305
-22.094099 -9.469542 5.549591 2.275861
-22.040693 -9.265056 5.519794 2.277386
-22.036928 -9.082963 5.502836 2.278255
-22.174810 -8.959205 5.521513 2.277298
-22.313643 -8.834592 5.540590 2.276322
-23.508167 -9.118216 5.821248 2.261952
-23.655565 -8.985907 5.842071 2.260886
-23.804031 -8.852636 5.863329 2.259797
-23.953581 -8.718390 5.885030 2.258687
-24.104252 -8.583133 5.907182 2.257552
-24.256062 -8.446852 5.929789 2.256395
-24.227617 -8.247754 5.908615 2.257479
-24.173695 -8.041514 5.881629 2.258861
-24.120256 -7.837146 5.855172 2.260215
-24.067286 -7.634588 5.829233 2.261543
-24.014774 -7.433813 5.803803 2.262845
-24.062248 -7.264822 5.802877 2.262892
-24.215683 -7.127059 5.827738 2.261620
-25.515217 -7.316370 6.128042 2.246244
-25.678667 -7.169608 6.155127 2.244857
-25.843569 -7.021540 6.182752 2.243443
-26.009962 -6.872129 6.210930 2.242000
-26.162851 -6.717475 6.236088 2.240712
-26.130102 -6.514966 6.217289 2.241675
-26.097542 -6.313655 6.198903 2.242616
-26.065166 -6.113528 6.180924 2.243537
-26.032972 -5.914547 6.163348 2.244437
-26.000950 -5.716676 6.146168 2.245316
-25.998472 -5.526145 6.136313 2.245821
-26.170155 -5.371956 6.167833 2.244207
-27.581081 -5.461199 6.491219 2.227649
-27.764593 -5.296381 6.525547 2.225892
-27.950069 -5.129794 6.560562 2.224099
-28.137545 -4.961408 6.596276 2.222271
-28.327085 -4.791162 6.632707 2.220405
-28.518730 -4.619024 6.669867 2.218503
-28.712542 -4.444937 6.707774 2.216562
-27.874048 -4.116078 6.505014 2.226943
-27.671719 -3.889006 6.451303 2.229693
-27.549265 -3.675852 6.416615 2.231469
-27.587955 -3.485167 6.419803 2.231306
-27.626680 -3.294283 6.423306 2.231127
-27.665447 -3.103174 6.427126 2.230931
-27.704256 -2.911834 6.431262 2.230719
-27.743113 -2.720231 6.435717 2.230491
-27.782017 -2.528360 6.440490 2.230247
-27.665865 -2.323169 6.409648 2.231826
-27.479834 -2.114455 6.362973 2.234216
-27.296482 -1.908755 6.317278 2.236555
-27.115723 -1.705972 6.272535 2.238846
-26.937496 -1.506038 6.228723 2.241089
-25.308828 -1.237809 5.849988 2.260481
-25.144854 -1.053879 5.810244 2.262516
-25.026136 -0.873931 5.781260 2.263999
-25.061357 -0.700023 5.788127 2.263648
-25.096657 -0.525698 5.795290 2.263281
-25.132040 -0.350933 5.802754 2.262899
-25.167515 -0.175702 5.810520 2.262501
-25.203079 0.000000 5.818589 2.262088
-25.238741 0.176207 5.826964 2.261659
-25.274500 0.352923 5.835647 2.261215
-25.125406 0.526301 5.801929 2.262941
-24.972675 0.697553 5.767645 2.264696
-24.821732 0.866794 5.734041 2.266417
-24.672518 1.034089 5.701100 2.268104
-24.525002 1.199474 5.668810 2.269757
-24.379133 1.363004 5.637156 2.271378
-22.919149 1.441954 5.301764 2.288550
-22.784204 1.593227 5.272993 2.290023
-22.650698 1.742880 5.244783 2.291467
-22.518604 1.890942 5.217127 2.292883
-22.526539 2.050075 5.222154 2.292626
-22.559244 2.211956 5.233188 2.292061
-22.592083 2.374524 5.244524 2.291480
-22.625063 2.537812 5.256165 2.290884
-22.658186 2.701827 5.268113 2.290273
-22.691458 2.866597 5.280373 2.289645
-22.724882 3.032150 5.292948 2.289001
-22.743336 3.196368 5.302315 2.288522
-22.615524 3.339574 5.277824 2.289775
-22.488882 3.481465 5.253814 2.291005
-22.363377 3.622076 5.230273 2.292210
-22.238974 3.761444 5.207193 2.293392
-22.115658 3.899588 5.184567 2.294550
-21.993395 4.036547 5.162386 2.295686
-21.872168 4.172340 5.140643 2.296799
-21.751945 4.307000 5.119329 2.297890
-20.916994 4.293645 4.929758 2.307596
-20.346397 4.324760 4.802277 2.314123
-20.235418 4.449049 4.783298 2.315095
-20.125309 4.572360 4.764700 2.316047
-20.016043 4.694720 4.746475 2.316980
-19.997810 4.837982 4.750045 2.316797
-20.029215 4.993845 4.765669 2.315998
-20.060825 5.150748 4.781631 2.315180
-20.092644 5.308707 4.797932 2.314346
-20.124678 5.467753 4.814579 2.313493
-20.156935 5.627920 4.831578 2.312623
-20.189415 5.789222 4.848933 2.311734
-20.222128 5.951700 4.866651 2.310827
-20.162003 6.087269 4.862290 2.311051
-20.054285 6.207838 4.846646 2.311852
-19.947245 6.327641 4.831336 2.312635
-19.840874 6.446691 4.816356 2.313402
-19.735147 6.565013 4.801700 2.314153
-19.630056 6.682618 4.787365 2.314887
-19.525583 6.799527 4.773347 2.315605
-19.421705 6.915761 4.759640 2.316306
-19.318419 7.031330 4.746242 2.316992
-19.215700 7.146258 4.733148 2.317663
-18.845474 7.158726 4.654152 2.321707
-18.337778 7.112755 4.540922 2.327505
-17.884155 7.080841 4.440726 2.332635
-17.789042 7.187240 4.429460 2.333212
-17.694395 7.293108 4.418464 2.333775
-17.600216 7.398451 4.407737 2.334324
-17.506483 7.503287 4.397274 2.334860
-17.468180 7.631662 4.400929 2.334672
-17.500319 7.791645 4.422623 2.333562
-17.532776 7.953224 4.444749 2.332429
-17.565556 8.116427 4.467315 2.331273
-17.598667 8.281303 4.490331 2.330095
-17.632120 8.447900 4.513805 2.328893
-17.665922 8.616246 4.537746 2.327667
-17.700083 8.786402 4.562167 2.326417
-17.638697 8.909948 4.562266 2.326412
-17.543644 9.016208 4.553851 2.326843
-17.448929 9.122083 4.545686 2.327261
-17.354549 9.227577 4.537770 2.327666
-17.260485 9.332714 4.530102 2.328059
-17.166735 9.437494 4.522678 2.328439
-17.073284 9.541935 4.515498 2.328806
-16.980118 9.646052 4.508559 2.329162
-16.887232 9.749848 4.501860 2.329505
-16.794613 9.853345 4.495398 2.329835
-16.702253 9.956543 4.489172 2.330154
-16.511246 9.999565 4.456489 2.331828
-16.209644 9.972242 4.393769 2.335039
-15.916408 9.945676 4.333000 2.338150
-15.631146 9.919831 4.274092 2.341166
-15.362083 9.900188 4.219316 2.343971
-15.276007 9.996338 4.214740 2.344205
-15.190105 10.092285 4.210377 2.344429
-15.104379 10.188032 4.206227 2.344641
-15.018809 10.283598 4.202290 2.344843
-14.933397 10.378983 4.198563 2.345034
-14.961816 10.554399 4.227166 2.343569
-14.998575 10.737927 4.258628 2.341958
-15.035882 10.924208 4.290771 2.340312
-15.073755 11.113335 4.323615 2.338631
-15.112209 11.305379 4.357177 2.336912
-15.151262 11.500433 4.391479 2.335156
-15.162230 11.676492 4.418179 2.333789
-15.072885 11.776228 4.415992 2.333901
-14.983616 11.875873 4.414023 2.334002
-14.894424 11.975427 4.412269 2.334092
-14.805296 12.074903 4.410731 2.334170
-14.716219 12.174318 4.409408 2.334238
-14.627192 12.273672 4.408299 2.334295
-14.538199 12.372982 4.407406 2.334341
-14.449240 12.472251 4.406726 2.334376
-14.360300 12.571491 4.406261 2.334399
-14.271368 12.670717 4.406009 2.334412
-14.182444 12.769930 4.405972 2.334414
-14.048726 12.828255 4.392147 2.335122
-13.832034 12.808606 4.352252 2.337165
-13.619232 12.789310 4.313282 2.339160
-13.410189 12.770353 4.275209 2.341109
-13.204801 12.751728 4.238009 2.343014
-13.002937 12.733421 4.201652 2.344875
-12.823184 12.733974 4.172192 2.346384
-12.738817 12.828062 4.173779 2.346303
-12.654376 12.922227 4.175570 2.346211
-12.569860 13.016471 4.177566 2.346108
-12.485252 13.110811 4.179766 2.345996
-12.400554 13.205250 4.182172 2.345873
-12.421914 13.414446 4.220857 2.343892
-12.474887 13.661748 4.271162 2.341316
-12.529133 13.915012 4.322891 2.338668
-12.584710 14.174505 4.376103 2.335943
-12.641667 14.440463 4.430858 2.333140
-12.572431 14.565301 4.442122 2.332563
-12.481907 14.666195 4.446208 2.332354
-12.391213 14.767274 4.450517 2.332134
-12.300334 14.868554 4.455051 2.331901
-12.209265 14.970040 4.459811 2.331658
-12.117995 15.071745 4.464798 2.331402
-12.026510 15.173683 4.470014 2.331135
-11.934809 15.275859 4.475459 2.330856
-11.842873 15.378289 4.481135 2.330566
-11.750700 15.480978 4.487044 2.330263
-11.658278 15.583940 4.493187 2.329949
-11.553573 15.670889 4.494891 2.329861
-11.371726 15.651839 4.466546 2.331313
-11.192142 15.633025 4.438771 2.332735
-11.014776 15.614443 4.411553 2.334128
-10.839562 15.596086 4.384880 2.335494
-10.666440 15.577948 4.358737 2.336833
-10.495367 15.560022 4.333114 2.338145
-10.326279 15.542306 4.307999 2.339430
-10.226446 15.627650 4.311760 2.339238
-10.136137 15.728205 4.319874 2.338822
-10.045477 15.829144 4.328230 2.338394
-9.954464 15.930473 4.336829 2.337954
-9.863078 16.032211 4.345674 2.337502
-9.912844 16.368053 4.417840 2.333807
-9.991042 16.760128 4.504728 2.329358
-10.072380 17.167961 4.595331 2.324719
-10.038633 17.387423 4.635202 2.322678
-9.939871 17.497345 4.645893 2.322130
-9.840650 17.607773 4.656858 2.321569
-9.740952 17.718723 4.668103 2.320993
-9.640760 17.830219 4.679630 2.320403
-9.540071 17.942265 4.691442 2.319798
-9.438860 18.054882 4.703544 2.319178
-9.337124 18.168081 4.715937 2.318544
-9.234842 18.281879 4.728626 2.317894
-9.131998 18.396297 4.741614 2.317229
-9.020606 18.494984 4.750703 2.316764
-8.854054 18.479847 4.730821 2.317782
-8.688890 18.464834 4.711334 2.318780
-8.525071 18.449944 4.692235 2.319757
-8.362561 18.435169 4.673515 2.320716
-8.201341 18.420513 4.655171 2.321655
-8.041367 18.405970 4.637195 2.322576
-7.882621 18.391537 4.619582 2.323477
-7.734748 18.400236 4.608091 2.324066
-7.631397 18.515163 4.623417 2.323281
-7.527353 18.630856 4.639071 2.322479
-7.422592 18.747337 4.655058 2.321661
-7.317104 18.864624 4.671383 2.320825
-7.474535 19.676851 4.859472 2.311195
-7.511667 20.198271 4.975171 2.305271
-7.397687 20.324980 4.993538 2.304331
-7.282852 20.452635 5.012287 2.303371
-7.167147 20.581249 5.031421 2.302391
-7.050549 20.710850 5.050948 2.301391
-6.933031 20.841469 5.070875 2.300371
-6.814579 20.973118 5.091207 2.299330
-6.695161 21.105835 5.111953 2.298268
-6.574763 21.239634 5.133117 2.297184
-6.434131 21.310867 5.139352 2.296865
-6.267668 21.295721 5.125021 2.297599
-6.102129 21.280657 5.111019 2.298316
-5.937478 21.265671 5.097340 2.299016
-5.773704 21.250767 5.083982 2.299700
-5.610778 21.235939 5.070939 2.300368
-5.448671 21.221184 5.058209 2.301020
-5.287374 21.206501 5.045788 2.301656
-5.147216 21.276033 5.053659 2.301253
-5.022686 21.414362 5.078063 2.300003
-4.896949 21.554028 5.102951 2.298729
-4.843843 22.031073 5.207759 2.293363
-4.908174 23.091145 5.450109 2.280954
-4.771168 23.243305 5.478027 2.279525
-4.632732 23.397049 5.506505 2.278067
-4.492853 23.552387 5.535547 2.276580
-4.351482 23.709377 5.565168 2.275063
-4.208582 23.868057 5.595382 2.273516
-4.064114 24.028471 5.626199 2.271939
-3.908512 24.131931 5.643897 2.271032
-3.733344 24.115974 5.633932 2.271543
-3.558786 24.100071 5.624275 2.272037
-3.384816 24.084221 5.614925 2.272516
-3.211416 24.068422 5.605878 2.272979
-3.038551 24.052671 5.597132 2.273427
-2.866230 24.036970 5.588685 2.273859
-2.694419 24.021315 5.580535 2.274276
-2.540425 24.170536 5.610945 2.272719
-2.386676 24.341187 5.646554 2.270896
-2.359015 25.921307 6.009136 2.252332
-2.192212 26.106430 6.048357 2.250324
-2.023209 26.293989 6.088390 2.248274
-1.851945 26.484051 6.129255 2.246182
-1.678357 26.676682 6.170974 2.244046
-1.502367 26.871973 6.213572 2.241865
-1.317912 26.946795 6.228593 2.241096
-1.128679 26.929541 6.222632 2.241401
-0.939798 26.912317 6.216985 2.241690
-0.751251 26.895124 6.211651 2.241963
-0.563004 26.877958 6.206627 2.242221
-0.375066 26.860819 6.201913 2.242462
-0.187404 26.843704 6.197508 2.242687
0.000001 26.989437 6.231003 2.240973
0.189893 27.200085 6.279788 2.238475
0.404783 28.987833 6.693021 2.217317
0.612031 29.217716 6.746921 2.214558
0.822654 29.451336 6.802029 2.211736
1.036757 29.688805 6.858379 2.208851
1.247468 29.763752 6.877536 2.207870
1.454775 29.744837 6.875345 2.207982
1.661945 29.725931 6.873489 2.208077
1.869012 29.707035 6.871970 2.208155
2.075998 29.688145 6.870785 2.208216
2.282922 29.669258 6.869935 2.208259
2.499125 29.761162 6.895088 2.206971
2.731983 30.019365 6.959157 2.203691
3.139675 32.020836 7.428044 2.179684
3.395318 32.304287 7.499114 2.176045
3.655912 32.593220 7.571926 2.172317
3.884230 32.574036 7.573586 2.172232
4.112433 32.553200 7.575232 2.172148
4.340747 32.532352 7.577248 2.172045
4.569193 32.511494 7.579634 2.171923
4.797794 32.490616 7.582391 2.171782
5.044081 32.582710 7.611916 2.170270
5.328280 32.897743 7.694017 2.166066
5.680975 33.587914 7.864516 2.157337
5.889450 33.400726 7.830122 2.159098
6.096120 33.215164 7.796408 2.160824
6.301044 33.031174 7.763358 2.162516
6.504234 32.848743 7.730965 2.164175
6.705745 32.667824 7.699216 2.165800
6.662776 31.345892 7.398443 2.181200
6.854078 31.174147 7.369021 2.182706
7.079914 31.162308 7.377728 2.182260
7.324987 31.230211 7.405730 2.180826
7.571940 31.298632 7.434309 2.179363
7.820817 31.367582 7.463474 2.177870
8.071666 31.437077 7.493235 2.176347
8.262080 31.270676 7.467139 2.177682
8.450187 31.101828 7.440726 2.179035
8.636978 30.934164 7.414859 2.180359
8.822485 30.767658 7.389532 2.181656
8.690007 29.526121 7.105746 2.196186
8.866614 29.367609 7.082325 2.197385
9.104069 29.410471 7.107816 2.196080
9.360744 29.508789 7.147196 2.194063
9.620288 29.608202 7.187366 2.192007
9.882779 29.708738 7.228344 2.189909
10.087634 29.632198 7.226682 2.189994
10.263935 29.473986 7.205397 2.191083
10.439211 29.316698 7.184587 2.192149
10.613485 29.160311 7.164245 2.193191
10.786786 29.004801 7.144366 2.194208
10.573761 27.835592 6.874387 2.208031
10.739159 27.687183 6.856084 2.208968
10.910839 27.557623 6.842697 2.209654
11.174842 27.658703 6.887000 2.207386
11.442297 27.761101 6.932218 2.205070
11.713319 27.864859 6.978379 2.202707
11.974669 27.938978 7.017707 2.200693
12.141036 27.789722 7.001336 2.201532
12.306637 27.641157 6.985382 2.202348
12.471494 27.493263 6.969840 2.203144
12.635641 27.346008 6.954705 2.203919
12.705828 27.001242 6.889414 2.207262
12.581487 26.259581 6.722426 2.215812
12.662397 25.961761 6.668652 2.218565
12.818168 25.822037 6.655586 2.219234
13.048048 25.830723 6.681143 2.217925
13.330808 25.938931 6.733038 2.215268
13.618006 26.048834 6.786079 2.212553
13.909777 26.160482 6.840297 2.209777
14.083656 26.047182 6.836214 2.209986
14.241665 25.905472 6.824952 2.210562
14.399151 25.764233 6.814059 2.211120
14.556145 25.623442 6.803534 2.211659
14.712663 25.483078 6.793372 2.212179
14.532165 24.769480 6.630022 2.220543
14.496008 24.317261 6.535908 2.225362
14.645746 24.182989 6.527142 2.225810
14.826524 24.100163 6.532565 2.225533
15.108097 24.178007 6.582095 2.222997
15.393985 24.257044 6.632707 2.220405
15.684337 24.337309 6.684433 2.217757
15.949771 24.373793 6.724874 2.215687
16.102774 24.236616 6.717879 2.216044
16.255466 24.099720 6.711226 2.216385
16.407867 23.963089 6.704914 2.216708
16.560001 23.826702 6.698939 2.217014
16.711258 23.689707 6.693061 2.217315
16.562105 23.133698 6.568479 2.223694
16.418407 22.597998 6.448763 2.229823
16.562366 22.464651 6.443550 2.230090
16.708035 22.334076 6.439399 2.230303
16.996073 22.391489 6.490005 2.227712
17.347153 22.525732 6.563857 2.223930
17.706329 22.663067 6.639733 2.220046
17.919170 22.608372 6.660198 2.218998
18.069372 22.473751 6.657543 2.219134
18.219452 22.339245 6.655215 2.219253
18.369436 22.204828 6.653214 2.219355
18.519339 22.070488 6.651538 2.219441
18.669174 21.936211 6.650188 2.219510
18.609583 21.559395 6.575182 2.223351
18.492947 21.124313 6.481707 2.228137
18.446123 20.776363 6.414301 2.231588
18.590576 20.646925 6.414252 2.231590
18.735035 20.517485 6.414517 2.231577
19.133993 20.662819 6.501561 2.227120
19.554695 20.823626 6.594953 2.222338
19.867254 20.862667 6.651083 2.219465
20.017153 20.728367 6.652657 2.219384
20.167130 20.593998 6.654556 2.219287
20.317213 20.459538 6.656783 2.219173
20.467396 20.324993 6.659336 2.219042
20.591125 20.164314 6.653627 2.219334
20.535446 19.830849 6.590740 2.222554
20.480816 19.503620 6.529347 2.225698
20.427195 19.182400 6.469398 2.228767
20.474245 18.959351 6.442223 2.230158
20.620083 18.828718 6.446593 2.229934
20.847635 18.771294 6.476605 2.228398
21.365505 18.969187 6.596187 2.222275
21.826460 19.107609 6.697148 2.217106
21.978565 18.971378 6.703017 2.216805
22.130945 18.834906 6.709223 2.216488
22.283617 18.698174 6.715770 2.216152
22.436598 18.561171 6.722658 2.215800
22.569323 18.407078 6.723756 2.215744
22.480345 18.074652 6.659492 2.219034
22.393053 17.748510 6.596767 2.222245
22.307396 17.428448 6.535530 2.225381
22.390604 17.243090 6.524481 2.225946
22.540325 17.109026 6.533142 2.225503
22.875715 17.113213 6.595563 2.222307
23.412899 17.261473 6.715536 2.216164
23.829969 17.313486 6.800329 2.211823
23.986927 17.172956 6.810741 2.211290
24.144390 17.031981 6.821520 2.210738
24.302349 16.890564 6.832666 2.210167
24.460835 16.748678 6.844183 2.209578
24.545860 16.556391 6.835466 2.210024
24.465166 16.254620 6.781228 2.212801
24.385738 15.957568 6.728167 2.215518
24.307554 15.665142 6.676259 2.218175
24.373470 15.467871 6.664542 2.218775
24.529812 15.327928 6.677868 2.218093
25.106199 15.445439 6.805260 2.211571
25.749960 15.594718 6.950075 2.204156
25.914040 15.447860 6.965082 2.203388
26.078838 15.300360 6.980497 2.202599
26.244381 15.152200 6.996322 2.201788
26.410685 15.003361 7.012562 2.200957
26.560415 14.844103 7.024629 2.200339
26.484514 14.559977 6.977501 2.202752
26.409628 14.279629 6.931339 2.205115
26.335732 14.002955 6.886119 2.207431
26.296007 13.747224 6.850471 2.209256
26.461344 13.599273 6.868641 2.208326
26.855495 13.565680 6.946199 2.204355
27.771294 13.785786 7.158003 2.193510
27.945484 13.629923 7.178200 2.192476
28.120674 13.473172 7.198864 2.191418
28.296900 13.315498 7.220002 2.190336
28.463055 13.151770 7.238793 2.189374
28.419937 12.891850 7.204762 2.191116
28.377228 12.634355 7.171399 2.192824
28.334915 12.379223 7.138691 2.194499
28.292990 12.126380 7.106626 2.196141
28.344101 11.914756 7.098397 2.196562
28.521769 11.755820 7.122164 2.195345
29.746712 12.018451 7.406912 2.180766
29.933382 11.851467 7.432610 2.179450
30.121380 11.683301 7.458854 2.178107
30.310707 11.513949 7.485650 2.176735
30.427053 11.315715 7.494690 2.176272
30.355848 11.048624 7.457970 2.178152
30.285341 10.784128 7.421970 2.179995
30.215511 10.522142 7.386673 2.181802
30.178770 10.273684 7.359978 2.183169
30.369921 10.102724 7.389215 2.181672
31.676548 10.292334 7.689456 2.166300
31.877893 10.112267 7.721007 2.164684
32.080925 9.930694 7.753201 2.163036
32.285656 9.747606 7.786043 2.161355
32.428268 9.544154 7.804176 2.160426
32.357479 9.278358 7.771362 2.162106
32.287289 9.014776 7.739200 2.163753
32.217674 8.753337 7.707677 2.165367
32.164227 8.498147 7.680510 2.166758
32.372570 8.311858 7.716215 2.164930
33.770439 8.419915 8.035200 2.148598
33.990486 8.223166 8.073701 2.146626
34.212681 8.024500 8.112973 2.144616
34.437050 7.823897 8.153027 2.142565
34.663658 7.621295 8.193881 2.140473
34.892567 7.416643 8.235550 2.138340
35.123829 7.209890 8.278052 2.136164
34.194527 6.770687 8.047695 2.147958
33.950077 6.476315 7.979328 2.151458
33.982643 6.236978 7.976554 2.151600
34.015194 5.997796 7.974172 2.151722
34.047737 5.758747 7.972182 2.151824
34.067303 5.517687 7.967549 2.152061
33.811806 5.234336 7.899055 2.155568
33.560661 4.955803 7.832109 2.158996
33.313740 4.681940 7.766667 2.162347
33.070904 4.412603 7.702683 2.165623
31.700377 4.004678 7.376776 2.182309
31.473455 3.752975 7.317696 2.185334
31.426275 3.525017 7.300827 2.186198
31.456121 3.306171 7.302220 2.186126
31.485989 3.087231 7.303972 2.186037
31.515879 2.868159 7.306082 2.185928
31.475719 2.643083 7.292317 2.186633
31.261520 2.405439 7.238625 2.189382
31.050451 2.171258 7.186066 2.192073
30.842422 1.940444 7.134613 2.194708
30.637335 1.712883 7.084232 2.197287
30.435137 1.488519 7.034904 2.199813
29.193581 1.223570 6.745786 2.214616
29.003674 1.012830 6.700107 2.216954
28.871552 0.806458 6.668123 2.218592
28.899048 0.605339 6.673335 2.218325
28.926592 0.403911 6.678881 2.218041
28.954187 0.202138 6.684764 2.217740
28.963585 -0.000001 5.629951 2.271746
28.888557 -0.201684 5.615503 2.272486
28.709246 -0.400883 5.581056 2.274250
28.532116 -0.597663 5.547298 2.275978
28.357117 -0.792086 5.514215 2.277672
28.184187 -0.984214 5.481791 2.279332
28.013279 -1.174105 5.450010 2.280959
27.844337 -1.361816 5.418860 2.282554
26.723341 -1.494067 5.202603 2.293627
26.563881 -1.671258 5.173704 2.295106
26.406178 -1.846500 5.145375 2.296557
26.316633 -2.024955 5.130556 2.297316
26.342260 -2.212022 5.138438 2.296912
26.367973 -2.399674 5.146596 2.296494
26.393772 -2.587933 5.155033 2.296062
26.419662 -2.776819 5.163750 2.295616
26.404634 -2.961755 5.164728 2.295566
26.252850 -3.130463 5.139189 2.296873
26.102556 -3.297520 5.114150 2.298155
25.953718 -3.462966 5.089602 2.299412
25.806301 -3.626840 5.065534 2.300645
25.660269 -3.789180 5.041939 2.301853
25.515589 -3.950022 5.018807 2.303037
25.372227 -4.109405 4.996130 2.304198
25.230154 -4.267362 4.973899 2.305336
24.337063 -4.291281 4.803624 2.314054
24.089787 -4.421304 4.760793 2.316247
23.956163 -4.569883 4.740575 2.317283
23.823668 -4.717214 4.720758 2.318297
23.784636 -4.882285 4.719663 2.318353
23.809164 -5.060794 4.731426 2.317751
23.833818 -5.240206 4.743480 2.317134
23.858606 -5.420543 4.755829 2.316502
23.883528 -5.601831 4.768476 2.315854
23.873791 -5.775679 4.774466 2.315547
23.743998 -5.920044 4.756659 2.316459
23.615166 -6.063345 4.739214 2.317352
23.487276 -6.205606 4.722128 2.318227
23.360302 -6.346854 4.705394 2.319084
23.234222 -6.487112 4.689006 2.319923
23.109015 -6.626404 4.672960 2.320745
22.984661 -6.764754 4.657250 2.321549
22.861137 -6.902185 4.641872 2.322336
22.738424 -7.038719 4.626821 2.323107
22.476854 -7.130079 4.583614 2.325319
21.896112 -7.114479 4.475205 2.330869
21.603746 -7.186610 4.425597 2.333409
21.488209 -7.315184 4.412283 2.334091
21.373362 -7.442993 4.399264 2.334758
21.259188 -7.570057 4.386535 2.335409
21.253607 -7.735681 4.396419 2.334903
21.278086 -7.913249 4.412803 2.334064
21.302755 -8.092158 4.429528 2.333208
21.327616 -8.272438 4.446598 2.332334
21.352674 -8.454123 4.464019 2.331442
21.322304 -8.614771 4.470134 2.331129
21.208466 -8.741499 4.458954 2.331702
21.095194 -8.867604 4.448047 2.332260
20.982473 -8.993100 4.437409 2.332805
20.870289 -9.118006 4.427039 2.333335
20.758625 -9.242336 4.416932 2.333853
20.647469 -9.366107 4.407086 2.334357
20.536804 -9.489336 4.397499 2.334848
20.426619 -9.612038 4.388167 2.335326
20.316896 -9.734226 4.379089 2.335791
20.207626 -9.855918 4.370261 2.336242
20.052475 -9.954135 4.351630 2.337196
19.686399 -9.944317 4.287149 2.340498
19.331003 -9.934787 4.224755 2.343693
19.093199 -9.981684 4.187911 2.345579
18.989681 -10.096992 4.180565 2.345955
18.886524 -10.211905 4.173449 2.346319
18.783716 -10.326437 4.166561 2.346672
18.684767 -10.442564 4.160682 2.346973
18.713547 -10.630775 4.183515 2.345804
18.742651 -10.821074 4.206808 2.344611
18.772085 -11.013517 4.230569 2.343395
18.801859 -11.208158 4.254810 2.342154
18.822304 -11.399193 4.277342 2.341000
18.718019 -11.515404 4.271809 2.341283
18.614004 -11.631321 4.266499 2.341555
18.510242 -11.746959 4.261409 2.341816
18.406729 -11.862328 4.256540 2.342065
18.303448 -11.977442 4.251890 2.342303
18.200390 -12.092312 4.247458 2.342530
18.097546 -12.206949 4.243241 2.342746
17.994902 -12.321367 4.239241 2.342951
17.892450 -12.435577 4.235455 2.343145
17.790178 -12.549591 4.231882 2.343328
17.688078 -12.663421 4.228521 2.343500
17.586136 -12.777077 4.225373 2.343661
17.336073 -12.781256 4.186628 2.345644
17.070507 -12.770370 4.143925 2.347831
16.810289 -12.759706 4.102281 2.349963
16.587616 -12.774186 4.069605 2.351636
16.489813 -12.883254 4.067577 2.351740
16.392101 -12.992221 4.065751 2.351834
16.294479 -13.101098 4.064124 2.351917
16.196932 -13.209896 4.062697 2.351990
16.168716 -13.375927 4.078944 2.351158
16.198751 -13.592367 4.110360 2.349550
16.229258 -13.812182 4.142468 2.347906
16.260250 -14.035472 4.175288 2.346225
16.270813 -14.244020 4.203433 2.344784
16.170044 -14.356440 4.203191 2.344797
16.069288 -14.468852 4.203156 2.344798
15.968529 -14.581271 4.203325 2.344790
15.867760 -14.693707 4.203700 2.344770
15.766970 -14.806171 4.204280 2.344741
15.666150 -14.918674 4.205067 2.344701
15.565290 -15.031227 4.206059 2.344650
15.464380 -15.143841 4.207258 2.344588
15.363411 -15.256527 4.208663 2.344516
15.262370 -15.369296 4.210276 2.344434
15.161249 -15.482160 4.212095 2.344341
15.060040 -15.595129 4.214122 2.344237
14.869148 -15.614145 4.191108 2.345415
14.657360 -15.608503 4.162025 2.346904
14.448479 -15.602939 4.133543 2.348362
14.242428 -15.597451 4.105647 2.349791
14.050703 -15.604887 4.081685 2.351018
13.952254 -15.714804 4.084857 2.350855
13.853651 -15.824898 4.088234 2.350682
13.754881 -15.935184 4.091818 2.350499
13.655934 -16.045671 4.095608 2.350305
13.649145 -16.266418 4.127530 2.348670
13.688046 -16.546007 4.174124 2.346285
13.727841 -16.831997 4.221991 2.343834
13.731480 -17.078518 4.259676 2.341904
13.627931 -17.194172 4.264688 2.341648
13.524136 -17.310104 4.269921 2.341380
13.420081 -17.426332 4.275375 2.341101
13.315759 -17.542864 4.281054 2.340810
13.211155 -17.659716 4.286957 2.340508
13.106259 -17.776899 4.293087 2.340194
13.001060 -17.894426 4.299445 2.339868
12.895547 -18.012310 4.306033 2.339531
12.789706 -18.130564 4.312851 2.339182
12.683526 -18.249203 4.319904 2.338821
12.576995 -18.368240 4.327191 2.338448
12.437693 -18.439638 4.323450 2.338639
12.247920 -18.434603 4.302116 2.339732
12.060004 -18.429619 4.281199 2.340802
11.873897 -18.424683 4.260692 2.341852
11.689555 -18.419794 4.240586 2.342882
11.518554 -18.433540 4.225134 2.343673
11.412982 -18.551540 4.233815 2.343229
11.306973 -18.670033 4.242738 2.342772
11.200514 -18.789038 4.251908 2.342302
11.098324 -18.916637 4.263146 2.341727
11.154598 -19.320332 4.336469 2.337973
11.212851 -19.738188 4.412579 2.334076
11.154356 -19.958370 4.444285 2.332453
11.041547 -20.084499 4.455097 2.331899
10.928183 -20.211254 4.466181 2.331331
10.814251 -20.338648 4.477540 2.330750
10.699733 -20.466703 4.489176 2.330154
10.584616 -20.595436 4.501094 2.329544
10.468881 -20.724863 4.513298 2.328919
10.352512 -20.855003 4.525788 2.328280
10.235496 -20.985876 4.538571 2.327625
10.117810 -21.117500 4.551651 2.326955
9.999441 -21.249897 4.565029 2.326270
9.823874 -21.260817 4.552530 2.326910
9.642158 -21.256018 4.536978 2.327707
9.461667 -21.251253 4.521751 2.328486
9.282375 -21.246519 4.506845 2.329250
9.104254 -21.241819 4.492256 2.329996
8.954192 -21.301188 4.491481 2.330036
8.834782 -21.434786 4.506536 2.329265
8.714561 -21.569296 4.521915 2.328478
8.593513 -21.704739 4.537621 2.327674
8.652919 -22.308559 4.651114 2.321863
8.646889 -22.763102 4.733181 2.317661
8.518821 -22.906418 4.750498 2.316774
8.389804 -23.050798 4.768178 2.315869
8.259819 -23.196270 4.786224 2.314945
8.128841 -23.342857 4.804644 2.314002
7.996847 -23.490591 4.823442 2.313040
7.863812 -23.639492 4.842626 2.312057
7.729708 -23.789597 4.862202 2.311055
7.594510 -23.940933 4.882177 2.310032
7.456775 -24.088955 4.901627 2.309037
7.271410 -24.084080 4.890186 2.309622
7.086902 -24.079227 4.879036 2.310193
6.903222 -24.074398 4.868174 2.310749
6.720350 -24.069592 4.857596 2.311291
6.538261 -24.064808 4.847300 2.311818
6.387144 -24.174377 4.860270 2.311154
6.247168 -24.331110 4.882894 2.309996
6.105874 -24.489323 4.905971 2.308814
6.176108 -25.528976 5.105483 2.298599
6.026944 -25.696016 5.130349 2.297326
5.876314 -25.864702 5.155712 2.296027
5.724183 -26.035076 5.181581 2.294703
5.570508 -26.207186 5.207967 2.293352
5.415255 -26.381069 5.234881 2.291974
5.258381 -26.556774 5.262334 2.290569
5.099846 -26.734344 5.290337 2.289135
4.939549 -26.913486 5.318832 2.287676
4.744673 -26.908379 5.311147 2.288069
4.550349 -26.903286 5.303742 2.288448
4.356557 -26.898209 5.296617 2.288813
4.163276 -26.893147 5.289767 2.289164
3.970489 -26.888098 5.283193 2.289500
3.804091 -27.067516 5.313099 2.287969
3.636613 -27.255157 5.344817 2.286345
3.590886 -28.424805 5.569137 2.274860
3.413191 -28.623907 5.603340 2.273109
3.233296 -28.825481 5.638244 2.271322
3.051134 -29.029602 5.673865 2.269498
2.866647 -29.236338 5.710221 2.267637
2.679771 -29.445753 5.747328 2.265737
2.490443 -29.657927 5.785206 2.263798
2.287968 -29.734795 5.796944 2.263196
2.078877 -29.729334 5.792908 2.263403
1.870067 -29.723881 5.789161 2.263595
1.661516 -29.718435 5.785700 2.263772
1.453205 -29.712997 5.782525 2.263935
1.254230 -29.925014 5.821940 2.261917
1.052885 -30.150705 5.864275 2.259749
0.864666 -30.955578 6.019502 2.251801
0.644298 -30.758551 5.980168 2.253815
0.426780 -30.564068 5.941632 2.255788
0.212041 -30.372068 5.903876 2.257721
-0.000001 -30.182476 5.866879 2.259616
-0.209411 -29.995234 5.830625 2.261472
-0.416259 -29.810280 5.795096 2.263291
-0.592767 -28.298265 5.501832 2.278306
-0.786693 -28.164059 5.476674 2.279594
-0.986199 -28.241030 5.492846 2.278766
-1.186897 -28.318466 5.509385 2.277920
-1.388816 -28.396376 5.526294 2.277054
-1.591990 -28.474771 5.543579 2.276169
-1.796444 -28.553667 5.561244 2.275264
-1.986360 -28.406258 5.535100 2.276603
-2.172907 -28.239429 5.505415 2.278123
-2.357473 -28.074369 5.476311 2.279613
-2.426140 -26.658764 5.203353 2.293588
-2.598776 -26.504368 5.176633 2.294956
-2.771910 -26.372953 5.154621 2.296083
-2.966633 -26.448114 5.173233 2.295130
-3.162777 -26.523827 5.192235 2.294158
-3.360377 -26.600105 5.211632 2.293164
-3.559466 -26.676960 5.231431 2.292151
-3.760087 -26.754410 5.251639 2.291116
-3.937046 -26.661613 5.238691 2.291779
-4.104280 -26.512026 5.214802 2.293002
-4.270004 -26.363787 5.191381 2.294201
-4.434251 -26.216866 5.168421 2.295377
-4.390807 -24.901501 4.915032 2.308350
-4.544971 -24.763594 4.893956 2.309429
-4.711594 -24.699028 4.887577 2.309756
-4.901010 -24.751896 4.904690 2.308880
-5.091763 -24.805138 4.922164 2.307985
-5.283895 -24.858768 4.940006 2.307072
-5.477434 -24.912792 4.958220 2.306139
-5.672416 -24.967222 4.976814 2.305187
-5.851696 -24.948826 4.981168 2.304964
-6.003006 -24.813452 4.962387 2.305926
-6.153187 -24.679083 4.943985 2.306868
-6.302266 -24.545700 4.925959 2.307791
-6.450268 -24.413277 4.908301 2.308695
-6.357945 -23.401115 4.713615 2.318663
-6.440600 -23.067638 4.655387 2.321644
-6.579023 -22.943781 4.639547 2.322455
-6.750838 -22.937378 4.647670 2.322039
-6.948230 -23.013641 4.672838 2.320751
-7.147782 -23.090744 4.698511 2.319436
-7.349545 -23.168705 4.724700 2.318095
-7.553586 -23.247547 4.751416 2.316727
-7.737922 -23.261047 4.765101 2.316027
-7.876493 -23.137039 4.750846 2.316756
-8.014242 -23.013762 4.736906 2.317470
-8.151189 -22.891199 4.723277 2.318168
-8.287359 -22.769331 4.709955 2.318850
-8.422769 -22.648140 4.696935 2.319517
-8.557438 -22.527609 4.684214 2.320168
-8.301433 -21.402365 4.462182 2.331536
-8.428697 -21.288458 4.450593 2.332130
-8.555308 -21.175131 4.439280 2.332709
-8.712747 -21.138704 4.444287 2.332453
-8.919490 -21.218624 4.474072 2.330927
-9.129034 -21.299627 4.504482 2.329370
-9.341455 -21.381746 4.535530 2.327781
-9.556840 -21.465014 4.567234 2.326158
-9.739155 -21.469845 4.582618 2.325370
-9.867411 -21.355030 4.572704 2.325877
-9.995119 -21.240704 4.563054 2.326372
-10.122292 -21.126852 4.553666 2.326852
-10.248950 -21.013460 4.544537 2.327320
-10.375107 -20.900515 4.535665 2.327774
-10.470727 -20.728512 4.514092 2.328878
-10.388359 -20.213554 4.417635 2.333817
-10.309430 -19.720121 4.325420 2.338538
-10.387092 -19.535276 4.300678 2.339805
-10.505406 -19.429340 4.293398 2.340178
-10.623326 -19.323755 4.286351 2.340539
-10.846213 -19.407009 4.321509 2.338739
-11.074976 -19.495485 4.358321 2.336854
-11.307689 -19.585489 4.395984 2.334925
-11.544471 -19.677073 4.434522 2.332952
-11.733922 -19.683834 4.454399 2.331935
-11.855188 -19.575237 4.448445 2.332240
-11.976133 -19.466927 4.442723 2.332533
-12.096775 -19.358885 4.437232 2.332814
-12.217123 -19.251104 4.431970 2.333083
-12.337192 -19.143572 4.426935 2.333341
-12.456992 -19.036276 4.422126 2.333587
-12.344460 -18.579905 4.336026 2.337996
-12.226393 -18.126371 4.250000 2.342400
-12.239949 -17.875994 4.211228 2.344385
-12.353471 -17.774313 4.207489 2.344577
-12.466796 -17.672806 4.203962 2.344757
-12.655363 -17.676825 4.225831 2.343637
-12.890827 -17.742701 4.262990 2.341735
-13.130483 -17.809752 4.301021 2.339788
-13.374467 -17.878016 4.339951 2.337795
-13.622922 -17.947533 4.379807 2.335754
-13.760638 -17.868553 4.383870 2.335546
-13.878177 -17.763256 4.381701 2.335657
-13.995605 -17.658054 4.379746 2.335757
-14.112930 -17.552942 4.378006 2.335846
-14.230166 -17.447908 4.376481 2.335924
-14.347330 -17.342937 4.375169 2.335991
-14.447076 -17.217354 4.368826 2.336316
-14.356194 -16.868465 4.305624 2.339552
-14.267898 -16.529516 4.244430 2.342685
-14.182066 -16.200045 4.185150 2.345720
-14.262413 -16.064138 4.175663 2.346206
-14.374103 -15.964057 4.175631 2.346208
-14.485799 -15.863968 4.175802 2.346199
-14.777102 -15.957817 4.227558 2.343549
-15.104329 -16.084478 4.288944 2.340406
-15.441231 -16.214886 4.352357 2.337159
-15.634272 -16.189762 4.374804 2.336010
-15.751400 -16.084795 4.376050 2.335946
-15.868594 -15.979765 4.377508 2.335871
-15.985872 -15.874659 4.379181 2.335786
-16.103249 -15.769462 4.381069 2.335689
-16.220724 -15.664171 4.383171 2.335582
-16.338324 -15.558770 4.385489 2.335463
-16.440083 -15.438264 4.383767 2.335551
-16.366337 -15.155395 4.335783 2.338008
-16.294174 -14.878622 4.289042 2.340401
-16.223547 -14.607746 4.243504 2.342733
-16.168949 -14.355460 4.202906 2.344811
-16.282175 -14.253964 4.206368 2.344634
-16.395592 -14.152296 4.210041 2.344446
-16.557800 -14.091789 4.226327 2.343612
-16.996260 -14.261554 4.312724 2.339188
-17.453062 -14.438424 4.402950 2.334569
-17.642988 -14.389267 4.425413 2.333419
-17.762915 -14.281751 4.430377 2.333165
-17.883120 -14.173982 4.435568 2.332899
-18.003607 -14.065958 4.440988 2.332621
-18.124397 -13.957660 4.446638 2.332332
-18.245495 -13.849083 4.452519 2.332031
-18.332695 -13.714609 4.450325 2.332143
-18.296463 -13.489313 4.418561 2.333770
-18.260740 -13.267204 4.387458 2.335362
-18.225510 -13.048179 4.357000 2.336922
-18.190760 -12.832168 4.327171 2.338449
-18.156477 -12.619081 4.297954 2.339945
-18.245964 -12.493269 4.298386 2.339923
-18.364473 -12.386993 4.305827 2.339541
-18.491476 -12.285703 4.315388 2.339052
-19.184883 -12.554235 4.456647 2.331820
-19.602032 -12.632648 4.532953 2.327913
-19.727942 -12.519729 4.541746 2.327462
-19.854340 -12.406368 4.550795 2.326999
-19.981253 -12.292543 4.560102 2.326523
-20.108685 -12.178250 4.569670 2.326033
-20.236656 -12.063470 4.579501 2.325529
-20.293005 -11.905831 4.573331 2.325845
-20.234655 -11.682484 4.541689 2.327465
-20.177099 -11.462182 4.510699 2.329052
-20.120316 -11.244863 4.480346 2.330606
-20.064285 -11.030435 4.450613 2.332129
-20.073820 -10.853870 4.435812 2.332886
-20.200106 -10.740586 4.447040 2.332311
-20.327044 -10.626717 4.458543 2.331722
-20.930475 -10.756801 4.574317 2.325795
-21.549776 -10.885576 4.692940 2.319721
-21.684813 -10.764431 4.705867 2.319060
-21.820595 -10.642614 4.719094 2.318382
-21.957153 -10.520101 4.732628 2.317689
-22.094496 -10.396879 4.746470 2.316981
-22.232651 -10.272927 4.760626 2.316256
-22.277174 -10.105371 4.754937 2.316547
-22.221838 -9.893800 4.728268 2.317913
-22.167110 -9.684567 4.702122 2.319251
-22.112978 -9.477633 4.676490 2.320564
-22.059425 -9.272929 4.651361 2.321850
-22.044292 -9.085999 4.634681 2.322704
-22.182245 -8.962209 4.650417 2.321898
-22.321150 -8.837564 4.666489 2.321076
-23.516106 -9.121294 4.902875 2.308973
-23.663580 -8.988952 4.920419 2.308074
-23.812126 -8.855647 4.938331 2.307157
-23.961758 -8.721366 4.956614 2.306221
-24.112511 -8.586074 4.975277 2.305266
-24.264404 -8.449758 4.994325 2.304291
-24.247208 -8.254424 4.978803 2.305085
-24.193151 -8.047987 4.956045 2.306250
-24.139584 -7.843425 4.933733 2.307393
-24.086485 -7.640678 4.911859 2.308513
-24.033850 -7.439717 4.890414 2.309611
-24.070728 -7.267382 4.887475 2.309761
-24.224253 -7.129582 4.908422 2.308689
-25.524286 -7.318971 5.161361 2.295738
-25.687836 -7.172168 5.184181 2.294570
-25.852837 -7.024058 5.207458 2.293378
-26.019333 -6.874605 5.231199 2.292162
-26.181995 -6.722390 5.254339 2.290978
-26.149164 -6.519719 5.238488 2.291789
-26.116524 -6.318247 5.222985 2.292583
-26.084070 -6.117961 5.207826 2.293359
-26.051798 -5.918824 5.193006 2.294118
-26.019701 -5.720799 5.178521 2.294860
-26.008162 -5.528205 5.168417 2.295377
-26.179958 -5.373969 5.194974 2.294017
-27.591467 -5.463255 5.467363 2.280071
-27.775103 -5.298385 5.496287 2.278590
-27.960705 -5.131746 5.525791 2.277079
-28.148312 -4.963306 5.555884 2.275539
-28.337984 -4.793006 5.586580 2.273967
-28.529764 -4.620811 5.617892 2.272364
-28.723715 -4.446667 5.649832 2.270728
-27.900326 -4.119958 5.482084 2.279317
-27.697590 -3.892642 5.436776 2.281637
-27.565874 -3.678068 5.405750 2.283226
-27.604597 -3.487270 5.408437 2.283088
-27.643356 -3.296272 5.411390 2.282937
-27.682156 -3.105048 5.414610 2.282772
-27.720997 -2.913594 5.418097 2.282593
-27.759888 -2.721876 5.421852 2.282401
-27.798830 -2.529890 5.425876 2.282195
-27.690168 -2.325209 5.401367 2.283450
-27.503796 -2.116298 5.362000 2.285465
-27.320114 -1.910408 5.323460 2.287439
-27.139030 -1.707438 5.285723 2.289371
-26.960489 -1.507324 5.248773 2.291263
-25.330282 -1.238858 4.929593 2.307605
-25.166025 -1.054766 4.896074 2.309321
-25.041399 -0.874464 4.870522 2.310629
-25.076658 -0.700450 4.876310 2.310333
-25.112000 -0.526020 4.882349 2.310024
-25.147425 -0.351148 4.888641 2.309701
-25.182941 -0.175810 4.895187 2.309366
-25.218548 0.000000 4.901989 2.309018
-25.254255 0.176315 4.909050 2.308657
-25.290060 0.353141 4.916369 2.308282
-25.145382 0.526720 4.888839 2.309691
-24.992413 0.698104 4.859928 2.311172
-24.841234 0.867476 4.831590 2.312623
-24.691793 1.034897 4.803812 2.314045
-24.544052 1.200406 4.776583 2.315439
-24.397966 1.364057 4.749890 2.316806
-22.936756 1.443061 4.467269 2.331276
-22.801611 1.594444 4.443007 2.332518
-22.667910 1.744205 4.419220 2.333736
-22.535627 1.892371 4.395899 2.334930
-22.540684 2.051362 4.399572 2.334742
-22.573439 2.213348 4.408874 2.334265
-22.606329 2.376021 4.418430 2.333776
-22.639362 2.539415 4.428244 2.333274
-22.672539 2.703538 4.438316 2.332758
-22.705864 2.868417 4.448652 2.332229
-22.739344 3.034079 4.459253 2.331686
-22.759861 3.198690 4.467546 2.331262
-22.631880 3.341990 4.446897 2.332319
-22.505072 3.483971 4.426652 2.333355
-22.379404 3.624672 4.406803 2.334372
-22.254841 3.764127 4.387343 2.335368
-22.131369 3.902358 4.368266 2.336345
-22.008951 4.039402 4.349564 2.337302
-21.887573 4.175280 4.331231 2.338241
-21.767202 4.310021 4.313261 2.339161
-20.939350 4.298234 4.155064 2.347261
-20.360554 4.327770 4.046108 2.352839
-20.249443 4.452133 4.030107 2.353658
-20.139202 4.575516 4.014426 2.354461
-20.029808 4.697948 3.999060 2.355248
-20.011089 4.841195 4.001973 2.355099
-20.042557 4.997171 4.015145 2.354424
-20.074234 5.154191 4.028602 2.353735
-20.106119 5.312267 4.042345 2.353032
-20.138222 5.471433 4.056380 2.352313
-20.170547 5.631721 4.070712 2.351579
-20.203098 5.793146 4.085344 2.350830
-20.235886 5.955749 4.100282 2.350065
-20.175434 6.091324 4.096550 2.350257
-20.067602 6.211960 4.083361 2.350932
-19.960449 6.331830 4.070454 2.351593
-19.853968 6.450945 4.057824 2.352239
-19.748131 6.569333 4.045468 2.352872
-19.642933 6.687001 4.033383 2.353491
-19.538353 6.803974 4.021565 2.354096
-19.434372 6.920271 4.010009 2.354687
-19.330982 7.035903 3.998714 2.355266
-19.228161 7.150893 3.987675 2.355831
-18.853840 7.161903 3.920320 2.359280
-18.345720 7.115835 3.824901 2.364165
-17.895662 7.085396 3.741291 2.368446
-17.800457 7.191852 3.731793 2.368932
-17.705723 7.297776 3.722523 2.369407
-17.611454 7.403175 3.713480 2.369870
-17.517635 7.508067 3.704659 2.370322
-17.481012 7.637269 3.708100 2.370145
-17.513239 7.797396 3.726392 2.369209
-17.545784 7.959125 3.745049 2.368253
-17.578653 8.122480 3.764077 2.367279
-17.611858 8.287511 3.783484 2.366286
-17.645407 8.454265 3.803278 2.365272
-17.679304 8.622773 3.823466 2.364239
-17.713562 8.793093 3.844058 2.363184
-17.649723 8.915518 3.843618 2.363207
-17.554590 9.021832 3.836523 2.363570
-17.459797 9.127764 3.829640 2.363922
-17.365339 9.233315 3.822968 2.364264
-17.271198 9.338506 3.816503 2.364595
-17.177372 9.443342 3.810245 2.364915
-17.083847 9.547838 3.804192 2.365225
-16.990606 9.652011 3.798342 2.365525
-16.897648 9.755862 3.792695 2.365814
-16.804956 9.859413 3.787248 2.366093
-16.712526 9.962667 3.782000 2.366361
-16.515745 10.002290 3.753179 2.367837
-16.213997 9.974920 3.700343 2.370542
-15.920624 9.948310 3.649151 2.373163
-15.635231 9.922423 3.599527 2.375704
-15.371474 9.906240 3.554640 2.378002
-15.285334 10.002441 3.550782 2.378200
-15.199371 10.098441 3.547105 2.378388
-15.113583 10.194241 3.543607 2.378567
-15.027953 10.289858 3.540287 2.378737
-14.942480 10.385296 3.537145 2.378898
-14.974916 10.563641 3.562194 2.377615
-15.011806 10.747400 3.588731 2.376257
-15.049246 10.933917 3.615841 2.374869
-15.087255 11.123288 3.643544 2.373451
-15.125849 11.315582 3.671852 2.372001
-15.165045 11.510895 3.700785 2.370520
-15.171408 11.683560 3.722153 2.369426
-15.082004 11.783353 3.720310 2.369520
-14.992678 11.883055 3.718650 2.369605
-14.903428 11.982666 3.717172 2.369681
-14.814242 12.082201 3.715875 2.369747
-14.725110 12.181673 3.714760 2.369804
-14.636026 12.281085 3.713825 2.369852
-14.546979 12.380454 3.713072 2.369890
-14.457963 12.479781 3.712499 2.369920
-14.368969 12.579081 3.712107 2.369940
-14.279984 12.678366 3.711895 2.369951
-14.191005 12.777638 3.711863 2.369952
-14.051502 12.830789 3.698715 2.370626
-13.834743 12.811113 3.665111 2.372346
-13.621875 12.791791 3.632288 2.374027
-13.412767 12.772809 3.600220 2.375669
-13.207317 12.754159 3.568887 2.377273
-13.005395 12.735828 3.538264 2.378841
-12.830935 12.741671 3.514916 2.380036
-12.746520 12.835818 3.516253 2.379968
-12.662031 12.930043 3.517763 2.379891
-12.577467 13.024348 3.519445 2.379804
-12.492813 13.118751 3.521300 2.379709
-12.408067 13.213251 3.523328 2.379606
-12.436478 13.430174 3.557933 2.377834
-12.489687 13.677957 3.600387 2.375660
-12.544178 13.931722 3.644044 2.373425
-12.600008 14.191735 3.688955 2.371125
-12.657228 14.458237 3.735168 2.368759
-12.580083 14.574165 3.742337 2.368392
-12.489511 14.675129 3.745781 2.368216
-12.398769 14.776278 3.749414 2.368030
-12.307841 14.877630 3.753236 2.367834
-12.216725 14.979187 3.757248 2.367629
-12.125408 15.080965 3.761452 2.367414
-12.033875 15.182977 3.765849 2.367188
-11.942126 15.285226 3.770439 2.366953
-11.850143 15.387731 3.775225 2.366709
-11.757924 15.490495 3.780206 2.366453
-11.665454 15.593534 3.785384 2.366188
-11.555298 15.673228 3.785054 2.366205
-11.373413 15.654160 3.761183 2.367428
-11.193792 15.635329 3.737790 2.368625
-11.016390 15.616731 3.714867 2.369799
-10.841142 15.598357 3.692403 2.370949
-10.667984 15.580202 3.670385 2.372076
-10.496878 15.562262 3.648806 2.373181
-10.327757 15.544529 3.627654 2.374264
-10.232835 15.637412 3.632570 2.374012
-10.142481 15.738048 3.639410 2.373662
-10.051776 15.839069 3.646454 2.373302
-9.960718 15.940482 3.653703 2.372931
-9.869287 16.042305 3.661159 2.372549
-9.930409 16.397058 3.726208 2.369218
-10.009096 16.790413 3.799625 2.365459
-10.090948 17.199610 3.876188 2.361539
-10.045009 17.398466 3.905104 2.360059
-9.946198 17.508482 3.914116 2.359597
-9.846929 17.619007 3.923360 2.359124
-9.747182 17.730057 3.932840 2.358639
-9.646942 17.841652 3.942558 2.358141
-9.546203 17.953796 3.952516 2.357631
-9.444943 18.066517 3.962718 2.357109
-9.343157 18.179819 3.973166 2.356574
-9.240826 18.293724 3.983863 2.356026
-9.137931 18.408249 3.994813 2.355466
-9.021866 18.497568 4.000430 2.355178
-8.855287 18.482416 3.983686 2.356035
-8.690093 18.467392 3.967274 2.356875
-8.526247 18.452488 3.951189 2.357699
-8.363710 18.437702 3.935424 2.358506
-8.202463 18.423035 3.919975 2.359297
-8.042462 18.408480 3.904835 2.360072
-7.883692 18.394035 3.890002 2.360832
-7.739912 18.412521 3.882389 2.361222
-7.636509 18.527565 3.895310 2.360560
-7.532413 18.643377 3.908508 2.359884
-7.427598 18.759981 3.921987 2.359194
-7.333662 18.907312 3.941988 2.358170
-7.501861 19.748785 4.106408 2.349752
-7.516788 20.212040 4.191719 2.345384
-7.402749 20.338886 4.207204 2.344591
-7.287853 20.466681 4.223011 2.343782
-7.172089 20.595438 4.239144 2.342956
-7.055429 20.725183 4.255608 2.342113
-6.937848 20.855949 4.272408 2.341253
-6.819333 20.987749 4.289551 2.340375
-6.699851 21.120619 4.307042 2.339479
-6.579388 21.254574 4.324886 2.338566
-6.434960 21.313614 4.327653 2.338424
-6.268474 21.298456 4.315584 2.339042
-6.102911 21.283382 4.303792 2.339646
-5.938237 21.268389 4.292272 2.340236
-5.774440 21.253475 4.281022 2.340812
-5.611491 21.238638 4.270039 2.341374
-5.449362 21.223875 4.259317 2.341923
-5.288043 21.209185 4.248857 2.342458
-5.150985 21.291611 4.258062 2.341987
-5.026381 21.430119 4.278639 2.340934
-4.900570 21.569963 4.299624 2.339859
-4.996253 22.724274 4.522655 2.328440
-4.911839 23.108389 4.592165 2.324881
-4.774749 23.260754 4.615707 2.323676
-4.636228 23.414701 4.639719 2.322446
-4.496261 23.570253 4.664209 2.321193
-4.354800 23.727457 4.689187 2.319914
-4.211809 23.886356 4.714664 2.318609
-4.067247 24.046997 4.740651 2.317279
-3.908994 24.134907 4.752485 2.316673
-3.733804 24.118942 4.744093 2.317102
-3.559223 24.103033 4.735961 2.317519
-3.385231 24.087177 4.728086 2.317922
-3.211809 24.071371 4.720468 2.318312
-3.038923 24.055614 4.713102 2.318689
-2.866580 24.039906 4.705988 2.319053
-2.694748 24.024242 4.699125 2.319405
-2.542491 24.190187 4.727997 2.317926
-2.388629 24.361103 4.758027 2.316389
-2.360957 25.942652 5.063580 2.300745
-2.194029 26.128069 5.096657 2.299051
-2.024897 26.315928 5.130419 2.297323
-1.853500 26.506296 5.164883 2.295558
-1.679776 26.699242 5.200068 2.293756
-1.503647 26.894854 5.235994 2.291917
-1.318071 26.950045 5.244820 2.291465
-1.128815 26.932785 5.239799 2.291722
-0.939911 26.915558 5.235044 2.291966
-0.751342 26.898361 5.230551 2.292196
-0.563072 26.881189 5.226320 2.292413
-0.375111 26.864046 5.222351 2.292616
-0.187427 26.846928 5.218641 2.292805
0.000001 27.013807 5.250952 2.291151
0.190066 27.224838 5.292101 2.289044
0.405154 29.014421 5.640382 2.271212
0.612597 29.244732 5.685847 2.268884
0.823421 29.478790 5.732331 2.266505
1.037731 29.716711 5.779864 2.264071
1.247617 29.767313 5.791259 2.263487
1.454949 29.748392 5.789413 2.263582
1.662143 29.729485 5.787851 2.263662
1.869235 29.710585 5.786571 2.263727
2.076246 29.691690 5.785573 2.263779
2.283195 29.672802 5.784858 2.263815
2.501622 29.790903 5.811145 2.262469
2.734739 30.049643 5.865198 2.259702
3.142871 32.053436 6.260436 2.239465
3.398808 32.337494 6.320395 2.236396
3.656534 32.598759 6.376294 2.233534
3.884694 32.577930 6.377370 2.233479
4.112925 32.557091 6.378756 2.233407
4.341266 32.536243 6.380454 2.233321
4.569739 32.515381 6.382463 2.233218
4.798368 32.494503 6.384786 2.233099
5.049646 32.618656 6.415951 2.231503
5.334222 32.934433 6.485230 2.227956
5.678945 33.575912 6.619192 2.221097
5.887355 33.388844 6.590255 2.222579
6.093961 33.203400 6.561889 2.224031
6.298822 33.019520 6.534082 2.225455
6.501949 32.837204 6.506828 2.226850
6.703400 32.656395 6.480115 2.228218
6.660454 31.334970 6.226976 2.241179
6.851699 31.163328 6.202221 2.242446
7.082706 31.174597 6.214154 2.241835
7.327888 31.242575 6.237750 2.240627
7.574949 31.311071 6.261831 2.239394
7.823938 31.380098 6.286406 2.238136
8.069861 31.430046 6.307545 2.237054
8.259277 31.260067 6.284852 2.238216
8.447330 31.091312 6.262628 2.239353
8.634068 30.923742 6.240864 2.240468
8.819523 30.757328 6.219554 2.241559
8.687099 29.516241 5.980707 2.253788
8.863658 29.357815 5.961000 2.254797
9.108715 29.425480 5.987505 2.253440
9.365547 29.523932 6.020696 2.251740
9.625253 29.623480 6.054552 2.250007
9.887908 29.724157 6.089089 2.248239
10.084322 29.622469 6.082533 2.248574
10.260575 29.464336 6.064624 2.249491
10.435802 29.307127 6.047114 2.250388
10.610031 29.150818 6.029998 2.251264
10.783285 28.995386 6.013272 2.252120
10.570337 27.826582 5.786042 2.263755
10.735691 27.678246 5.770641 2.264543
10.916783 27.572636 5.764372 2.264864
11.180969 27.673868 5.801713 2.262952
11.448612 27.776423 5.839828 2.261001
11.719828 27.880341 5.878736 2.259009
11.970851 27.930071 5.906700 2.257577
12.137174 27.780884 5.892925 2.258282
12.302731 27.632385 5.879501 2.258970
12.467545 27.484556 5.866424 2.259639
12.631648 27.337368 5.853689 2.260291
12.674248 26.934132 5.786150 2.263749
12.550973 26.195892 5.646244 2.270912
12.658422 25.953609 5.612933 2.272618
12.814151 25.813944 5.601939 2.273181
13.055837 25.846142 5.628570 2.271817
13.338827 25.954535 5.672317 2.269577
13.626263 26.064629 5.717028 2.267288
13.918278 26.176472 5.762733 2.264948
14.079282 26.039093 5.753987 2.265396
14.237248 25.897438 5.744511 2.265881
14.394693 25.756256 5.735346 2.266350
14.551645 25.615520 5.726489 2.266804
14.694739 25.452034 5.712736 2.267508
14.495141 24.706373 5.567949 2.274921
14.491547 24.309776 5.501238 2.278337
14.641244 24.175554 5.493861 2.278714
14.834085 24.112455 5.502922 2.278250
15.115861 24.190434 5.544667 2.276113
15.401957 24.269606 5.587323 2.273929
15.692523 24.350010 5.630920 2.271697
15.944898 24.366344 5.660302 2.270193
16.097858 24.229218 5.654416 2.270494
16.250509 24.092371 5.648818 2.270780
16.402868 23.955790 5.643507 2.271053
16.554960 23.819448 5.638480 2.271310
16.678505 23.643278 5.624202 2.272041
16.530249 23.089201 5.519718 2.277390
16.411530 22.588531 5.427285 2.282123
16.557341 22.457834 5.423523 2.282315
16.702969 22.327303 5.420032 2.282494
17.009001 22.408520 5.468440 2.280016
17.360498 22.543060 5.530714 2.276827
17.720108 22.680702 5.594697 2.273551
17.913748 22.601530 5.605881 2.272979
18.063908 22.466953 5.603647 2.273093
18.213943 22.332491 5.601688 2.273194
18.363884 22.198116 5.600004 2.273280
18.513742 22.063818 5.598594 2.273352
18.663534 21.929583 5.597458 2.273410
18.580641 21.525864 5.527388 2.276998
18.464594 21.091925 5.448929 2.281015
18.440552 20.770088 5.398912 2.283576
18.584961 20.640688 5.398871 2.283578
18.741739 20.524828 5.402658 2.283384
19.151356 20.681570 5.478980 2.279476
19.572695 20.842793 5.557755 2.275443
19.861250 20.856361 5.598211 2.273372
20.011101 20.722101 5.599535 2.273304
20.161032 20.587772 5.601134 2.273222
20.311069 20.453350 5.603007 2.273126
20.461203 20.318844 5.605155 2.273016
20.567593 20.141272 5.595644 2.273503
20.512201 19.808401 5.542816 2.276208
20.457848 19.481749 5.491242 2.278848
20.404495 19.161083 5.440880 2.281427
20.468035 18.953598 5.422407 2.282373
20.613823 18.823002 5.426084 2.282185
20.870926 18.792265 5.459094 2.280494
21.389818 18.990772 5.560003 2.275328
21.819818 19.101795 5.636972 2.271387
21.971870 18.965601 5.641910 2.271134
22.124199 18.829165 5.647133 2.270867
22.276817 18.692469 5.652642 2.270585
22.429745 18.555502 5.658437 2.270288
22.543196 18.385769 5.654537 2.270488
22.454567 18.053926 5.600555 2.273252
22.367619 17.728352 5.547863 2.275949
22.282293 17.408834 5.496421 2.278583
22.383724 17.237791 5.491622 2.278829
22.533390 17.103762 5.498910 2.278456
22.897554 17.129551 5.558460 2.275407
23.435658 17.278254 5.659666 2.270225
23.822607 17.308136 5.723793 2.266942
23.979506 17.167643 5.732554 2.266493
24.136906 17.026703 5.741623 2.266029
24.294804 16.885321 5.751002 2.265548
24.453228 16.743471 5.760693 2.265053
24.520519 16.539297 5.749204 2.265641
21.911026 14.557653 5.113415 2.298193
21.910070 14.337538 5.089707 2.299407
22.146366 14.272351 5.121327 2.297788
22.363655 14.192403 5.148537 2.296395
24.522099 15.323108 5.620687 2.272221
25.160664 15.478947 5.742143 2.266002
25.741829 15.589793 5.849792 2.260491
25.905838 15.442971 5.862421 2.259844
26.070568 15.295506 5.875391 2.259180
26.236038 15.147383 5.888706 2.258498
26.402271 14.998580 5.902371 2.257799
26.535316 14.830075 5.908823 2.257468
26.459654 14.546309 5.869218 2.259496
26.385002 14.266314 5.830424 2.261482
26.311335 13.989984 5.792422 2.263428
26.287525 13.742788 5.765918 2.264785
26.452785 13.594873 5.781207 2.264002
26.960955 13.618950 5.871344 2.259387
27.762262 13.781302 6.024747 2.251533
27.936371 13.625478 6.041740 2.250663
28.111477 13.468765 6.059127 2.249773
28.287617 13.311131 6.076912 2.248862
28.439837 13.141041 6.089756 2.248204
28.396862 12.881384 6.061150 2.249669
28.354294 12.624144 6.033105 2.251105
28.312120 12.369265 6.005612 2.252513
28.270330 12.116668 5.978657 2.253893
28.334627 11.910773 5.974524 2.254104
28.512203 11.751878 5.994521 2.253080
29.736700 12.014406 6.234178 2.240810
29.923275 11.847466 6.255800 2.239703
30.111172 11.679342 6.277881 2.238572
30.300398 11.510034 6.300426 2.237418
30.401754 11.306307 6.304935 2.237187
30.330732 11.039483 6.274070 2.238768
30.260405 10.775249 6.243809 2.240317
30.190750 10.513520 6.214140 2.241836
30.168310 10.270123 6.194612 2.242836
30.359354 10.099209 6.219211 2.241576
31.665482 10.288738 6.471903 2.228638
31.866711 10.108719 6.498449 2.227279
32.069626 9.927196 6.525536 2.225893
32.274235 9.744158 6.553168 2.224478
32.402515 9.536574 6.565536 2.223845
32.331890 9.271020 6.537952 2.225257
32.261860 9.007676 6.510916 2.226641
32.192406 8.746471 6.484416 2.227998
32.152596 8.495074 6.464294 2.229028
32.360806 8.308839 6.494335 2.227490
33.758110 8.416842 6.762796 2.213745
33.978016 8.220151 6.795188 2.212086
34.200073 8.021543 6.828229 2.210395
34.424294 7.821000 6.861928 2.208669
34.650757 7.618458 6.896299 2.206909
34.879509 7.413868 6.931357 2.205114
35.110619 7.207178 6.967114 2.203284
34.159878 6.763826 6.768920 2.213431
33.928856 6.472268 6.714025 2.216242
33.961411 6.233081 6.711693 2.216361
33.993950 5.994050 6.709690 2.216464
34.026474 5.755150 6.708015 2.216550
34.034302 5.512342 6.701808 2.216867
33.779335 5.229309 6.644250 2.219814
33.528706 4.951084 6.587994 2.222695
33.282280 4.677519 6.532999 2.225511
33.039932 4.408471 6.479228 2.228263
31.670929 4.000958 6.205134 2.242297
31.444452 3.749516 6.155483 2.244839
31.406654 3.522817 6.143120 2.245472
31.436480 3.304106 6.144292 2.245412
31.466322 3.085303 6.145765 2.245337
31.496187 2.866367 6.147539 2.245246
31.447809 2.640739 6.134349 2.245921
31.234005 2.403322 6.089222 2.248232
31.023319 2.169361 6.045048 2.250494
30.815666 1.938760 6.001802 2.252708
30.610943 1.711407 5.959457 2.254876
30.409101 1.487246 5.917996 2.256999
29.168779 1.222530 5.674814 2.269449
28.979200 1.011975 5.636419 2.271415
28.853426 0.805952 5.610725 2.272731
28.880892 0.604959 5.615108 2.272506
28.908403 0.403657 5.619772 2.272268
28.935966 0.202011 5.624719 2.272014
28.945597 -0.000001 4.584532 2.325272
28.865442 -0.201523 4.571949 2.325916
28.686415 -0.400564 4.543925 2.327351
28.509565 -0.597191 4.516462 2.328757
28.334835 -0.791464 4.489548 2.330135
28.162174 -0.983445 4.463169 2.331486
27.991524 -1.173193 4.437314 2.332809
27.822838 -1.360764 4.411972 2.334107
26.702824 -1.492920 4.235917 2.343121
26.543598 -1.669982 4.212405 2.344325
26.386127 -1.845098 4.189357 2.345505
26.300066 -2.023680 4.177835 2.346095
26.325653 -2.210627 4.184248 2.345766
26.351322 -2.398159 4.190887 2.345427
26.377079 -2.586296 4.197753 2.345075
26.402924 -2.775060 4.204847 2.344712
26.385201 -2.959575 4.205213 2.344693
26.233624 -3.128171 4.184433 2.345757
26.083534 -3.295117 4.164061 2.346800
25.934896 -3.460454 4.144088 2.347823
25.787674 -3.624222 4.124506 2.348825
25.641832 -3.786457 4.105308 2.349808
25.497341 -3.947197 4.086486 2.350772
25.354164 -4.106479 4.068035 2.351717
25.212271 -4.264337 4.049947 2.352643
24.310564 -4.286609 3.909814 2.359818
24.072861 -4.418197 3.876451 2.361526
23.939402 -4.566686 3.860000 2.362368
23.807068 -4.713927 3.843875 2.363194
23.769119 -4.879100 3.843154 2.363230
23.793592 -5.057485 3.852726 2.362740
23.818193 -5.236770 3.862535 2.362238
23.842924 -5.416980 3.872584 2.361724
23.867786 -5.598139 3.882876 2.361197
23.857548 -5.771749 3.887671 2.360951
23.727903 -5.916031 3.873181 2.361693
23.599218 -6.059250 3.858986 2.362420
23.471470 -6.201431 3.845083 2.363132
23.344637 -6.342598 3.831465 2.363829
23.218697 -6.482777 3.818130 2.364512
23.093626 -6.621991 3.805073 2.365180
22.969406 -6.760264 3.792290 2.365835
22.846014 -6.897620 3.779776 2.366475
22.723433 -7.034078 3.767528 2.367102
22.463833 -7.125948 3.732644 2.368889
21.883726 -7.110454 3.644412 2.373406
21.589636 -7.181916 3.603698 2.375491
21.474215 -7.310420 3.592864 2.376045
21.359484 -7.438160 3.582269 2.376588
21.245424 -7.565156 3.571910 2.377118
21.238821 -7.730299 3.579787 2.376715
21.263229 -7.907724 3.593118 2.376032
21.287825 -8.086487 3.606726 2.375335
21.312611 -8.266618 3.620615 2.374624
21.337593 -8.448152 3.634790 2.373899
21.308722 -8.609282 3.640022 2.373631
21.194990 -8.735945 3.630924 2.374097
21.081823 -8.861983 3.622048 2.374551
20.969206 -8.987413 3.613392 2.374994
20.857122 -9.112253 3.604952 2.375426
20.745560 -9.236519 3.596727 2.375848
20.634501 -9.360225 3.588715 2.376258
20.523933 -9.483390 3.580913 2.376657
20.413843 -9.606027 3.573318 2.377046
20.304218 -9.728151 3.565931 2.377424
20.195040 -9.849780 3.558747 2.377792
20.044828 -9.950339 3.544431 2.378525
19.679005 -9.940581 3.491931 2.381213
19.323845 -9.931108 3.441129 2.383814
19.081396 -9.975513 3.410273 2.385394
18.977964 -10.090763 3.404295 2.385700
18.874891 -10.205615 3.398504 2.385997
18.772165 -10.320086 3.392898 2.386284
18.670300 -10.434479 3.387571 2.386556
18.698978 -10.622499 3.406147 2.385605
18.727978 -10.812604 3.425096 2.384635
18.757307 -11.004847 3.444427 2.383645
18.786972 -11.199285 3.464148 2.382636
18.810831 -11.392244 3.483128 2.381664
18.706625 -11.508393 3.478625 2.381894
18.602686 -11.624249 3.474303 2.382116
18.499002 -11.739825 3.470161 2.382328
18.395563 -11.855132 3.466199 2.382531
18.292356 -11.970183 3.462414 2.382724
18.189373 -12.084991 3.458807 2.382909
18.086601 -12.199567 3.455376 2.383085
17.984030 -12.313924 3.452120 2.383251
17.881651 -12.428071 3.449039 2.383409
17.779449 -12.542023 3.446131 2.383558
17.677418 -12.655789 3.443396 2.383698
17.575546 -12.769382 3.440834 2.383829
17.331394 -12.777807 3.410417 2.385387
17.065947 -12.766959 3.375639 2.387167
16.805845 -12.756331 3.341726 2.388904
16.577652 -12.766513 3.313993 2.390324
16.479912 -12.875519 3.312343 2.390408
16.382265 -12.984425 3.310856 2.390484
16.284704 -13.093239 3.309532 2.390552
16.187220 -13.201975 3.308371 2.390611
16.154011 -13.363761 3.320571 2.389987
16.183905 -13.579908 3.346123 2.388679
16.214268 -13.799424 3.372237 2.387341
16.245111 -14.022405 3.398930 2.385975
16.261065 -14.235488 3.422978 2.384743
16.160358 -14.347839 3.422781 2.384753
16.059662 -14.460185 3.422752 2.384755
15.958963 -14.572537 3.422890 2.384748
15.858253 -14.684904 3.423195 2.384732
15.757524 -14.797300 3.423668 2.384708
15.656761 -14.909735 3.424308 2.384675
15.555961 -15.022217 3.425116 2.384634
15.455108 -15.134761 3.426091 2.384584
15.354196 -15.247375 3.427235 2.384526
15.253212 -15.360074 3.428547 2.384458
15.152148 -15.472866 3.430028 2.384382
15.050996 -15.585763 3.431678 2.384298
14.865768 -15.610596 3.414211 2.385192
14.654051 -15.604980 3.390524 2.386405
14.445239 -15.599441 3.367327 2.387593
14.239256 -15.593977 3.344607 2.388756
14.042238 -15.595486 3.323823 2.389820
13.943842 -15.705329 3.326406 2.389688
13.845291 -15.815349 3.329154 2.389547
13.746573 -15.925560 3.332070 2.389398
13.647679 -16.035971 3.335155 2.389240
13.633364 -16.247610 3.359294 2.388004
13.672041 -16.526661 3.397172 2.386065
13.711606 -16.812090 3.436083 2.384073
13.723145 -17.068150 3.468751 2.382400
13.619648 -17.183722 3.472830 2.382191
13.515905 -17.299570 3.477088 2.381973
13.411904 -17.415714 3.481527 2.381746
13.307634 -17.532162 3.486149 2.381509
13.203084 -17.648928 3.490953 2.381263
13.098241 -17.766024 3.495941 2.381008
12.993094 -17.883461 3.501116 2.380743
12.887633 -18.001257 3.506477 2.380468
12.781845 -18.119421 3.512026 2.380184
12.675717 -18.237968 3.517766 2.379890
12.569239 -18.356913 3.523696 2.379587
12.435241 -18.436003 3.522128 2.379667
12.245518 -18.430988 3.504751 2.380557
12.057651 -18.426022 3.487715 2.381429
11.871591 -18.421104 3.471011 2.382284
11.687296 -18.416233 3.454635 2.383123
11.511371 -18.422045 3.440566 2.383843
11.405850 -18.539948 3.447630 2.383482
11.299893 -18.658342 3.454892 2.383110
11.193484 -18.777246 3.462354 2.382727
11.086612 -18.896675 3.470019 2.382335
11.136382 -19.288780 3.527659 2.379384
11.194219 -19.705389 3.589471 2.376219
11.147292 -19.945730 3.618987 2.374708
11.034536 -20.071749 3.627785 2.374257
10.921227 -20.198391 3.636805 2.373796
10.807350 -20.325670 3.646049 2.373322
10.692888 -20.453611 3.655519 2.372838
10.577826 -20.582224 3.665217 2.372341
10.462148 -20.711533 3.675148 2.371832
10.345836 -20.841553 3.685313 2.371312
10.228875 -20.972303 3.695715 2.370780
10.111247 -21.103804 3.706358 2.370234
9.992935 -21.236073 3.717245 2.369677
9.822116 -21.257011 3.708816 2.370109
9.640438 -21.252226 3.696148 2.370757
9.459985 -21.247475 3.683746 2.371392
9.280730 -21.242756 3.671605 2.372014
9.102645 -21.238068 3.659721 2.372622
8.948256 -21.287066 3.657311 2.372746
8.828905 -21.420528 3.669561 2.372118
8.708745 -21.554901 3.682076 2.371478
8.587758 -21.690203 3.694856 2.370823
8.629803 -22.248964 3.779685 2.366480
8.641057 -22.747749 3.854076 2.362671
8.513054 -22.890911 3.868168 2.361950
8.384104 -23.035137 3.882554 2.361213
8.254186 -23.180449 3.897238 2.360461
8.123276 -23.326876 3.912226 2.359694
7.991350 -23.474443 3.927523 2.358911
7.858386 -23.623178 3.943133 2.358111
7.724352 -23.773113 3.959062 2.357296
7.589226 -23.924276 3.975315 2.356464
7.452981 -24.076696 3.991898 2.355615
7.270181 -24.080009 3.983935 2.356022
7.085707 -24.075167 3.974853 2.356488
6.902061 -24.070349 3.966005 2.356941
6.719222 -24.065552 3.957389 2.357382
6.537166 -24.060776 3.949002 2.357811
6.382562 -24.157038 3.957392 2.357382
6.242666 -24.313576 3.975799 2.356439
6.101453 -24.471592 3.994576 2.355478
6.159426 -25.460020 4.148799 2.347581
6.022538 -25.677231 4.177241 2.346125
5.871996 -25.845701 4.197877 2.345069
5.719956 -26.015854 4.218925 2.343991
5.566375 -26.187737 4.240393 2.342892
5.411215 -26.361391 4.262290 2.341771
5.254438 -26.536860 4.284626 2.340627
5.096002 -26.714191 4.307408 2.339461
4.935868 -26.893429 4.330647 2.338271
4.743896 -26.903973 4.326906 2.338462
4.549605 -26.898888 4.320875 2.338771
4.355846 -26.893818 4.315070 2.339068
4.162598 -26.888762 4.309491 2.339354
3.969842 -26.883718 4.304136 2.339628
3.801108 -27.046293 4.325810 2.338518
3.633745 -27.233660 4.351614 2.337197
3.588036 -28.402248 4.534228 2.327847
3.410466 -28.601053 4.562054 2.326423
3.230699 -28.802324 4.590448 2.324969
3.048667 -29.006134 4.619426 2.323485
2.864314 -29.212549 4.649001 2.321971
2.677577 -29.421640 4.679188 2.320426
2.488390 -29.633480 4.710001 2.318848
2.287599 -29.730000 4.722688 2.318198
2.078542 -29.724543 4.719401 2.318367
1.623163 -25.799452 4.094311 2.350371
1.430341 -25.583557 4.058365 2.352212
1.242920 -25.413397 4.029898 2.353669
1.064559 -25.399609 4.026434 2.353846
0.886311 -25.380638 4.022348 2.354056
0.709464 -25.399256 4.024416 2.353950
0.533378 -25.463299 4.033875 2.353466
0.355129 -25.432741 4.028543 2.353739
0.177930 -25.486092 4.036699 2.353321
-0.000000 -25.632870 4.059848 2.352136
-0.179969 -25.778116 4.082952 2.350953
-0.362568 -25.965189 4.112883 2.349420
-0.592999 -28.309345 4.484744 2.330381
-0.786355 -28.151936 4.460568 2.331619
-0.985773 -28.228840 4.473734 2.330945
-1.186383 -28.306204 4.487198 2.330256
-1.388213 -28.384043 4.500964 2.329551
-1.591296 -28.462366 4.515036 2.328830
-1.795659 -28.541187 4.529418 2.328094
-1.987107 -28.416945 4.511792 2.328996
-2.173720 -28.249996 4.487586 2.330235
-2.358350 -28.084820 4.463854 2.331451
-2.541047 -27.921371 4.440587 2.332642
-2.599733 -26.514132 4.219564 2.343958
-2.770674 -26.361195 4.198201 2.345052
-2.965305 -26.436275 4.213353 2.344276
-3.161356 -26.511911 4.228822 2.343484
-3.358862 -26.588110 4.244613 2.342676
-3.557855 -26.664885 4.260731 2.341851
-3.758379 -26.742250 4.277182 2.341008
-3.938447 -26.671106 4.270096 2.341371
-4.105735 -26.521421 4.250617 2.342368
-4.271511 -26.373089 4.231520 2.343346
-4.435808 -26.226076 4.212798 2.344305
-4.392343 -24.910210 4.006254 2.354880
-4.546554 -24.772219 3.989069 2.355760
-4.709786 -24.689554 3.980955 2.356175
-4.899123 -24.742369 3.994888 2.355462
-5.089797 -24.795557 4.009116 2.354733
-5.281846 -24.849131 4.023642 2.353989
-5.475303 -24.903099 4.038472 2.353230
-5.670200 -24.957472 4.053610 2.352455
-5.853678 -24.957272 4.060116 2.352122
-6.005030 -24.821819 4.044802 2.352906
-6.155255 -24.687376 4.029799 2.353674
-6.304376 -24.553917 4.015100 2.354427
-6.452420 -24.421421 4.000703 2.355164
-6.599412 -24.289864 3.986602 2.355886
-6.442734 -23.075281 3.794547 2.365719
-6.581195 -22.951355 3.781631 2.366380
-6.747459 -22.925898 3.785106 2.366203
-6.944734 -23.002062 3.805593 2.365154
-7.144166 -23.079062 3.826491 2.364084
-7.345807 -23.156916 3.847809 2.362992
-7.549721 -23.235651 3.869555 2.361879
-7.740428 -23.268581 3.883944 2.361142
-7.879035 -23.144510 3.872322 2.361737
-8.016822 -23.021170 3.860956 2.362319
-8.153806 -22.898548 3.849844 2.362888
-8.290012 -22.776619 3.838981 2.363444
-8.425458 -22.655369 3.828366 2.363988
-8.560163 -22.534781 3.817994 2.364519
-8.339531 -21.500589 3.652550 2.372989
-8.431366 -21.295200 3.627569 2.374269
-8.558011 -21.181820 3.618345 2.374741
-8.707977 -21.127132 3.619300 2.374692
-8.914575 -21.206930 3.643543 2.373451
-9.123969 -21.287809 3.668293 2.372183
-9.336236 -21.369801 3.693563 2.370889
-9.551464 -21.452938 3.719368 2.369568
-9.742188 -21.476532 3.735159 2.368760
-9.870478 -21.361666 3.727076 2.369174
-9.998219 -21.247290 3.719208 2.369576
-10.125424 -21.133390 3.711554 2.369968
-10.252115 -21.019951 3.704111 2.370350
-10.378304 -20.906958 3.696878 2.370720
-10.493591 -20.773777 3.686193 2.371267
-10.410558 -20.256750 3.607258 2.375308
-10.330999 -19.761379 3.531801 2.379172
-10.390270 -19.541256 3.505339 2.380527
-10.508615 -19.435276 3.499404 2.380831
-10.626567 -19.329649 3.493658 2.381124
-10.839470 -19.394943 3.519051 2.379825
-11.068032 -19.483261 3.549009 2.378291
-11.300537 -19.573105 3.579659 2.376721
-11.537107 -19.664520 3.611020 2.375116
-11.737474 -19.689793 3.630620 2.374112
-11.858772 -19.581156 3.625766 2.374361
-11.979750 -19.472805 3.621101 2.374599
-12.100423 -19.364723 3.616624 2.374829
-12.220803 -19.256903 3.612333 2.375048
-12.340903 -19.149330 3.608228 2.375259
-12.460736 -19.041998 3.604308 2.375459
-12.369777 -18.618011 3.540315 2.378736
-12.250969 -18.162807 3.469935 2.382339
-12.243617 -17.881350 3.432410 2.384260
-12.357169 -17.779634 3.429362 2.384417
-12.470526 -17.678093 3.426485 2.384564
-12.648424 -17.667131 3.441392 2.383801
-12.883697 -17.732887 3.471637 2.382252
-13.123155 -17.799812 3.502591 2.380667
-13.366936 -17.867949 3.534275 2.379045
-13.615181 -17.937334 3.566715 2.377384
-13.764738 -17.873877 3.573117 2.377056
-13.882310 -17.768545 3.571349 2.377147
-13.999772 -17.663309 3.569755 2.377228
-14.117129 -17.558165 3.568337 2.377301
-14.234399 -17.453098 3.567093 2.377365
-14.351596 -17.348095 3.566024 2.377419
-14.468723 -17.243153 3.565129 2.377465
-14.378208 -16.894331 3.513677 2.380100
-14.289465 -16.554502 3.463663 2.382660
-14.203203 -16.224190 3.415216 2.385141
-14.266650 -16.068911 3.403413 2.385745
-14.378373 -15.968801 3.403387 2.385746
-14.490103 -15.868682 3.403527 2.385739
-14.763757 -15.943405 3.441576 2.383791
-15.090489 -16.069740 3.491504 2.381235
-15.426874 -16.199810 3.543079 2.378594
-15.638921 -16.194576 3.565726 2.377435
-15.756084 -16.089579 3.566741 2.377383
-15.873316 -15.984519 3.567931 2.377322
-15.990630 -15.879383 3.569295 2.377252
-16.108042 -15.774157 3.570833 2.377173
-16.225557 -15.668838 3.572548 2.377085
-16.343193 -15.563407 3.574438 2.376989
-16.460667 -15.457593 3.576441 2.376886
-16.386602 -15.174162 3.537246 2.378893
-16.314135 -14.896848 3.499067 2.380848
-16.243208 -14.625450 3.461871 2.382752
-16.173784 -14.359754 3.425625 2.384608
-16.287048 -14.258230 3.428447 2.384463
-16.400503 -14.156535 3.431442 2.384310
-16.537884 -14.074840 3.439542 2.383895
-16.975397 -14.244049 3.509769 2.380300
-17.431192 -14.420332 3.583104 2.376545
-17.648294 -14.393595 3.606987 2.375322
-17.768263 -14.286051 3.611035 2.375115
-17.888510 -14.178255 3.615267 2.374898
-18.009041 -14.070204 3.619686 2.374672
-18.129873 -13.961878 3.624293 2.374436
-18.251017 -13.853273 3.629088 2.374191
-18.350163 -13.727676 3.629657 2.374161
-18.313772 -13.502073 3.603725 2.375489
-18.277893 -13.279666 3.578335 2.376789
-18.242510 -13.060349 3.553470 2.378062
-18.207611 -12.844055 3.529120 2.379309
-18.173183 -12.630692 3.505270 2.380530
-18.251545 -12.497090 3.503470 2.380622
-18.370100 -12.390789 3.509537 2.380312
-18.489077 -12.284109 3.515797 2.379991
-19.148445 -12.530390 3.624456 2.374428
-19.608070 -12.636540 3.694667 2.370833
-19.734032 -12.523594 3.701836 2.370466
-19.860481 -12.410205 3.709213 2.370088
-19.987444 -12.296353 3.716801 2.369700
-20.114929 -12.182033 3.724602 2.369300
-20.242956 -12.067225 3.732618 2.368890
-20.312141 -11.917059 3.729943 2.369027
-20.253605 -11.693424 3.704113 2.370349
-20.195866 -11.472843 3.678814 2.371645
-20.138903 -11.255251 3.654036 2.372913
-20.082697 -11.040557 3.629765 2.374156
-20.080156 -10.857297 3.615517 2.374886
-20.206499 -10.743985 3.624671 2.374417
-20.333492 -10.630088 3.634050 2.373937
-20.894648 -10.738389 3.720852 2.369492
-21.556648 -10.889048 3.825109 2.364154
-21.691748 -10.767874 3.835648 2.363615
-21.827593 -10.646029 3.846433 2.363063
-21.964216 -10.523484 3.857467 2.362498
-22.101624 -10.400232 3.868754 2.361920
-22.239843 -10.276251 3.880296 2.361329
-22.296284 -10.114039 3.877729 2.361460
-22.240793 -9.902239 3.855961 2.362575
-22.185913 -9.692782 3.834620 2.363667
-22.131634 -9.485628 3.813700 2.364738
-22.077936 -9.280710 3.793190 2.365789
-22.051561 -9.088995 3.777664 2.366584
-22.189587 -8.965175 3.790494 2.365927
-22.328562 -8.840499 3.803599 2.365256
-23.523941 -9.124333 3.996279 2.355390
-23.671494 -8.991958 4.010583 2.354658
-23.820118 -8.858620 4.025188 2.353910
-23.969830 -8.724304 4.040095 2.353147
-24.120665 -8.588978 4.055313 2.352368
-24.272640 -8.452625 4.070844 2.351573
-24.266565 -8.261014 4.060053 2.352125
-24.212378 -8.054383 4.041481 2.353076
-24.158680 -7.849630 4.023272 2.354008
-24.105455 -7.646696 4.005420 2.354922
-24.052694 -7.445551 3.987919 2.355819
-24.079100 -7.269910 3.983785 2.356030
-24.232714 -7.132072 4.000864 2.355156
-25.533241 -7.321538 4.207042 2.344599
-25.696888 -7.174695 4.225649 2.343647
-25.861988 -7.026545 4.244628 2.342675
-26.028584 -6.877049 4.263987 2.341684
-26.196718 -6.726171 4.283734 2.340673
-26.167997 -6.524414 4.271485 2.341300
-26.135277 -6.322784 4.258834 2.341948
-25.983814 -6.094447 4.227117 2.343572
-26.070398 -5.923050 4.234372 2.343200
-26.038227 -5.724872 4.222552 2.343805
-26.017727 -5.530238 4.212864 2.344301
-26.189636 -5.375956 4.234520 2.343193
-26.772278 -5.301052 4.322636 2.338681
-27.042786 -5.158688 4.360391 2.336748
-27.971207 -5.133674 4.504201 2.329385
-28.158939 -4.965180 4.528740 2.328128
-28.348745 -4.794826 4.553771 2.326847
-28.540659 -4.622576 4.579303 2.325540
-28.734745 -4.448374 4.605349 2.324206
-27.926296 -4.123793 4.471055 2.331082
-27.723160 -3.896235 4.434069 2.332976
-27.582281 -3.680257 4.407320 2.334345
-27.621035 -3.489346 4.409513 2.334233
-27.659824 -3.298235 4.411922 2.334110
-27.698658 -3.106899 4.414548 2.333975
-27.737534 -2.915332 4.417393 2.333829
-27.776459 -2.723501 4.420456 2.333673
-27.815435 -2.531401 4.423738 2.333505
-27.714184 -2.327226 4.404944 2.334467
-27.527477 -2.118120 4.372812 2.336112
-27.343466 -1.912041 4.341355 2.337723
-27.162066 -1.708887 4.310555 2.339299
-26.983212 -1.508594 4.280395 2.340844
-25.351482 -1.239895 4.020080 2.354172
-25.186945 -1.055643 3.992723 2.355573
-25.056473 -0.874991 3.970974 2.356686
-25.091772 -0.700872 3.975696 2.356444
-25.127153 -0.526337 3.980623 2.356192
-25.162621 -0.351360 3.985756 2.355929
-25.198177 -0.175916 3.991096 2.355656
-25.233828 0.000000 3.996646 2.355372
-25.269577 0.176422 4.002406 2.355077
-25.305428 0.353355 4.008377 2.354771
-25.165119 0.527133 3.986638 2.355884
-25.011913 0.698649 3.963043 2.357092
-24.860506 0.868148 3.939917 2.358276
-24.710836 1.035695 3.917248 2.359437
-24.562876 1.201327 3.895027 2.360574
-24.416573 1.365097 3.873244 2.361690
-22.954153 1.444156 3.642769 2.373490
-22.818811 1.595647 3.622970 2.374504
-22.684917 1.745513 3.603559 2.375498
-22.552446 1.893783 3.584528 2.376472
-22.554655 2.052634 3.587069 2.376342
-22.587460 2.214723 3.594658 2.375953
-22.620401 2.377500 3.602454 2.375554
-22.653486 2.541000 3.610461 2.375144
-22.686714 2.705229 3.618678 2.374724
-22.720095 2.870215 3.627110 2.374292
-22.753630 3.035985 3.635759 2.373849
-22.776186 3.200984 3.642845 2.373486
-22.648039 3.344375 3.625995 2.374349
-22.521067 3.486447 3.609476 2.375195
-22.395237 3.627236 3.593280 2.376024
-22.270517 3.766779 3.577401 2.376837
-22.146891 3.905095 3.561835 2.377634
-22.024321 4.042223 3.546575 2.378415
-21.902792 4.178183 3.531616 2.379181
-21.782276 4.313006 3.516953 2.379932
-20.961451 4.302771 3.389191 2.386473
-20.374538 4.330742 3.299103 2.391086
-20.263296 4.455178 3.286047 2.391754
-20.152927 4.578634 3.273253 2.392409
-20.043406 4.701138 3.260715 2.393051
-20.024204 4.844368 3.263014 2.392934
-20.055738 5.000457 3.273762 2.392383
-20.087479 5.157592 3.284740 2.391821
-20.119431 5.315784 3.295954 2.391247
-20.151602 5.475068 3.307405 2.390661
-20.183996 5.635476 3.319098 2.390062
-20.216618 5.797022 3.331036 2.389451
-20.249474 5.959748 3.343224 2.388827
-20.188704 6.095331 3.340135 2.388985
-20.080757 6.216032 3.329375 2.389536
-19.973494 6.335968 3.318843 2.390075
-19.866899 6.455148 3.308539 2.390603
-19.760956 6.573599 3.298459 2.391119
-19.655651 6.691331 3.288599 2.391624
-19.550966 6.808366 3.278956 2.392117
-19.446882 6.924726 3.269529 2.392600
-19.343391 7.040419 3.260313 2.393072
-19.240471 7.155471 3.251307 2.393533
-18.862099 7.165041 3.195744 2.396378
-18.353559 7.118876 3.117928 2.400362
-17.907026 7.089896 3.050405 2.403819
-17.811733 7.196408 3.042656 2.404216
-17.716911 7.302387 3.035093 2.404603
-17.622557 7.407842 3.027715 2.404981
-17.528652 7.512789 3.020519 2.405349
-17.493689 7.642807 3.023615 2.405191
-17.526001 7.803079 3.038542 2.404427
-17.558636 7.964954 3.053766 2.403647
-17.591595 8.128460 3.069293 2.402852
-17.624891 8.293643 3.085129 2.402041
-17.658531 8.460553 3.101282 2.401214
-17.692524 8.629221 3.117756 2.400371
-17.726879 8.799704 3.134560 2.399510
-17.660612 8.921019 3.133779 2.399550
-17.565401 9.027390 3.127991 2.399847
-17.470530 9.133375 3.122375 2.400134
-17.375996 9.238981 3.116932 2.400413
-17.281780 9.344228 3.111658 2.400683
-17.187880 9.449119 3.106553 2.400944
-17.094280 9.553669 3.101614 2.401197
-17.000967 9.657896 3.096842 2.401442
-16.907936 9.761803 3.092235 2.401677
-16.815174 9.865408 3.087791 2.401905
-16.722673 9.968716 3.083510 2.402124
-16.520184 10.004978 3.058978 2.403380
-16.218294 9.977564 3.015903 2.405586
-15.924785 9.950911 2.974169 2.407723
-15.639261 9.924981 2.933713 2.409794
-15.380749 9.912218 2.898130 2.411616
-15.294547 10.008471 2.894983 2.411777
-15.208523 10.104521 2.891982 2.411930
-15.122673 10.200373 2.889129 2.412076
-15.036983 10.296041 2.886420 2.412215
-14.951452 10.391531 2.883858 2.412346
-14.987863 10.572773 2.905047 2.411262
-15.024880 10.756761 2.926707 2.410152
-15.062452 10.943513 2.948836 2.409019
-15.100597 11.133124 2.971448 2.407862
-15.139329 11.325666 2.994555 2.406679
-15.178666 11.521234 3.018172 2.405469
-15.180473 11.690541 3.034687 2.404624
-15.091011 11.790390 3.033184 2.404701
-15.001628 11.890148 3.031829 2.404770
-14.912321 11.989816 3.030623 2.404832
-14.823080 12.089408 3.029566 2.404886
-14.733891 12.188937 3.028656 2.404933
-14.644753 12.288406 3.027894 2.404972
-14.555650 12.387833 3.027279 2.405003
-14.466579 12.487219 3.026811 2.405027
-14.377531 12.586576 3.026491 2.405044
-14.288492 12.685921 3.026318 2.405052
-14.199461 12.785253 3.026293 2.405054
-14.054241 12.833290 3.014364 2.405664
-13.837415 12.813588 2.986973 2.407067
-13.624482 12.794240 2.960218 2.408437
-13.415313 12.775232 2.934078 2.409775
-13.209802 12.756557 2.908538 2.411083
-13.007820 12.738203 2.883577 2.412361
-12.838591 12.749273 2.865723 2.413275
-12.754128 12.843479 2.866814 2.413219
-12.669592 12.937764 2.868046 2.413156
-12.584981 13.032129 2.869418 2.413086
-12.500280 13.126592 2.870931 2.413008
-12.415487 13.221153 2.872586 2.412924
-12.450879 13.445725 2.902422 2.411396
-12.504322 13.693984 2.937095 2.409621
-12.559056 13.948245 2.972752 2.407795
-12.615136 14.208775 3.009433 2.405917
-12.672615 14.475814 3.047180 2.403984
-12.587641 14.582921 3.051153 2.403781
-12.497021 14.683953 3.053963 2.403637
-12.406232 14.785172 3.056926 2.403485
-12.315257 14.886594 3.060044 2.403326
-12.224093 14.988222 3.063318 2.403158
-12.132730 15.090071 3.066747 2.402982
-12.041151 15.192155 3.070334 2.402799
-11.949355 15.294477 3.074079 2.402607
-11.857326 15.397057 3.077983 2.402407
-11.765059 15.499895 3.082046 2.402199
-11.672543 15.603009 3.086271 2.401983
-11.556999 15.675537 3.084582 2.402069
-11.375077 15.656452 3.065125 2.403066
-11.195420 15.637604 3.046059 2.404042
-11.017982 15.618988 3.027376 2.404998
-10.842699 15.600598 3.009066 2.405936
-10.669508 15.582428 2.991120 2.406855
-10.498368 15.564471 2.973532 2.407755
-10.329214 15.546723 2.956292 2.408638
-10.239144 15.647055 2.961706 2.408361
-10.148746 15.747770 2.967286 2.408075
-10.057999 15.848873 2.973033 2.407781
-9.966896 15.950369 2.978947 2.407478
-9.875422 16.052275 2.985030 2.407166
-9.947801 16.425774 3.041496 2.404275
-10.026970 16.820398 3.101529 2.401202
-10.109332 17.230944 3.164139 2.397996
-10.051306 17.409372 3.183941 2.396982
-9.952448 17.519484 3.191293 2.396606
-9.853130 17.630104 3.198835 2.396219
-9.753336 17.741251 3.206569 2.395823
-9.653048 17.852943 3.214498 2.395418
-9.552260 17.965189 3.222622 2.395002
-9.450952 18.078011 3.230945 2.394576
-9.349116 18.191416 3.239469 2.394139
-9.246736 18.305424 3.248197 2.393692
-9.143791 18.420053 3.257130 2.393235
-9.023109 18.500116 3.260069 2.393084
-8.856502 18.484953 3.246422 2.393783
-8.691280 18.469915 3.233046 2.394468
-8.527408 18.455000 3.219935 2.395139
-8.364844 18.440203 3.207086 2.395797
-8.203570 18.425522 3.194494 2.396442
-8.043545 18.410955 3.182155 2.397074
-7.884748 18.396500 3.170065 2.397692
-7.745013 18.424656 3.165523 2.397925
-7.641559 18.539818 3.176065 2.397386
-7.537410 18.655746 3.186833 2.396834
-7.432543 18.772472 3.197830 2.396271
-7.359140 18.973000 3.223159 2.394974
-7.529015 19.820269 3.358083 2.388066
-7.521846 20.225641 3.417783 2.385010
-7.407749 20.352625 3.430418 2.384362
-7.292794 20.480556 3.443316 2.383702
-7.176970 20.609453 3.456479 2.383028
-7.060249 20.739344 3.469912 2.382341
-6.942606 20.870255 3.483620 2.381639
-6.824029 21.002203 3.497607 2.380922
-6.704484 21.135223 3.511879 2.380192
-6.583956 21.269331 3.526439 2.379446
-6.435778 21.316322 3.526695 2.379433
-6.269269 21.301157 3.516859 2.379937
-6.103683 21.286074 3.507248 2.380429
-5.938985 21.271070 3.497859 2.380909
-5.775166 21.256147 3.488690 2.381379
-5.612195 21.241302 3.479738 2.381837
-5.450044 21.226530 3.471000 2.382285
-5.288703 21.211830 3.462474 2.382721
-5.154708 21.307003 3.472051 2.382231
-5.030032 21.445684 3.488842 2.381371
-4.904147 21.585707 3.505965 2.380494
-5.051246 22.974400 3.725699 2.369244
-4.915461 23.125425 3.744535 2.368280
-4.778287 23.277990 3.763745 2.367296
-4.639681 23.432144 3.783340 2.366293
-4.499628 23.587904 3.803324 2.365270
-4.358079 23.745321 3.823707 2.364226
-4.214997 23.904438 3.844498 2.363162
-4.070343 24.065300 3.865704 2.362076
-3.909469 24.137844 3.872878 2.361709
-3.734257 24.121872 3.866039 2.362059
-3.559655 24.105955 3.859411 2.362398
-3.385641 24.090092 3.852993 2.362727
-3.212197 24.074280 3.846783 2.363045
-3.039289 24.058517 3.840780 2.363352
-2.866925 24.042803 3.834983 2.363649
-2.696579 24.040565 3.831530 2.363826
-2.544532 24.209606 3.855546 2.362596
-2.390559 24.380783 3.880054 2.361341
-2.362877 25.963743 4.129247 2.348583
-2.195825 26.149450 4.156242 2.347200
-2.026565 26.337606 4.183797 2.345790
-1.855037 26.528276 4.211926 2.344349
-1.681179 26.721535 4.240644 2.342879
-1.504911 26.917465 4.269966 2.341378
-1.318228 26.953253 4.274078 2.341167
-1.128949 26.935987 4.269987 2.341377
-0.940023 26.918756 4.266111 2.341575
-0.751431 26.901554 4.262449 2.341763
-0.563138 26.884378 4.259001 2.341939
-0.375155 26.867229 4.255766 2.342105
-0.187449 26.850105 4.252743 2.342259
0.000001 27.037893 4.282382 2.340742
0.190237 27.249302 4.315970 2.339022
0.405521 29.040701 4.600044 2.324478
0.613156 29.271433 4.637156 2.322577
0.824179 29.505926 4.675102 2.320635
1.038694 29.744293 4.713905 2.318648
1.247765 29.770824 4.719375 2.318368
1.455121 29.751902 4.717871 2.318445
1.662339 29.732990 4.716597 2.318510
1.869456 29.714087 4.715554 2.318564
2.076491 29.695190 4.714741 2.318605
2.283464 29.676300 4.714158 2.318635
2.504091 29.820299 4.739694 2.317328
2.737463 30.079571 4.783824 2.315068
3.146031 32.085663 5.106240 2.298560
3.402258 32.370316 5.155195 2.296054
3.656965 32.602600 5.196127 2.293958
3.885152 32.581768 5.197004 2.293913
4.113410 32.560932 5.198134 2.293855
4.341778 32.540081 5.199517 2.293785
4.570279 32.519218 5.201155 2.293701
4.798934 32.498341 5.203048 2.293604
5.055149 32.654202 5.233524 2.292043
5.340097 32.970707 5.290098 2.289147
5.676944 33.564083 5.391531 2.283953
5.885289 33.377132 5.367970 2.285160
6.091832 33.191799 5.344873 2.286343
6.296631 33.008038 5.322231 2.287502
6.499697 32.825829 5.300039 2.288638
6.701087 32.645130 5.278288 2.289752
6.658166 31.324205 5.072104 2.300308
6.849355 31.152664 5.051948 2.301340
7.085463 31.186731 5.065371 2.300653
7.330750 31.254782 5.084612 2.299668
7.577920 31.323351 5.104249 2.298662
7.827018 31.392454 5.124290 2.297636
8.067152 31.419493 5.137771 2.296946
8.256514 31.249607 5.119293 2.297892
8.444514 31.080948 5.101196 2.298819
8.631200 30.913469 5.083475 2.299726
8.816603 30.747145 5.066122 2.300614
8.684233 29.506500 4.871575 2.310575
8.860743 29.348158 4.855528 2.311397
9.113303 29.440302 4.881181 2.310084
9.370291 29.538885 4.908252 2.308697
9.630156 29.638569 4.935867 2.307284
9.892973 29.739384 4.964037 2.305841
10.081057 29.612877 4.954548 2.306327
10.257262 29.454824 4.939965 2.307074
10.432444 29.297693 4.925707 2.307804
10.606625 29.141460 4.911770 2.308517
10.779833 28.986105 4.898150 2.309215
10.566963 27.817699 4.713062 2.318691
10.732273 27.669432 4.700521 2.319333
10.922653 27.587463 4.699436 2.319389
11.187020 27.688847 4.729895 2.317829
9.953016 24.147833 4.136777 2.348197
9.958567 23.690472 4.070238 2.351604
10.008701 23.352036 4.023999 2.353971
10.083132 23.079370 3.989046 2.355761
10.181557 22.868151 3.964728 2.357006
10.292480 22.689651 3.946142 2.357957
10.400860 22.509504 3.927346 2.358920
10.507417 22.329384 3.908622 2.359879
10.619178 22.163927 3.892542 2.360702
10.727489 21.994612 3.875865 2.361556
10.840103 21.837250 3.861377 2.362297
10.959567 21.696238 3.849879 2.362886
11.081621 21.562490 3.839780 2.363403
11.198886 21.421488 3.828500 2.363981
11.322163 21.293890 3.819730 2.364430
11.436702 21.151741 3.808460 2.365007
11.559736 21.027065 3.800451 2.365417
11.682777 20.903858 3.792831 2.365807
11.811517 20.792023 3.787409 2.366085
11.938720 20.678469 3.781815 2.366371
12.064150 20.562851 3.775981 2.366670
12.194286 20.456089 3.771919 2.366878
12.323120 20.347879 3.767737 2.367092
12.456563 20.247849 3.765226 2.367220
12.597761 20.160631 3.765270 2.367218
12.738076 20.072001 3.765234 2.367220
12.887015 19.996719 3.767899 2.367084
13.036469 19.921803 3.770840 2.366933
13.198459 19.865273 3.777488 2.366592
13.353750 19.797749 3.782284 2.366347
13.525868 19.754036 3.791881 2.365856
13.705336 19.719379 3.803503 2.365261
13.916292 19.727592 3.823733 2.364225
14.114976 19.715584 3.840412 2.363371
14.381938 19.795040 3.875353 2.361582
16.552385 22.451115 4.417859 2.333806
16.697973 22.320625 4.415015 2.333951
17.021772 22.425346 4.459125 2.331693
17.373682 22.560181 4.509944 2.329091
17.733721 22.698128 4.562159 2.326417
17.908401 22.594784 4.566405 2.326200
18.058517 22.460251 4.564586 2.326293
18.208511 22.325830 4.562991 2.326375
18.358408 22.191498 4.561620 2.326445
18.508224 22.057241 4.560472 2.326504
18.657972 21.923048 4.559546 2.326551
18.552176 21.492887 4.496912 2.329758
18.436707 21.060070 4.433177 2.333021
18.435059 20.763901 4.397817 2.334832
18.579424 20.634541 4.397784 2.334833
18.758297 20.542961 4.406069 2.334409
19.168516 20.700100 4.468368 2.331219
16.734089 17.819986 3.871784 2.361765
16.736544 17.575098 3.843870 2.363194
16.868860 17.468214 3.846157 2.363077
17.016657 17.376841 3.852101 2.362772
17.210789 17.331352 3.868561 2.361930
20.455097 20.312780 4.565814 2.326230
20.544432 20.118589 4.554293 2.326820
20.489321 19.786306 4.511344 2.329019
20.435240 19.460218 4.469415 2.331166
20.382153 19.140102 4.428469 2.333262
20.461910 18.947927 4.416949 2.333852
20.607651 18.817368 4.419944 2.333699
20.893955 18.813002 4.453072 2.332003
21.413855 19.012114 4.535478 2.327784
21.813271 19.096062 4.591724 2.324904
21.965271 18.959906 4.595746 2.324698
22.117548 18.823503 4.599998 2.324480
22.270115 18.686844 4.604484 2.324250
22.422987 18.549911 4.609204 2.324009
22.517479 18.364794 4.602158 2.324369
22.429195 18.033527 4.558273 2.326616
22.342583 17.708508 4.515435 2.328810
22.257584 17.389530 4.473613 2.330951
22.376942 17.232569 4.473313 2.330966
22.526554 17.098572 4.479248 2.330662
21.523872 16.101906 4.257415 2.342020
21.189398 15.622168 4.169582 2.346517
21.033331 15.281610 4.117778 2.349170
20.904839 14.966397 4.072068 2.351510
20.812120 14.681326 4.033942 2.353462
20.758553 14.427563 4.003939 2.354998
20.733837 14.196752 3.979958 2.356226
20.728928 13.981838 3.960182 2.357239
20.724865 13.769570 3.940944 2.358224
20.731234 13.566129 3.924049 2.359089
20.775690 13.389012 3.914676 2.359569
20.833519 13.221350 3.908085 2.359906
20.895596 13.057017 3.902535 2.360190
20.974430 12.903559 3.900339 2.360303
21.083889 12.768847 3.904020 2.360114
21.207825 12.642394 3.910531 2.359781
21.335951 12.517724 3.917946 2.359401
21.592634 12.466513 3.949003 2.357811
21.845734 12.410107 3.979350 2.356257
22.316307 12.472153 4.049107 2.352686
22.597601 12.423129 4.084310 2.350883
23.826515 12.882944 4.290064 2.340348
26.287310 13.977210 4.715456 2.318568
26.279161 13.738417 4.696675 2.319530
26.444347 13.590537 4.709125 2.318893
27.065805 13.671914 4.802678 2.314103
27.753357 13.776882 4.907494 2.308736
27.927385 13.621096 4.921331 2.308028
28.102409 13.464421 4.935489 2.307303
26.021574 12.244813 4.554917 2.326788
25.853434 11.945956 4.510777 2.329048
25.580303 11.603736 4.448879 2.332217
25.484924 11.346619 4.418407 2.333777
25.459181 11.122845 4.400373 2.334701
25.499142 10.928936 4.393985 2.335028
25.524679 10.729580 4.385371 2.335469
25.565037 10.537144 4.379559 2.335767
25.564219 10.328614 4.366960 2.336412
25.617512 10.142694 4.363861 2.336570
25.699049 9.967994 4.365789 2.336472
25.793728 9.798111 4.370146 2.336248
25.885670 9.626791 4.374230 2.336039
26.006868 9.465725 4.383437 2.335568
26.063692 9.280866 4.381987 2.335642
26.197723 9.123002 4.393705 2.335042
30.157999 10.266613 5.045752 2.301657
30.348936 10.095743 5.065782 2.300632
31.654572 10.285193 5.271602 2.290094
31.855686 10.105222 5.293217 2.288987
32.058483 9.923747 5.315272 2.287858
32.262978 9.740759 5.337772 2.286706
32.377151 9.529109 5.345525 2.286309
32.306686 9.263793 5.323084 2.287458
32.236816 9.000684 5.301088 2.288584
32.167515 8.739709 5.279530 2.289688
32.141129 8.492044 5.265340 2.290415
26.798439 6.880666 4.382128 2.335635
33.745956 8.413812 5.508459 2.277967
33.965725 8.217177 5.534834 2.276616
34.187641 8.018626 5.561737 2.275239
34.411720 7.818142 5.589175 2.273834
34.638035 7.615661 5.617161 2.272401
34.866642 7.411133 5.645706 2.270940
35.097595 7.204505 5.674820 2.269449
34.125763 6.757071 5.509925 2.277892
33.907948 6.468279 5.467333 2.280073
33.940491 6.229241 5.465435 2.280170
33.973015 5.990358 5.463804 2.280253
34.005527 5.751607 5.462442 2.280323
34.001808 5.507079 5.455535 2.280677
33.747360 5.224359 5.408726 2.283073
33.497234 4.946437 5.362973 2.285416
33.251301 4.673165 5.318246 2.287706
33.009434 4.404402 5.274514 2.289945
31.641930 3.997295 5.051421 2.301367
31.415892 3.746111 5.011038 2.303435
31.387323 3.520648 5.002439 2.303875
31.417126 3.302073 5.003393 2.303826
31.446945 3.083403 5.004592 2.303765
31.476788 2.864601 5.006036 2.303691
31.420324 2.638431 4.994005 2.304307
31.206907 2.401237 4.957299 2.306186
30.996599 2.167493 4.921367 2.308026
30.789314 1.937102 4.886190 2.309827
30.584951 1.709954 4.851746 2.311591
30.383461 1.485992 4.818019 2.313317
29.144352 1.221507 4.620065 2.323453
28.955097 1.011134 4.588832 2.325052
28.835567 0.805453 4.568887 2.326073
28.863003 0.604584 4.572453 2.325890
28.890482 0.403407 4.576249 2.325696
28.918013 0.201885 4.580275 2.325490
28.927828 -0.000001 3.551891 2.378143
28.842619 -0.201363 3.541515 2.378674
28.663872 -0.400250 3.519824 2.379785
28.487295 -0.596724 3.498567 2.380873
28.312836 -0.790850 3.477735 2.381940
28.140436 -0.982686 3.457317 2.382985
27.970043 -1.172293 3.437304 2.384010
27.801607 -1.359726 3.417688 2.385014
26.682564 -1.491787 3.281323 2.391996
26.523569 -1.668722 3.263124 2.392928
26.366325 -1.843714 3.245283 2.393841
26.283703 -2.022421 3.236772 2.394277
26.309248 -2.209250 3.241739 2.394023
26.334875 -2.396662 3.246879 2.393760
26.360588 -2.584679 3.252195 2.393488
26.386391 -2.773322 3.257687 2.393206
26.366011 -2.957422 3.257641 2.393209
26.214638 -3.125907 3.241556 2.394032
26.064749 -3.292744 3.225785 2.394840
25.916307 -3.457974 3.210323 2.395631
25.769278 -3.621636 3.195165 2.396408
25.623627 -3.783769 3.180303 2.397168
25.479319 -3.944407 3.165733 2.397914
25.336325 -4.103590 3.151449 2.398646
25.194611 -4.261350 3.137446 2.399363
24.284412 -4.281998 3.027749 2.404979
24.056145 -4.415129 3.003059 2.406243
23.922850 -4.563528 2.990323 2.406895
23.790676 -4.710681 2.977840 2.407535
23.753796 -4.875955 2.977412 2.407556
23.778214 -5.054216 2.984823 2.407177
23.802759 -5.233377 2.992418 2.406788
23.827433 -5.413461 3.000198 2.406390
23.852240 -5.594492 3.008166 2.405982
23.841505 -5.767868 3.011817 2.405795
23.712008 -5.912068 3.000599 2.406369
23.583466 -6.055206 2.989610 2.406932
23.455860 -6.197306 2.978846 2.407483
23.329166 -6.338395 2.968303 2.408023
23.203363 -6.478496 2.957979 2.408551
23.078428 -6.617633 2.947870 2.409069
22.954340 -6.755830 2.937973 2.409576
22.831078 -6.893110 2.928285 2.410072
22.708624 -7.029494 2.918802 2.410557
22.450968 -7.121867 2.892005 2.411929
21.871490 -7.106479 2.823682 2.415427
21.575697 -7.177279 2.791895 2.417055
21.460394 -7.305715 2.783507 2.417484
21.345776 -7.433387 2.775304 2.417904
21.231831 -7.560315 2.767284 2.418315
21.224220 -7.724985 2.773254 2.418009
21.248556 -7.902267 2.783575 2.417481
21.273079 -8.080886 2.794110 2.416942
21.297791 -8.260870 2.804862 2.416391
21.322699 -8.442254 2.815836 2.415829
21.295305 -8.603862 2.820082 2.415612
21.181679 -8.730458 2.813038 2.415972
21.068615 -8.856431 2.806165 2.416324
20.956099 -8.981796 2.799463 2.416667
20.844116 -9.106571 2.792929 2.417002
20.732653 -9.230772 2.786561 2.417328
20.621693 -9.354415 2.780357 2.417646
20.511221 -9.477515 2.774316 2.417955
20.401226 -9.600089 2.768436 2.418256
20.291693 -9.722151 2.762716 2.418549
20.182610 -9.843717 2.757153 2.418834
20.037271 -9.946588 2.746718 2.419368
19.671694 -9.936889 2.706048 2.421450
19.316772 -9.927474 2.666694 2.423465
19.069738 -9.969419 2.642135 2.424723
18.966389 -10.084608 2.637506 2.424960
18.863400 -10.199402 2.633022 2.425189
18.760756 -10.313813 2.628681 2.425411
18.658445 -10.427854 2.624483 2.425627
18.684593 -10.614326 2.638520 2.424908
18.713490 -10.804239 2.653187 2.424157
18.742714 -10.996285 2.668150 2.423391
18.772274 -11.190522 2.683414 2.422609
18.799498 -11.385381 2.698602 2.421832
18.695370 -11.501469 2.695116 2.422010
18.591507 -11.617263 2.691770 2.422181
18.487898 -11.732778 2.688563 2.422345
18.384533 -11.848023 2.685494 2.422503
18.281401 -11.963015 2.682564 2.422653
18.178490 -12.077762 2.679771 2.422796
18.075790 -12.192275 2.677114 2.422932
17.973291 -12.306570 2.674593 2.423061
17.870981 -12.420656 2.672207 2.423183
17.768850 -12.534546 2.669956 2.423298
17.666889 -12.648252 2.667838 2.423407
17.565086 -12.761783 2.665854 2.423508
17.326769 -12.774398 2.643156 2.424670
17.061440 -12.763588 2.616210 2.426050
16.801451 -12.752996 2.589933 2.427395
16.567810 -12.758933 2.567585 2.428540
16.470133 -12.867879 2.566308 2.428605
16.372549 -12.976723 2.565156 2.428664
16.275049 -13.085476 2.564131 2.428716
16.177624 -13.194150 2.563232 2.428762
16.139492 -13.351749 2.571897 2.428319
16.169247 -13.567610 2.591669 2.427306
16.199467 -13.786829 2.611877 2.426272
16.230167 -14.009504 2.632532 2.425214
16.251438 -14.227058 2.652028 2.424216
16.150791 -14.339345 2.651876 2.424224
16.050154 -14.451624 2.651853 2.424225
15.949513 -14.563909 2.651960 2.424220
15.848864 -14.676208 2.652196 2.424207
15.748191 -14.788537 2.652562 2.424189
15.647488 -14.900903 2.653058 2.424163
15.546744 -15.013317 2.653683 2.424131
15.445949 -15.125792 2.654439 2.424093
15.345093 -15.238337 2.655324 2.424047
15.244166 -15.350965 2.656340 2.423995
15.143159 -15.463686 2.657487 2.423937
15.042061 -15.576510 2.658764 2.423871
14.862427 -15.607087 2.646208 2.424514
14.650780 -15.601496 2.627854 2.425454
14.442037 -15.595982 2.609878 2.426374
14.236120 -15.590543 2.592273 2.427275
14.033876 -15.586199 2.575197 2.428150
13.935533 -15.695970 2.577197 2.428047
13.837033 -15.805916 2.579325 2.427938
13.738367 -15.916053 2.581583 2.427823
13.639525 -16.026390 2.583971 2.427701
13.617791 -16.229052 2.601255 2.426816
13.656249 -16.507570 2.630552 2.425316
13.695587 -16.792450 2.660647 2.423775
13.714911 -17.057909 2.687471 2.422401
13.611466 -17.173399 2.690629 2.422240
13.507776 -17.289165 2.693926 2.422071
13.403828 -17.405226 2.697363 2.421895
13.299610 -17.521589 2.700941 2.421712
13.195110 -17.638269 2.704661 2.421521
13.090320 -17.755280 2.708524 2.421324
12.985226 -17.872631 2.712530 2.421118
12.879816 -17.990339 2.716681 2.420906
12.774080 -18.108414 2.720978 2.420686
12.668005 -18.226871 2.725422 2.420458
12.561578 -18.345724 2.730014 2.420223
12.432817 -18.432411 2.729931 2.420228
12.243143 -18.427414 2.716465 2.420917
12.055324 -18.422464 2.703263 2.421593
11.869310 -18.417566 2.690319 2.422256
11.685061 -18.412712 2.677629 2.422905
11.504275 -18.410690 2.665590 2.423522
11.398806 -18.528496 2.671059 2.423242
11.292899 -18.646793 2.676682 2.422954
11.186542 -18.765600 2.682460 2.422658
11.079720 -18.884928 2.688395 2.422354
11.118424 -19.257677 2.730342 2.420206
11.175852 -19.673059 2.778105 2.417761
11.140314 -19.933245 2.803795 2.416446
11.027612 -20.059153 2.810608 2.416097
10.914357 -20.185684 2.817591 2.415739
10.800534 -20.312853 2.824748 2.415373
10.686127 -20.440678 2.832080 2.414997
10.571120 -20.569176 2.839589 2.414613
10.455497 -20.698366 2.847278 2.414219
10.339240 -20.828268 2.855148 2.413816
10.222337 -20.958897 2.863202 2.413404
10.104765 -21.090275 2.871442 2.412982
9.986510 -21.222420 2.879871 2.412550
9.820377 -21.253248 2.874681 2.412816
9.638738 -21.248478 2.864864 2.413319
9.458322 -21.243740 2.855253 2.413811
9.279104 -21.239033 2.845844 2.414293
9.101056 -21.234358 2.836635 2.414764
8.942393 -21.273119 2.833404 2.414930
8.823101 -21.406448 2.842889 2.414444
8.703000 -21.540684 2.852577 2.413948
8.582073 -21.675846 2.862472 2.413441
8.607063 -22.190338 2.922408 2.410372
8.635296 -22.732584 2.985808 2.407126
8.507358 -22.875595 2.996718 2.406568
8.378473 -23.019667 3.007856 2.405998
8.248622 -23.164824 3.019224 2.405416
8.117779 -23.311090 3.030828 2.404822
7.985921 -23.458498 3.042670 2.404215
7.853026 -23.607067 3.054755 2.403596
7.719063 -23.756834 3.067086 2.402965
7.584008 -23.907827 3.079669 2.402321
7.447835 -24.060072 3.092507 2.401664
7.268966 -24.075985 3.087955 2.401897
7.084526 -24.071154 3.080916 2.402257
6.900913 -24.066343 3.074059 2.402608
6.718106 -24.061556 3.067382 2.402950
6.536083 -24.056789 3.060883 2.403283
6.378037 -24.139914 3.065719 2.403035
6.238220 -24.296261 3.079969 2.402306
6.097087 -24.454082 3.094504 2.401561
6.121913 -25.304960 3.196690 2.396329
6.018187 -25.658680 3.235988 2.394317
5.867733 -25.826937 3.251962 2.393500
5.715783 -25.996870 3.268255 2.392665
5.562293 -26.168531 3.284874 2.391814
5.407226 -26.341957 3.301825 2.390946
5.250544 -26.517195 3.319114 2.390061
5.092206 -26.694290 3.336750 2.389158
4.932171 -26.873285 3.354738 2.388237
4.743128 -26.899616 3.353810 2.388285
4.548870 -26.894539 3.349135 2.388524
4.355143 -26.889475 3.344637 2.388755
4.161926 -26.884424 3.340313 2.388976
3.707790 -25.109104 3.116443 2.400438
3.475279 -24.727898 3.066043 2.403018
3.274055 -24.537905 3.039577 2.404374
3.075495 -24.345060 3.012956 2.405737
2.891733 -24.250824 2.998721 2.406465
2.709824 -24.158621 2.984908 2.407173
2.533621 -24.105803 2.976124 2.407622
2.357230 -24.040903 2.966007 2.408140
2.187245 -24.033794 2.963174 2.408285
2.017802 -24.029392 2.960822 2.408406
1.849381 -24.034851 2.959832 2.408457
1.682786 -24.064964 2.962021 2.408345
1.514601 -24.073915 2.961750 2.408358
1.345704 -24.069712 2.960004 2.408448
1.178308 -24.092304 2.961699 2.408361
1.009865 -24.094639 2.961047 2.408394
0.840960 -24.081963 2.958695 2.408515
0.673100 -24.097401 2.959943 2.408451
0.504370 -24.078438 2.957109 2.408596
0.335800 -24.048544 2.953078 2.408802
0.167695 -24.020142 2.949374 2.408992
-0.000000 -24.001574 2.947023 2.409112
-0.167343 -23.969532 2.943160 2.409310
-0.333862 -23.909420 2.935994 2.409677
-0.499488 -23.845186 2.928463 2.410063
-0.662569 -23.720325 2.913626 2.410822
-0.824836 -23.620213 2.901965 2.411419
-0.985891 -23.522631 2.890752 2.411994
-1.145450 -23.420401 2.879101 2.412590
-1.306221 -23.363441 2.873150 2.412895
-1.458396 -23.180540 2.851840 2.413986
-1.618616 -23.147280 2.849069 2.414128
-1.779303 -23.124088 2.847674 2.414199
-1.937764 -23.076191 2.843372 2.414419
-2.112327 -23.210539 2.861673 2.413482
-2.292316 -23.378847 2.884327 2.412322
-2.502390 -23.808643 2.939436 2.409501
-2.963993 -26.424578 3.264877 2.392838
-3.159952 -26.500135 3.276859 2.392225
-3.357365 -26.576256 3.289089 2.391598
-3.556263 -26.652952 3.301574 2.390959
-3.756691 -26.730238 3.314315 2.390307
-3.939835 -26.680500 3.311478 2.390452
-4.107175 -26.530722 3.296367 2.391226
-4.273002 -26.382296 3.281552 2.391984
-4.437350 -26.235189 3.267028 2.392728
-4.393862 -24.918829 3.106848 2.400929
-4.548120 -24.780752 3.093516 2.401612
-4.708000 -24.680193 3.084990 2.402048
-4.897259 -24.732952 3.095783 2.401496
-5.087853 -24.786087 3.106805 2.400932
-5.279822 -24.839607 3.118057 2.400355
-5.473197 -24.893520 3.129545 2.399767
-5.668011 -24.947834 3.141272 2.399167
-5.855639 -24.965630 3.148583 2.398793
-6.007034 -24.830103 3.136703 2.399401
-6.157301 -24.695583 3.125064 2.399997
-6.306464 -24.562050 3.113662 2.400580
-6.454549 -24.429482 3.102493 2.401152
-6.601583 -24.297852 3.091554 2.401712
-6.444845 -23.082844 2.942615 2.409338
-6.583345 -22.958851 2.932596 2.409851
-6.744122 -22.914555 2.932881 2.409837
-6.941279 -22.990620 2.948747 2.409024
-7.140592 -23.067518 2.964932 2.408195
-7.342112 -23.145269 2.981441 2.407350
-7.545903 -23.223900 2.998283 2.406488
-7.742908 -23.276037 3.011919 2.405790
-7.881553 -23.151903 3.002903 2.406251
-8.019376 -23.028503 2.994087 2.406703
-8.156396 -22.905821 2.985467 2.407144
-8.292638 -22.783833 2.977040 2.407576
-8.428119 -22.662525 2.968806 2.407997
-8.562859 -22.541878 2.960760 2.408409
-8.387828 -21.625105 2.847969 2.414184
-8.434008 -21.301870 2.813086 2.415970
-8.560685 -21.188438 2.805930 2.416336
-8.703265 -21.115702 2.804276 2.416421
-8.909719 -21.195377 2.823050 2.415460
-9.118966 -21.276134 2.842216 2.414479
-9.331080 -21.358000 2.861785 2.413476
-9.546153 -21.441010 2.881767 2.412453
-9.745190 -21.483149 2.896504 2.411699
-9.873512 -21.368235 2.890234 2.412020
-10.001286 -21.253809 2.884131 2.412332
-10.128524 -21.139862 2.878194 2.412637
-10.255248 -21.026373 2.872420 2.412932
-10.381470 -20.913332 2.866809 2.413219
-8.705542 -17.234039 2.370723 2.438619
-8.651366 -16.833735 2.323909 2.441016
-8.692885 -16.627956 2.303823 2.442044
-8.771043 -16.495932 2.293959 2.442549
-8.845365 -16.359158 2.283471 2.443086
-8.927699 -16.239422 2.275402 2.443499
-9.031077 -16.159206 2.272942 2.443625
-9.132009 -16.075243 2.270044 2.443774
-9.225204 -15.978519 2.265425 2.444010
-9.323226 -15.891052 2.262197 2.444175
-9.430808 -15.820325 2.261446 2.444214
-9.532310 -15.739710 2.259381 2.444320
-9.660576 -15.703042 2.263743 2.444096
-9.779492 -15.650458 2.265950 2.443983
-9.902229 -15.603415 2.269093 2.443822
-10.027791 -15.560083 2.272917 2.443626
-10.180235 -15.557026 2.282797 2.443121
-10.300834 -15.504002 2.285513 2.442982
-10.416312 -15.442817 2.287158 2.442897
-10.560705 -15.423520 2.295163 2.442488
-10.721714 -15.426522 2.306693 2.441897
-10.883153 -15.427850 2.318196 2.441308
-11.114558 -15.524651 2.344343 2.439970
-11.395178 -15.684116 2.380379 2.438125
-13.115916 -17.789993 2.713820 2.421052
-13.359495 -17.858004 2.738356 2.419796
-13.607533 -17.927259 2.763475 2.418510
-13.768795 -17.879145 2.770809 2.418134
-13.886399 -17.773781 2.769437 2.418205
-14.003895 -17.668510 2.768201 2.418268
-14.121285 -17.563334 2.767100 2.418324
-14.238587 -17.458235 2.766136 2.418374
-14.355818 -17.353199 2.765306 2.418416
-14.472978 -17.248222 2.764612 2.418452
-14.400047 -16.919992 2.728049 2.420324
-14.310860 -16.579288 2.689160 2.422315
-14.224171 -16.248140 2.651490 2.424244
-14.270844 -16.073635 2.639208 2.424873
-14.382600 -15.973495 2.639188 2.424874
-14.494362 -15.873346 2.639296 2.424868
-14.750582 -15.929177 2.665637 2.423519
-15.076828 -16.055193 2.704272 2.421541
-15.412702 -16.184927 2.744182 2.419498
-15.643520 -16.199339 2.765075 2.418428
-15.760720 -16.094313 2.765863 2.418388
-15.877988 -15.989223 2.766785 2.418341
-15.995337 -15.884059 2.767843 2.418286
-16.112787 -15.778803 2.769037 2.418225
-16.230339 -15.673455 2.770367 2.418157
-16.348013 -15.567996 2.771833 2.418082
-16.465811 -15.462423 2.773435 2.418000
-16.406696 -15.192768 2.745546 2.419428
-16.333921 -14.914917 2.715876 2.420947
-16.262701 -14.643001 2.686971 2.422427
-16.192970 -14.376786 2.658801 2.423869
-16.291870 -14.262452 2.658626 2.423878
-16.405363 -14.160730 2.660949 2.423759
-16.519064 -14.058822 2.663406 2.423634
-16.954815 -14.226779 2.717583 2.420860
-17.409618 -14.402483 2.774296 2.417956
-17.653545 -14.397878 2.797081 2.416789
-17.773556 -14.290306 2.800221 2.416629
-17.893845 -14.182483 2.803504 2.416461
-18.014418 -14.074405 2.806931 2.416285
-18.135294 -13.966052 2.810505 2.416102
-18.256479 -13.857421 2.814224 2.415912
-18.367470 -13.740623 2.816477 2.415796
-18.330921 -13.514717 2.796337 2.416827
-18.294889 -13.292014 2.776616 2.417837
-18.259356 -13.072410 2.757305 2.418826
-18.224310 -12.855834 2.738393 2.419794
-18.189735 -12.642197 2.719870 2.420743
-18.257067 -12.500872 2.716821 2.420899
-18.375669 -12.394545 2.721527 2.420658
-18.494692 -12.287839 2.726383 2.420409
-19.112543 -12.506896 2.804523 2.416408
-19.614048 -12.640392 2.865094 2.413307
-19.740057 -12.527418 2.870655 2.413023
-19.866558 -12.414002 2.876378 2.412730
-19.993572 -12.300123 2.882264 2.412428
-20.121109 -12.185775 2.888315 2.412118
-20.249187 -12.070940 2.894533 2.411800
-20.331102 -11.928184 2.894268 2.411813
-20.272381 -11.704264 2.874206 2.412841
-20.214458 -11.483406 2.854558 2.413847
-20.157320 -11.265544 2.835313 2.414832
-20.100941 -11.050587 2.816463 2.415797
-20.086426 -10.860687 2.803736 2.416449
-20.212824 -10.747349 2.810838 2.416085
-20.339874 -10.633425 2.818114 2.415712
-20.859337 -10.720241 2.879646 2.412562
-21.563450 -10.892484 2.966279 2.408127
-21.698612 -10.771281 2.974455 2.407708
-21.834518 -10.649406 2.982821 2.407279
-21.971205 -10.526833 2.991381 2.406841
-22.108677 -10.403552 3.000136 2.406393
-22.246962 -10.279541 3.009089 2.405935
-22.315216 -10.122627 3.008689 2.405955
-22.259573 -9.910600 2.991785 2.406821
-22.204542 -9.700921 2.975214 2.407669
-22.150116 -9.493549 2.958968 2.408501
-22.096273 -9.288419 2.943041 2.409316
-22.058756 -9.091960 2.929518 2.410008
-22.196850 -8.968109 2.939471 2.409499
-22.335897 -8.843403 2.949637 2.408978
-23.531696 -9.127341 3.099061 2.401328
-23.679325 -8.994933 3.110158 2.400760
-23.828028 -8.861561 3.121487 2.400180
-23.977818 -8.727212 3.133052 2.399588
-24.128735 -8.591850 3.144857 2.398983
-24.280790 -8.455464 3.156905 2.398366
-24.285740 -8.267541 3.149967 2.398722
-24.231422 -8.060719 3.135546 2.399460
-24.177597 -7.855777 3.121408 2.400184
-24.124247 -7.652657 3.107547 2.400893
-24.071363 -7.451330 3.093959 2.401589
-24.087385 -7.272411 3.089417 2.401822
-24.241087 -7.134537 3.102666 2.401144
-24.551590 -7.040054 3.136041 2.399435
-24.663208 -6.886086 3.144081 2.399023
-24.749357 -6.724249 3.149002 2.398771
-24.851151 -6.565958 3.156044 2.398411
-24.940388 -6.403600 3.161623 2.398125
-25.034863 -6.241892 3.167998 2.397798
-25.120756 -6.077346 3.173420 2.397521
-25.212481 -5.913532 3.179715 2.397199
-25.325441 -5.753800 3.188818 2.396733
-25.421169 -5.589203 3.195879 2.396371
-25.533951 -5.427408 3.205216 2.395893
-25.635794 -5.262268 3.213310 2.395478
-25.757736 -5.100167 3.224054 2.394928
-25.896193 -4.939964 3.236989 2.394266
-26.022860 -4.776085 3.248574 2.393673
-26.193441 -4.618610 3.265764 2.392793
-26.379118 -4.461689 3.284950 2.391810
-26.584684 -4.305778 3.306726 2.390696
-26.817644 -4.151592 3.332016 2.389401
-27.054462 -3.995052 3.357893 2.388076
-27.342905 -3.842794 3.390280 2.386418
-27.522209 -3.672242 3.409251 2.385446
-27.637310 -3.491402 3.420406 2.384875
-27.676132 -3.300180 3.422276 2.384779
-27.714996 -3.108732 3.424314 2.384675
-27.753906 -2.917053 3.426522 2.384562
-27.792868 -2.725109 3.428900 2.384440
-27.831879 -2.532897 3.431448 2.384310
-27.737976 -2.329224 3.417782 2.385010
-27.550936 -2.119925 3.392829 2.386287
-27.366602 -1.913659 3.368402 2.387538
-27.184883 -1.710323 3.344484 2.388762
-27.005722 -1.509852 3.321064 2.389961
-25.372484 -1.240922 3.119073 2.400303
-25.207668 -1.056511 3.097830 2.401391
-25.071400 -0.875512 3.080257 2.402291
-25.106739 -0.701290 3.083922 2.402103
-25.142159 -0.526651 3.087746 2.401907
-25.177666 -0.351570 3.091730 2.401703
-25.213264 -0.176022 3.095875 2.401491
-25.248959 0.000000 3.100182 2.401271
-25.284750 0.176528 3.104653 2.401042
-25.320644 0.353568 3.109287 2.400805
-25.184669 0.527543 3.092967 2.401640
-25.031231 0.699189 3.074647 2.402578
-24.879593 0.868815 3.056692 2.403497
-24.729700 1.036486 3.039091 2.404398
-24.581520 1.202239 3.021839 2.405282
-24.435001 1.366128 3.004926 2.406148
-22.971382 1.445240 2.826108 2.415303
-22.835846 1.596838 2.810736 2.416090
-22.701761 1.746809 2.795666 2.416862
-22.569103 1.895182 2.780890 2.417618
-22.568489 2.053893 2.782514 2.417535
-22.601343 2.216084 2.788404 2.417234
-22.634336 2.378965 2.794455 2.416924
-22.667471 2.542568 2.800670 2.416606
-22.700754 2.706903 2.807048 2.416279
-22.734186 2.871995 2.813593 2.415944
-22.767776 3.037873 2.820306 2.415600
-22.792353 3.203257 2.826052 2.415306
-22.664042 3.346739 2.812971 2.415976
-22.536907 3.488899 2.800147 2.416632
-22.410917 3.629776 2.787573 2.417276
-22.286041 3.769405 2.775246 2.417907
-22.162262 3.907805 2.763162 2.418526
-22.039541 4.045017 2.751316 2.419132
-21.917866 4.181058 2.739703 2.419727
-21.797205 4.315962 2.728321 2.420310
-20.983355 4.307267 2.630152 2.425336
-20.388390 4.333686 2.559306 2.428963
-20.277016 4.458195 2.549171 2.429482
-20.166519 4.581722 2.539239 2.429991
-20.056873 4.704296 2.529507 2.430489
-20.037193 4.847510 2.531231 2.430401
-20.068790 5.003712 2.539574 2.429974
-20.100595 5.160960 2.548096 2.429538
-20.132614 5.319267 2.556800 2.429092
-20.164850 5.478668 2.565689 2.428637
-20.197313 5.639194 2.574766 2.428172
-20.230003 5.800861 2.584033 2.427697
-20.262932 5.963709 2.593494 2.427213
-20.201843 6.099298 2.591062 2.427338
-20.093784 6.220065 2.582710 2.427765
-19.986410 6.340065 2.574535 2.428184
-19.879709 6.459309 2.566536 2.428593
-19.773657 6.577824 2.558712 2.428994
-19.668247 6.695619 2.551058 2.429386
-19.563457 6.812716 2.543573 2.429769
-19.459272 6.929138 2.536255 2.430144
-19.355680 7.044892 2.529102 2.430510
-19.252659 7.160004 2.522111 2.430868
-18.870274 7.168146 2.478514 2.433100
-18.361322 7.121887 2.418137 2.436191
-17.918282 7.094352 2.366255 2.438848
-17.822899 7.200919 2.360240 2.439156
-17.727989 7.306954 2.354370 2.439456
-17.633549 7.412463 2.348643 2.439749
-17.539560 7.517464 2.343058 2.440036
-17.506245 7.648293 2.345683 2.439901
-17.538643 7.808708 2.357271 2.439307
-17.571363 7.970728 2.369091 2.438703
-17.604412 8.134382 2.381145 2.438085
-17.637798 8.299717 2.393440 2.437456
-17.671532 8.466783 2.405980 2.436814
-17.705618 8.635608 2.418771 2.436159
-17.740070 8.806252 2.431817 2.435491
-17.671396 8.926466 2.430887 2.435539
-17.576107 9.032891 2.426394 2.435769
-17.481159 9.138932 2.422035 2.435992
-17.386549 9.244593 2.417810 2.436208
-17.292257 9.349893 2.413717 2.436418
-17.198284 9.454838 2.409754 2.436620
-17.104610 9.559443 2.405921 2.436817
-17.011225 9.663724 2.402217 2.437006
-16.918123 9.767684 2.398642 2.437189
-16.825291 9.871344 2.395192 2.437366
-16.732719 9.974705 2.391869 2.437536
-16.524578 10.007639 2.372046 2.438551
-16.222548 9.980181 2.338635 2.440262
-15.928903 9.953484 2.306265 2.441919
-15.643250 9.927512 2.274886 2.443526
-15.389933 9.918137 2.248062 2.444899
-15.303670 10.014440 2.245620 2.445024
-15.217585 10.110542 2.243291 2.445143
-15.131675 10.206444 2.241076 2.445257
-15.045926 10.302165 2.238974 2.445364
-14.964087 10.400312 2.237546 2.445438
-15.000689 10.581820 2.254010 2.444595
-15.037834 10.766034 2.270830 2.443733
-15.075537 10.953019 2.288015 2.442854
-15.113815 11.142870 2.305575 2.441954
-15.152683 11.335657 2.323520 2.441036
-15.192162 11.531478 2.341862 2.440097
-15.189449 11.697453 2.353975 2.439476
-15.099930 11.797359 2.352808 2.439536
-15.010489 11.897172 2.351757 2.439590
-14.921127 11.996896 2.350821 2.439638
-14.831830 12.096544 2.350000 2.439680
-14.742585 12.196131 2.349294 2.439716
-14.653393 12.295656 2.348702 2.439746
-14.564235 12.395140 2.348225 2.439771
-14.475112 12.494583 2.347862 2.439789
-14.386010 12.593999 2.347614 2.439802
-14.296918 12.693400 2.347480 2.439809
-14.207833 12.792791 2.347460 2.439810
-14.056952 12.835765 2.337280 2.440331
-13.840058 12.816036 2.316037 2.441419
-13.627062 12.796662 2.295288 2.442481
-13.417830 12.777631 2.275016 2.443519
-13.212259 12.758931 2.255209 2.444533
-13.010220 12.740553 2.235851 2.445524
-12.846170 12.756801 2.222909 2.446187
-12.761661 12.851066 2.223756 2.446144
-12.677078 12.945409 2.224712 2.446095
-12.592421 13.039834 2.225777 2.446040
-12.507674 13.134356 2.226952 2.445980
-12.422835 13.228978 2.228236 2.445914
-12.465155 13.461142 2.252628 2.444665
-12.518830 13.709872 2.279570 2.443286
-12.573805 13.964625 2.307276 2.441867
-12.630134 14.225667 2.335780 2.440408
-12.685623 14.490673 2.364694 2.438928
-12.595124 14.591590 2.366755 2.438822
-12.504457 14.692692 2.368936 2.438710
-12.413622 14.793979 2.371236 2.438593
-12.322600 14.895470 2.373656 2.438469
-12.231390 14.997169 2.376197 2.438339
-12.139979 15.099088 2.378859 2.438202
-12.048354 15.201243 2.381643 2.438060
-11.956512 15.303638 2.384549 2.437911
-11.864436 15.406290 2.387579 2.437756
-11.772124 15.509203 2.390733 2.437594
-11.679563 15.612392 2.394012 2.437427
-11.558683 15.677821 2.391613 2.437549
-11.376724 15.658718 2.376525 2.438322
-11.197031 15.639853 2.361740 2.439079
-11.019558 15.621222 2.347252 2.439821
-10.844240 15.602816 2.333053 2.440548
-10.671016 15.584629 2.319138 2.441260
-10.499843 15.566658 2.305499 2.441958
-10.335497 15.556180 2.293204 2.442588
-10.245392 15.656603 2.297408 2.442373
-10.154950 15.757398 2.301739 2.442151
-10.064159 15.858582 2.306200 2.441923
-9.973014 15.960158 2.310790 2.441687
-9.888433 16.073423 2.317137 2.441362
-9.965060 16.454271 2.361953 2.439068
-10.044711 16.850157 2.408656 2.436677
-10.127581 17.262047 2.457367 2.434183
-10.057542 17.420174 2.469822 2.433545
-9.958637 17.530378 2.475529 2.433253
-9.859272 17.641092 2.481383 2.432953
-9.759430 17.752337 2.487386 2.432646
-9.659094 17.864126 2.493540 2.432331
-9.558258 17.976471 2.499846 2.432008
-9.456902 18.089392 2.506307 2.431677
-9.355018 18.202898 2.512923 2.431338
-9.252588 18.317009 2.519697 2.430991
-9.149594 18.431746 2.526632 2.430636
-9.024339 18.502638 2.527652 2.430584
-8.857703 18.487461 2.517069 2.431126
-8.692455 18.472412 2.506696 2.431657
-8.528556 18.457483 2.496530 2.432178
-8.365966 18.442675 2.486567 2.432688
-8.204666 18.427982 2.476803 2.433188
-8.044615 18.413404 2.467234 2.433677
-7.885793 18.398937 2.457859 2.434158
-7.750064 18.436674 2.455613 2.434273
-7.646559 18.551950 2.463796 2.433854
-7.542360 18.667995 2.472154 2.433426
-7.437441 18.784842 2.480691 2.432989
-7.384513 19.038414 2.507308 2.431626
-7.556064 19.891476 2.612643 2.426233
-7.526855 20.239113 2.651337 2.424252
-7.412701 20.366230 2.661145 2.423749
-7.297688 20.494299 2.671157 2.423237
-7.181803 20.623335 2.681375 2.422714
-7.065023 20.753366 2.691803 2.422180
-6.947320 20.884422 2.702444 2.421635
-6.828680 21.016516 2.713302 2.421079
-6.709072 21.149687 2.724381 2.420512
-6.588480 21.283947 2.735684 2.419933
-6.436587 21.319004 2.734348 2.420001
-6.270054 21.303827 2.726720 2.420392
-6.104446 21.288734 2.719268 2.420773
-5.939726 21.273724 2.711987 2.421146
-5.775884 21.258791 2.704877 2.421510
-5.612891 21.243937 2.697936 2.421865
-5.450718 21.229156 2.691160 2.422212
-5.289356 21.214449 2.684550 2.422551
-5.158396 21.322247 2.693568 2.422089
-5.033648 21.461102 2.706603 2.421422
-4.907690 21.601301 2.719898 2.420741
-5.054914 22.991079 2.890375 2.412013
-4.919047 23.142300 2.904998 2.411264
-4.781792 23.295063 2.919913 2.410500
-4.643102 23.449419 2.935126 2.409721
-4.502963 23.605387 2.950641 2.408927
-4.361326 23.763014 2.966466 2.408117
-4.218155 23.922348 2.982607 2.407290
-4.073409 24.083429 2.999072 2.406447
-3.909940 24.140749 3.002738 2.406260
-3.734706 24.124771 2.997434 2.406531
-3.560082 24.108847 2.992295 2.406795
-3.386047 24.092978 2.987318 2.407049
-3.212581 24.077158 2.982503 2.407296
-3.039652 24.061388 2.977848 2.407534
-2.867267 24.045668 2.973353 2.407764
-2.698708 24.059547 2.972667 2.407799
-2.546553 24.228842 2.991314 2.406845
-2.392470 24.400276 3.010345 2.405870
-2.364778 25.984636 3.203697 2.395971
-2.197603 26.170631 3.224659 2.394897
-2.028217 26.359081 3.246055 2.393802
-1.856560 26.550053 3.267897 2.392684
-1.682568 26.743618 3.290196 2.391542
-1.506163 26.939865 3.312965 2.390376
-1.318383 26.956425 3.313789 2.390334
-1.129082 26.939156 3.310616 2.390496
-0.940134 26.921919 3.307611 2.390650
-0.751519 26.904713 3.304772 2.390796
-0.563204 26.887531 3.302098 2.390933
-0.375199 26.870378 3.299589 2.391061
-0.187471 26.853251 3.297245 2.391181
0.000001 27.061754 3.322766 2.389874
0.190406 27.273540 3.348851 2.388539
0.405884 29.066738 3.569294 2.377252
0.613710 29.297890 3.598118 2.375776
0.824930 29.532812 3.627588 2.374268
1.039648 29.771622 3.657724 2.372725
1.247910 29.774300 3.659034 2.372657
1.455291 29.755373 3.657867 2.372717
1.662533 29.736458 3.656880 2.372768
1.869674 29.717552 3.656071 2.372809
2.076733 29.698654 3.655441 2.372841
2.283731 29.679760 3.654988 2.372864
2.506537 29.849430 3.677948 2.371689
2.740162 30.109230 3.712227 2.369934
3.149162 32.117599 3.962457 2.357122
3.405677 32.402843 4.000484 2.355175
3.657391 32.606403 4.028670 2.353732
3.885605 32.585567 4.029349 2.353697
4.113890 32.564728 4.030226 2.353652
4.342285 32.543877 4.031299 2.353597
4.570812 32.523014 4.032568 2.353532
4.799495 32.502132 4.034036 2.353457
5.060602 32.689426 4.061568 2.352048
5.464839 33.740883 4.196847 2.345121
5.674966 33.552391 4.178227 2.346075
5.036681 28.564432 3.561377 2.377657
5.203284 28.350479 3.539144 2.378796
5.355209 28.072937 3.509079 2.380335
5.550360 28.031334 3.508637 2.380358
5.752786 28.025370 3.512831 2.380143
5.950653 27.995617 3.514224 2.380072
6.193010 28.167439 3.541133 2.378694
6.398645 28.163696 3.546192 2.378435
6.739501 28.733982 3.623835 2.374460
7.580861 31.335506 3.958509 2.357324
7.830068 31.404682 3.974057 2.356528
8.064474 31.409063 3.981638 2.356140
8.253783 31.239271 3.967323 2.356873
8.441730 31.070702 3.953303 2.357591
8.628365 30.903315 3.939574 2.358294
8.671669 30.241703 3.862855 2.362222
8.681399 29.496874 3.775365 2.366701
7.046346 23.338594 2.993378 2.406739
7.145759 23.084198 2.967076 2.408086
7.260054 22.886580 2.948118 2.409056
7.360419 22.653038 2.924582 2.410261
7.459332 22.423588 2.901612 2.411438
7.580835 22.268530 2.888326 2.412118
7.705178 22.126240 2.876778 2.412709
7.831115 21.992317 2.866404 2.413240
7.961585 21.874273 2.858193 2.413661
8.088588 21.749561 2.849207 2.414121
8.212453 21.619413 2.839599 2.414613
8.335627 21.490513 2.830244 2.415092
8.458142 21.362822 2.821135 2.415558
8.578997 21.233761 2.811932 2.416029
8.692854 21.090448 2.800922 2.416593
8.813435 20.966312 2.792540 2.417022
8.926714 20.827570 2.782294 2.417547
9.040741 20.693432 2.772738 2.418036
9.153987 20.560190 2.763381 2.418515
9.272220 20.440500 2.755927 2.418896
9.383982 20.308781 2.746934 2.419357
9.494430 20.176678 2.737965 2.419816
9.605378 20.047964 2.729532 2.420248
9.721613 19.932261 2.722953 2.420585
9.831494 19.805422 2.714936 2.420995
9.943375 19.684521 2.707813 2.421360
10.057594 19.569952 2.701646 2.421676
10.166174 19.446091 2.694279 2.422053
10.286486 19.346066 2.690305 2.422256
10.401378 19.236950 2.685163 2.422519
10.515189 19.127043 2.680005 2.422784
10.628735 19.017872 2.675040 2.423038
10.742043 18.909409 2.670267 2.423282
10.855129 18.801634 2.665684 2.423517
10.968013 18.694529 2.661290 2.423742
11.080720 18.588066 2.657083 2.423957
11.193251 18.482244 2.653062 2.424163
11.305630 18.377033 2.649225 2.424360
11.421506 18.278229 2.646412 2.424504
11.533913 18.174541 2.642993 2.424679
11.653442 18.082590 2.641389 2.424761
11.765498 17.979557 2.638273 2.424921
11.884510 17.887621 2.636893 2.424991
12.003180 17.795444 2.635593 2.425058
12.125025 17.708157 2.635138 2.425081
12.237140 17.606924 2.632724 2.425205
12.356493 17.516438 2.632028 2.425240
12.477707 17.428673 2.631866 2.425248
12.599113 17.341190 2.631874 2.425248
12.720396 17.253529 2.631983 2.425242
12.832963 17.154163 2.630429 2.425322
12.952280 17.063990 2.630403 2.425323
13.073602 16.976414 2.630909 2.425297
13.189033 16.881191 2.630357 2.425326
13.313085 16.796934 2.631646 2.425260
13.437420 16.712769 2.633094 2.425185
13.562209 16.628904 2.634735 2.425102
13.687404 16.545225 2.636552 2.425009
13.809187 16.457148 2.637815 2.424944
13.928484 16.365915 2.638714 2.424898
14.064196 16.293516 2.642808 2.424688
14.189651 16.208700 2.645055 2.424573
14.315557 16.123995 2.647476 2.424449
14.452729 16.051382 2.652056 2.424215
14.582690 15.970086 2.655380 2.424044
14.710191 15.885550 2.658336 2.423893
14.846327 15.809726 2.662927 2.423658
14.985929 15.736772 2.668196 2.423388
15.132586 15.670251 2.674765 2.423052
15.282337 15.605811 2.681911 2.422686
15.434178 15.542296 2.689450 2.422300
15.606388 15.497806 2.700538 2.421732
15.790916 15.463604 2.713722 2.421057
15.960509 15.412885 2.724309 2.420515
16.245184 15.470082 2.754399 2.418975
16.495609 15.490398 2.778454 2.417743
16.728125 15.490406 2.799334 2.416674
17.155785 15.665380 2.852529 2.413950
17.386761 15.655109 2.872691 2.412918
17.781214 15.786902 2.919583 2.410517
20.788744 18.199156 3.392458 2.386306
20.930933 18.067089 3.394996 2.386176
21.021441 17.890644 3.389335 2.386466
21.084656 17.692127 3.379530 2.386968
21.125298 17.476368 3.366406 2.387640
20.967379 17.100565 3.322134 2.389907
20.812199 16.733431 3.278958 2.392117
20.596106 16.324268 3.226878 2.394784
20.446991 15.974940 3.185965 2.396878
20.287104 15.623176 3.143981 2.399028
20.163773 15.305126 3.108232 2.400859
20.075983 15.018747 3.078461 2.402383
19.982323 14.732234 3.048254 2.403929
19.942596 14.489144 3.026689 2.405034
19.937256 14.273676 3.010681 2.405853
19.934696 14.062371 2.995396 2.406636
19.896696 13.828557 2.975107 2.407675
19.916103 13.636838 2.963701 2.408258
19.959358 13.462757 2.956080 2.408648
19.984907 13.277943 2.946063 2.409162
20.030748 13.107745 2.939258 2.409510
20.077490 12.939054 2.932790 2.409841
20.130861 12.775430 2.927487 2.410113
20.188349 12.615080 2.922968 2.410344
20.271849 12.471327 2.922380 2.410374
20.354191 12.326926 2.921773 2.410405
20.429968 12.178699 2.920374 2.410477
20.514679 12.035887 2.920401 2.410475
20.613369 11.901134 2.922551 2.410365
20.707840 11.763693 2.924230 2.410280
20.820425 11.636133 2.928585 2.410056
20.957981 11.521742 2.936548 2.409649
21.075165 11.395295 2.941748 2.409382
21.205027 11.274912 2.948816 2.409021
21.336945 11.154687 2.956259 2.408639
21.435247 11.016212 2.959151 2.408491
21.629446 10.925813 2.975357 2.407662
21.799379 10.821302 2.988268 2.407001
22.041670 10.750441 3.011120 2.405831
22.285975 10.677652 3.034237 2.404647
22.520336 10.597257 3.055998 2.403533
23.020805 10.637098 3.113758 2.400576
23.468256 10.645669 3.164150 2.397995
23.747698 10.573155 3.191796 2.396580
24.004341 10.487242 3.216371 2.395322
24.138014 10.345556 3.224525 2.394904
24.230980 10.185760 3.227366 2.394759
24.338428 10.031572 3.232271 2.394508
24.435833 9.872717 3.235974 2.394318
24.537418 9.715054 3.240366 2.394093
24.638563 9.556660 3.244833 2.393865
24.716925 9.389072 3.246441 2.393782
24.794338 9.220928 3.248075 2.393698
24.871855 9.052614 3.249871 2.393607
24.932171 8.877949 3.249574 2.393622
24.981514 8.699474 3.248010 2.393702
25.079885 8.537883 3.252971 2.393448
25.133984 8.360960 3.252337 2.393480
25.184692 8.183002 3.251428 2.393527
25.220812 8.000515 3.248801 2.393661
25.252811 7.817041 3.245813 2.393814
25.290403 7.635617 3.243714 2.393922
25.315872 7.450863 3.240230 2.394100
25.332798 7.264062 3.235827 2.394325
25.385717 7.087822 3.236187 2.394307
25.413427 6.904666 3.233495 2.394445
25.449697 6.724094 3.232059 2.394518
25.499842 6.547243 3.232543 2.394494
25.542442 6.368445 3.232229 2.394510
25.588430 6.190495 3.232500 2.394496
25.649233 6.015964 3.234797 2.394378
25.719664 5.843358 3.238455 2.394191
25.789242 5.670129 3.242152 2.394002
25.874414 5.499776 3.247954 2.393705
25.958273 5.328470 3.253732 2.393409
26.080162 5.164002 3.264411 2.392862
26.273325 5.011899 3.284130 2.391852
26.627930 4.887136 3.324109 2.389806
33.952335 5.986712 4.233133 2.343264
33.984833 5.748107 4.232079 2.343318
33.969730 5.501884 4.225312 2.343664
33.715797 5.219473 4.189092 2.345519
33.466171 4.941850 4.153688 2.347331
33.220722 4.668868 4.119079 2.349103
32.979324 4.400384 4.085238 2.350836
31.613304 3.993678 3.912477 2.359681
31.387697 3.742749 3.881227 2.361281
31.368227 3.518507 3.875688 2.361565
31.398008 3.300063 3.876426 2.361527
31.427805 3.081526 3.877354 2.361480
31.457624 2.862857 3.878473 2.361422
31.393190 2.636153 3.868165 2.361950
31.180155 2.399178 3.839758 2.363404
30.970221 2.165648 3.811950 2.364828
30.763298 1.935465 3.784726 2.366222
30.559290 1.708519 3.758069 2.367587
30.358145 1.484754 3.731967 2.368923
29.120235 1.220496 3.578654 2.376773
28.931299 1.010303 3.554482 2.378011
28.817928 0.804960 3.539777 2.378763
28.845331 0.604214 3.542538 2.378622
28.872780 0.403160 3.545477 2.378471
28.900276 0.201762 3.548594 2.378312
28.910233 -0.000001 2.529318 2.430499
28.820024 -0.201206 2.521487 2.430900
28.641556 -0.399938 2.506056 2.431690
28.465252 -0.596263 2.490933 2.432464
28.291056 -0.790241 2.476112 2.433223
28.118916 -0.981935 2.461586 2.433967
27.948778 -1.171401 2.447348 2.434696
27.780590 -1.358698 2.433392 2.435410
26.662506 -1.490666 2.336310 2.440381
26.503742 -1.667475 2.323362 2.441044
26.346724 -1.842343 2.310668 2.441694
26.267498 -2.021174 2.304901 2.441989
26.293003 -2.207886 2.308436 2.441808
26.318588 -2.395180 2.312094 2.441621
26.344259 -2.583078 2.315877 2.441427
26.370018 -2.771601 2.319786 2.441227
26.347012 -2.955292 2.319520 2.441241
26.195841 -3.123666 2.308075 2.441827
26.046150 -3.290395 2.296854 2.442401
25.897903 -3.455518 2.285853 2.442964
25.751064 -3.619077 2.275067 2.443516
25.605600 -3.781107 2.264493 2.444058
25.461477 -3.941645 2.254125 2.444589
25.318663 -4.100729 2.243962 2.445109
25.177124 -4.258392 2.233998 2.445619
24.258539 -4.277435 2.155088 2.449660
24.039593 -4.412092 2.138321 2.450518
23.906460 -4.560401 2.129259 2.450982
23.774445 -4.707467 2.120377 2.451437
23.738621 -4.872839 2.120164 2.451447
23.762985 -5.050979 2.125438 2.451177
23.787477 -5.230017 2.130842 2.450901
23.812096 -5.409976 2.136379 2.450617
23.836845 -5.590882 2.142049 2.450327
23.825621 -5.764025 2.144604 2.450196
23.696268 -5.908144 2.136622 2.450605
23.567869 -6.051201 2.128802 2.451005
23.440405 -6.193223 2.121142 2.451397
23.313848 -6.334233 2.113640 2.451782
23.188179 -6.474257 2.106293 2.452158
23.063377 -6.613317 2.099100 2.452526
22.939421 -6.751439 2.092057 2.452887
22.816290 -6.888645 2.085162 2.453240
22.693962 -7.024956 2.078414 2.453585
22.438229 -7.117826 2.059494 2.454554
21.859373 -7.102541 2.010866 2.457044
21.561895 -7.172688 1.988059 2.458211
21.446707 -7.301055 1.982090 2.458517
21.332203 -7.428660 1.976252 2.458816
21.218369 -7.555522 1.970545 2.459108
21.209763 -7.719723 1.974703 2.458895
21.234030 -7.896865 1.982047 2.458519
21.258480 -8.075340 1.989543 2.458135
21.283119 -8.255178 1.997194 2.457744
21.307951 -8.436415 2.005002 2.457344
21.282019 -8.598495 2.008162 2.457182
21.168497 -8.725025 2.003149 2.457439
21.055536 -8.850933 1.998258 2.457689
20.943121 -8.976233 1.993488 2.457933
20.831238 -9.100945 1.988838 2.458171
20.719872 -9.225081 1.984306 2.458403
20.609009 -9.348661 1.979891 2.458629
20.498632 -9.471699 1.975592 2.458849
20.388731 -9.594210 1.971408 2.459064
20.279291 -9.716209 1.967337 2.459272
20.170300 -9.837712 1.963378 2.459475
20.029783 -9.942871 1.956410 2.459832
19.664454 -9.933231 1.927453 2.461314
19.309765 -9.923872 1.899432 2.462749
19.058195 -9.963384 1.881482 2.463668
18.954927 -10.078514 1.878188 2.463837
18.852018 -10.193249 1.874996 2.464000
18.749454 -10.307601 1.871907 2.464158
18.647226 -10.421583 1.868919 2.464311
18.670351 -10.606236 1.878613 2.463815
18.699148 -10.795959 1.889048 2.463281
18.728268 -10.987810 1.899693 2.462736
18.757723 -11.181848 1.910553 2.462180
18.787518 -11.378126 1.921631 2.461612
18.684221 -11.494611 1.919227 2.461735
18.580435 -11.610345 1.916846 2.461857
18.476902 -11.725800 1.914564 2.461974
18.373611 -11.840984 1.912380 2.462086
18.270552 -11.955915 1.910294 2.462193
18.167713 -12.070601 1.908306 2.462295
18.065086 -12.185055 1.906416 2.462392
17.962656 -12.299289 1.904621 2.462483
17.860416 -12.413314 1.902923 2.462570
17.758356 -12.527143 1.901321 2.462652
17.656462 -12.640786 1.899814 2.462729
17.554728 -12.754256 1.898402 2.462802
17.322187 -12.771019 1.882851 2.463598
17.056974 -12.760246 1.863661 2.464580
16.797096 -12.749691 1.844947 2.465539
16.558064 -12.751427 1.828426 2.466384
16.460449 -12.860312 1.827516 2.466431
16.362925 -12.969096 1.826697 2.466473
16.265488 -13.077788 1.825968 2.466511
16.168123 -13.186400 1.825328 2.466543
16.125122 -13.339863 1.830943 2.466256
16.154741 -13.555437 1.845006 2.465536
16.184820 -13.774364 1.859379 2.464800
16.215376 -13.996737 1.874070 2.464048
16.241903 -14.218712 1.888562 2.463306
16.141315 -14.330933 1.888454 2.463311
16.040737 -14.443146 1.888438 2.463312
15.940157 -14.555365 1.888514 2.463308
15.839564 -14.667598 1.888682 2.463299
15.738950 -14.779859 1.888942 2.463286
15.638304 -14.892157 1.889295 2.463268
15.537617 -15.004503 1.889740 2.463245
15.436878 -15.116909 1.890278 2.463218
15.336079 -15.229385 1.890908 2.463186
15.235208 -15.341944 1.891631 2.463148
15.134255 -15.454595 1.892447 2.463107
15.033214 -15.567348 1.893356 2.463060
14.859115 -15.603609 1.885103 2.463483
14.647537 -15.598043 1.872031 2.464152
14.438863 -15.592554 1.859229 2.464807
14.233013 -15.587140 1.846690 2.465449
14.029914 -15.581799 1.834408 2.466078
13.927303 -15.686701 1.835266 2.466034
13.828856 -15.796576 1.836781 2.465957
13.730241 -15.906638 1.838388 2.465874
13.631450 -16.016901 1.840088 2.465787
13.602387 -16.210695 1.851396 2.465209
13.640628 -16.488688 1.872224 2.464142
13.679742 -16.773022 1.893618 2.463047
13.706757 -17.047768 1.913786 2.462014
13.603364 -17.163176 1.916034 2.461899
13.499726 -17.278862 1.918381 2.461779
13.395829 -17.394840 1.920827 2.461654
13.291663 -17.511120 1.923373 2.461523
13.187216 -17.627716 1.926021 2.461388
13.082476 -17.744640 1.928770 2.461247
12.977434 -17.861906 1.931621 2.461101
12.872075 -17.979527 1.934575 2.460950
12.766391 -18.097513 1.937633 2.460793
12.660367 -18.215881 1.940796 2.460631
12.553991 -18.334644 1.944064 2.460464
12.430415 -18.428850 1.944804 2.460426
12.240789 -18.423870 1.935213 2.460917
12.053017 -18.418941 1.925809 2.461399
11.867050 -18.414059 1.916590 2.461870
11.682847 -18.409224 1.907551 2.462333
11.500366 -18.404434 1.898689 2.462787
11.391829 -18.517157 1.902066 2.462614
11.285974 -18.635359 1.906068 2.462409
11.179667 -18.754066 1.910180 2.462199
11.072895 -18.873295 1.914404 2.461982
11.100677 -19.226938 1.942367 2.460551
11.157701 -19.641108 1.976290 2.458814
11.133404 -19.920881 1.996571 2.457776
11.020756 -20.046682 2.001420 2.457527
10.907555 -20.173101 2.006390 2.457273
10.793785 -20.300159 2.011483 2.457012
10.679432 -20.427872 2.016701 2.456745
10.564480 -20.556255 2.022044 2.456471
10.448911 -20.685329 2.027516 2.456191
10.332710 -20.815113 2.033117 2.455904
10.215861 -20.945621 2.038848 2.455611
10.098347 -21.076878 2.044712 2.455311
9.980148 -21.208899 2.050710 2.455004
9.818654 -21.249521 2.047960 2.455144
9.637052 -21.244762 2.040968 2.455503
9.456674 -21.240038 2.034122 2.455853
9.277493 -21.235344 2.027420 2.456196
9.099480 -21.230682 2.020860 2.456532
8.936588 -21.259310 2.017597 2.456699
8.817354 -21.392506 2.024347 2.456353
8.697312 -21.526606 2.031241 2.456000
8.576446 -21.661631 2.038282 2.455640
8.584635 -22.132515 2.076901 2.453663
8.629593 -22.717569 2.126097 2.451144
8.501719 -22.860432 2.133860 2.450746
8.372898 -23.004351 2.141785 2.450341
8.243113 -23.149353 2.149875 2.449926
8.112336 -23.295462 2.158132 2.449504
7.980546 -23.442709 2.166559 2.449072
7.847720 -23.591116 2.175158 2.448632
7.713826 -23.740717 2.183933 2.448183
7.578842 -23.891541 2.192886 2.447724
7.442740 -24.043613 2.202022 2.447256
7.267762 -24.071997 2.199920 2.447364
7.083355 -24.067175 2.194907 2.447621
6.899775 -24.062374 2.190023 2.447871
6.717000 -24.057596 2.185266 2.448114
6.535010 -24.052839 2.180637 2.448351
6.373558 -24.122959 2.182907 2.448235
6.233818 -24.279118 2.193046 2.447716
6.092764 -24.436745 2.203388 2.447186
6.085168 -25.153076 2.264092 2.444078
6.013879 -25.640314 2.304114 2.442029
5.863513 -25.808357 2.315480 2.441447
5.711651 -25.978077 2.327072 2.440854
5.558251 -26.149517 2.338897 2.440248
5.403277 -26.322720 2.350957 2.439631
4.874559 -24.618332 2.195641 2.447583
4.614535 -24.190252 2.154536 2.449688
4.402585 -23.987799 2.133714 2.450754
4.206703 -23.857403 2.119452 2.451484
4.011201 -23.715651 2.104319 2.452259
3.823542 -23.607269 2.092283 2.452875
3.635476 -23.483759 2.079036 2.453553
3.461551 -23.441576 2.073112 2.453856
3.278537 -23.328003 2.060993 2.454477
3.107875 -23.292450 2.055885 2.454739
2.934944 -23.232489 2.048734 2.455105
2.760757 -23.152424 2.039924 2.455556
2.597872 -23.160551 2.038993 2.455603
2.429371 -23.113928 2.033346 2.455893
2.263383 -23.083775 2.029253 2.456102
2.099756 -23.072458 2.026921 2.456222
1.936767 -23.064363 2.024972 2.456321
1.773568 -23.049572 2.022537 2.456446
1.615253 -23.099195 2.025853 2.456276
1.453142 -23.097042 2.024725 2.456334
1.292159 -23.111982 2.025194 2.456310
1.131002 -23.125069 2.025599 2.456289
0.969955 -23.142424 2.026477 2.456244
0.806620 -23.098600 2.022098 2.456469
0.645028 -23.092379 2.021109 2.456519
0.482716 -23.044701 2.016592 2.456750
0.320214 -22.932293 2.006511 2.457267
0.159775 -22.885660 2.002285 2.457483
-0.000000 -22.737682 1.989290 2.458148
-0.157952 -22.624495 1.979435 2.458653
-0.313754 -22.469397 1.966009 2.459340
-0.467866 -22.335604 1.954541 2.459928
-0.619411 -22.175255 1.940840 2.460629
-0.770585 -22.066660 1.931759 2.461094
-0.921512 -21.986574 1.925265 2.461426
-1.068799 -21.853157 1.914189 2.461993
-1.217198 -21.771143 1.907703 2.462326
-1.365772 -21.708332 1.902988 2.462567
-1.512406 -21.628410 1.896861 2.462881
-1.658810 -21.558144 1.891668 2.463146
-1.806491 -21.512909 1.888760 2.463295
-1.948245 -21.407585 1.880661 2.463710
-2.093932 -21.355572 1.877330 2.463881
-2.242074 -21.331903 1.876580 2.463919
-2.387937 -21.288927 1.874220 2.464040
-2.527317 -21.194704 1.867433 2.464387
-2.660089 -21.056761 1.856870 2.464928
-2.787531 -20.891573 1.843974 2.465588
-2.916956 -20.755219 1.833692 2.466115
-3.045009 -20.620754 1.823646 2.466629
-3.182773 -20.559452 1.820145 2.466809
-3.312317 -20.450850 1.812533 2.467198
-3.433648 -20.300949 1.801329 2.467772
-3.567822 -20.234121 1.797565 2.467965
-3.686069 -20.083809 1.786454 2.468534
-3.806845 -19.956175 1.777422 2.468996
-3.910550 -19.749712 1.761422 2.469815
-4.028142 -19.623579 1.752638 2.470265
-4.141429 -19.483889 1.742702 2.470773
-4.235655 -19.264860 1.725714 2.471643
-4.331081 -19.063320 1.710327 2.472431
-4.431904 -18.895512 1.698006 2.473062
-4.546650 -18.793602 1.691660 2.473387
-4.632259 -18.578978 1.675211 2.474229
-4.731201 -18.426807 1.664428 2.474781
-4.839974 -18.318562 1.657662 2.475128
-4.944480 -18.198702 1.649899 2.475525
-5.055048 -18.105148 1.644577 2.475798
-5.154062 -17.974348 1.635925 2.476241
-5.271565 -17.911240 1.633491 2.476365
-5.372226 -17.793667 1.626149 2.476741
-5.491217 -17.739250 1.624640 2.476818
-5.589098 -17.619070 1.617167 2.477201
-5.697920 -17.536394 1.613191 2.477405
-5.805688 -17.452541 1.609167 2.477611
-5.907829 -17.354130 1.603857 2.477883
-6.012594 -17.265812 1.599535 2.478104
-6.116365 -17.176748 1.595201 2.478326
-6.223746 -17.099600 1.592032 2.478488
-6.364511 -17.113653 1.597439 2.478211
-6.464407 -17.017670 1.592653 2.478456
-6.567851 -16.932924 1.588975 2.478644
-6.669657 -16.845631 1.585114 2.478842
-6.766450 -16.747549 1.580292 2.479089
-6.872918 -16.674948 1.577930 2.479210
-6.982100 -16.609756 1.576335 2.479291
-7.078720 -16.515886 1.572078 2.479510
-7.178071 -16.429956 1.568631 2.479686
-7.280116 -16.351406 1.565946 2.479824
-7.383399 -16.276611 1.563681 2.479939
-7.496469 -16.223843 1.563602 2.479944
-7.601027 -16.153000 1.561850 2.480033
-7.698371 -16.067739 1.558765 2.480191
-7.804152 -16.000881 1.557527 2.480255
-7.906186 -15.926907 1.555661 2.480350
-8.008323 -15.853782 1.553942 2.480438
-8.115300 -15.790662 1.553270 2.480473
-8.217377 -15.718392 1.551767 2.480550
-8.319095 -15.645942 1.550310 2.480624
-8.419826 -15.572141 1.548784 2.480702
-8.526423 -15.509504 1.548437 2.480720
-8.636572 -15.453321 1.548810 2.480701
-8.744673 -15.393409 1.548886 2.480697
-8.858937 -15.344130 1.550113 2.480634
-8.962255 -15.275793 1.549493 2.480666
-9.062959 -15.203253 1.548515 2.480716
-9.180511 -15.158823 1.550480 2.480615
-9.287865 -15.097209 1.550772 2.480600
-9.398899 -15.041382 1.551740 2.480551
-9.510204 -14.985683 1.552806 2.480496
-9.623540 -14.932809 1.554251 2.480422
-9.745980 -14.893415 1.557195 2.480272
-9.865576 -14.848885 1.559702 2.480143
-9.989471 -14.810000 1.562905 2.479979
-10.115519 -14.773340 1.566451 2.479798
-10.236539 -14.728447 1.569230 2.479656
-10.363655 -14.691415 1.572955 2.479465
-10.507051 -14.676094 1.579130 2.479149
-10.647082 -14.654451 1.584761 2.478860
-10.793140 -14.639458 1.591249 2.478528
-10.933133 -14.614619 1.596807 2.478244
-11.067361 -14.580707 1.601505 2.478003
-11.218553 -14.567588 1.608627 2.477638
-11.361929 -14.542605 1.614589 2.477333
-11.503923 -14.514334 1.620327 2.477039
-11.654654 -14.495463 1.627264 2.476684
-11.802699 -14.471540 1.633789 2.476350
-11.960347 -14.457573 1.641599 2.475950
-12.106796 -14.428318 1.647834 2.475631
-12.262261 -14.408103 1.655263 2.475250
-12.420114 -14.388839 1.662970 2.474856
-12.582841 -14.373264 1.671282 2.474430
-12.742032 -14.351692 1.679077 2.474031
-12.891671 -14.317651 1.685583 2.473698
-13.064394 -14.307331 1.695065 2.473213
-13.246399 -14.304808 1.705680 2.472669
-13.440335 -14.312504 1.717744 2.472051
-13.587129 -14.267887 1.723732 2.471745
-13.801265 -14.291627 1.738199 2.471004
-14.034886 -14.331948 1.754977 2.470145
-14.325656 -14.426017 1.778699 2.468930
-16.000010 -15.888697 1.972769 2.458994
-16.117495 -15.783413 1.973620 2.458951
-16.235083 -15.678037 1.974568 2.458902
-16.352793 -15.572549 1.975614 2.458848
-16.470629 -15.466948 1.976756 2.458790
-16.426666 -15.211261 1.958687 2.459715
-16.353588 -14.932875 1.937495 2.460800
-16.282072 -14.660443 1.916849 2.461857
-16.212057 -14.393732 1.896730 2.462888
-16.296656 -14.266641 1.894929 2.462980
-16.410185 -14.164892 1.896585 2.462895
-16.523924 -14.062958 1.898336 2.462805
-16.934460 -14.209698 1.934056 2.460976
-17.388279 -14.384830 1.974369 2.458912
-17.658754 -14.402126 1.993615 2.457927
-17.778807 -14.294528 1.995853 2.457812
-17.899137 -14.186678 1.998194 2.457692
-18.019753 -14.078572 2.000638 2.457567
-18.140673 -13.970193 2.003185 2.457437
-18.261900 -13.861535 2.005837 2.457301
-18.383455 -13.752584 2.008594 2.457160
-18.347956 -13.527277 1.994348 2.457889
-18.311771 -13.304279 1.980270 2.458610
-18.276087 -13.084388 1.966485 2.459316
-18.240894 -12.867534 1.952985 2.460007
-18.206177 -12.653624 1.939762 2.460684
-18.262547 -12.504623 1.936419 2.460855
-18.381193 -12.398271 1.939775 2.460684
-18.500261 -12.291539 1.943236 2.460506
-19.077080 -12.483689 1.994622 2.457875
-19.619976 -12.644213 2.042105 2.455444
-19.746037 -12.531212 2.046070 2.455241
-19.872585 -12.417769 2.050150 2.455032
-19.451666 -11.966740 1.998058 2.457699
-19.521194 -11.822454 1.996674 2.457770
-19.610327 -11.690102 1.997394 2.457733
-19.707666 -11.562416 1.999038 2.457649
-19.800394 -11.431763 2.000299 2.457585
-19.900669 -11.305149 2.002407 2.457477
-20.013046 -11.184912 2.005809 2.457303
-20.119061 -11.060548 2.008646 2.457157
-20.092648 -10.864050 1.998387 2.457683
-20.219099 -10.750686 2.003451 2.457423
-20.346205 -10.636734 2.008638 2.457158
-20.684504 -10.630389 2.034660 2.455825
-20.831696 -10.522847 2.041862 2.455456
-20.984896 -10.416989 2.049700 2.455055
-21.157749 -10.319323 2.059496 2.454554
-21.319126 -10.214409 2.068213 2.454107
-21.502407 -10.118262 2.079090 2.453551
-22.254025 -10.282804 2.144771 2.450188
-22.334017 -10.131156 2.145611 2.450145
-22.278221 -9.918902 2.133547 2.450763
-22.223043 -9.709003 2.121719 2.451368
-22.168468 -9.501416 2.110124 2.451962
-22.114485 -9.296074 2.098757 2.452543
-22.065895 -9.094902 2.088069 2.453091
-22.204058 -8.971021 2.095165 2.452728
-22.343174 -8.846284 2.102413 2.452356
-22.883209 -8.875810 2.147346 2.450056
-22.973127 -8.726673 2.150014 2.449919
-23.065866 -8.578115 2.153036 2.449764
-23.160328 -8.429669 2.156307 2.449597
-23.241928 -8.276073 2.158473 2.449486
-23.310150 -8.117452 2.159493 2.449434
-23.378403 -7.958659 2.160616 2.449377
-23.460928 -7.804409 2.163154 2.449246
-23.548727 -7.651445 2.166272 2.449087
-23.622471 -7.493484 2.168190 2.448989
-23.702618 -7.337184 2.170792 2.448855
-23.786510 -7.181572 2.173830 2.448700
-23.878052 -7.027690 2.177659 2.448504
-23.978476 -6.875717 2.182387 2.448262
-24.079481 -6.723107 2.187254 2.448012
-24.171953 -6.567372 2.191436 2.447798
-24.288950 -6.417418 2.197927 2.447466
-24.409479 -6.267286 2.204821 2.447113
-24.502888 -6.109256 2.209352 2.446881
-24.592600 -5.949572 2.213642 2.446661
-24.678528 -5.788295 2.217685 2.446455
-24.771166 -5.627872 2.222425 2.446212
-24.863905 -5.466681 2.227267 2.445964
-24.952887 -5.303899 2.231866 2.445729
-25.035973 -5.139143 2.236034 2.445515
-25.134165 -4.976697 2.241646 2.445228
-25.203108 -4.807751 2.244747 2.445069
-25.290874 -4.641741 2.249623 2.444819
-25.388546 -4.476685 2.255476 2.444520
-25.480223 -4.309652 2.260892 2.444242
-25.583725 -4.143657 2.267454 2.443906
-25.672010 -3.974238 2.272764 2.443635
-25.745583 -3.801774 2.276872 2.443424
-25.816177 -3.628227 2.280820 2.443222
-25.872118 -3.452073 2.283577 2.443081
-25.853024 -3.265995 2.279824 2.443273
-25.830008 -3.080043 2.275842 2.443477
-25.610487 -2.872673 2.254679 2.444561
-25.303644 -2.659520 2.225976 2.446030
-24.908258 -2.442272 2.189641 2.447890
-24.502157 -2.229869 2.152520 2.449791
-24.389280 -2.048026 2.141295 2.450366
-24.500780 -1.885229 2.149877 2.449926
-24.779671 -1.732763 2.173234 2.448730
-25.041613 -1.575480 2.195189 2.447606
-25.099253 -1.403264 2.199329 2.447394
-25.284748 -1.236631 2.214773 2.446604
-25.228251 -1.057374 2.209124 2.446893
-25.086218 -0.876030 2.196097 2.447560
-25.121593 -0.701705 2.198712 2.447426
-25.157053 -0.526963 2.201440 2.447286
-25.192600 -0.351779 2.204282 2.447141
-25.228241 -0.176126 2.207239 2.446989
-25.263977 0.000000 2.210312 2.446832
-25.299812 0.176633 2.213501 2.446669
-25.335751 0.353779 2.216807 2.446499
-25.204084 0.527949 2.205555 2.447076
-25.050413 0.699724 2.192482 2.447745
-24.898548 0.869477 2.179668 2.448401
-24.748432 1.037271 2.167108 2.449044
-24.600033 1.203144 2.154797 2.449674
-24.453300 1.367151 2.142728 2.450292
-22.988491 1.446316 2.015209 2.456821
-22.852762 1.598021 2.004240 2.457383
-22.718487 1.748096 1.993485 2.457933
-22.585644 1.896571 1.982942 2.458473
-22.582222 2.055142 1.983853 2.458427
-22.615126 2.217435 1.988055 2.458211
-22.648169 2.380419 1.992372 2.457991
-22.681355 2.544126 1.996806 2.457763
-22.714689 2.708564 2.001356 2.457530
-22.748175 2.873762 2.006026 2.457291
-22.781818 3.039747 2.010815 2.457046
-22.808407 3.205513 2.015088 2.456827
-22.679930 3.349085 2.005754 2.457305
-22.552633 3.491334 1.996603 2.457774
-22.426487 3.632298 1.987632 2.458233
-22.301456 3.772012 1.978836 2.458683
-22.177523 3.910496 1.970214 2.459125
-22.054653 4.047791 1.961761 2.459558
-21.932831 4.183913 1.953475 2.459982
-21.812025 4.318896 1.945354 2.460398
-21.005117 4.311734 1.876027 2.463947
-20.402140 4.336609 1.824833 2.466568
-20.290638 4.461190 1.817601 2.466939
-20.180014 4.584788 1.810515 2.467302
-20.070242 4.707432 1.803571 2.467657
-20.050089 4.850629 1.804759 2.467596
-20.081747 5.006942 1.810711 2.467292
-20.113617 5.164303 1.816791 2.466980
-20.145700 5.322725 1.823002 2.466662
-20.178003 5.482242 1.829343 2.466338
-20.210535 5.642885 1.835820 2.466006
-20.243294 5.804672 1.842431 2.465667
-20.276293 5.967641 1.849182 2.465322
-20.214888 6.103236 1.847422 2.465412
-20.106718 6.224068 1.841463 2.465717
-19.999233 6.344133 1.835631 2.466016
-19.892424 6.463440 1.829924 2.466308
-19.786264 6.582018 1.824342 2.466594
-19.680750 6.699875 1.818881 2.466873
-19.575859 6.817035 1.813541 2.467147
-19.471571 6.933517 1.808321 2.467414
-19.367878 7.049332 1.803217 2.467675
-19.264761 7.164504 1.798230 2.467931
-18.878387 7.171228 1.766795 2.469540
-18.369022 7.124874 1.723737 2.471745
-17.929455 7.098776 1.687098 2.473620
-17.833984 7.205398 1.682807 2.473840
-17.738989 7.311487 1.678619 2.474055
-17.644463 7.417050 1.674533 2.474264
-17.550388 7.522106 1.670548 2.474468
-17.518711 7.653739 1.672579 2.474364
-17.551195 7.814296 1.680848 2.473941
-17.584002 7.976461 1.689281 2.473509
-17.617138 8.140263 1.697883 2.473068
-17.650616 8.305748 1.706656 2.472619
-17.684441 8.472967 1.715605 2.472161
-17.718620 8.641949 1.724732 2.471694
-17.753168 8.812753 1.734041 2.471217
-17.682102 8.931873 1.733148 2.471263
-17.586735 9.038353 1.729943 2.471427
-17.491711 9.144447 1.726834 2.471586
-17.397024 9.250162 1.723820 2.471740
-17.302660 9.355516 1.720899 2.471890
-17.208611 9.460515 1.718073 2.472035
-17.114864 9.565174 1.715338 2.472175
-17.021408 9.669509 1.712696 2.472310
-16.928236 9.773522 1.710145 2.472440
-16.835333 9.877235 1.707684 2.472567
-16.742693 9.980650 1.705314 2.472688
-16.528936 10.010279 1.690618 2.473440
-16.226765 9.982776 1.666800 2.474660
-15.932987 9.956036 1.643723 2.475841
-15.647207 9.930023 1.621353 2.476987
-15.399049 9.924011 1.602779 2.477938
-15.312725 10.020366 1.601036 2.478027
-15.226580 10.116518 1.599375 2.478112
-15.140611 10.212471 1.597795 2.478193
-15.054803 10.308243 1.596295 2.478270
-14.976701 10.409080 1.595680 2.478301
-15.013427 10.590807 1.607432 2.477699
-15.050699 10.775245 1.619437 2.477085
-15.088531 10.962461 1.631703 2.476457
-15.126944 11.152549 1.644237 2.475815
-15.165948 11.345580 1.657046 2.475159
-15.205565 11.541652 1.670138 2.474489
-15.198359 11.704315 1.678280 2.474072
-15.108783 11.804276 1.677448 2.474115
-15.019286 11.904144 1.676698 2.474153
-14.929868 12.003923 1.676031 2.474187
-14.840515 12.103628 1.675445 2.474217
-14.751216 12.203270 1.674941 2.474243
-14.661968 12.302853 1.674519 2.474265
-14.572758 12.402393 1.674179 2.474282
-14.483581 12.501893 1.673920 2.474295
-14.394425 12.601366 1.673743 2.474304
-14.305281 12.700826 1.673647 2.474309
-14.216145 12.800275 1.673633 2.474310
-14.059639 12.838220 1.665719 2.474715
-13.842681 12.818465 1.650577 2.475490
-13.629622 12.799066 1.635787 2.476248
-13.420328 12.780008 1.621337 2.476987
-13.214697 12.761285 1.607219 2.477710
-13.012599 12.742883 1.593420 2.478417
-12.853695 12.764273 1.584835 2.478856
-12.769138 12.858596 1.585439 2.478826
-12.684509 12.952997 1.586121 2.478791
-12.599806 13.047482 1.586881 2.478752
-12.515014 13.142063 1.587719 2.478709
-12.430129 13.236745 1.588635 2.478662
-12.479341 13.476460 1.606910 2.477726
-12.533248 13.725661 1.626151 2.476741
-12.588462 13.980904 1.645938 2.475728
-12.645039 14.242455 1.666296 2.474685
-12.693098 14.499211 1.685927 2.473680
-12.602552 14.600196 1.687398 2.473605
-12.511839 14.701365 1.688953 2.473526
-12.420957 14.802720 1.690594 2.473442
-12.329888 14.904281 1.692321 2.473353
-12.238633 15.006048 1.694133 2.473260
-12.147176 15.108039 1.696032 2.473163
-12.055505 15.210265 1.698018 2.473062
-11.963617 15.312732 1.700092 2.472955
-11.871495 15.415457 1.702253 2.472845
-11.779138 15.518443 1.704503 2.472729
-11.686530 15.621706 1.706842 2.472610
-11.560353 15.680086 1.704361 2.472737
-11.378358 15.660967 1.693607 2.473287
-11.198628 15.642085 1.683069 2.473827
-11.021120 15.623437 1.672743 2.474355
-10.845768 15.605015 1.662623 2.474874
-10.672510 15.586812 1.652705 2.475381
-10.501305 15.568826 1.642984 2.475879
-10.341743 15.565579 1.634982 2.476289
-10.251595 15.666080 1.637981 2.476135
-10.161110 15.766954 1.641071 2.475977
-10.070275 15.868218 1.644253 2.475814
-9.979086 15.969876 1.647528 2.475646
-9.905148 16.100594 1.653839 2.475323
-9.982231 16.482626 1.685881 2.473683
-10.062362 16.879768 1.719275 2.471973
-10.145738 17.292995 1.754107 2.470190
-10.063731 17.430895 1.760925 2.469841
-9.964780 17.541193 1.764996 2.469632
-9.865369 17.652000 1.769173 2.469418
-9.765479 17.763340 1.773456 2.469199
-9.665096 17.875227 1.777846 2.468974
-9.564213 17.987669 1.782345 2.468744
-9.462808 18.100691 1.786954 2.468508
-9.360876 18.214298 1.791674 2.468266
-9.258398 18.328510 1.796507 2.468019
-9.155355 18.443350 1.801454 2.467766
-9.025558 18.505138 1.801291 2.467774
-8.858895 18.489950 1.793749 2.468160
-8.693621 18.474888 1.786356 2.468539
-8.529694 18.459948 1.779110 2.468910
-8.367078 18.445126 1.772009 2.469273
-8.205752 18.430424 1.765050 2.469630
-8.045676 18.415833 1.758230 2.469979
-7.886829 18.401356 1.751548 2.470321
-7.755079 18.448603 1.750849 2.470356
-7.651524 18.563993 1.756688 2.470057
-7.547273 18.680157 1.762651 2.469752
-7.442303 18.797121 1.768742 2.469440
-7.409842 19.103718 1.792681 2.468215
-7.583074 19.962582 1.868262 2.464345
-7.531829 20.252485 1.890427 2.463210
-7.417617 20.379736 1.897424 2.462852
-7.302546 20.507942 1.904568 2.462486
-7.186603 20.637115 1.911858 2.462113
-7.069762 20.767288 1.919298 2.461732
-6.951998 20.898487 1.926891 2.461343
-6.833297 21.030727 1.934638 2.460946
-6.713627 21.164045 1.942543 2.460542
-6.592972 21.298458 1.950608 2.460129
-6.437390 21.321661 1.948570 2.460233
-6.270834 21.306477 1.943133 2.460511
-6.105203 21.291374 1.937822 2.460783
-5.940461 21.276354 1.932633 2.461049
-5.776597 21.261414 1.927566 2.461308
-5.613582 21.246550 1.922618 2.461562
-5.451387 21.231762 1.917789 2.461809
-5.290003 21.217047 1.913078 2.462050
-5.162058 21.337381 1.920632 2.461664
-5.037239 21.476410 1.929933 2.461187
-4.911208 21.616785 1.939419 2.460702
-5.058555 23.007641 2.060986 2.454478
-4.922609 23.159056 2.071420 2.453943
-4.785272 23.312016 2.082063 2.453398
-4.646498 23.466574 2.092918 2.452842
-4.506274 23.622746 2.103990 2.452276
-4.364551 23.780582 2.115282 2.451697
-4.221290 23.940130 2.126801 2.451108
-4.076454 24.101429 2.138550 2.450506
-3.910406 24.143631 2.139820 2.450441
-3.735151 24.127645 2.136040 2.450635
-3.560505 24.111715 2.132377 2.450822
-3.386449 24.095839 2.128830 2.451004
-3.212962 24.080013 2.125399 2.451180
-3.040012 24.064236 2.122081 2.451349
-2.867605 24.048510 2.118877 2.451514
-2.700822 24.078396 2.119797 2.451466
-2.548561 24.247942 2.133105 2.450785
-2.394368 24.419636 2.146687 2.450090
-2.366667 26.005386 2.284579 2.443029
-2.199369 26.191666 2.299539 2.442264
-2.029858 26.380407 2.314809 2.441482
-1.858072 26.571678 2.330397 2.440684
-1.683948 26.765551 2.346312 2.439869
-1.507407 26.962111 2.362563 2.439037
-1.318537 26.959572 2.361476 2.439092
-1.129213 26.942299 2.359215 2.439208
-0.940243 26.925056 2.357073 2.439318
-0.751607 26.907845 2.355050 2.439421
-0.563270 26.890659 2.353144 2.439519
-0.375243 26.873503 2.351356 2.439610
-0.187634 26.876568 2.351452 2.439606
0.000001 27.085455 2.369670 2.438673
0.190574 27.297613 2.388290 2.437720
0.406246 29.092598 2.545521 2.429669
0.614260 29.324165 2.566095 2.428616
0.825676 29.559517 2.587131 2.427539
1.040524 29.796686 2.608461 2.426447
1.248055 29.777744 2.607502 2.426496
1.455459 29.758816 2.606671 2.426538
1.662725 29.739897 2.605967 2.426574
1.869890 29.720989 2.605391 2.426604
2.076973 29.702087 2.604941 2.426627
2.283994 29.683191 2.604619 2.426644
2.508967 29.878368 2.623219 2.425691
2.742843 30.138693 2.647691 2.424438
3.152273 32.149326 2.826190 2.415299
3.409073 32.435158 2.853340 2.413909
3.657814 32.610172 2.870912 2.413009
3.886054 32.589336 2.871397 2.412985
3.695236 29.250753 2.579449 2.427932
3.780871 28.336285 2.501074 2.431945
3.917578 27.875008 2.462714 2.433909
4.058684 27.485371 2.430734 2.435546
4.200078 27.130791 2.401911 2.437022
4.338732 26.788103 2.374197 2.438441
4.464507 26.395727 2.342126 2.440083
4.576276 25.953350 2.305652 2.441951
4.615398 25.147341 2.236856 2.445473
4.640543 24.326534 2.166674 2.449066
4.697967 23.726440 2.116095 2.451656
4.778285 23.277975 2.079022 2.453554
4.868434 22.904179 2.048623 2.455111
4.967483 22.593416 2.023880 2.456377
5.074135 22.333855 2.003754 2.457408
5.178774 22.079794 1.984155 2.458411
5.297879 21.898796 1.971166 2.459076
5.414541 21.716536 1.958115 2.459744
5.534872 21.556910 1.947159 2.460305
5.656413 21.408632 1.937285 2.460811
5.776795 21.262119 1.927630 2.461305
5.895113 21.113911 1.917878 2.461805
6.015624 20.978971 1.909389 2.462239
6.135398 20.846302 1.901166 2.462660
6.252554 20.709433 1.892619 2.463098
6.372981 20.587757 1.885519 2.463461
6.492595 20.467243 1.878587 2.463816
6.611423 20.347864 1.871821 2.464163
6.733979 20.243093 1.866462 2.464437
6.857272 20.143082 1.861610 2.464685
6.975352 20.030468 1.855657 2.464990
7.094679 19.924166 1.850353 2.465262
7.210179 19.809803 1.844362 2.465569
7.325029 19.696415 1.838521 2.465868
7.439261 19.583973 1.832829 2.466159
7.552877 19.472467 1.827284 2.466443
7.665908 19.361868 1.821883 2.466719
7.778374 19.252150 1.816625 2.466989
7.890294 19.143293 1.811506 2.467251
8.001697 19.035265 1.806526 2.467506
8.111260 18.924978 1.801390 2.467769
8.214556 18.802368 1.795134 2.468089
8.323873 18.695723 1.790457 2.468328
8.430003 18.583843 1.785335 2.468591
8.534747 18.470869 1.780163 2.468856
8.643360 18.368065 1.776027 2.469067
8.749370 18.261337 1.771571 2.469296
8.855150 18.155748 1.767282 2.469515
8.958082 18.045942 1.762638 2.469753
9.065083 17.945797 1.758995 2.469939
9.167855 17.838707 1.754729 2.470158
9.274005 17.739529 1.751299 2.470333
9.379855 17.640942 1.747989 2.470503
9.481588 17.535835 1.744090 2.470702
9.585945 17.436756 1.740850 2.470869
9.691044 17.340073 1.737910 2.471019
9.795897 17.243893 1.735082 2.471164
9.900520 17.148205 1.732367 2.471303
10.004929 17.052990 1.729762 2.471436
10.109142 16.958231 1.727267 2.471564
10.213161 16.863926 1.724882 2.471686
10.317008 16.770052 1.722606 2.471802
10.420696 16.676600 1.720437 2.471914
10.528323 16.589987 1.719043 2.471985
10.632401 16.498245 1.717187 2.472080
10.739537 16.411724 1.715943 2.472144
10.844724 16.322617 1.714501 2.472218
10.950482 16.234758 1.713260 2.472281
11.061813 16.155375 1.712991 2.472295
11.165047 16.064384 1.711567 2.472368
11.272711 15.980079 1.710928 2.472400
11.382308 15.898635 1.710674 2.472413
11.485477 15.808404 1.709551 2.472471
11.595345 15.727545 1.709520 2.472473
11.707230 15.649366 1.709865 2.472455
11.819286 15.571327 1.710312 2.472432
11.931035 15.492761 1.710790 2.472408
12.036554 15.406086 1.710456 2.472425
12.143785 15.321646 1.710452 2.472425
12.256642 15.244178 1.711316 2.472381
12.377013 15.175711 1.713288 2.472280
12.490536 15.098460 1.714369 2.472224
12.603115 15.019807 1.715387 2.472172
12.716018 14.941274 1.716515 2.472114
12.829217 14.862781 1.717746 2.472051
12.952881 14.795950 1.720431 2.471914
13.069162 14.720148 1.722184 2.471824
13.188676 14.647509 1.724416 2.471710
13.310721 14.577102 1.727025 2.471576
13.425809 14.498546 1.728782 2.471486
13.546571 14.425627 1.731321 2.471356
13.671657 14.356650 1.734456 2.471196
13.790396 14.280372 1.736830 2.471074
13.910127 14.204556 1.739377 2.470944
14.039579 14.137929 1.743179 2.470749
14.176850 14.078215 1.747977 2.470504
14.321345 14.024494 1.753678 2.470212
14.468761 13.972320 1.759742 2.469901
14.635433 13.937137 1.768136 2.469471
14.792917 13.891464 1.775402 2.469099
14.951860 13.845569 1.782833 2.468719
15.117287 13.803976 1.791024 2.468300
15.282274 13.760221 1.799146 2.467884
15.493114 13.755433 1.812618 2.467194
15.687400 13.733271 1.824086 2.466607
15.986101 13.798826 1.847571 2.465404
16.285774 13.860276 1.870977 2.464206
16.620623 13.946358 1.898214 2.462811
17.023352 14.082943 1.932933 2.461034
17.328005 14.132367 1.956274 2.459839
17.696531 14.228370 1.986616 2.458285
18.033693 14.293326 2.013215 2.456923
18.270958 14.274837 2.028528 2.456139
18.478542 14.230396 2.040495 2.455527
18.613306 14.128259 2.044434 2.455325
18.783415 14.051783 2.052293 2.454923
18.890825 13.927515 2.053355 2.454868
18.932186 13.755038 2.047363 2.455175
18.979687 13.588123 2.042192 2.455440
19.038458 13.430144 2.038376 2.455635
19.137276 13.300747 2.038965 2.455605
19.187910 13.138233 2.034538 2.455832
19.240410 12.977820 2.030448 2.456041
19.305082 12.826268 2.027774 2.456178
19.390154 12.688552 2.027355 2.456199
19.445278 12.531620 2.023922 2.456375
19.516237 12.385378 2.022259 2.456460
19.597198 12.245687 2.021740 2.456487
19.662422 12.096405 2.019707 2.456591
19.734245 11.951474 2.018464 2.456655
19.808296 11.808108 2.017558 2.456701
19.892241 11.670705 2.017760 2.456691
19.967119 11.528022 2.017143 2.456722
20.020327 11.373131 2.014447 2.456860
20.080429 11.222564 2.012562 2.456957
20.152855 11.079120 2.012019 2.456985
20.246672 10.947330 2.013706 2.456898
20.320410 10.804554 2.013489 2.456909
20.389713 10.659487 2.012933 2.456938
20.462318 10.516194 2.012804 2.456944
20.546928 10.378994 2.013950 2.456886
20.613506 10.232630 2.013424 2.456913
20.702904 10.097480 2.015222 2.456821
20.817451 9.974054 2.019545 2.456599
20.921295 9.844805 2.022901 2.456428
20.998894 9.702846 2.023805 2.456381
21.109507 9.575693 2.027974 2.456168
21.245560 9.459132 2.034650 2.455826
21.398228 9.348658 2.042971 2.455400
21.556475 9.239108 2.051871 2.454944
21.740807 9.138988 2.063293 2.454359
22.022131 9.076864 2.083927 2.453303
22.404560 9.052030 2.114084 2.451759
22.811777 9.031824 2.146507 2.450099
23.130409 8.971685 2.170542 2.448868
23.398529 8.888261 2.189826 2.447881
23.619158 8.783882 2.204682 2.447120
23.759859 8.647882 2.212126 2.446739
23.911818 8.514618 2.220685 2.446301
24.036863 8.370512 2.226816 2.445987
24.154104 8.222721 2.232305 2.445706
24.246561 8.065754 2.235591 2.445538
24.320936 7.902350 2.237308 2.445450
24.381691 7.734331 2.237875 2.445421
24.432318 7.563056 2.237621 2.445434
24.489227 7.393727 2.238051 2.445412
24.554804 7.226868 2.239378 2.445344
24.618599 7.059269 2.240647 2.445279
24.659660 6.885103 2.239955 2.445314
24.729712 6.718905 2.242002 2.445209
24.773430 6.545416 2.241768 2.445221
24.812056 6.370650 2.241184 2.445251
24.885164 6.204568 2.243821 2.445116
24.941393 6.033960 2.245038 2.445054
25.002617 5.864302 2.246809 2.444963
25.063253 5.694225 2.248630 2.444870
25.119085 5.522786 2.250125 2.444793
25.165255 5.349040 2.250861 2.444756
25.230429 5.179066 2.253402 2.444626
25.271601 5.003903 2.253904 2.444600
25.301325 4.826480 2.253495 2.444621
25.335432 4.649919 2.253586 2.444616
25.375340 4.474357 2.254303 2.444580
25.409037 4.297619 2.254576 2.444566
25.435570 4.119655 2.254323 2.444579
25.441624 3.938565 2.252367 2.444679
25.453457 3.758636 2.251037 2.444747
25.480165 3.581003 2.251133 2.444742
25.521011 3.405232 2.252587 2.444668
25.554028 3.228216 2.253457 2.444623
25.580091 3.050235 2.253822 2.444604
25.635071 2.875431 2.256843 2.444450
25.690369 2.700166 2.259996 2.444288
25.732307 2.523077 2.262081 2.444181
25.740379 2.342549 2.261298 2.444221
25.759884 2.163112 2.261630 2.444204
25.797550 1.985010 2.263665 2.444100
25.824661 1.805836 2.264882 2.444038
25.838293 1.625610 2.265027 2.444031
25.820152 1.443562 2.262498 2.444160
25.831619 1.263371 2.262675 2.444151
25.830141 1.082600 2.261828 2.444194
25.855545 0.902895 2.263446 2.444111
25.928724 0.724257 2.269354 2.443809
28.827833 0.603847 2.522662 2.430840
28.855249 0.402915 2.524753 2.430732
28.882715 0.201639 2.526972 2.430619
24.817402 -0.000000 1.300625 2.493408
24.787554 -0.173053 1.299092 2.493486
24.762493 -0.345773 1.297874 2.493549
24.731560 -0.518053 1.296410 2.493624
24.693167 -0.689743 1.294619 2.493715
24.651201 -0.860839 1.292702 2.493814
24.604485 -1.031234 1.290599 2.493921
24.554010 -1.200892 1.288359 2.494036
24.499504 -1.369735 1.285970 2.494158
24.442923 -1.537819 1.283532 2.494283
24.377396 -1.704634 1.280685 2.494429
24.308868 -1.870466 1.277740 2.494580
24.230028 -2.034653 1.274311 2.494755
24.159082 -2.198649 1.271356 2.494907
24.093029 -2.362343 1.268717 2.495042
24.006439 -2.523179 1.265054 2.495229
23.923838 -2.683489 1.261658 2.495403
23.850801 -2.844036 1.258823 2.495548
23.781128 -3.004256 1.256222 2.495681
23.706409 -3.163111 1.253411 2.495825
23.642111 -3.322682 1.251207 2.495938
23.593628 -3.484004 1.249898 2.496005
23.536806 -3.643691 1.248205 2.496092
23.496691 -3.805634 1.247456 2.496130
23.479559 -3.971271 1.247988 2.496103
23.470417 -4.138468 1.249008 2.496051
23.479454 -4.309287 1.251059 2.495946
23.524559 -4.487550 1.255101 2.495739
23.630064 -4.678879 1.262442 2.495363
23.723557 -4.869748 1.269222 2.495016
23.747869 -5.047766 1.272378 2.494854
23.772306 -5.226681 1.275611 2.494689
23.796869 -5.406517 1.278923 2.494519
23.821564 -5.587297 1.282315 2.494345
23.809855 -5.760211 1.283819 2.494268
23.680645 -5.904248 1.279043 2.494513
23.552389 -6.047226 1.274365 2.494752
23.425062 -6.189169 1.269783 2.494987
23.298643 -6.330101 1.265295 2.495217
23.173109 -6.470049 1.260900 2.495442
23.048439 -6.609034 1.256596 2.495662
22.924612 -6.747081 1.252383 2.495878
22.801609 -6.884212 1.248258 2.496089
22.679407 -7.020450 1.244221 2.496296
22.425581 -7.113814 1.232990 2.496871
21.847342 -7.098632 1.203893 2.498361
21.548197 -7.168131 1.190138 2.499065
21.433121 -7.296431 1.186566 2.499248
21.318731 -7.423968 1.183074 2.499427
21.205006 -7.550764 1.179660 2.499601
21.195414 -7.714500 1.182094 2.499477
21.219610 -7.891502 1.186487 2.499252
21.243988 -8.069836 1.190971 2.499022
21.268555 -8.249530 1.195548 2.498788
21.293314 -8.430620 1.200219 2.498549
21.268831 -8.593166 1.202191 2.498448
21.155413 -8.719632 1.199192 2.498601
21.042553 -8.845475 1.196266 2.498751
20.930239 -8.970713 1.193412 2.498897
20.818453 -9.095360 1.190630 2.499040
20.707184 -9.219433 1.187919 2.499178
20.596416 -9.342950 1.185277 2.499314
20.486135 -9.465924 1.182705 2.499445
20.376328 -9.588373 1.180201 2.499573
20.266981 -9.710311 1.177766 2.499698
20.158079 -9.831752 1.175397 2.499820
20.022348 -9.939180 1.171501 2.500019
19.657261 -9.929598 1.154167 2.500906
19.302807 -9.920296 1.137394 2.501765
19.046734 -9.957393 1.126374 2.502330
18.943550 -10.072465 1.124404 2.502430
18.840721 -10.187140 1.122494 2.502528
18.738237 -10.301435 1.120646 2.502623
18.636087 -10.415359 1.118858 2.502714
18.656219 -10.598208 1.124482 2.502426
18.684914 -10.787741 1.130723 2.502107
18.713932 -10.979399 1.137090 2.501781
18.743282 -11.173240 1.143585 2.501448
18.772970 -11.369316 1.150211 2.501109
18.673157 -11.487803 1.148982 2.501172
18.569445 -11.603477 1.147557 2.501245
18.465986 -11.718872 1.146191 2.501315
18.362768 -11.833997 1.144885 2.501382
18.259781 -11.948867 1.143637 2.501446
18.157015 -12.063494 1.142448 2.501507
18.054459 -12.177886 1.141316 2.501565
17.952099 -12.292060 1.140243 2.501620
17.849930 -12.406024 1.139227 2.501672
17.747936 -12.519793 1.138268 2.501721
17.646111 -12.633376 1.137366 2.501767
17.544443 -12.746784 1.136522 2.501810
17.317635 -12.767663 1.127576 2.502268
17.052536 -12.756927 1.116087 2.502856
16.792772 -12.746408 1.104882 2.503430
16.548388 -12.743976 1.094630 2.503955
16.450834 -12.852800 1.094086 2.503983
16.353373 -12.961525 1.093596 2.504008
16.255995 -13.070156 1.093159 2.504030
16.158691 -13.178708 1.092777 2.504050
16.110867 -13.328069 1.095808 2.503895
16.140348 -13.543361 1.104218 2.503464
16.170290 -13.761996 1.112812 2.503024
16.200703 -13.984072 1.121596 2.502574
16.231604 -14.209696 1.130576 2.502114
16.131908 -14.322581 1.130569 2.502115
16.031389 -14.434729 1.130560 2.502115
15.930867 -14.546882 1.130605 2.502113
15.830333 -14.659049 1.130706 2.502108
15.729775 -14.771243 1.130862 2.502100
15.629187 -14.883474 1.131073 2.502089
15.528556 -14.995753 1.131339 2.502075
15.427874 -15.108091 1.131661 2.502059
15.327130 -15.220498 1.132038 2.502040
15.226315 -15.332988 1.132470 2.502017
15.125418 -15.445570 1.132959 2.501992
15.024430 -15.558253 1.133503 2.501965
14.855824 -15.600154 1.128971 2.502197
14.644317 -15.594613 1.121144 2.502597
14.435709 -15.589149 1.113479 2.502990
14.229925 -15.583759 1.105971 2.503374
14.026891 -15.578441 1.098617 2.503751
13.919134 -15.677500 1.098723 2.503745
13.820738 -15.787302 1.099629 2.503699
13.722174 -15.897292 1.100591 2.503650
13.623433 -16.007483 1.101608 2.503597
13.587111 -16.192490 1.107785 2.503281
13.625136 -16.469963 1.120233 2.502644
13.664029 -16.753756 1.133019 2.501989
13.698662 -17.037701 1.145726 2.501339
13.595321 -17.153028 1.147071 2.501270
13.491735 -17.268633 1.148475 2.501198
13.387889 -17.384529 1.149939 2.501123
13.283774 -17.500727 1.151462 2.501045
13.179378 -17.617239 1.153046 2.500964
13.074690 -17.734079 1.154691 2.500880
12.969699 -17.851259 1.156397 2.500792
12.864391 -17.968794 1.158165 2.500702
12.758758 -18.086693 1.159994 2.500608
12.652784 -18.204973 1.161886 2.500511
12.546460 -18.323645 1.163842 2.500411
12.428029 -18.425312 1.164760 2.500364
12.238451 -18.420351 1.159017 2.500658
12.050726 -18.415440 1.153386 2.500947
11.864805 -18.410576 1.147865 2.501229
11.680647 -18.405758 1.142453 2.501506
11.498211 -18.400984 1.137146 2.501778
11.384905 -18.505899 1.138690 2.501699
11.279099 -18.624006 1.141084 2.501576
11.172841 -18.742617 1.143545 2.501451
11.066120 -18.861748 1.146071 2.501321
11.083094 -19.196484 1.161681 2.500522
11.139720 -19.609455 1.181937 2.499485
11.126545 -19.908607 1.195257 2.498803
11.013949 -20.034300 1.198157 2.498654
10.900801 -20.160612 1.201131 2.498502
10.787086 -20.287560 1.204178 2.498346
10.672786 -20.415159 1.207299 2.498186
10.557888 -20.543428 1.210497 2.498023
10.442374 -20.672388 1.213770 2.497855
10.326228 -20.802053 1.217121 2.497683
10.209435 -20.932444 1.220550 2.497508
10.091975 -21.063580 1.224058 2.497328
9.973833 -21.195478 1.227647 2.497144
9.816942 -21.245815 1.226563 2.497200
9.635378 -21.241072 1.222376 2.497414
9.455036 -21.236359 1.218276 2.497624
9.275891 -21.231680 1.214263 2.497830
9.097915 -21.227030 1.210335 2.498031
8.930826 -21.245602 1.207809 2.498160
8.811650 -21.378666 1.211847 2.497953
8.691667 -21.512630 1.215972 2.497742
8.570858 -21.647520 1.220184 2.497526
8.562459 -22.075342 1.240899 2.496466
8.623931 -22.702667 1.272747 2.494835
8.496120 -22.845379 1.277391 2.494598
8.367365 -22.989147 1.282132 2.494355
8.237644 -23.133995 1.286972 2.494107
8.106935 -23.279949 1.291911 2.493854
7.975211 -23.427036 1.296952 2.493596
7.842453 -23.575281 1.302096 2.493333
7.708628 -23.724718 1.307346 2.493064
7.573713 -23.875374 1.312702 2.492790
7.437683 -24.027277 1.318167 2.492510
7.266565 -24.068033 1.317587 2.492539
7.082191 -24.063221 1.314585 2.492693
6.898644 -24.058432 1.311661 2.492843
6.715902 -24.053663 1.308812 2.492989
6.533944 -24.048914 1.306040 2.493131
6.369112 -24.106131 1.306701 2.493097
6.105607 -23.779766 1.286668 2.494123
5.831214 -23.387722 1.263222 2.495323
5.590622 -23.108868 1.246022 2.496204
5.380323 -22.939133 1.234814 2.496778
5.173077 -22.769392 1.223703 2.497346
4.974664 -22.626068 1.214104 2.497838
4.779949 -22.487894 1.204870 2.498311
4.608983 -22.453217 1.201259 2.498495
4.434490 -22.395819 1.196502 2.498739
4.253786 -22.299141 1.189722 2.499086
4.076392 -22.210510 1.183446 2.499408
3.910945 -22.180073 1.180340 2.499567
3.747343 -22.155628 1.177619 2.499706
3.575253 -22.074291 1.171940 2.499997
3.409603 -22.024708 1.168015 2.500198
3.254275 -22.037905 1.167482 2.500225
3.089549 -21.983288 1.163418 2.500433
2.921039 -21.892178 1.157488 2.500736
2.760599 -21.852407 1.154338 2.500898
2.600334 -21.807074 1.150957 2.501071
2.442831 -21.778328 1.148511 2.501196
2.288211 -21.770876 1.147248 2.501261
2.134515 -21.769476 1.146361 2.501306
1.981915 -21.777594 1.146032 2.501323
1.828503 -21.775093 1.145201 2.501366
1.674518 -21.762297 1.143885 2.501433
1.525466 -21.815186 1.146077 2.501321
1.372724 -21.818834 1.145738 2.501338
1.219490 -21.812202 1.144914 2.501380
1.066464 -21.805481 1.144143 2.501420
0.913735 -21.801054 1.143548 2.501450
0.759855 -21.759426 1.141058 2.501578
0.606665 -21.718967 1.138687 2.501699
0.453571 -21.653328 1.135052 2.501885
0.301389 -21.584127 1.131287 2.502078
0.150261 -21.522966 1.127998 2.502246
-0.000000 -21.448215 1.124053 2.502448
-0.149265 -21.380201 1.120516 2.502630
-0.297561 -21.309734 1.116905 2.502814
-0.444190 -21.205296 1.111566 2.503088
-0.590074 -21.124979 1.107545 2.503294
-0.735360 -21.057947 1.104273 2.503461
-0.879150 -20.975857 1.100263 2.503667
-1.018915 -20.833199 1.093127 2.504032
-1.159045 -20.730993 1.088162 2.504286
-1.299496 -20.654896 1.084617 2.504467
-1.436703 -20.545801 1.079389 2.504735
-1.570709 -20.413170 1.072971 2.505064
-1.696269 -20.200310 1.062379 2.505606
-1.824594 -20.048891 1.055060 2.505981
-1.951273 -19.900620 1.047949 2.506345
-2.073163 -19.724829 1.039429 2.506781
-2.195254 -19.571123 1.032111 2.507156
-2.314783 -19.412342 1.024565 2.507542
-2.426561 -19.208191 1.014660 2.508049
-2.545256 -19.075808 1.008581 2.508361
-2.661991 -18.941050 1.002414 2.508676
-2.775875 -18.798182 0.995854 2.509012
-2.886547 -18.645950 0.988833 2.509372
-3.002254 -18.536465 0.984114 2.509613
-3.115744 -18.421387 0.979136 2.509868
-3.215358 -18.235199 0.970409 2.510315
-3.328091 -18.133335 0.966201 2.510530
-3.439652 -18.031282 0.962020 2.510745
-3.544178 -17.899395 0.956280 2.511038
-3.646252 -17.763153 0.950338 2.511343
-3.760240 -17.690536 0.947834 2.511471
-3.861385 -17.562582 0.942400 2.511749
-3.967830 -17.464464 0.938599 2.511944
-4.080092 -17.395552 0.936403 2.512056
-4.182217 -17.287212 0.932120 2.512275
-4.290250 -17.207253 0.929401 2.512415
-4.396698 -17.124006 0.926540 2.512561
-4.507361 -17.059671 0.924739 2.512653
-4.612646 -16.977350 0.922000 2.512794
-4.716675 -16.893232 0.919198 2.512937
-4.827873 -16.836792 0.917938 2.513001
-4.942817 -16.794249 0.917478 2.513025
-5.053006 -16.736359 0.916220 2.513089
-5.162392 -16.676989 0.914921 2.513156
-5.269375 -16.611176 0.913306 2.513239
-5.379006 -16.554878 0.912253 2.513293
-5.488579 -16.499273 0.911279 2.513343
-5.599138 -16.447355 0.910548 2.513380
-5.712852 -16.405071 0.910393 2.513388
-5.818968 -16.341562 0.909101 2.513454
-5.932387 -16.299099 0.909020 2.513458
-6.045884 -16.256889 0.908998 2.513459
-6.158265 -16.211744 0.908856 2.513467
-6.266160 -16.155121 0.908112 2.513505
-6.376787 -16.105927 0.907827 2.513519
-6.487687 -16.057589 0.907633 2.513529
-6.595964 -16.003008 0.907129 2.513555
-6.704473 -15.949308 0.906716 2.513576
-6.816833 -15.904859 0.906872 2.513568
-6.928790 -15.859374 0.907015 2.513561
-7.035510 -15.802013 0.906521 2.513586
-7.140796 -15.741795 0.905905 2.513618
-7.250271 -15.691022 0.905874 2.513619
-7.358373 -15.637335 0.905718 2.513627
-7.469569 -15.590193 0.905986 2.513613
-7.577265 -15.535695 0.905871 2.513619
-7.683973 -15.479261 0.905686 2.513629
-7.788999 -15.419594 0.905355 2.513646
-7.892688 -15.357506 0.904922 2.513668
-8.002433 -15.307243 0.905231 2.513652
-8.108606 -15.250071 0.905175 2.513655
-8.214635 -15.192647 0.905149 2.513656
-8.322592 -15.138736 0.905377 2.513645
-8.430721 -15.084996 0.905661 2.513630
-8.536023 -15.026117 0.905681 2.513629
-8.641083 -14.966794 0.905720 2.513627
-8.754226 -14.921215 0.906638 2.513580
-8.860454 -14.863547 0.906871 2.513568
-8.963700 -14.800824 0.906840 2.513570
-9.070794 -14.744366 0.907238 2.513549
-9.177351 -14.686831 0.907619 2.513530
-9.285569 -14.631715 0.908197 2.513500
-9.400175 -14.586215 0.909424 2.513438
-9.516763 -14.543136 0.910858 2.513364
-9.630970 -14.495775 0.912081 2.513302
-9.746188 -14.449318 0.913417 2.513233
-9.863152 -14.404768 0.914931 2.513155
-9.984999 -14.366528 0.916907 2.513054
-10.106104 -14.326312 0.918821 2.512956
-10.228121 -14.286488 0.920824 2.512854
-10.357896 -14.256420 0.923525 2.512715
-10.487654 -14.225106 0.926217 2.512578
-10.603395 -14.173850 0.927677 2.512503
-10.734410 -14.142060 0.930479 2.512360
-10.875917 -14.122666 0.934175 2.512170
-11.008527 -14.090271 0.937094 2.512021
-11.141929 -14.057611 0.940072 2.511868
-11.282762 -14.032923 0.943666 2.511684
-11.422707 -14.005623 0.947169 2.511505
-11.564323 -13.978862 0.950796 2.511319
-11.702783 -13.946833 0.954152 2.511147
-11.843562 -13.916133 0.957685 2.510967
-11.983510 -13.883028 0.961141 2.510790
-12.125525 -13.850877 0.964752 2.510605
-12.266680 -13.816291 0.968284 2.510424
-12.405022 -13.777172 0.971589 2.510255
-12.549645 -13.743611 0.975377 2.510061
-12.693660 -13.707903 0.979108 2.509870
-12.839747 -13.672943 0.982990 2.509671
-12.988770 -13.639548 0.987084 2.509461
-13.134549 -13.601223 0.990922 2.509265
-13.281586 -13.562704 0.994847 2.509064
-13.434778 -13.528898 0.999223 2.508840
-13.586611 -13.492088 1.003486 2.508621
-13.741881 -13.457041 1.007990 2.508391
-13.895785 -13.419003 1.012383 2.508166
-14.055891 -13.385240 1.017214 2.507919
-14.222759 -13.356058 1.022517 2.507647
-14.395021 -13.329937 1.028186 2.507357
-14.577950 -13.311494 1.034589 2.507029
-14.755058 -13.285514 1.040551 2.506724
-14.956883 -13.279337 1.048220 2.506331
-15.127363 -13.243004 1.053663 2.506052
-15.330619 -13.233036 1.061359 2.505658
-15.545890 -13.230586 1.069842 2.505224
-15.795143 -13.253698 1.080601 2.504673
-15.979996 -13.219797 1.086907 2.504350
-16.231201 -13.237843 1.097680 2.503799
-16.469795 -13.242057 1.107537 2.503294
-16.620619 -13.173336 1.111467 2.503093
-16.768427 -13.100931 1.115208 2.502901
-16.941679 -13.046844 1.120645 2.502623
-17.029495 -12.926088 1.120458 2.502633
-17.149420 -12.829406 1.122428 2.502532
-17.288998 -12.746545 1.125711 2.502364
-17.403629 -12.644476 1.127400 2.502277
-17.502205 -12.530344 1.128091 2.502242
-17.599337 -12.414965 1.128737 2.502208
-17.720652 -12.316175 1.130976 2.502094
-17.795570 -12.184878 1.130301 2.502128
-17.882183 -12.061685 1.130426 2.502122
-17.997999 -11.957837 1.132442 2.502019
-18.114260 -11.853638 1.134523 2.501912
-18.210682 -11.735984 1.135402 2.501867
-18.313017 -11.621791 1.136696 2.501801
-18.429171 -11.515823 1.138888 2.501689
-18.529591 -11.399476 1.140148 2.501624
-18.637476 -11.287255 1.141910 2.501534
-18.753038 -11.179055 1.144180 2.501418
-18.873137 -11.072800 1.146763 2.501286
-18.985329 -10.961184 1.148903 2.501176
-19.100363 -10.850512 1.151252 2.501056
-19.215219 -10.739021 1.153628 2.500934
-19.345654 -10.635364 1.156973 2.500763
-19.463600 -10.523926 1.159604 2.500628
-19.604975 -10.424150 1.163663 2.500420
-19.724134 -10.311524 1.166434 2.500278
-19.872908 -10.213285 1.170987 2.500046
-20.027416 -10.116577 1.175901 2.499794
-20.179935 -10.017405 1.180721 2.499547
-20.364008 -9.932190 1.187405 2.499205
-20.510336 -9.826901 1.191908 2.498974
-20.689463 -9.735721 1.198338 2.498645
-20.863722 -9.640393 1.204504 2.498329
-21.037695 -9.543118 1.210672 2.498013
-21.197969 -9.437943 1.216074 2.497737
-21.357637 -9.330917 1.221466 2.497461
-21.521093 -9.223950 1.227102 2.497172
-21.684772 -9.115439 1.232776 2.496882
-21.820305 -8.993677 1.236881 2.496672
-21.926661 -8.858946 1.239374 2.496544
-22.039236 -8.725946 1.242263 2.496396
-22.132471 -8.584618 1.244110 2.496301
-22.239817 -8.448114 1.246799 2.496164
-22.327925 -8.303678 1.248458 2.496079
-22.405886 -8.155075 1.249603 2.496020
-22.489470 -8.008135 1.251116 2.495943
-22.588472 -7.866136 1.253538 2.495819
-22.670271 -7.717591 1.255057 2.495741
-22.755337 -7.569690 1.256810 2.495651
-22.840706 -7.421395 1.258633 2.495558
-22.941090 -7.277338 1.261334 2.495420
-23.046946 -7.134220 1.264385 2.495263
-23.136509 -6.985325 1.266592 2.495151
-23.247673 -6.842159 1.270031 2.494974
-23.334949 -6.691189 1.272216 2.494862
-23.421751 -6.539466 1.274429 2.494749
-23.525400 -6.391708 1.277609 2.494586
-23.655209 -6.249977 1.282258 2.494348
-23.767763 -6.102521 1.286018 2.494156
-23.875843 -5.952916 1.289586 2.493973
-23.989750 -5.803727 1.293518 2.493772
-24.083717 -5.648783 1.296427 2.493623
-24.152498 -5.487314 1.298036 2.493541
-24.225704 -5.326364 1.299940 2.493443
-24.301540 -5.165452 1.302042 2.493335
-24.364319 -5.001272 1.303504 2.493260
-24.400091 -4.831347 1.303581 2.493257
-24.415838 -4.657571 1.302653 2.493304
-24.421375 -4.482158 1.301248 2.493376
-24.415920 -4.305185 1.299324 2.493474
-24.355879 -4.119484 1.294567 2.493718
-24.172802 -3.915138 1.283352 2.494292
-23.941193 -3.706293 1.269651 2.494994
-23.685030 -3.497498 1.254740 2.495757
-23.286739 -3.272738 1.232400 2.496901
-22.387964 -2.987188 1.183702 2.499394
-21.733793 -2.745615 1.148073 2.501219
-21.651245 -2.581755 1.142732 2.501492
-21.590134 -2.421719 1.138587 2.501704
-21.558861 -2.265927 1.136075 2.501833
-21.625111 -2.120357 1.138759 2.501695
-21.760796 -1.980386 1.145148 2.501368
-21.927387 -1.841295 1.153210 2.500956
-22.080330 -1.698986 1.160602 2.500577
-22.282780 -1.558163 1.170643 2.500063
-22.480177 -1.414329 1.180465 2.499560
-22.668781 -1.267380 1.189876 2.499078
-22.874559 -1.118753 1.200238 2.498548
-23.091402 -0.967814 1.211232 2.497985
-23.327030 -0.814597 1.223263 2.497369
-23.492413 -0.656198 1.231665 2.496939
-23.695221 -0.496342 1.242086 2.496405
-23.816837 -0.332568 1.248309 2.496086
-23.934277 -0.167093 1.254373 2.495776
-24.069330 0.000000 1.261420 2.495415
-24.212303 0.169041 1.268944 2.495030
-24.358850 0.340138 1.276718 2.494632
-24.531460 0.513860 1.285921 2.494161
-24.713808 0.690322 1.295701 2.493660
-24.917414 0.870136 1.306662 2.493099
-24.767076 1.038053 1.299127 2.493485
-24.618462 1.204045 1.291741 2.493863
-24.471518 1.368169 1.284501 2.494234
-23.005522 1.447388 1.208052 2.498147
-22.869598 1.599199 1.201472 2.498485
-22.735136 1.749377 1.195020 2.498815
-22.602106 1.897954 1.188695 2.499139
-22.595888 2.056386 1.189094 2.499118
-22.628841 2.218780 1.191614 2.498989
-22.661932 2.381866 1.194203 2.498857
-22.695171 2.545675 1.196862 2.498721
-22.728556 2.710218 1.199592 2.498581
-22.762094 2.875520 1.202392 2.498437
-22.795794 3.041611 1.205264 2.498290
-22.824383 3.207758 1.207931 2.498154
-22.695744 3.351420 1.202332 2.498441
-22.568287 3.493757 1.196843 2.498722
-22.441982 3.634807 1.191461 2.498997
-22.316797 3.774606 1.186185 2.499267
-22.192713 3.913174 1.181013 2.499532
-22.069695 4.050551 1.175943 2.499792
-21.947725 4.186754 1.170973 2.500046
-21.826775 4.321817 1.166101 2.500296
-21.026793 4.316184 1.124944 2.502403
-20.415825 4.339518 1.093851 2.503995
-20.304193 4.464170 1.089514 2.504217
-20.193443 4.587839 1.085263 2.504435
-20.083548 4.710553 1.081098 2.504648
-20.062922 4.853734 1.081785 2.504612
-20.094643 5.010158 1.085355 2.504430
-20.126575 5.167630 1.089002 2.504243
-20.158724 5.326166 1.092727 2.504052
-20.191095 5.485798 1.096531 2.503858
-20.223692 5.646559 1.100415 2.503659
-20.256521 5.808465 1.104381 2.503456
-20.289591 5.971555 1.108430 2.503248
-20.227869 6.107155 1.107360 2.503303
-20.119589 6.228052 1.103786 2.503486
-20.011993 6.348181 1.100288 2.503665
-19.905077 6.467552 1.096865 2.503840
-19.798813 6.586193 1.093517 2.504012
-19.693193 6.704112 1.090242 2.504180
-19.588200 6.821332 1.087039 2.504344
-19.483810 6.937876 1.083908 2.504504
-19.380018 7.053751 1.080847 2.504660
-19.276802 7.168983 1.077855 2.504814
-18.886457 7.174294 1.058804 2.505789
-18.376684 7.127845 1.032990 2.507111
-17.940573 7.103178 1.011238 2.508224
-17.845015 7.209854 1.008665 2.508356
-17.749933 7.315998 1.006153 2.508485
-17.655321 7.421616 1.003702 2.508610
-17.561165 7.526724 1.001312 2.508733
-17.531120 7.659161 1.002624 2.508666
-17.563688 7.819858 1.007584 2.508412
-17.596581 7.982167 1.012643 2.508153
-17.629807 8.146115 1.017803 2.507888
-17.663372 8.311751 1.023066 2.507619
-17.697289 8.479122 1.028434 2.507344
-17.731562 8.648261 1.033910 2.507064
-17.766205 8.819224 1.039495 2.506778
-17.692753 8.937255 1.038822 2.506812
-17.597309 9.043788 1.036900 2.506911
-17.502209 9.149937 1.035035 2.507006
-17.407448 9.255705 1.033227 2.507099
-17.313009 9.361114 1.031476 2.507188
-17.218887 9.466166 1.029781 2.507275
-17.125071 9.570877 1.028141 2.507359
-17.031542 9.675265 1.026556 2.507440
-16.938299 9.779332 1.025026 2.507519
-16.845325 9.883098 1.023550 2.507594
-16.752619 9.986567 1.022129 2.507667
-16.533270 10.012903 1.012986 2.508135
-16.230959 9.985356 0.998711 2.508866
-15.937049 9.958573 0.984880 2.509574
-15.651141 9.932521 0.971473 2.510261
-15.408120 9.929857 0.960668 2.510814
-15.321735 10.026262 0.959623 2.510867
-15.235531 10.122465 0.958627 2.510918
-15.149502 10.218469 0.957679 2.510967
-15.063636 10.314290 0.956780 2.511013
-14.989259 10.417808 0.956652 2.511019
-15.026109 10.599752 0.963703 2.510658
-15.063508 10.784415 0.970907 2.510290
-15.101470 10.971860 0.978267 2.509913
-15.140014 11.162185 0.985788 2.509528
-15.179154 11.355460 0.993474 2.509134
-15.218911 11.551782 1.001330 2.508732
-15.207226 11.711143 1.005916 2.508497
-15.117593 11.811158 1.005417 2.508523
-15.028040 11.911082 1.004967 2.508546
-14.938565 12.010917 1.004567 2.508566
-14.849158 12.110677 1.004216 2.508584
-14.759804 12.210375 1.003914 2.508600
-14.670503 12.310014 1.003660 2.508612
-14.581238 12.409611 1.003456 2.508623
-14.492007 12.509168 1.003301 2.508631
-14.402801 12.608698 1.003195 2.508636
-14.313603 12.708215 1.003137 2.508639
-14.224415 12.807721 1.003129 2.508640
-14.062312 12.840660 0.997995 2.508903
-13.845288 12.820880 0.988921 2.509367
-13.632166 12.801455 0.980058 2.509821
-13.422811 12.782373 0.971399 2.510264
-13.217121 12.763626 0.962938 2.510697
-13.014965 12.745200 0.954670 2.511121
-12.861182 12.771708 0.949907 2.511365
-12.776579 12.866088 0.950269 2.511346
-12.691904 12.960548 0.950678 2.511325
-12.607155 13.055092 0.951134 2.511302
-12.522317 13.149733 0.951636 2.511276
-12.440598 13.247893 0.952431 2.511235
-12.493471 13.491721 0.963667 2.510660
-12.547611 13.741390 0.975219 2.510069
-12.603064 13.997120 0.987100 2.509460
-12.659887 14.259180 0.999323 2.508835
-12.700537 14.507709 1.010502 2.508262
-12.609943 14.608760 1.011384 2.508217
-12.519184 14.709995 1.012317 2.508169
-12.428256 14.811419 1.013301 2.508119
-12.337142 14.913048 1.014336 2.508066
-12.245840 15.014885 1.015423 2.508010
-12.154337 15.116945 1.016562 2.507952
-12.062620 15.219243 1.017753 2.507891
-11.970687 15.321781 1.018997 2.507827
-11.878520 15.424578 1.020293 2.507761
-11.786117 15.527637 1.021643 2.507692
-11.693463 15.630974 1.023046 2.507620
-11.562014 15.682338 1.021099 2.507720
-11.379981 15.663201 1.014656 2.508049
-11.200217 15.644303 1.008341 2.508373
-11.022674 15.625639 1.002154 2.508690
-10.847288 15.607201 0.996090 2.509000
-10.673996 15.588983 0.990147 2.509305
-10.502759 15.570981 0.984323 2.509603
-10.347957 15.574933 0.979982 2.509825
-10.257766 15.675511 0.981780 2.509733
-10.167238 15.776464 0.983634 2.509638
-10.076361 15.877809 0.985542 2.509540
-9.985128 15.979548 0.987506 2.509439
-9.921817 16.127689 0.992356 2.509191
-9.999356 16.510902 1.011615 2.508205
-10.079967 16.909302 1.031688 2.507178
-10.163849 17.323866 1.052627 2.506105
-10.069892 17.441565 1.055481 2.505959
-9.970894 17.551954 1.057923 2.505834
-9.871435 17.662857 1.060428 2.505706
-9.771500 17.774290 1.062997 2.505574
-9.671069 17.886274 1.065630 2.505440
-9.570138 17.998814 1.068328 2.505301
-9.468686 18.111933 1.071093 2.505160
-9.366706 18.225641 1.073924 2.505015
-9.264179 18.339956 1.076822 2.504867
-9.161089 18.454899 1.079790 2.504715
-9.026772 18.507624 1.079161 2.504747
-8.860081 18.492424 1.074642 2.504978
-8.694778 18.477348 1.070212 2.505205
-8.530826 18.462397 1.065871 2.505427
-8.368183 18.447565 1.061615 2.505645
-8.206833 18.432850 1.057446 2.505859
-8.046731 18.418249 1.053360 2.506068
-7.887860 18.403759 1.049356 2.506273
-7.760070 18.460476 1.049475 2.506267
-7.656464 18.575981 1.052977 2.506088
-7.552163 18.692261 1.056554 2.505904
-7.447141 18.809341 1.060207 2.505717
-7.435190 19.169069 1.077532 2.504830
-7.610112 20.033760 1.123124 2.502496
-7.536778 20.265793 1.133154 2.501982
-7.422509 20.393177 1.137352 2.501767
-7.307380 20.521519 1.141636 2.501548
-7.191379 20.650831 1.146009 2.501324
-7.074479 20.781143 1.150472 2.501096
-6.956655 20.912485 1.155026 2.500863
-6.837893 21.044870 1.159673 2.500625
-6.718160 21.178337 1.164415 2.500382
-6.597443 21.312901 1.169253 2.500134
-6.438188 21.324305 1.167384 2.500230
-6.271609 21.309109 1.164127 2.500397
-6.105956 21.293999 1.160944 2.500560
-5.941191 21.278969 1.157835 2.500719
-5.777305 21.264021 1.154799 2.500874
-5.614268 21.249149 1.151835 2.501026
-5.452052 21.234352 1.148941 2.501174
-5.290647 21.219627 1.146118 2.501319
-5.165702 21.352446 1.151316 2.501052
-5.040812 21.491646 1.156896 2.500767
-4.914709 21.632196 1.162586 2.500475
-5.062180 23.024126 1.235464 2.496744
-4.926154 23.175732 1.241723 2.496424
-4.788735 23.328890 1.248108 2.496097
-4.649879 23.483648 1.254620 2.495763
-4.509570 23.640024 1.261261 2.495423
-4.367760 23.798071 1.268036 2.495076
-4.224411 23.957830 1.274946 2.494723
-4.079484 24.119349 1.281994 2.494362
-3.910870 24.146494 1.281955 2.494364
-3.735593 24.130503 1.279690 2.494480
-3.560926 24.114565 1.277495 2.494592
-3.386848 24.098682 1.275370 2.494701
-3.213341 24.082850 1.273314 2.494806
-3.040370 24.067068 1.271326 2.494908
-2.867942 24.051334 1.269407 2.495006
-2.702927 24.097160 1.270798 2.494935
-2.550559 24.266956 1.278783 2.494526
-2.396258 24.438906 1.286931 2.494109
-2.368546 26.026041 1.369604 2.489876
-2.201128 26.212605 1.378579 2.489417
-2.031492 26.401636 1.387741 2.488948
-1.859578 26.593206 1.397094 2.488469
-1.685322 26.787384 1.406643 2.487980
-1.508408 26.980013 1.416171 2.487492
-1.318690 26.962700 1.414744 2.487565
-1.129344 26.945421 1.413389 2.487634
-0.940352 26.928175 1.412106 2.487700
-0.751693 26.910957 1.410894 2.487762
-0.563335 26.893768 1.409752 2.487821
-0.375286 26.876608 1.408681 2.487875
-0.187796 26.899801 1.409793 2.487818
0.000001 27.109053 1.420725 2.487259
0.190741 27.321581 1.431898 2.486687
0.406605 29.118347 1.526177 2.481860
0.614809 29.350330 1.538523 2.481227
0.826418 29.586105 1.551147 2.480581
1.040643 29.800116 1.562710 2.479989
1.248198 29.781170 1.562135 2.480019
1.455626 29.762238 1.561637 2.480044
1.662917 29.743317 1.561216 2.480066
1.870105 29.724405 1.560870 2.480083
2.077212 29.705502 1.560601 2.480097
2.284257 29.686602 1.560408 2.480107
2.460389 29.299875 1.540946 2.481103
2.576705 28.313154 1.489962 2.483714
2.713164 27.670950 1.457127 2.485395
2.856354 27.176386 1.432099 2.486676
2.997766 26.725704 1.409418 2.487838
3.133135 26.275187 1.386779 2.488997
3.247248 25.704569 1.357826 2.490479
3.077528 23.064980 1.219497 2.497562
3.133606 22.296764 1.180008 2.499583
3.233937 21.900188 1.160186 2.500598
3.338375 21.564541 1.143612 2.501447
3.449673 21.298895 1.130774 2.502104
3.556140 21.025145 1.117531 2.502782
3.667846 20.801388 1.106972 2.503323
3.782717 20.610415 1.098188 2.503773
3.899052 20.439508 1.090505 2.504166
4.017400 20.289330 1.083963 2.504501
4.136462 20.151257 1.078103 2.504801
4.255836 20.022133 1.072758 2.505075
4.374686 19.897221 1.067676 2.505335
4.489858 19.762152 1.062084 2.505621
4.608214 19.647202 1.057610 2.505850
4.729044 19.547516 1.053995 2.506036
4.848799 19.447470 1.050400 2.506219
4.965004 19.337423 1.046303 2.506429
5.080361 19.228367 1.042296 2.506634
5.194874 19.120296 1.038378 2.506835
5.308577 19.013176 1.034549 2.507031
5.422994 18.912226 1.031090 2.507208
5.540016 18.823366 1.028329 2.507349
5.656513 18.735252 1.025648 2.507487
5.769532 18.638332 1.022523 2.507647
5.881581 18.541086 1.019415 2.507806
5.992506 18.443037 1.016300 2.507965
6.101934 18.343096 1.013115 2.508128
6.210001 18.241739 1.009887 2.508294
6.317440 18.141203 1.006739 2.508455
6.424276 18.041456 1.003668 2.508612
6.530529 17.942482 1.000674 2.508765
6.638317 17.849901 0.998071 2.508899
6.743353 17.751984 0.995204 2.509045
6.847858 17.654821 0.992413 2.509188
6.951860 17.558388 0.989696 2.509327
7.055375 17.462664 0.987053 2.509463
7.158420 17.367632 0.984482 2.509594
7.261020 17.273268 0.981983 2.509722
7.363177 17.179567 0.979554 2.509847
7.464914 17.086508 0.977196 2.509968
7.566248 16.994070 0.974907 2.510085
7.667195 16.902241 0.972686 2.510198
7.767777 16.810995 0.970532 2.510309
7.867996 16.720333 0.968445 2.510416
7.967874 16.630230 0.966425 2.510519
8.067425 16.540672 0.964470 2.510619
8.166665 16.451645 0.962580 2.510716
8.265616 16.363127 0.960754 2.510809
8.364278 16.275116 0.958992 2.510900
8.462671 16.187592 0.957292 2.510987
8.560810 16.100542 0.955655 2.511070
8.658710 16.013952 0.954081 2.511151
8.756390 15.927801 0.952567 2.511229
8.853850 15.842091 0.951115 2.511303
8.951111 15.756801 0.949723 2.511374
9.048186 15.671918 0.948391 2.511442
9.147711 15.591899 0.947390 2.511493
9.244666 15.508060 0.946194 2.511555
9.350120 15.438874 0.945933 2.511568
9.451325 15.362906 0.945298 2.511601
9.547836 15.279731 0.944259 2.511654
9.644238 15.196890 0.943277 2.511704
9.740552 15.114367 0.942353 2.511751
9.847104 15.047945 0.942475 2.511745
9.950192 14.976239 0.942312 2.511754
10.046454 14.894482 0.941558 2.511792
10.151101 14.825313 0.941642 2.511788
10.256628 14.757343 0.941850 2.511777
10.363473 14.691153 0.942221 2.511758
10.467460 14.620790 0.942372 2.511750
10.563952 14.540033 0.941897 2.511775
10.667664 14.469270 0.942115 2.511764
10.770422 14.397110 0.942290 2.511755
10.873284 14.325016 0.942516 2.511743
10.976269 14.252973 0.942795 2.511729
11.079390 14.180971 0.943126 2.511712
11.182637 14.108979 0.943507 2.511692
11.281982 14.031947 0.943600 2.511688
11.383980 13.958132 0.943958 2.511669
11.483035 13.880601 0.944113 2.511661
11.585995 13.807651 0.944630 2.511635
11.691854 13.737884 0.945418 2.511595
11.804631 13.675787 0.946793 2.511524
11.923189 13.619742 0.948653 2.511429
12.028178 13.547659 0.949458 2.511388
12.138042 13.480661 0.950678 2.511325
12.251797 13.417432 0.952228 2.511246
12.366076 13.354138 0.953840 2.511163
12.480819 13.290716 0.955510 2.511078
12.595920 13.227015 0.957229 2.510990
12.726771 13.178957 0.960158 2.510840
12.853424 13.125486 0.962777 2.510706
12.982030 13.072971 0.965549 2.510564
13.117993 13.026725 0.968874 2.510393
13.253303 12.978590 0.972152 2.510226
13.387525 12.928182 0.975353 2.510062
13.536910 12.891027 0.979656 2.509841
13.691550 12.857212 0.984327 2.509603
13.842283 12.818089 0.988706 2.509378
14.009817 12.792718 0.994269 2.509093
14.187084 12.774108 1.000496 2.508775
14.357342 12.747046 1.006203 2.508482
14.519403 12.710768 1.011316 2.508221
14.695968 12.685213 1.017421 2.507908
14.887868 12.670566 1.024558 2.507543
15.045393 12.624583 1.029308 2.507299
15.198606 12.573383 1.033759 2.507071
15.417022 12.573808 1.042619 2.506618
15.595923 12.539439 1.048772 2.506303
15.779617 12.506767 1.055227 2.505972
15.990495 12.493143 1.063471 2.505550
16.197622 12.473851 1.071428 2.505143
16.394432 12.444042 1.078673 2.504772
16.586758 12.408474 1.085601 2.504417
16.814972 12.397063 1.094847 2.503944
17.029366 12.372559 1.103155 2.503518
17.198467 12.312896 1.108514 2.503244
17.405769 12.278411 1.116323 2.502844
17.641188 12.260939 1.125904 2.502354
17.790255 12.181238 1.129963 2.502146
18.003410 12.143454 1.138089 2.501730
18.117661 12.037348 1.139971 2.501633
18.216955 11.920833 1.140954 2.501583
18.383448 11.847318 1.146174 2.501316
18.481403 11.728652 1.147148 2.501266
18.577799 11.608697 1.148073 2.501219
18.678743 11.491241 1.149325 2.501154
18.766949 11.365660 1.149842 2.501128
18.875032 11.251772 1.151623 2.501037
18.971834 11.130707 1.152761 2.500979
19.065414 11.007421 1.153749 2.500928
19.150562 10.879036 1.154278 2.500901
19.222828 10.743266 1.154084 2.500911
19.264717 10.590862 1.152132 2.501011
19.307402 10.439470 1.150298 2.501105
19.369665 10.299033 1.149696 2.501136
19.480629 10.184229 1.152034 2.501016
19.569483 10.057340 1.153108 2.500961
19.674942 9.938522 1.155205 2.500854
19.778479 9.818119 1.157232 2.500750
19.901466 9.706593 1.160434 2.500586
19.997349 9.581127 1.162097 2.500500
20.106810 9.461538 1.164591 2.500373
20.231447 9.348235 1.168001 2.500198
20.337128 9.225327 1.170356 2.500078
20.500776 9.127533 1.176077 2.499785
20.600658 9.000209 1.178174 2.499677
20.718122 8.879790 1.181317 2.499516
20.850960 8.764931 1.185374 2.499309
20.987658 8.650485 1.189683 2.499088
21.162718 8.550292 1.196193 2.498755
21.321648 8.441840 1.201816 2.498467
21.470234 8.327746 1.206885 2.498207
21.642651 8.221266 1.213320 2.497878
21.840227 8.122304 1.221188 2.497475
22.036818 8.020745 1.229020 2.497074
22.279118 7.933239 1.239414 2.496542
22.503481 7.836533 1.248821 2.496060
22.788862 7.757956 1.261622 2.495405
23.031570 7.661581 1.272067 2.494870
23.218664 7.544200 1.279460 2.494492
23.411396 7.426534 1.287192 2.494096
23.593597 7.303430 1.294374 2.493728
23.717836 7.160830 1.298416 2.493521
23.826488 7.012514 1.301652 2.493356
23.915953 6.857789 1.303892 2.493241
24.002459 6.701609 1.306026 2.493131
24.094410 6.546298 1.308511 2.493004
24.183777 6.389623 1.310909 2.492881
24.250050 6.226351 1.312114 2.492820
24.313122 6.061942 1.313204 2.492764
24.380573 5.898284 1.314592 2.492693
24.457062 5.736343 1.316524 2.492594
24.522261 5.571315 1.317908 2.492523
24.583763 5.405087 1.319153 2.492459
24.636616 5.236674 1.319995 2.492416
24.681894 5.066467 1.320494 2.492391
24.726891 4.896048 1.321040 2.492363
24.758940 4.723014 1.320959 2.492367
24.781748 4.548298 1.320449 2.492393
24.806492 4.374053 1.320109 2.492410
24.827486 4.199257 1.319633 2.492435
24.848923 4.024639 1.319247 2.492455
24.878555 3.851398 1.319361 2.492449
24.888674 3.675236 1.318505 2.492492
24.900612 3.499552 1.317811 2.492528
24.912621 3.324056 1.317186 2.492560
24.919943 3.148112 1.316379 2.492601
24.926233 2.972267 1.315583 2.492642
24.931076 2.796465 1.314776 2.492683
24.916998 2.618881 1.313037 2.492772
24.905783 2.442036 1.311516 2.492850
24.901360 2.266193 1.310418 2.492907
24.901432 2.091026 1.309622 2.492947
24.907555 1.916529 1.309208 2.492969
24.912014 1.742017 1.308771 2.492991
24.905418 1.566918 1.307818 2.493040
24.903950 1.392339 1.307199 2.493071
24.910982 1.218344 1.307090 2.493077
24.904179 1.043791 1.306319 2.493116
24.893299 0.869293 1.305398 2.493164
24.885090 0.695106 1.304681 2.493200
24.867239 0.520886 1.303523 2.493259
24.849628 0.346983 1.302441 2.493315
24.838715 0.173407 1.301774 2.493349
24.202837 -0.000000 0.422462 2.538370
24.181170 -0.168820 0.422094 2.538389
24.154627 -0.337285 0.421662 2.538411
24.122072 -0.505286 0.421145 2.538437
24.085951 -0.672782 0.420586 2.538466
24.043943 -0.839633 0.419944 2.538499
23.998119 -1.005820 0.419256 2.538534
23.951834 -1.171440 0.418581 2.538569
23.894749 -1.335924 0.417736 2.538612
23.834946 -1.499568 0.416863 2.538656
23.772409 -1.662329 0.415962 2.538703
23.707230 -1.824172 0.415034 2.538750
23.644903 -1.985518 0.414176 2.538794
23.583441 -2.146262 0.413352 2.538836
23.517103 -2.305872 0.412461 2.538882
23.446781 -2.464356 0.411519 2.538930
23.374699 -2.621893 0.410566 2.538979
23.304523 -2.778897 0.409664 2.539025
23.240673 -2.935980 0.408892 2.539065
23.179462 -3.092801 0.408185 2.539101
23.115900 -3.248728 0.407455 2.539138
23.051140 -3.403897 0.406722 2.539176
22.992836 -3.559479 0.406122 2.539207
22.941137 -3.715654 0.405657 2.539230
22.897455 -3.872815 0.405353 2.539246
22.856264 -4.030177 0.405112 2.539258
22.822588 -4.188729 0.405024 2.539263
22.804083 -4.350112 0.405224 2.539253
22.788893 -4.512322 0.405504 2.539238
22.785475 -4.677187 0.406015 2.539212
22.791328 -4.844447 0.406712 2.539176
22.813547 -5.015884 0.407723 2.539124
22.839108 -5.188919 0.408817 2.539068
22.870028 -5.364117 0.410031 2.539006
22.904968 -5.541296 0.411341 2.538939
22.951572 -5.722470 0.412886 2.538860
23.009007 -5.907710 0.414651 2.538770
23.072792 -6.096095 0.416557 2.538672
23.135527 -6.285784 0.418472 2.538574
23.158113 -6.465862 0.419687 2.538512
23.033575 -6.604772 0.418255 2.538585
22.909878 -6.742744 0.416854 2.538657
22.787001 -6.879802 0.415482 2.538727
22.664925 -7.015967 0.414139 2.538796
22.412992 -7.109821 0.410432 2.538986
21.835369 -7.094742 0.400752 2.539481
21.534565 -7.163597 0.396139 2.539717
21.419603 -7.291829 0.394952 2.539778
21.305325 -7.419300 0.393790 2.539838
21.191710 -7.546029 0.392654 2.539896
21.181135 -7.709303 0.393446 2.539856
21.205261 -7.886167 0.394907 2.539781
21.229570 -8.064359 0.396399 2.539704
21.254065 -8.243909 0.397921 2.539626
21.278749 -8.424853 0.399474 2.539547
21.255709 -8.587864 0.400158 2.539512
21.142391 -8.714265 0.399160 2.539563
21.029633 -8.840044 0.398187 2.539613
20.917418 -8.965218 0.397237 2.539661
20.805731 -9.089801 0.396312 2.539709
20.694559 -9.213812 0.395410 2.539755
20.583887 -9.337266 0.394531 2.539800
20.473700 -9.460178 0.393676 2.539844
20.363985 -9.582565 0.392843 2.539886
20.254728 -9.704441 0.392032 2.539928
20.145918 -9.825821 0.391245 2.539968
20.014946 -9.935506 0.390039 2.540030
19.650101 -9.925982 0.384270 2.540325
19.295877 -9.916735 0.378687 2.540611
19.035330 -9.951430 0.374928 2.540804
18.932228 -10.066444 0.374273 2.540837
18.829479 -10.181062 0.373638 2.540870
18.727076 -10.295298 0.373023 2.540901
18.625004 -10.409163 0.372428 2.540931
18.642159 -10.590220 0.374240 2.540839
18.670755 -10.779566 0.376316 2.540733
18.699671 -10.971032 0.378433 2.540624
18.728916 -11.164676 0.380593 2.540514
18.758499 -11.360552 0.382797 2.540401
18.662144 -11.481029 0.382457 2.540418
18.558508 -11.596642 0.381983 2.540442
18.455122 -11.711978 0.381529 2.540466
18.351978 -11.827043 0.381094 2.540488
18.249063 -11.941854 0.380679 2.540509
18.146368 -12.056419 0.380283 2.540529
18.043882 -12.170753 0.379907 2.540549
17.941593 -12.284866 0.379550 2.540567
17.839493 -12.398770 0.379212 2.540584
17.737568 -12.512478 0.378893 2.540601
17.635809 -12.626000 0.378593 2.540616
17.534208 -12.739348 0.378312 2.540630
17.313103 -12.764320 0.375455 2.540777
17.048119 -12.753622 0.371630 2.540972
16.788464 -12.743139 0.367900 2.541163
16.538757 -12.736560 0.364368 2.541344
16.441267 -12.845325 0.364187 2.541354
16.343866 -12.953989 0.364024 2.541362
16.246550 -13.062561 0.363879 2.541369
16.149305 -13.171052 0.363751 2.541376
16.096687 -13.316339 0.364651 2.541330
16.126034 -13.531350 0.367447 2.541187
16.155838 -13.749697 0.370305 2.541040
16.186110 -13.971476 0.373225 2.540891
16.216866 -14.196794 0.376211 2.540738
16.122547 -14.314270 0.376332 2.540732
16.022087 -14.426353 0.376328 2.540732
15.921622 -14.538440 0.376344 2.540731
15.821145 -14.650541 0.376377 2.540730
15.720645 -14.762670 0.376429 2.540727
15.620112 -14.874834 0.376499 2.540723
15.519539 -14.987045 0.376588 2.540719
15.418912 -15.099316 0.376695 2.540713
15.318225 -15.211655 0.376820 2.540707
15.217464 -15.324076 0.376964 2.540699
15.116622 -15.436587 0.377127 2.540691
15.015689 -15.549202 0.377308 2.540682
14.852548 -15.596713 0.375935 2.540752
14.641109 -15.591198 0.373329 2.540885
14.432570 -15.585758 0.370777 2.541016
14.226851 -15.580392 0.368278 2.541144
14.023880 -15.575097 0.365830 2.541270
13.911005 -15.668344 0.365730 2.541275
13.812659 -15.778073 0.366031 2.541259
13.714146 -15.887991 0.366351 2.541243
13.615455 -15.998108 0.366689 2.541225
13.571926 -16.174393 0.368549 2.541130
13.609737 -16.451347 0.372686 2.540919
13.648410 -16.734604 0.376935 2.540701
13.687978 -17.024412 0.381301 2.540477
13.587317 -17.142929 0.381821 2.540451
13.483782 -17.258453 0.382288 2.540427
13.379987 -17.374269 0.382775 2.540402
13.275924 -17.490383 0.383282 2.540376
13.171578 -17.606813 0.383809 2.540349
13.066940 -17.723570 0.384356 2.540321
12.962001 -17.840664 0.384924 2.540292
12.856744 -17.958111 0.385512 2.540262
12.751162 -18.075924 0.386121 2.540231
12.645239 -18.194117 0.386750 2.540198
12.538965 -18.312700 0.387400 2.540165
12.425653 -18.421787 0.387864 2.540141
12.236122 -18.416845 0.385952 2.540239
12.048444 -18.411951 0.384077 2.540335
11.862569 -18.407104 0.382239 2.540429
11.678456 -18.402306 0.380437 2.540522
11.496064 -18.397549 0.378670 2.540612
11.378014 -18.494699 0.379025 2.540594
11.272257 -18.612709 0.379822 2.540553
11.166049 -18.731224 0.380640 2.540511
11.059379 -18.850256 0.381481 2.540468
11.065631 -19.166235 0.386303 2.540221
11.121861 -19.578018 0.393028 2.539877
11.119719 -19.896395 0.397851 2.539630
11.007176 -20.021980 0.398816 2.539581
10.894081 -20.148184 0.399805 2.539530
10.780419 -20.275021 0.400819 2.539478
10.666173 -20.402510 0.401857 2.539425
10.551329 -20.530666 0.402921 2.539371
10.435868 -20.659510 0.404009 2.539315
10.319777 -20.789059 0.405124 2.539258
10.203039 -20.919331 0.406265 2.539199
10.085635 -21.050346 0.407432 2.539139
9.967548 -21.182123 0.408625 2.539078
9.815238 -21.242126 0.408451 2.539087
9.633710 -21.237394 0.407057 2.539159
9.453405 -21.232697 0.405692 2.539228
9.274297 -21.228029 0.404356 2.539297
9.096355 -21.223392 0.403048 2.539364
8.925093 -21.231962 0.402018 2.539417
8.805974 -21.364893 0.403361 2.539348
8.686049 -21.498726 0.404733 2.539278
8.565299 -21.633480 0.406134 2.539206
8.540479 -22.018673 0.412236 2.538893
8.448601 -22.241104 0.415286 2.538737
8.267978 -22.231922 0.414027 2.538802
8.094127 -22.238434 0.413085 2.538850
7.914542 -22.226620 0.411830 2.538914
7.736605 -22.216507 0.410631 2.538975
7.557834 -22.200998 0.409359 2.539041
7.377445 -22.177418 0.407965 2.539112
7.192524 -22.136314 0.406275 2.539199
7.011733 -22.103786 0.404770 2.539276
6.826973 -22.054392 0.402983 2.539367
6.639431 -21.990866 0.400965 2.539470
6.449089 -21.912123 0.398699 2.539587
6.264414 -21.846611 0.396702 2.539689
6.075481 -21.759933 0.394348 2.539809
5.884563 -21.658796 0.391761 2.539942
5.697506 -21.564203 0.389321 2.540067
5.514715 -21.478395 0.387067 2.540182
5.335459 -21.399357 0.384962 2.540290
5.155537 -21.310440 0.382706 2.540406
4.978650 -21.226589 0.380566 2.540515
4.803237 -21.141537 0.378431 2.540624
4.632541 -21.070004 0.376563 2.540720
4.462387 -20.993881 0.374636 2.540818
4.294065 -20.919062 0.372757 2.540915
4.130194 -20.859013 0.371164 2.540996
3.967074 -20.796144 0.369544 2.541079
3.807100 -20.743258 0.368123 2.541152
3.651298 -20.707541 0.367027 2.541208
3.496895 -20.674889 0.366007 2.541260
3.341220 -20.629322 0.364779 2.541323
3.187808 -20.592003 0.363716 2.541378
3.036828 -20.565357 0.362862 2.541421
2.889305 -20.558479 0.362376 2.541446
2.743862 -20.564297 0.362132 2.541459
2.594785 -20.539846 0.361374 2.541498
2.448182 -20.531088 0.360910 2.541521
2.304480 -20.544903 0.360862 2.541524
2.160674 -20.557440 0.360808 2.541527
2.016159 -20.562391 0.360639 2.541535
1.872365 -20.573849 0.360602 2.541537
1.728875 -20.588644 0.360641 2.541535
1.585006 -20.598989 0.360620 2.541536
1.440990 -20.607124 0.360577 2.541538
1.295365 -20.589249 0.360097 2.541563
1.151485 -20.595840 0.360063 2.541565
1.006140 -20.572062 0.359516 2.541593
0.862013 -20.566998 0.359313 2.541603
0.717982 -20.560322 0.359101 2.541614
0.573601 -20.535273 0.358584 2.541640
0.429574 -20.507713 0.358042 2.541668
0.286015 -20.483135 0.357569 2.541692
0.142661 -20.434361 0.356692 2.541737
-0.000000 -20.388844 0.355889 2.541779
-0.141998 -20.339180 0.355030 2.541822
-0.283129 -20.276207 0.353957 2.541877
-0.423258 -20.206011 0.352775 2.541938
-0.561669 -20.108080 0.351125 2.542022
-0.698712 -20.008469 0.349462 2.542108
-0.833980 -19.898130 0.347628 2.542201
-0.965325 -19.737480 0.344931 2.542339
-1.095681 -19.597658 0.342613 2.542458
-1.223181 -19.441908 0.340031 2.542590
-1.348995 -19.291525 0.337557 2.542717
-1.473764 -19.153263 0.335310 2.542832
-1.594674 -18.990444 0.332646 2.542969
-1.715295 -18.847900 0.330351 2.543086
-1.834015 -18.704731 0.328058 2.543203
-1.949553 -18.548752 0.325553 2.543332
-2.066590 -18.424061 0.323610 2.543431
-2.181055 -18.290867 0.321530 2.543538
-2.293166 -18.152266 0.319367 2.543648
-2.403800 -18.015644 0.317251 2.543757
-2.511661 -17.871393 0.315012 2.543871
-2.623877 -17.768852 0.313520 2.543948
-2.735071 -17.667477 0.312060 2.544022
-2.846570 -17.575243 0.310775 2.544088
-2.955073 -17.471441 0.309297 2.544164
-3.060844 -17.358906 0.307675 2.544247
-3.166714 -17.254063 0.306201 2.544322
-3.278420 -17.186073 0.305393 2.544364
-3.387694 -17.109095 0.304438 2.544413
-3.492967 -17.016411 0.303216 2.544475
-3.599128 -16.932564 0.302162 2.544529
-3.706189 -16.856712 0.301263 2.544575
-3.809367 -16.766987 0.300127 2.544633
-3.919902 -16.712578 0.299636 2.544658
-4.029766 -16.657059 0.299138 2.544684
-4.135338 -16.585934 0.298371 2.544723
-4.240024 -16.513798 0.297599 2.544763
-4.345494 -16.447031 0.296935 2.544797
-4.452338 -16.387320 0.296411 2.544824
-4.555918 -16.317467 0.295716 2.544859
-4.662416 -16.259777 0.295253 2.544883
-4.772727 -16.216331 0.295062 2.544893
-4.882617 -16.172005 0.294869 2.544903
-4.991895 -16.126202 0.294662 2.544913
-5.102007 -16.083565 0.294526 2.544920
-5.209002 -16.031656 0.294234 2.544935
-5.317490 -15.984961 0.294052 2.544945
-5.429664 -15.949530 0.294090 2.544943
-5.538953 -15.905703 0.293988 2.544948
-5.648691 -15.863368 0.293927 2.544951
-5.761961 -15.830855 0.294063 2.544944
-5.867115 -15.776196 0.293801 2.544957
-5.977896 -15.736918 0.293840 2.544955
-6.090471 -15.702168 0.293978 2.544948
-6.203669 -15.668679 0.294154 2.544939
-6.312851 -15.624854 0.294152 2.544939
-6.424269 -15.586442 0.294266 2.544934
-6.535357 -15.546998 0.294375 2.544928
-6.645624 -15.505398 0.294459 2.544924
-6.759506 -15.471898 0.294712 2.544911
-6.873013 -15.437040 0.294955 2.544898
-6.983004 -15.393946 0.295056 2.544893
-7.091317 -15.347014 0.295098 2.544891
-7.197444 -15.295342 0.295063 2.544893
-7.303471 -15.243521 0.295040 2.544894
-7.417496 -15.208119 0.295350 2.544878
-7.527024 -15.163089 0.295489 2.544871
-7.630987 -15.106784 0.295422 2.544874
-7.738815 -15.058102 0.295520 2.544869
-7.848559 -15.012909 0.295701 2.544860
-7.955699 -14.962494 0.295795 2.544855
-8.060004 -14.906664 0.295796 2.544855
-8.167739 -14.857060 0.295936 2.544848
-8.274312 -14.805134 0.296045 2.544842
-8.379274 -14.750191 0.296109 2.544839
-8.485462 -14.697251 0.296229 2.544833
-8.585964 -14.634419 0.296163 2.544837
-8.692474 -14.581758 0.296318 2.544828
-8.798589 -14.528193 0.296471 2.544821
-8.902949 -14.471539 0.296576 2.544815
-9.010540 -14.419877 0.296799 2.544804
-9.117862 -14.367449 0.297023 2.544792
-9.224128 -14.313043 0.297222 2.544782
-9.332539 -14.261611 0.297500 2.544768
-9.445461 -14.216562 0.297929 2.544746
-9.560456 -14.173959 0.298427 2.544720
-9.672376 -14.126146 0.298835 2.544699
-9.782898 -14.075744 0.299206 2.544681
-9.899655 -14.033653 0.299773 2.544652
-10.018497 -13.993689 0.300406 2.544619
-10.136452 -13.951629 0.301015 2.544588
-10.248302 -13.900458 0.301448 2.544566
-10.371436 -13.863783 0.302215 2.544527
-10.492230 -13.823001 0.302916 2.544491
-10.610961 -13.778613 0.303559 2.544458
-10.732904 -13.737491 0.304296 2.544420
-10.864070 -13.707040 0.305295 2.544369
-10.995958 -13.676212 0.306310 2.544317
-11.118964 -13.633198 0.307078 2.544277
-11.254354 -13.604175 0.308187 2.544221
-11.386506 -13.569909 0.309204 2.544169
-11.523093 -13.539584 0.310338 2.544111
-11.657038 -13.504806 0.311399 2.544056
-11.790049 -13.467666 0.312433 2.544003
-11.930586 -13.437739 0.313663 2.543940
-12.069892 -13.404973 0.314857 2.543879
-12.204475 -13.365601 0.315926 2.543824
-12.346972 -13.333514 0.317198 2.543760
-12.484692 -13.294847 0.318343 2.543701
-12.624783 -13.257324 0.319548 2.543639
-12.767116 -13.220735 0.320806 2.543575
-12.903324 -13.176436 0.321910 2.543518
-13.043173 -13.134549 0.323103 2.543457
-13.188560 -13.096807 0.324432 2.543389
-13.333114 -13.056746 0.325737 2.543322
-13.470150 -13.007972 0.326859 2.543265
-13.611814 -12.962351 0.328092 2.543202
-13.763907 -12.925168 0.329575 2.543126
-13.907065 -12.878084 0.330842 2.543061
-14.054969 -12.833947 0.332221 2.542990
-14.208527 -12.793415 0.333731 2.542913
-14.355138 -12.745083 0.335077 2.542844
-14.510417 -12.702908 0.336623 2.542765
-14.682666 -12.673738 0.338558 2.542666
-14.837226 -12.627466 0.340081 2.542588
-14.995851 -12.583012 0.341695 2.542505
-15.171070 -12.550596 0.343683 2.542403
-15.335587 -12.507398 0.345423 2.542314
-15.489599 -12.453959 0.346925 2.542238
-15.668096 -12.418377 0.348973 2.542133
-15.830747 -12.368334 0.350664 2.542046
-16.005869 -12.326174 0.352628 2.541945
-16.168865 -12.272835 0.354323 2.541858
-16.295681 -12.190728 0.355228 2.541812
-16.462782 -12.137406 0.357015 2.541721
-16.603407 -12.063081 0.358229 2.541659
-16.730001 -11.977500 0.359148 2.541612
-16.862576 -11.895237 0.360202 2.541558
-16.973085 -11.796602 0.360795 2.541527
-17.100891 -11.709222 0.361765 2.541477
-17.228443 -11.620731 0.362738 2.541428
-17.341536 -11.521684 0.363417 2.541393
-17.447180 -11.417113 0.363952 2.541366
-17.561733 -11.317765 0.364684 2.541328
-17.673264 -11.215791 0.365365 2.541293
-17.772631 -11.105572 0.365808 2.541271
-17.876060 -10.997421 0.366347 2.541243
-17.980806 -10.889562 0.366927 2.541213
-18.087164 -10.782115 0.367552 2.541181
-18.205219 -10.680935 0.368427 2.541137
-18.309397 -10.570935 0.369033 2.541106
-18.415426 -10.461414 0.369689 2.541072
-18.516712 -10.348639 0.370263 2.541043
-18.616913 -10.234735 0.370828 2.541014
-18.719893 -10.121805 0.371463 2.540981
-18.822952 -10.008341 0.372113 2.540948
-18.940165 -9.901674 0.373054 2.540900
-19.054285 -9.792571 0.373946 2.540854
-19.160206 -9.678517 0.374690 2.540816
-19.265318 -9.563384 0.375430 2.540778
-19.384504 -9.454454 0.376458 2.540725
-19.500944 -9.343283 0.377443 2.540675
-19.620192 -9.232559 0.378494 2.540621
-19.718882 -9.111403 0.379162 2.540587
-19.785540 -8.975116 0.379229 2.540583
-19.844505 -8.835342 0.379168 2.540586
-19.911911 -8.699296 0.379286 2.540581
-19.990824 -8.568076 0.379641 2.540562
-20.062754 -8.433605 0.379879 2.540550
-20.126219 -8.295425 0.379975 2.540545
-20.178703 -8.152725 0.379882 2.540550
-20.247377 -8.016500 0.380112 2.540538
-20.315451 -7.879842 0.380348 2.540526
-20.377495 -7.740685 0.380489 2.540519
-20.434465 -7.599507 0.380552 2.540516
-20.494154 -7.459262 0.380685 2.540509
-20.553408 -7.318735 0.380827 2.540502
-20.588854 -7.169796 0.380547 2.540516
-20.629286 -7.022783 0.380379 2.540524
-20.676409 -6.878123 0.380353 2.540526
-20.727526 -6.734781 0.380419 2.540522
-20.769712 -6.588537 0.380340 2.540526
-20.801636 -6.439180 0.380092 2.540539
-20.837103 -6.291093 0.379928 2.540548
-20.870636 -6.142560 0.379749 2.540557
-20.900301 -5.993064 0.379518 2.540569
-20.925806 -5.842586 0.379231 2.540583
-20.961414 -5.695088 0.379147 2.540588
-20.987217 -5.545063 0.378904 2.540600
-21.016691 -5.396166 0.378747 2.540608
-21.039839 -5.245821 0.378495 2.540621
-21.056763 -5.094163 0.378150 2.540639
-21.072100 -4.942415 0.377797 2.540657
-21.074493 -4.788008 0.377231 2.540686
-21.067204 -4.631922 0.376513 2.540722
-21.020037 -4.467946 0.375103 2.540795
-20.966347 -4.303769 0.373600 2.540872
-20.912985 -4.140881 0.372125 2.540947
-20.873755 -3.981883 0.370923 2.541009
-20.880642 -3.832312 0.370561 2.541027
-20.867226 -3.679455 0.369858 2.541063
-20.850191 -3.526542 0.369110 2.541101
-20.822803 -3.372557 0.368200 2.541148
-20.788853 -3.218285 0.367193 2.541199
-20.755337 -3.064879 0.366214 2.541250
-20.713573 -2.911103 0.365110 2.541306
-20.671047 -2.758103 0.364012 2.541363
-20.624880 -2.605527 0.362870 2.541421
-20.574524 -2.453364 0.361674 2.541482
-20.591726 -2.309730 0.361684 2.541482
-20.634533 -2.168777 0.362161 2.541457
-20.681599 -2.027845 0.362730 2.541428
-20.734283 -1.886966 0.363414 2.541393
-20.790741 -1.745848 0.364181 2.541354
-20.849174 -1.604254 0.364999 2.541312
-20.910992 -1.462239 0.365894 2.541266
-20.984154 -1.320207 0.367004 2.541209
-21.060074 -1.177439 0.368179 2.541149
-21.140556 -1.033946 0.369451 2.541084
-21.232191 -0.889890 0.370935 2.541008
-21.326643 -0.744742 0.372485 2.540929
-21.427767 -0.598528 0.374169 2.540843
-21.558140 -0.451577 0.376381 2.540729
-21.697018 -0.302968 0.378760 2.540607
-21.848389 -0.152530 0.381374 2.540473
-22.007469 0.000000 0.384142 2.540332
-22.157055 0.154692 0.386762 2.540198
-22.312191 0.311559 0.389499 2.540058
-22.464224 0.470558 0.392200 2.539919
-22.625689 0.631996 0.395087 2.539771
-22.789703 0.795834 0.398038 2.539620
-22.931456 0.961117 0.400621 2.539488
-23.105879 1.130068 0.403797 2.539325
-23.261999 1.300547 0.406674 2.539178
-23.022514 1.448457 0.402654 2.539384
-22.886398 1.600373 0.400459 2.539496
-22.751747 1.750656 0.398307 2.539607
-22.618534 1.899333 0.396197 2.539715
-22.609520 2.057627 0.396282 2.539710
-22.642523 2.220122 0.397122 2.539667
-22.675663 2.383309 0.397985 2.539623
-22.708952 2.547221 0.398872 2.539578
-22.742390 2.711868 0.399782 2.539531
-22.775982 2.877275 0.400716 2.539483
-22.809732 3.043471 0.401674 2.539434
-22.840324 3.209999 0.402597 2.539387
-22.711521 3.353750 0.400730 2.539483
-22.583904 3.496175 0.398899 2.539576
-22.457443 3.637311 0.397104 2.539668
-22.332104 3.777195 0.395345 2.539758
-22.207867 3.915847 0.393620 2.539847
-22.084700 4.053305 0.391929 2.539933
-21.962584 4.189589 0.390271 2.540018
-21.841492 4.324731 0.388646 2.540101
-21.048433 4.320626 0.375062 2.540797
-20.429478 4.342420 0.364564 2.541334
-20.317719 4.467144 0.363118 2.541408
-20.206842 4.590883 0.361700 2.541481
-20.096821 4.713666 0.360311 2.541552
-20.075724 4.856831 0.360532 2.541541
-20.107508 5.013365 0.361723 2.541480
-20.139505 5.170950 0.362939 2.541418
-20.171719 5.329599 0.364181 2.541354
-20.204153 5.489347 0.365450 2.541289
-20.236818 5.650224 0.366745 2.541223
-20.269716 5.812248 0.368068 2.541155
-20.302856 5.975459 0.369418 2.541086
-20.240820 6.111065 0.369056 2.541104
-20.132429 6.232027 0.367864 2.541165
-20.024725 6.352220 0.366698 2.541225
-19.917700 6.471653 0.365556 2.541284
-19.811331 6.590356 0.364440 2.541341
-19.705606 6.708337 0.363348 2.541397
-19.600512 6.825619 0.362279 2.541451
-19.496021 6.942224 0.361235 2.541505
-19.392130 7.058158 0.360214 2.541557
-19.288815 7.173450 0.359217 2.541608
-18.894505 7.177351 0.352798 2.541937
-18.384323 7.130808 0.344193 2.542377
-17.951664 7.107569 0.337014 2.542745
-17.856018 7.214300 0.336156 2.542789
-17.760851 7.320498 0.335318 2.542832
-17.666155 7.426169 0.334501 2.542874
-17.571915 7.531332 0.333704 2.542914
-17.543501 7.664570 0.334172 2.542890
-17.576153 7.825408 0.335827 2.542806
-17.609133 7.987861 0.337514 2.542719
-17.642445 8.151956 0.339235 2.542631
-17.676100 8.317740 0.340991 2.542541
-17.710108 8.485265 0.342781 2.542449
-17.744476 8.654559 0.344607 2.542356
-17.779213 8.825682 0.346470 2.542261
-17.703381 8.942622 0.346200 2.542274
-17.607859 9.049210 0.345560 2.542307
-17.512682 9.155412 0.344938 2.542339
-17.417847 9.261234 0.344335 2.542370
-17.323334 9.366695 0.343751 2.542400
-17.229139 9.471801 0.343186 2.542429
-17.135250 9.576567 0.342639 2.542457
-17.041651 9.681007 0.342110 2.542484
-16.948338 9.785128 0.341600 2.542510
-16.855295 9.888947 0.341108 2.542535
-16.762518 9.992468 0.340634 2.542560
-16.537590 10.015520 0.337476 2.542721
-16.235142 9.987928 0.332719 2.542965
-15.941097 9.961103 0.328110 2.543201
-15.655064 9.935010 0.323642 2.543429
-15.417170 9.935689 0.320150 2.543608
-15.330725 10.032145 0.319802 2.543626
-15.244459 10.128397 0.319470 2.543643
-15.158371 10.224451 0.319154 2.543659
-15.072446 10.320323 0.318854 2.543674
-15.001793 10.426519 0.318891 2.543673
-15.038766 10.608682 0.321244 2.543552
-15.076291 10.793567 0.323647 2.543429
-15.114383 10.981242 0.326103 2.543303
-15.153059 11.171803 0.328612 2.543175
-15.192336 11.365321 0.331176 2.543044
-15.232232 11.561893 0.333797 2.542910
-15.216069 11.717954 0.335228 2.542836
-15.126380 11.818024 0.335061 2.542845
-15.036771 11.918002 0.334911 2.542852
-14.947242 12.017893 0.334778 2.542859
-14.857779 12.117708 0.334661 2.542865
-14.768371 12.217462 0.334560 2.542871
-14.679015 12.317157 0.334476 2.542875
-14.589697 12.416810 0.334408 2.542878
-14.500414 12.516423 0.334356 2.542881
-14.411154 12.616011 0.334320 2.542883
-14.321904 12.715585 0.334301 2.542884
-14.232664 12.815149 0.334298 2.542884
-14.064976 12.843092 0.332458 2.542978
-13.847887 12.823286 0.329434 2.543133
-13.634702 12.803836 0.326481 2.543284
-13.425285 12.784730 0.323596 2.543432
-13.219537 12.765959 0.320777 2.543576
-13.017323 12.747510 0.318022 2.543717
-12.868650 12.779124 0.316562 2.543792
-12.784001 12.873563 0.316683 2.543786
-12.699280 12.968081 0.316819 2.543779
-12.614486 13.062682 0.316971 2.543771
-12.529601 13.157383 0.317139 2.543762
-12.454486 13.262683 0.317573 2.543740
-12.507584 13.506960 0.321324 2.543548
-12.561954 13.757098 0.325180 2.543351
-12.617645 14.013315 0.329146 2.543148
-12.674717 14.275883 0.333227 2.542939
-12.707956 14.516184 0.336757 2.542758
-12.617317 14.617302 0.337051 2.542743
-12.526511 14.718605 0.337362 2.542727
-12.435536 14.820096 0.337690 2.542710
-12.344377 14.921793 0.338035 2.542692
-12.253029 15.023700 0.338398 2.542674
-12.161480 15.125830 0.338778 2.542655
-12.069718 15.228198 0.339175 2.542634
-11.977739 15.330808 0.339590 2.542613
-11.885527 15.433677 0.340022 2.542591
-11.793078 15.536809 0.340472 2.542568
-11.700380 15.640220 0.340940 2.542544
-11.563668 15.684582 0.340138 2.542585
-11.381599 15.665429 0.337992 2.542695
-11.201799 15.646514 0.335888 2.542803
-11.024222 15.627833 0.333827 2.542908
-10.848802 15.609380 0.331807 2.543011
-10.675478 15.591146 0.329827 2.543113
-10.504208 15.573129 0.327886 2.543212
-10.354156 15.584264 0.326591 2.543278
-10.263923 15.684920 0.327190 2.543248
-10.173352 15.785952 0.327808 2.543216
-10.082432 15.887375 0.328445 2.543184
-9.991157 15.989194 0.329100 2.543150
-9.938482 16.154778 0.331072 2.543049
-10.016478 16.539173 0.337508 2.542719
-10.097569 16.938829 0.344217 2.542376
-10.174625 17.342234 0.350962 2.542031
-10.076036 17.452208 0.351756 2.541990
-9.976993 17.562691 0.352570 2.541948
-9.877487 17.673685 0.353405 2.541906
-9.777505 17.785213 0.354262 2.541862
-9.677028 17.897293 0.355140 2.541817
-9.576050 18.009932 0.356040 2.541771
-9.474549 18.123150 0.356962 2.541723
-9.372521 18.236958 0.357906 2.541675
-9.269947 18.351374 0.358872 2.541626
-9.166808 18.466421 0.359862 2.541575
-9.027980 18.510101 0.359476 2.541595
-8.861261 18.494888 0.357971 2.541672
-8.695933 18.479801 0.356495 2.541747
-8.531954 18.464838 0.355048 2.541821
-8.369286 18.449993 0.353631 2.541894
-8.207910 18.435266 0.352242 2.541965
-8.047782 18.420654 0.350880 2.542035
-7.888886 18.406155 0.349547 2.542103
-7.765049 18.472321 0.349765 2.542092
-7.661393 18.587940 0.350933 2.542032
-7.557041 18.704334 0.352126 2.541971
-7.451968 18.821533 0.353344 2.541909
-7.460618 19.234627 0.360113 2.541562
-7.637244 20.105185 0.375404 2.540779
-7.541716 20.279072 0.377658 2.540664
-7.427390 20.406588 0.379058 2.540592
-7.312203 20.535065 0.380487 2.540519
-7.196144 20.664515 0.381946 2.540444
-7.079185 20.794968 0.383434 2.540368
-6.961301 20.926451 0.384953 2.540290
-6.842478 21.058983 0.386503 2.540211
-6.722683 21.192596 0.388084 2.540130
-6.601903 21.327309 0.389697 2.540047
-6.438983 21.326937 0.388860 2.540090
-6.272381 21.311733 0.387775 2.540146
-6.106706 21.296614 0.386714 2.540200
-5.941919 21.281576 0.385679 2.540253
-5.778011 21.266619 0.384667 2.540305
-5.614952 21.251738 0.383680 2.540356
-5.452714 21.236933 0.382716 2.540405
-5.293095 21.229446 0.381906 2.540447
-5.169338 21.367476 0.383730 2.540353
-5.044378 21.506847 0.385591 2.540258
-4.918202 21.647572 0.387489 2.540160
-5.065795 23.040573 0.411781 2.538917
-4.929690 23.192373 0.413868 2.538810
-4.792192 23.345726 0.415998 2.538701
-4.653253 23.500683 0.418170 2.538589
-4.512859 23.657265 0.420385 2.538476
-4.370963 23.815519 0.422645 2.538361
-4.227526 23.975492 0.424950 2.538243
-4.082509 24.137228 0.427301 2.538122
-3.911333 24.149349 0.427022 2.538136
-3.736034 24.133350 0.426267 2.538175
-3.561346 24.117407 0.425536 2.538213
-3.387247 24.101517 0.424828 2.538249
-3.213718 24.085678 0.424143 2.538284
-3.040726 24.069889 0.423481 2.538318
-2.868278 24.054150 0.422841 2.538351
-2.705027 24.115885 0.423584 2.538312
-2.552554 24.285931 0.426248 2.538176
-2.398144 24.458138 0.428966 2.538037
-2.370422 26.046654 0.456525 2.536626
-2.202883 26.233500 0.459519 2.536473
-2.033122 26.422823 0.462575 2.536316
-1.861080 26.614691 0.465696 2.536156
-1.686693 26.809174 0.468881 2.535993
-1.508582 26.983135 0.471728 2.535847
-1.318842 26.965818 0.471253 2.535872
-1.129475 26.948534 0.470801 2.535895
-0.940461 26.931282 0.470374 2.535917
-0.751780 26.914061 0.469970 2.535938
-0.563400 26.896868 0.469590 2.535957
-0.375330 26.879702 0.469233 2.535975
-0.187958 26.922991 0.469954 2.535938
0.000001 27.132605 0.473601 2.535752
0.190908 27.345505 0.477329 2.535561
0.406964 29.144047 0.508761 2.533951
0.615356 29.376444 0.512880 2.533741
0.827160 29.612646 0.517092 2.533525
0.995568 28.509310 0.497935 2.534506
1.156200 27.586161 0.481941 2.535325
1.311439 26.814138 0.468602 2.536008
1.447720 25.894255 0.452692 2.536822
1.308688 20.800959 0.363800 2.541373
1.411662 20.187700 0.353238 2.541914
1.536909 19.973936 0.349677 2.542096
1.654763 19.705973 0.345180 2.542327
1.768939 19.437321 0.340682 2.542557
1.886453 19.239508 0.337437 2.542723
2.009450 19.118641 0.335555 2.542819
2.129979 18.989202 0.333536 2.542923
2.254248 18.904640 0.332319 2.542985
2.379851 18.838423 0.331439 2.543030
2.502372 18.754385 0.330260 2.543091
2.623765 18.669058 0.329072 2.543152
2.744294 18.584333 0.327908 2.543211
2.863515 18.497137 0.326715 2.543272
2.979476 18.395813 0.325285 2.543345
3.097031 18.310734 0.324154 2.543403
3.214183 18.228537 0.323089 2.543458
3.330738 18.147772 0.322062 2.543510
3.449306 18.081860 0.321311 2.543549
3.567327 18.016296 0.320581 2.543586
3.684828 17.951071 0.319870 2.543622
3.801804 17.886080 0.319177 2.543658
3.916769 17.814493 0.318380 2.543699
4.028945 17.733442 0.317427 2.543748
4.140608 17.653553 0.316506 2.543795
4.249713 17.566198 0.315464 2.543848
4.357105 17.475393 0.314372 2.543904
4.466837 17.397186 0.313519 2.543948
4.573560 17.310205 0.312519 2.543999
4.681332 17.230148 0.311656 2.544043
4.788165 17.149271 0.310790 2.544087
4.894400 17.068800 0.309944 2.544131
5.001230 16.992729 0.309189 2.544169
5.107593 16.917141 0.308455 2.544207
5.211698 16.836262 0.307636 2.544249
5.317523 16.762949 0.306967 2.544283
5.419309 16.678917 0.306114 2.544327
5.519505 16.592249 0.305223 2.544373
5.619144 16.506109 0.304353 2.544417
5.722102 16.431627 0.303709 2.544450
5.823706 16.354858 0.303034 2.544485
5.921852 16.270155 0.302223 2.544526
6.019493 16.185934 0.301432 2.544567
6.116651 16.102179 0.300660 2.544606
6.213323 16.018890 0.299907 2.544645
6.313711 15.946608 0.299372 2.544672
6.412920 15.872532 0.298815 2.544701
6.508354 15.790455 0.298118 2.544736
6.603371 15.708785 0.297439 2.544771
6.697969 15.627522 0.296778 2.544805
6.792167 15.546651 0.296136 2.544838
6.885978 15.466159 0.295511 2.544870
6.979414 15.386036 0.294904 2.544901
7.072494 15.306265 0.294314 2.544931
7.167325 15.231333 0.293828 2.544956
7.259863 15.152498 0.293278 2.544984
7.354622 15.079210 0.292846 2.545006
7.450300 15.008536 0.292477 2.545025
7.541847 14.930307 0.291971 2.545051
7.633092 14.852383 0.291483 2.545076
7.724053 14.774747 0.291010 2.545100
7.814742 14.697391 0.290554 2.545124
7.905168 14.620305 0.290114 2.545146
7.995348 14.543473 0.289690 2.545168
8.085281 14.466899 0.289282 2.545189
8.175909 14.392199 0.288923 2.545207
8.271791 14.327162 0.288769 2.545215
8.363650 14.255500 0.288495 2.545229
8.452833 14.179749 0.288149 2.545247
8.541818 14.104210 0.287819 2.545264
8.630621 14.028871 0.287504 2.545280
8.720243 13.955304 0.287237 2.545294
8.814681 13.889717 0.287147 2.545298
8.906599 13.820326 0.286991 2.545306
8.994881 13.745612 0.286736 2.545319
9.087247 13.677402 0.286630 2.545325
9.181563 13.612226 0.286600 2.545326
9.275823 13.547001 0.286583 2.545327
9.368321 13.479239 0.286527 2.545330
9.456065 13.404820 0.286341 2.545339
9.547492 13.335793 0.286283 2.545342
9.641775 13.270764 0.286325 2.545340
9.736111 13.205742 0.286382 2.545337
9.830516 13.140713 0.286453 2.545334
9.924987 13.075681 0.286539 2.545329
10.019467 13.010540 0.286637 2.545324
10.114100 12.945458 0.286752 2.545318
10.208837 12.880348 0.286882 2.545312
10.303691 12.815198 0.287026 2.545304
10.398660 12.750010 0.287185 2.545296
10.493761 12.684775 0.287359 2.545287
10.588993 12.619470 0.287547 2.545277
10.685455 12.555369 0.287779 2.545266
10.788280 12.498335 0.288191 2.545244
10.891383 12.441121 0.288618 2.545223
10.994799 12.383737 0.289061 2.545200
11.093609 12.320701 0.289390 2.545183
11.197987 12.263363 0.289872 2.545159
11.304424 12.207659 0.290414 2.545131
11.410455 12.150894 0.290952 2.545103
11.507896 12.084479 0.291278 2.545086
11.613899 12.026545 0.291829 2.545058
11.725284 11.973468 0.292520 2.545023
11.830126 11.912997 0.293054 2.544996
11.944387 11.861284 0.293826 2.544956
12.068345 11.818194 0.294838 2.544904
12.198004 11.779475 0.295989 2.544845
12.328729 11.740492 0.297165 2.544785
12.464260 11.704711 0.298455 2.544719
12.596296 11.664292 0.299659 2.544657
12.740959 11.634091 0.301161 2.544580
12.901434 11.616503 0.303030 2.544485
13.076978 11.610287 0.305242 2.544372
13.278654 11.624575 0.308048 2.544228
13.491954 11.645937 0.311102 2.544071
13.728721 11.684054 0.314673 2.543889
13.941642 11.698426 0.317674 2.543735
14.142834 11.699972 0.320389 2.543596
14.332094 11.688963 0.322820 2.543472
14.556060 11.703367 0.326016 2.543308
14.737660 11.680923 0.328249 2.543194
14.901507 11.642333 0.330080 2.543100
15.048486 11.588896 0.331536 2.543025
15.216829 11.550195 0.333460 2.542927
15.345079 11.479581 0.334506 2.542873
15.474559 11.408826 0.335584 2.542818
15.594878 11.330341 0.336470 2.542773
15.718162 11.253100 0.337426 2.542724
15.826057 11.164047 0.338061 2.542691
15.934255 11.074590 0.338712 2.542658
16.027407 10.974192 0.339056 2.542640
16.096603 10.857296 0.338908 2.542648
16.159792 10.736542 0.338652 2.542661
16.232159 10.622020 0.338606 2.542663
16.340054 10.530440 0.339315 2.542627
16.435265 10.430133 0.339772 2.542604
16.518326 10.321795 0.339991 2.542592
16.618753 10.223927 0.340580 2.542562
16.708155 10.118811 0.340956 2.542543
16.802406 10.016239 0.341444 2.542518
16.904982 9.918092 0.342113 2.542484
17.016363 9.824401 0.342971 2.542440
17.129597 9.730968 0.343876 2.542393
17.259373 9.645929 0.345121 2.542330
17.419157 9.576258 0.346970 2.542235
17.577826 9.504292 0.348801 2.542141
17.735344 9.430050 0.350612 2.542048
17.897709 9.356698 0.352521 2.541951
18.064718 9.283997 0.354525 2.541848
18.274717 9.231218 0.357373 2.541703
18.496626 9.181802 0.360451 2.541545
18.666067 9.104049 0.362505 2.541440
18.853903 9.033278 0.364919 2.541316
19.027719 8.953757 0.367065 2.541206
19.245523 8.892674 0.370060 2.541053
19.341703 8.773783 0.370722 2.541019
19.545225 8.702094 0.373450 2.540879
19.687963 8.601462 0.375020 2.540799
19.834890 8.501237 0.376679 2.540714
19.977493 8.397759 0.378265 2.540633
20.135139 8.299103 0.380143 2.540537
20.278919 8.193214 0.381769 2.540453
20.416826 8.083595 0.383293 2.540375
20.572306 7.979464 0.385157 2.540280
20.745184 7.880351 0.387354 2.540167
20.900822 7.772943 0.389237 2.540071
21.082825 7.673520 0.391620 2.539949
21.235590 7.561656 0.393467 2.539855
21.415798 7.457762 0.395832 2.539733
21.595800 7.351805 0.398200 2.539612
21.779913 7.245210 0.400653 2.539486
22.009533 7.151330 0.403948 2.539318
22.200415 7.042389 0.406540 2.539185
22.411169 6.937407 0.409502 2.539033
22.652887 6.839304 0.413036 2.538852
22.870066 6.731023 0.416129 2.538694
23.070660 6.615405 0.418928 2.538551
23.243042 6.489576 0.421226 2.538433
23.386700 6.354017 0.423015 2.538342
23.500238 6.209025 0.424274 2.538277
23.625101 6.065892 0.425754 2.538201
23.731138 5.916837 0.426910 2.538142
23.829163 5.764884 0.427939 2.538089
23.916111 5.609465 0.428786 2.538046
23.995243 5.451580 0.429512 2.538009
24.056328 5.289124 0.429934 2.537987
24.104774 5.123627 0.430150 2.537976
24.156034 4.958524 0.430437 2.537962
24.203213 4.792356 0.430671 2.537950
24.238882 4.623808 0.430720 2.537947
24.274887 4.455272 0.430797 2.537943
24.300188 4.284778 0.430705 2.537948
24.318584 4.113183 0.430511 2.537958
24.352949 3.944309 0.430622 2.537952
24.374325 3.773339 0.430523 2.537957
24.381182 3.600296 0.430190 2.537974
24.384964 3.427083 0.429824 2.537993
24.392704 3.254684 0.429550 2.538007
24.394880 3.081782 0.429199 2.538025
24.396145 2.909059 0.428853 2.538043
24.393814 2.736202 0.428466 2.538062
24.381786 2.562629 0.427930 2.538090
24.369764 2.389478 0.427416 2.538116
24.357454 2.216694 0.426918 2.538142
24.341789 2.044031 0.426383 2.538169
24.330034 1.872091 0.425938 2.538192
24.310797 1.699976 0.425383 2.538220
24.310444 1.529486 0.425179 2.538231
24.303267 1.358755 0.424878 2.538246
24.285309 1.187744 0.424408 2.538270
24.273186 1.017345 0.424062 2.538288
24.269123 0.847496 0.423877 2.538297
24.267212 0.677847 0.423751 2.538304
24.249195 0.507940 0.423364 2.538324
24.234341 0.338392 0.423053 2.538340
24.223450 0.169111 0.422832 2.538351
23.481066 -0.000000 -0.409864 2.580985
23.468418 -0.163844 -0.409653 2.580974
23.454735 -0.327512 -0.409444 2.580963
23.431944 -0.490830 -0.409096 2.580946
23.415142 -0.654045 -0.408872 2.580934
23.394482 -0.816954 -0.408601 2.580920
23.358862 -0.979027 -0.408088 2.580894
23.327152 -1.140888 -0.407664 2.580872
23.286434 -1.301914 -0.407101 2.580843
23.240940 -1.462196 -0.406474 2.580812
23.192900 -1.621806 -0.405822 2.580778
23.138998 -1.780449 -0.405087 2.580740
23.081675 -1.938223 -0.404310 2.580701
23.025946 -2.095526 -0.403580 2.580663
22.968555 -2.252087 -0.402840 2.580625
22.897142 -2.406587 -0.401873 2.580576
22.843012 -2.562255 -0.401227 2.580543
22.780807 -2.716447 -0.400457 2.580503
22.713905 -2.869434 -0.399624 2.580461
22.646448 -3.021682 -0.398798 2.580419
22.589043 -3.174683 -0.398168 2.580386
22.530674 -3.327041 -0.397539 2.580354
22.474108 -3.479176 -0.396960 2.580324
22.418589 -3.631019 -0.396417 2.580297
22.366980 -3.783092 -0.395962 2.580273
22.325821 -3.936645 -0.395710 2.580260
22.285580 -4.090170 -0.395494 2.580249
22.248821 -4.244190 -0.395357 2.580242
22.223783 -4.400428 -0.395449 2.580247
22.199919 -4.556990 -0.395581 2.580254
22.179798 -4.714462 -0.395799 2.580265
22.163158 -4.872887 -0.396099 2.580280
22.157909 -5.034154 -0.396624 2.580307
22.153152 -5.195975 -0.397179 2.580335
22.157509 -5.360466 -0.397918 2.580373
22.165487 -5.526477 -0.398744 2.580415
22.182287 -5.695444 -0.399752 2.580467
22.201387 -5.865860 -0.400825 2.580522
22.216646 -6.036129 -0.401851 2.580575
22.245529 -6.211064 -0.403148 2.580641
22.270847 -6.386063 -0.404405 2.580705
22.295513 -6.561926 -0.405675 2.580770
22.324291 -6.740102 -0.407045 2.580841
22.343998 -6.916624 -0.408275 2.580904
22.361795 -7.093580 -0.409495 2.580966
21.823423 -7.090860 -0.400533 2.580507
21.520966 -7.159073 -0.395889 2.580270
21.406118 -7.287238 -0.394703 2.580209
21.291950 -7.414642 -0.393543 2.580149
21.178446 -7.541306 -0.392408 2.580091
21.166893 -7.704120 -0.393181 2.580131
21.190952 -7.880845 -0.394641 2.580206
21.215189 -8.058895 -0.396130 2.580282
21.239613 -8.238303 -0.397650 2.580360
21.264223 -8.419103 -0.399202 2.580439
21.242617 -8.582575 -0.399911 2.580475
21.129402 -8.708911 -0.398915 2.580424
21.016745 -8.834627 -0.397943 2.580374
20.904629 -8.959736 -0.396994 2.580326
20.793041 -9.084256 -0.396070 2.580279
20.681965 -9.208204 -0.395169 2.580233
20.571388 -9.331595 -0.394292 2.580188
20.461294 -9.454447 -0.393437 2.580144
20.351673 -9.576771 -0.392605 2.580101
20.242508 -9.698586 -0.391796 2.580060
20.133785 -9.819904 -0.391009 2.580020
20.007557 -9.931838 -0.389895 2.579963
19.642954 -9.922371 -0.384130 2.579667
19.288961 -9.913180 -0.378552 2.579382
19.023952 -9.945483 -0.374704 2.579185
18.920931 -10.060438 -0.374049 2.579151
18.818264 -10.174998 -0.373415 2.579119
18.715940 -10.289176 -0.372801 2.579087
18.613947 -10.402984 -0.372207 2.579057
18.628138 -10.582255 -0.373959 2.579147
18.656633 -10.771413 -0.376031 2.579253
18.685448 -10.962687 -0.378146 2.579361
18.714590 -11.156136 -0.380302 2.579471
18.744068 -11.351811 -0.382502 2.579584
18.651159 -11.474270 -0.382232 2.579570
18.547596 -11.589825 -0.381758 2.579546
18.444284 -11.705100 -0.381305 2.579523
18.341213 -11.820106 -0.380871 2.579500
18.238371 -11.934856 -0.380456 2.579479
18.135746 -12.049362 -0.380061 2.579459
18.033331 -12.163635 -0.379685 2.579440
17.931110 -12.277689 -0.379328 2.579422
17.829079 -12.391533 -0.378990 2.579404
17.727222 -12.505181 -0.378672 2.579388
17.625532 -12.618644 -0.378372 2.579373
17.523998 -12.731931 -0.378092 2.579358
17.308577 -12.760984 -0.375357 2.579218
17.043709 -12.750322 -0.371534 2.579022
16.784164 -12.739875 -0.367806 2.578832
16.529766 -12.729634 -0.364170 2.578645
16.431721 -12.837868 -0.363976 2.578635
16.334381 -12.946472 -0.363813 2.578627
16.237125 -13.054983 -0.363668 2.578620
16.139940 -13.163415 -0.363541 2.578613
16.082550 -13.304644 -0.364331 2.578654
16.111763 -13.519375 -0.367122 2.578797
16.141430 -13.737434 -0.369974 2.578943
16.171560 -13.958917 -0.372890 2.579092
16.202171 -14.183930 -0.375870 2.579244
16.113209 -14.305978 -0.376114 2.579257
16.012806 -14.417996 -0.376110 2.579257
15.912399 -14.530019 -0.376126 2.579257
15.811980 -14.642055 -0.376159 2.579259
15.711536 -14.754116 -0.376211 2.579262
15.611061 -14.866214 -0.376281 2.579266
15.510543 -14.978358 -0.376369 2.579270
15.409972 -15.090561 -0.376476 2.579276
15.309340 -15.202832 -0.376602 2.579282
15.208634 -15.315185 -0.376745 2.579289
15.107847 -15.427628 -0.376908 2.579298
15.006968 -15.540172 -0.377088 2.579307
14.849277 -15.593278 -0.375852 2.579243
14.637907 -15.587788 -0.373248 2.579110
14.429434 -15.582373 -0.370697 2.578980
14.223782 -15.577030 -0.368198 2.578852
14.020874 -15.571759 -0.365751 2.578726
13.902894 -15.659208 -0.365516 2.578714
13.804600 -15.768867 -0.365818 2.578730
13.706136 -15.878713 -0.366137 2.578746
13.607496 -15.988756 -0.366475 2.578763
13.556792 -16.156357 -0.368138 2.578849
13.594392 -16.432798 -0.372266 2.579060
13.632846 -16.715521 -0.376505 2.579277
13.672187 -17.004772 -0.380861 2.579500
13.579331 -17.132854 -0.381597 2.579538
13.475847 -17.248299 -0.382064 2.579562
13.372104 -17.364033 -0.382550 2.579587
13.268091 -17.480064 -0.383056 2.579612
13.163797 -17.596413 -0.383582 2.579639
13.059211 -17.713083 -0.384129 2.579667
12.954321 -17.830093 -0.384696 2.579696
12.849115 -17.947456 -0.385283 2.579726
12.743584 -18.065182 -0.385891 2.579757
12.637712 -18.183285 -0.386520 2.579790
12.531489 -18.301781 -0.387169 2.579823
12.423279 -18.418270 -0.387790 2.579855
12.233796 -18.413345 -0.385878 2.579757
12.046165 -18.408470 -0.384004 2.579661
11.860336 -18.403641 -0.382167 2.579567
11.676269 -18.398857 -0.380366 2.579475
11.493920 -18.394119 -0.378599 2.579384
11.371139 -18.483524 -0.378796 2.579394
11.265432 -18.601440 -0.379592 2.579435
11.159274 -18.719858 -0.380409 2.579477
11.052652 -18.838793 -0.381249 2.579520
11.048244 -19.136120 -0.385696 2.579748
11.104082 -19.546722 -0.392399 2.580091
11.112909 -19.884211 -0.397607 2.580357
11.000420 -20.009691 -0.398571 2.580407
10.887377 -20.135786 -0.399559 2.580457
10.773768 -20.262512 -0.400571 2.580509
10.659575 -20.389891 -0.401608 2.580562
10.544785 -20.517933 -0.402671 2.580617
10.429379 -20.646664 -0.403758 2.580673
10.313342 -20.776096 -0.404871 2.580729
10.196659 -20.906250 -0.406011 2.580788
10.079310 -21.037146 -0.407176 2.580848
9.961280 -21.168800 -0.408368 2.580908
9.813536 -21.238441 -0.408380 2.580909
9.632045 -21.233725 -0.406987 2.580838
9.451777 -21.229038 -0.405622 2.580768
9.272704 -21.224384 -0.404286 2.580699
9.094799 -21.219759 -0.402979 2.580632
8.919373 -21.218355 -0.401760 2.580570
8.800312 -21.351156 -0.403101 2.580639
8.643023 -21.392231 -0.402728 2.580620
8.474578 -21.404345 -0.401832 2.580574
8.309555 -21.423317 -0.401090 2.580536
8.145320 -21.442713 -0.400378 2.580499
7.972174 -21.436531 -0.399214 2.580440
7.803323 -21.439455 -0.398244 2.580390
7.636701 -21.446350 -0.397372 2.580345
7.461896 -21.427652 -0.396051 2.580278
7.285834 -21.402002 -0.394627 2.580205
7.114217 -21.386124 -0.393409 2.580142
6.932665 -21.336552 -0.391597 2.580050
6.756746 -21.299965 -0.390050 2.579970
6.580759 -21.259003 -0.388449 2.579889
6.401287 -21.202093 -0.386583 2.579793
6.218122 -21.127367 -0.384420 2.579682
6.037881 -21.056597 -0.382356 2.579576
5.854703 -20.969193 -0.380017 2.579457
5.679478 -20.903959 -0.378107 2.579359
5.501174 -20.821115 -0.375905 2.579246
5.326290 -20.744528 -0.373842 2.579141
5.152422 -20.665239 -0.371756 2.579034
4.985582 -20.607931 -0.370090 2.578948
4.816154 -20.533785 -0.368145 2.578849
4.649586 -20.465240 -0.366325 2.578756
4.486432 -20.405460 -0.364686 2.578672
4.326695 -20.355501 -0.363244 2.578598
4.168713 -20.308390 -0.361875 2.578528
4.009693 -20.250439 -0.360335 2.578449
3.852574 -20.195910 -0.358878 2.578375
3.696458 -20.140413 -0.357424 2.578300
3.543542 -20.096426 -0.356196 2.578237
3.387875 -20.030327 -0.354596 2.578155
3.233723 -19.965620 -0.353043 2.578076
3.082120 -19.909296 -0.351658 2.578005
2.929907 -19.841290 -0.350087 2.577924
2.780051 -19.781094 -0.348674 2.577852
2.630324 -19.713369 -0.347148 2.577774
2.481438 -19.642616 -0.345588 2.577694
2.334513 -19.577829 -0.344153 2.577621
2.188918 -19.514643 -0.342766 2.577549
2.044830 -19.455265 -0.341463 2.577483
1.901786 -19.395924 -0.340181 2.577417
1.758340 -19.320919 -0.338642 2.577338
1.616413 -19.249378 -0.337182 2.577264
1.474117 -19.157862 -0.335390 2.577172
1.333704 -19.072863 -0.333731 2.577087
1.195935 -19.008854 -0.332457 2.577022
1.059346 -18.947823 -0.331252 2.576960
0.924311 -18.898947 -0.330277 2.576910
0.789771 -18.843363 -0.329201 2.576855
0.655779 -18.779066 -0.327990 2.576793
0.523005 -18.723909 -0.326955 2.576740
0.391632 -18.696367 -0.326418 2.576712
0.260821 -18.678818 -0.326072 2.576695
0.130370 -18.673809 -0.325960 2.576689
-0.000000 -18.648584 -0.325512 2.576666
-0.129998 -18.620348 -0.325027 2.576641
-0.259932 -18.614931 -0.324957 2.576638
-0.389603 -18.599348 -0.324724 2.576626
-0.517542 -18.528284 -0.323539 2.576565
-0.642977 -18.412432 -0.321586 2.576465
-0.767897 -18.321457 -0.320083 2.576388
-0.890908 -18.215906 -0.318340 2.576299
-1.012752 -18.114363 -0.316681 2.576214
-1.134323 -18.029554 -0.315329 2.576145
-1.254050 -17.933741 -0.313799 2.576066
-1.370612 -17.812679 -0.311841 2.575966
-1.486678 -17.704361 -0.310118 2.575878
-1.602506 -17.608553 -0.308629 2.575802
-1.718150 -17.523052 -0.307333 2.575735
-1.831016 -17.420952 -0.305759 2.575655
-1.944487 -17.335485 -0.304490 2.575590
-2.056505 -17.246363 -0.303169 2.575522
-2.168400 -17.164640 -0.301991 2.575462
-2.279112 -17.081152 -0.300795 2.575401
-2.389642 -17.003183 -0.299708 2.575345
-2.499350 -16.925556 -0.298640 2.575290
-2.608201 -16.847946 -0.297585 2.575236
-2.716958 -16.774992 -0.296624 2.575187
-2.826024 -16.708460 -0.295789 2.575144
-2.933478 -16.636578 -0.294872 2.575097
-3.040182 -16.564644 -0.293966 2.575051
-3.150091 -16.513351 -0.293439 2.575024
-3.257815 -16.453161 -0.292767 2.574990
-3.363436 -16.385384 -0.291971 2.574949
-3.468968 -16.320208 -0.291234 2.574911
-3.571646 -16.244772 -0.290326 2.574865
-3.680158 -16.198271 -0.289947 2.574845
-3.787943 -16.149969 -0.289549 2.574825
-3.891625 -16.086050 -0.288883 2.574791
-3.999795 -16.042299 -0.288592 2.574776
-4.106214 -15.992644 -0.288207 2.574756
-4.212997 -15.945549 -0.287882 2.574739
-4.320750 -15.902995 -0.287651 2.574728
-4.429542 -15.864836 -0.287513 2.574721
-4.536729 -15.821454 -0.287294 2.574709
-4.645270 -15.783272 -0.287182 2.574704
-4.754052 -15.746177 -0.287104 2.574700
-4.859934 -15.699906 -0.286872 2.574688
-4.967421 -15.659296 -0.286757 2.574682
-5.078254 -15.629258 -0.286849 2.574687
-5.182939 -15.580487 -0.286611 2.574674
-5.295393 -15.555113 -0.286817 2.574685
-5.406940 -15.526613 -0.286981 2.574693
-5.515314 -15.488800 -0.286987 2.574694
-5.622816 -15.448559 -0.286961 2.574692
-5.732707 -15.414781 -0.287070 2.574698
-5.842947 -15.381662 -0.287206 2.574705
-5.953079 -15.347949 -0.287346 2.574712
-6.063496 -15.314643 -0.287508 2.574720
-6.174722 -15.282972 -0.287716 2.574731
-6.285597 -15.250000 -0.287914 2.574741
-6.396271 -15.216125 -0.288110 2.574751
-6.507734 -15.183678 -0.288349 2.574763
-6.618309 -15.148710 -0.288556 2.574774
-6.728371 -15.112167 -0.288747 2.574784
-6.837402 -15.072968 -0.288903 2.574792
-6.944508 -15.029288 -0.288988 2.574796
-7.056128 -14.995031 -0.289270 2.574811
-7.165712 -14.955996 -0.289475 2.574821
-7.275646 -14.917285 -0.289702 2.574833
-7.387669 -14.882360 -0.290018 2.574849
-7.493745 -14.835092 -0.290109 2.574853
-7.596499 -14.781185 -0.290085 2.574852
-7.703421 -14.735285 -0.290233 2.574860
-7.812699 -14.693549 -0.290478 2.574872
-7.916866 -14.641935 -0.290543 2.574876
-8.025667 -14.598632 -0.290789 2.574888
-8.128428 -14.544107 -0.290826 2.574890
-8.229798 -14.487064 -0.290827 2.574890
-8.334070 -14.435033 -0.290943 2.574896
-8.438519 -14.383107 -0.291077 2.574903
-8.543445 -14.331759 -0.291238 2.574911
-8.649324 -14.281729 -0.291441 2.574922
-8.751352 -14.225120 -0.291526 2.574926
-8.853595 -14.168713 -0.291629 2.574931
-8.962402 -14.122485 -0.291959 2.574948
-9.066397 -14.068292 -0.292140 2.574958
-9.171638 -14.015728 -0.292371 2.574969
-9.278135 -13.964717 -0.292651 2.574984
-9.384365 -13.912892 -0.292931 2.574998
-9.495359 -13.867621 -0.293366 2.575020
-9.602827 -13.816656 -0.293699 2.575037
-9.712392 -13.768190 -0.294103 2.575058
-9.818852 -13.714828 -0.294420 2.575074
-9.930052 -13.667543 -0.294886 2.575098
-10.040325 -13.618364 -0.295330 2.575121
-10.153421 -13.572356 -0.295862 2.575148
-10.269794 -13.529952 -0.296494 2.575180
-10.380636 -13.479531 -0.296970 2.575205
-10.501578 -13.441406 -0.297738 2.575244
-10.624609 -13.404916 -0.298565 2.575286
-10.747676 -13.367411 -0.299394 2.575329
-10.862655 -13.318932 -0.299999 2.575360
-10.979443 -13.271863 -0.300658 2.575394
-11.096602 -13.224416 -0.301331 2.575428
-11.222915 -13.186876 -0.302254 2.575475
-11.352855 -13.152407 -0.303273 2.575527
-11.481272 -13.114952 -0.304250 2.575577
-11.610093 -13.076759 -0.305237 2.575628
-11.737154 -13.035429 -0.306178 2.575676
-11.868475 -12.997634 -0.307229 2.575730
-12.007109 -12.966496 -0.308466 2.575794
-12.137312 -12.924926 -0.309486 2.575846
-12.272048 -12.886916 -0.310620 2.575904
-12.411815 -12.852810 -0.311879 2.575968
-12.553423 -12.819129 -0.313180 2.576035
-12.686745 -12.775624 -0.314274 2.576091
-12.824089 -12.734872 -0.315466 2.576152
-12.960047 -12.691412 -0.316623 2.576211
-13.102661 -12.653092 -0.317941 2.576278
-13.241105 -12.609329 -0.319157 2.576341
-13.383074 -12.567541 -0.320456 2.576407
-13.524471 -12.523799 -0.321740 2.576473
-13.662395 -12.475477 -0.322942 2.576535
-13.800191 -12.425747 -0.324140 2.576596
-13.945543 -12.381428 -0.325516 2.576666
-14.094707 -12.338982 -0.326979 2.576741
-14.239713 -12.291390 -0.328344 2.576811
-14.388347 -12.245440 -0.329792 2.576885
-14.531949 -12.193752 -0.331125 2.576953
-14.673900 -12.139301 -0.332420 2.577020
-14.814918 -12.082750 -0.333695 2.577085
-14.966660 -12.033504 -0.335213 2.577163
-15.122440 -11.985896 -0.336819 2.577245
-15.263494 -11.925149 -0.338099 2.577311
-15.411671 -11.868580 -0.339537 2.577384
-15.569599 -11.817967 -0.341190 2.577469
-15.712501 -11.754453 -0.342515 2.577537
-15.855909 -11.689981 -0.343854 2.577605
-16.002043 -11.626163 -0.345254 2.577677
-16.150686 -11.562751 -0.346711 2.577751
-16.289879 -11.491243 -0.347969 2.577816
-16.424562 -11.415369 -0.349135 2.577876
-16.555351 -11.335682 -0.350224 2.577931
-16.683760 -11.253337 -0.351270 2.577985
-16.801550 -11.162918 -0.352101 2.578027
-16.912327 -11.067116 -0.352794 2.578063
-17.023563 -10.970939 -0.353508 2.578099
-17.140682 -10.877806 -0.354355 2.578143
-17.257702 -10.783809 -0.355209 2.578187
-17.366169 -10.683734 -0.355898 2.578222
-17.468174 -10.579101 -0.356466 2.578251
-17.571032 -10.474438 -0.357064 2.578282
-17.675108 -10.369922 -0.357699 2.578314
-17.768127 -10.258433 -0.358123 2.578336
-17.861616 -10.146807 -0.358571 2.578359
-17.951191 -10.032580 -0.358954 2.578378
-18.048086 -9.922020 -0.359498 2.578406
-18.137787 -9.807062 -0.359912 2.578428
-18.223755 -9.689741 -0.360267 2.578446
-18.302017 -9.568059 -0.360485 2.578457
-18.390457 -9.451409 -0.360918 2.578479
-18.468349 -9.329035 -0.361160 2.578491
-18.543104 -9.204874 -0.361356 2.578501
-18.616978 -9.080106 -0.361552 2.578511
-18.689026 -8.954276 -0.361728 2.578521
-18.759958 -8.827765 -0.361899 2.578529
-18.830647 -8.700981 -0.362082 2.578539
-18.897583 -8.572321 -0.362210 2.578545
-18.965973 -8.444195 -0.362382 2.578554
-19.035740 -8.316506 -0.362597 2.578565
-19.092636 -8.183112 -0.362583 2.578564
-19.152985 -8.051174 -0.362653 2.578568
-19.217749 -7.920982 -0.362824 2.578577
-19.268566 -7.785006 -0.362748 2.578573
-19.320637 -7.649577 -0.362714 2.578571
-19.375137 -7.515119 -0.362743 2.578573
-19.427303 -7.379741 -0.362747 2.578573
-19.478266 -7.243899 -0.362745 2.578573
-19.525949 -7.106863 -0.362700 2.578570
-19.569162 -6.968262 -0.362590 2.578565
-19.616062 -6.831034 -0.362567 2.578563
-19.664015 -6.694177 -0.362581 2.578564
-19.705515 -6.555150 -0.362493 2.578559
-19.740789 -6.414171 -0.362309 2.578550
-19.777178 -6.273686 -0.362165 2.578543
-19.815214 -6.133832 -0.362068 2.578538
-19.854191 -5.994335 -0.362007 2.578535
-19.883799 -5.852118 -0.361793 2.578524
-19.911680 -5.709582 -0.361566 2.578512
-19.944550 -5.568614 -0.361448 2.578506
-19.977142 -5.427668 -0.361343 2.578501
-20.005980 -5.285809 -0.361189 2.578493
-20.032623 -5.143500 -0.361013 2.578484
-20.056913 -5.000750 -0.360812 2.578474
-20.078009 -4.857378 -0.360573 2.578461
-20.097403 -4.713802 -0.360322 2.578448
-20.113546 -4.569686 -0.360030 2.578434
-20.128763 -4.425593 -0.359741 2.578419
-20.129309 -4.278616 -0.359208 2.578391
-20.129082 -4.131903 -0.358680 2.578364
-20.132999 -3.986440 -0.358246 2.578342
-20.138069 -3.841543 -0.357850 2.578322
-20.138540 -3.696111 -0.357391 2.578298
-20.140774 -3.551362 -0.356982 2.578278
-20.135401 -3.405644 -0.356457 2.578250
-20.124762 -3.259499 -0.355857 2.578220
-20.109207 -3.113070 -0.355189 2.578186
-20.084692 -2.965847 -0.354381 2.578144
-20.059053 -2.819116 -0.353573 2.578103
-20.030073 -2.672579 -0.352725 2.578059
-19.983143 -2.524457 -0.351579 2.578001
-19.965704 -2.380767 -0.350972 2.577970
-19.990881 -2.242334 -0.351130 2.577978
-20.024841 -2.104695 -0.351460 2.577995
-20.059278 -1.966826 -0.351815 2.578013
-20.093817 -1.828679 -0.352188 2.578032
-20.130911 -1.690441 -0.352623 2.578054
-20.175079 -1.552385 -0.353198 2.578084
-20.220194 -1.413933 -0.353807 2.578115
-20.271528 -1.275373 -0.354540 2.578152
-20.320625 -1.136098 -0.355252 2.578189
-20.377174 -0.996611 -0.356110 2.578233
-20.438366 -0.856619 -0.357066 2.578282
-20.501297 -0.715921 -0.358070 2.578333
-20.566248 -0.574464 -0.359125 2.578387
-20.633383 -0.432206 -0.360236 2.578444
-20.705145 -0.289118 -0.361445 2.578506
-20.771524 -0.145012 -0.362577 2.578564
-20.848585 0.000000 -0.363913 2.578632
-20.933214 0.146148 -0.365400 2.578708
-21.032370 0.293688 -0.367157 2.578798
-21.127821 0.442564 -0.368868 2.578886
-21.245337 0.593439 -0.370983 2.578994
-21.366396 0.746131 -0.373179 2.579107
-21.495810 0.900945 -0.375540 2.579228
-21.625172 1.057649 -0.377920 2.579349
-21.780807 1.217735 -0.380779 2.579496
-21.915844 1.378831 -0.383299 2.579625
-22.072918 1.543489 -0.386225 2.579775
-22.230650 1.710559 -0.389184 2.579926
-22.394228 1.880497 -0.392268 2.580084
-22.568796 2.053921 -0.395568 2.580253
-22.656204 2.221463 -0.397362 2.580345
-22.689394 2.384752 -0.398226 2.580389
-22.722734 2.548767 -0.399114 2.580435
-22.756224 2.713517 -0.400025 2.580481
-22.789867 2.879029 -0.400960 2.580529
-22.823673 3.045331 -0.401919 2.580578
-22.856268 3.212240 -0.402878 2.580627
-22.727301 3.356080 -0.401008 2.580532
-22.599525 3.498593 -0.399175 2.580438
-22.472906 3.639816 -0.397378 2.580346
-22.347412 3.779784 -0.395616 2.580256
-22.223024 3.918519 -0.393888 2.580167
-22.099707 4.056059 -0.392195 2.580081
-21.977446 4.192424 -0.390535 2.579995
-21.856209 4.327645 -0.388908 2.579912
-21.070091 4.325071 -0.375448 2.579223
-20.443132 4.345322 -0.364808 2.578678
-20.331245 4.470118 -0.363360 2.578604
-20.220242 4.593928 -0.361940 2.578531
-20.110098 4.716780 -0.360549 2.578460
-20.088526 4.859929 -0.360762 2.578471
-20.120373 5.016573 -0.361954 2.578532
-20.152433 5.174269 -0.363172 2.578594
-20.184711 5.333033 -0.364416 2.578658
-20.217215 5.492895 -0.365686 2.578723
-20.249947 5.653890 -0.366983 2.578789
-20.282913 5.816032 -0.368307 2.578857
-20.316122 5.979364 -0.369659 2.578927
-20.253773 6.114976 -0.369292 2.578908
-20.145269 6.236001 -0.368099 2.578847
-20.037457 6.356258 -0.366931 2.578787
-19.930325 6.475755 -0.365788 2.578728
-19.823849 6.594521 -0.364670 2.578671
-19.718021 6.712564 -0.363576 2.578615
-19.612822 6.829906 -0.362507 2.578560
-19.508230 6.946571 -0.361461 2.578507
-19.404242 7.062566 -0.360439 2.578454
-19.300829 7.177917 -0.359441 2.578403
-18.902550 7.180407 -0.352948 2.578071
-18.391960 7.133770 -0.344336 2.577630
-17.962755 7.111960 -0.337222 2.577266
-17.867023 7.218746 -0.336363 2.577222
-17.771769 7.324998 -0.335524 2.577179
-17.676989 7.430724 -0.334706 2.577137
-17.582666 7.535939 -0.333908 2.577096
-17.555883 7.669980 -0.334408 2.577121
-17.588621 7.830959 -0.336065 2.577206
-17.621685 7.993555 -0.337755 2.577293
-17.655087 8.157797 -0.339478 2.577381
-17.688831 8.323731 -0.341236 2.577471
-17.722931 8.491408 -0.343029 2.577563
-17.757391 8.660859 -0.344858 2.577657
-17.792225 8.832141 -0.346724 2.577752
-17.714006 8.947989 -0.346408 2.577736
-17.618408 9.054631 -0.345767 2.577703
-17.523155 9.160888 -0.345144 2.577671
-17.428246 9.266763 -0.344540 2.577640
-17.333658 9.372278 -0.343956 2.577610
-17.239391 9.477437 -0.343390 2.577582
-17.145428 9.582255 -0.342842 2.577554
-17.051758 9.686749 -0.342313 2.577526
-16.958374 9.790923 -0.341802 2.577500
-16.865263 9.894794 -0.341310 2.577475
-16.772417 9.998369 -0.340835 2.577451
-16.541906 10.018134 -0.337564 2.577283
-16.239321 9.990499 -0.332804 2.577039
-15.945144 9.963632 -0.328193 2.576803
-15.658983 9.937497 -0.323723 2.576575
-15.426218 9.941521 -0.320338 2.576401
-15.339712 10.038026 -0.319989 2.576383
-15.253387 10.134329 -0.319657 2.576366
-15.167240 10.230433 -0.319340 2.576350
-15.081257 10.326356 -0.319040 2.576335
-15.014332 10.435234 -0.319158 2.576341
-15.051429 10.617614 -0.321514 2.576462
-15.089081 10.802724 -0.323922 2.576585
-15.127301 10.990628 -0.326381 2.576711
-15.166111 11.181426 -0.328895 2.576839
-15.205524 11.375187 -0.331464 2.576971
-15.245560 11.572009 -0.334089 2.577106
-15.224913 11.724765 -0.335423 2.577173
-15.135167 11.824889 -0.335256 2.577165
-15.045503 11.924923 -0.335106 2.577157
-14.955917 12.024868 -0.334972 2.577151
-14.866400 12.124739 -0.334855 2.577144
-14.776937 12.224548 -0.334754 2.577139
-14.687528 12.324300 -0.334670 2.577135
-14.598156 12.424008 -0.334601 2.577132
-14.508820 12.523679 -0.334550 2.577129
-14.419506 12.623322 -0.334514 2.577127
-14.330205 12.722955 -0.334495 2.577126
-14.240913 12.822577 -0.334492 2.577126
-14.067637 12.845523 -0.332521 2.577025
-13.850484 12.825691 -0.329496 2.576870
-13.637236 12.806215 -0.326542 2.576719
-13.427758 12.787085 -0.323656 2.576571
-13.221951 12.768290 -0.320836 2.576427
-13.019680 12.749817 -0.318080 2.576286
-12.876119 12.786540 -0.316746 2.576217
-12.791423 12.881036 -0.316867 2.576224
-12.706656 12.975614 -0.317003 2.576230
-12.621816 13.070273 -0.317155 2.576238
-12.536886 13.165032 -0.317323 2.576247
-12.468389 13.277487 -0.317928 2.576278
-12.521709 13.522215 -0.321687 2.576470
-12.576312 13.772822 -0.325552 2.576668
-12.632243 14.029528 -0.329527 2.576872
-12.689563 14.292603 -0.333617 2.577081
-12.715376 14.524659 -0.336954 2.577252
-12.624690 14.625843 -0.337248 2.577267
-12.533838 14.727214 -0.337559 2.577283
-12.442817 14.828773 -0.337888 2.577300
-12.351611 14.930538 -0.338234 2.577317
-12.260218 15.032515 -0.338597 2.577336
-12.168623 15.134714 -0.338977 2.577356
-12.076816 15.237153 -0.339374 2.577376
-11.984791 15.339833 -0.339790 2.577397
-11.892533 15.442775 -0.340222 2.577419
-11.800039 15.545980 -0.340673 2.577442
-11.707296 15.649465 -0.341141 2.577466
-11.565321 15.686824 -0.340187 2.577418
-11.383217 15.667654 -0.338040 2.577307
-11.203381 15.648723 -0.335936 2.577200
-11.025768 15.630026 -0.333874 2.577094
-10.850315 15.611556 -0.331853 2.576991
-10.676957 15.593307 -0.329872 2.576889
-10.505655 15.575274 -0.327931 2.576790
-10.360355 15.593595 -0.326786 2.576731
-10.270079 15.694328 -0.327387 2.576762
-10.179466 15.795439 -0.328005 2.576794
-10.088503 15.896941 -0.328643 2.576827
-9.997185 15.998841 -0.329298 2.576860
-9.955182 16.181925 -0.331628 2.576979
-10.033637 16.567507 -0.338086 2.577310
-10.115212 16.968426 -0.344818 2.577655
-10.180817 17.352787 -0.351176 2.577980
-10.082182 17.462852 -0.351970 2.578021
-9.983091 17.573425 -0.352786 2.578063
-9.883540 17.684515 -0.353622 2.578105
-9.783510 17.796137 -0.354479 2.578149
-9.682986 17.908314 -0.355359 2.578194
-9.581961 18.021048 -0.356260 2.578240
-9.480413 18.134367 -0.357183 2.578288
-9.378338 18.248274 -0.358128 2.578336
-9.275715 18.362793 -0.359096 2.578386
-9.172527 18.477943 -0.360086 2.578436
-9.029187 18.512577 -0.359524 2.578408
-8.862442 18.497351 -0.358018 2.578331
-8.697086 18.482252 -0.356542 2.578255
-8.533080 18.467278 -0.355095 2.578181
-8.370386 18.452421 -0.353677 2.578108
-8.208985 18.437683 -0.352288 2.578037
-8.048833 18.423059 -0.350926 2.577967
-7.889912 18.408548 -0.349592 2.577899
-7.770029 18.484165 -0.349989 2.577919
-7.666322 18.599899 -0.351159 2.577979
-7.561920 18.716410 -0.352353 2.578040
-7.456795 18.833725 -0.353573 2.578103
-7.486190 19.300554 -0.361347 2.578501
-7.660205 20.165628 -0.376533 2.579278
-7.546655 20.292351 -0.377906 2.579349
-7.432272 20.420000 -0.379307 2.579420
-7.317028 20.548613 -0.380738 2.579494
-7.200910 20.678200 -0.382199 2.579568
-7.083891 20.808792 -0.383689 2.579645
-6.965947 20.940418 -0.385210 2.579723
-6.847063 21.073095 -0.386762 2.579802
-6.727207 21.206856 -0.388345 2.579883
-6.606364 21.341719 -0.389961 2.579966
-6.439777 21.329569 -0.388908 2.579912
-6.273153 21.314356 -0.387822 2.579856
-6.107455 21.299227 -0.386762 2.579802
-5.942646 21.284180 -0.385726 2.579749
-5.778716 21.269213 -0.384714 2.579697
-5.615635 21.254324 -0.383726 2.579647
-5.453377 21.239511 -0.382762 2.579597
-5.296802 21.244312 -0.382173 2.579567
-5.172976 21.382509 -0.384000 2.579661
-5.047944 21.522051 -0.385864 2.579756
-4.921697 21.662951 -0.387764 2.579854
-5.069413 23.057024 -0.412075 2.581098
-4.933228 23.209017 -0.414165 2.581205
-4.795648 23.362566 -0.416298 2.581314
-4.656627 23.517723 -0.418473 2.581426
-4.516149 23.674509 -0.420692 2.581539
-4.374166 23.832973 -0.422955 2.581655
-4.230641 23.993158 -0.425263 2.581773
-4.085534 24.155111 -0.427617 2.581894
-3.911795 24.152201 -0.427072 2.581866
-3.736475 24.136194 -0.426317 2.581827
-3.561765 24.120243 -0.425586 2.581790
-3.387645 24.104347 -0.424878 2.581754
-3.214095 24.088503 -0.424193 2.581719
-3.041082 24.072708 -0.423530 2.581685
-2.868613 24.056963 -0.422891 2.581652
-2.707128 24.134615 -0.423913 2.581704
-2.554549 24.304913 -0.426581 2.581841
-2.400030 24.477375 -0.429303 2.581980
-2.372299 26.067272 -0.456886 2.583393
-2.204638 26.254404 -0.459885 2.583546
-2.034753 26.444019 -0.462946 2.583703
-1.862583 26.636185 -0.466072 2.583863
-1.688064 26.830973 -0.469262 2.584026
-1.508757 26.986256 -0.471782 2.584155
-1.318995 26.968933 -0.471307 2.584131
-1.129605 26.951643 -0.470856 2.584108
-0.940569 26.934387 -0.470428 2.584086
-0.751867 26.917160 -0.470024 2.584065
-0.456948 21.814821 -0.380863 2.579500
-0.288129 20.634750 -0.360216 2.578443
-0.139502 19.982159 -0.348798 2.577858
0.000000 19.497240 -0.340326 2.577425
0.133231 19.083927 -0.333119 2.577056
0.261588 18.733196 -0.327021 2.576744
0.386155 18.434666 -0.321849 2.576479
0.510168 18.264219 -0.318927 2.576329
0.632489 18.112097 -0.316341 2.576197
0.750998 17.918306 -0.313040 2.576028
0.868764 17.763044 -0.310426 2.575894
0.986646 17.647387 -0.308517 2.575796
1.103733 17.543295 -0.306825 2.575709
1.221121 17.462837 -0.305559 2.575645
1.339011 17.402020 -0.304651 2.575598
1.456396 17.343687 -0.303801 2.575555
1.573260 17.287176 -0.302996 2.575513
1.689512 17.230957 -0.302210 2.575473
1.805164 17.174990 -0.301442 2.575434
1.920227 17.119225 -0.300691 2.575395
2.034734 17.063740 -0.299959 2.575358
2.146944 16.994778 -0.299003 2.575309
2.258481 16.926514 -0.298072 2.575261
2.370691 16.868340 -0.297332 2.575223
2.482337 16.810362 -0.296608 2.575186
2.593444 16.752592 -0.295901 2.575150
2.704027 16.695141 -0.295212 2.575115
2.814095 16.637918 -0.294541 2.575080
2.923663 16.580917 -0.293886 2.575047
3.031276 16.516132 -0.293105 2.575007
3.137492 16.447279 -0.292265 2.574964
3.243090 16.378780 -0.291443 2.574922
3.348101 16.310665 -0.290640 2.574881
3.452526 16.242857 -0.289854 2.574841
3.556387 16.175385 -0.289086 2.574801
3.659715 16.108271 -0.288336 2.574763
3.762481 16.041403 -0.287603 2.574725
3.864722 15.974836 -0.286886 2.574688
3.966450 15.908562 -0.286186 2.574653
4.067697 15.842638 -0.285504 2.574618
4.166392 15.769140 -0.284697 2.574577
4.263377 15.691818 -0.283831 2.574532
4.363068 15.626746 -0.283198 2.574500
4.460149 15.554388 -0.282444 2.574461
4.555377 15.477846 -0.281625 2.574419
4.653631 15.413550 -0.281039 2.574389
4.749415 15.342868 -0.280348 2.574354
4.842964 15.266952 -0.279572 2.574314
4.939726 15.202911 -0.279024 2.574286
5.033212 15.130398 -0.278331 2.574250
5.125515 15.056084 -0.277616 2.574214
5.217329 14.982118 -0.276917 2.574178
5.309485 14.910761 -0.276276 2.574145
5.400194 14.836909 -0.275600 2.574111
5.493061 14.770401 -0.275070 2.574084
5.586990 14.707840 -0.274625 2.574061
5.676489 14.634853 -0.273995 2.574028
5.766270 14.563931 -0.273414 2.573999
5.858829 14.501111 -0.272996 2.573977
5.949622 14.434869 -0.272525 2.573953
6.037631 14.362943 -0.271956 2.573924
6.125258 14.291288 -0.271402 2.573896
6.214359 14.224100 -0.270944 2.573872
6.302298 14.155191 -0.270463 2.573848
6.389107 14.084711 -0.269962 2.573822
6.475592 14.014452 -0.269475 2.573797
6.561749 13.944417 -0.269002 2.573773
6.647593 13.874593 -0.268544 2.573749
6.735135 13.809072 -0.268180 2.573731
6.822149 13.743133 -0.267817 2.573712
6.906958 13.673442 -0.267393 2.573690
6.995844 13.612433 -0.267148 2.573678
7.081711 13.546060 -0.266809 2.573660
7.165987 13.477261 -0.266433 2.573641
7.250013 13.408623 -0.266070 2.573623
7.334001 13.340487 -0.265728 2.573605
7.419073 13.274859 -0.265446 2.573591
7.502211 13.206275 -0.265115 2.573574
7.589961 13.146197 -0.264967 2.573566
7.676724 13.084661 -0.264800 2.573558
7.759549 13.016754 -0.264516 2.573543
7.842177 12.948967 -0.264244 2.573529
7.924623 12.881288 -0.263986 2.573516
8.009822 12.818394 -0.263836 2.573508
8.097504 12.759626 -0.263784 2.573506
8.179649 12.692322 -0.263567 2.573494
8.262067 12.625755 -0.263376 2.573485
8.349488 12.566987 -0.263359 2.573484
8.434234 12.504265 -0.263272 2.573479
8.515569 12.436678 -0.263095 2.573470
8.596803 12.369169 -0.262930 2.573462
8.682907 12.308799 -0.262929 2.573462
8.769306 12.248835 -0.262949 2.573463
8.850939 12.182272 -0.262840 2.573457
8.938159 12.123426 -0.262911 2.573461
9.025384 12.064471 -0.262992 2.573465
9.112648 12.005466 -0.263086 2.573470
9.199960 11.946388 -0.263193 2.573475
9.287314 11.887219 -0.263311 2.573482
9.374732 11.827971 -0.263442 2.573488
9.461974 11.768314 -0.263579 2.573495
9.548790 11.707968 -0.263714 2.573502
9.635653 11.647501 -0.263860 2.573509
9.722584 11.586925 -0.264019 2.573518
9.813133 11.530395 -0.264286 2.573531
9.901122 11.470552 -0.264492 2.573542
9.993707 11.415713 -0.264830 2.573559
10.083182 11.356958 -0.265094 2.573573
10.171147 11.296203 -0.265326 2.573585
10.266708 11.243483 -0.265765 2.573607
10.358435 11.186085 -0.266111 2.573625
10.446568 11.124460 -0.266374 2.573638
10.541740 11.069915 -0.266824 2.573661
10.637365 11.015313 -0.267291 2.573685
10.726956 10.954009 -0.267614 2.573702
10.818954 10.894741 -0.268005 2.573722
10.916625 10.840672 -0.268543 2.573749
11.014623 10.786313 -0.269095 2.573778
11.113045 10.731743 -0.269662 2.573807
11.211870 10.676922 -0.270245 2.573837
11.311063 10.621788 -0.270842 2.573867
11.418967 10.574075 -0.271651 2.573909
11.530107 10.528431 -0.272540 2.573954
11.632455 10.473908 -0.273224 2.573989
11.734525 10.418400 -0.273907 2.574024
11.863114 10.385365 -0.275209 2.574090
11.996266 10.354895 -0.276614 2.574163
12.133003 10.325993 -0.278098 2.574239
12.261042 10.288235 -0.279380 2.574304
12.388653 10.248787 -0.280650 2.574369
12.511515 10.204136 -0.281813 2.574429
12.699798 10.210895 -0.284441 2.574564
12.977753 10.286037 -0.289051 2.574799
13.138372 10.264821 -0.291025 2.574901
13.342075 10.274783 -0.293941 2.575050
13.553298 10.287506 -0.297005 2.575207
13.818837 10.337806 -0.301235 2.575423
14.026282 10.341064 -0.304176 2.575574
14.198307 10.315673 -0.306338 2.575685
14.333657 10.261892 -0.307705 2.575754
14.496612 10.226227 -0.309663 2.575855
14.636256 10.172458 -0.311121 2.575929
14.714152 10.074987 -0.311274 2.575937
14.789871 9.975894 -0.311395 2.575943
14.890147 9.892992 -0.312045 2.575977
14.987479 9.807525 -0.312642 2.576007
15.096009 9.728709 -0.313481 2.576050
15.156094 9.618347 -0.313327 2.576042
15.220678 9.510935 -0.313282 2.576040
15.337345 9.435599 -0.314319 2.576093
15.454123 9.359343 -0.315366 2.576147
15.561842 9.276715 -0.316235 2.576191
15.663181 9.189531 -0.316983 2.576229
15.772182 9.106073 -0.317894 2.576276
15.886653 9.024877 -0.318924 2.576329
16.009449 8.947371 -0.320127 2.576390
16.169720 8.889374 -0.322083 2.576491
16.314524 8.821228 -0.323733 2.576575
16.462336 8.753179 -0.325445 2.576663
16.613081 8.685111 -0.327219 2.576753
16.771606 8.619428 -0.329148 2.576852
16.902147 8.537884 -0.330532 2.576923
17.039206 8.458333 -0.332049 2.577001
17.181437 8.379946 -0.333673 2.577084
17.332598 8.304392 -0.335474 2.577176
17.492764 8.231462 -0.337454 2.577277
17.671385 8.165321 -0.339792 2.577397
17.807646 8.077904 -0.341319 2.577476
17.952354 7.992903 -0.343015 2.577562
18.106348 7.910471 -0.344893 2.577658
18.257921 7.825348 -0.346731 2.577753
18.405561 7.736980 -0.348501 2.577843
18.554953 7.647797 -0.350310 2.577936
18.731298 7.567936 -0.352633 2.578055
18.880428 7.475292 -0.354450 2.578148
19.019918 7.377333 -0.356093 2.578232
19.180271 7.285897 -0.358134 2.578336
19.351530 7.196767 -0.360385 2.578452
19.526558 7.107086 -0.362712 2.578571
19.723185 7.023112 -0.365444 2.578711
19.948540 6.946809 -0.368712 2.578878
20.139488 6.856036 -0.371348 2.579013
20.347557 6.768728 -0.374304 2.579165
20.583530 6.687994 -0.377777 2.579342
20.817554 6.603719 -0.381216 2.579518
21.047432 6.515261 -0.384583 2.579690
21.278187 6.424258 -0.387971 2.579864
21.508507 6.330295 -0.391355 2.580037
21.737059 6.233001 -0.394712 2.580209
21.971249 6.134485 -0.398177 2.580387
22.222534 6.037721 -0.401958 2.580580
22.439587 5.928789 -0.405125 2.580742
22.629780 5.810337 -0.407817 2.580880
22.776091 5.678717 -0.409729 2.580978
22.957422 5.553988 -0.412283 2.581109
23.065731 5.410010 -0.413540 2.581173
23.176744 5.265621 -0.414861 2.581241
23.294403 5.121603 -0.416317 2.581315
23.377586 4.969059 -0.417174 2.581359
23.449196 4.813431 -0.417842 2.581393
23.509645 4.655027 -0.418329 2.581419
23.558653 4.494048 -0.418633 2.581434
23.612598 4.333720 -0.419044 2.581455
23.653990 4.170836 -0.419251 2.581465
23.684523 4.005939 -0.419287 2.581467
23.714741 3.840942 -0.419337 2.581470
23.732628 3.673999 -0.419189 2.581462
23.750385 3.507149 -0.419060 2.581456
23.760569 3.339330 -0.418818 2.581444
23.767979 3.171328 -0.418548 2.581430
23.765081 3.002220 -0.418118 2.581408
23.758560 2.833031 -0.417645 2.581383
23.748064 2.663769 -0.417124 2.581357
23.733637 2.494505 -0.416554 2.581327
23.720263 2.325794 -0.416024 2.581300
23.709373 2.157714 -0.415559 2.581276
23.697077 1.989894 -0.415090 2.581253
23.670807 1.821366 -0.414397 2.581217
23.645800 1.653475 -0.413747 2.581184
23.626995 1.486487 -0.413226 2.581157
23.599630 1.319416 -0.412576 2.581124
23.580149 1.153256 -0.412085 2.581099
23.562981 0.987579 -0.411654 2.581077
23.542795 0.822132 -0.411191 2.581053
23.525135 0.657119 -0.410793 2.581033
23.511705 0.492492 -0.410488 2.581017
23.511602 0.328300 -0.410437 2.581014
23.501829 0.164073 -0.410236 2.581004
22.267761 -0.000000 -1.167004 2.619750
22.276466 -0.155522 -1.167489 2.619775
22.292192 -0.311278 -1.168398 2.619822
22.316994 -0.467475 -1.169841 2.619896
22.339334 -0.623995 -1.171211 2.619966
22.351135 -0.780519 -1.172087 2.620011
22.348719 -0.936689 -1.172275 2.620020
22.349867 -1.093091 -1.172707 2.620043
22.344898 -1.249274 -1.172875 2.620051
22.333616 -1.405113 -1.172769 2.620046
22.311636 -1.560182 -1.172159 2.620014
22.290279 -1.715144 -1.171637 2.619988
22.264467 -1.869600 -1.170938 2.619952
22.238607 -2.023872 -1.170292 2.619919
22.207952 -2.177509 -1.169451 2.619876
22.173498 -2.330529 -1.168465 2.619825
22.133299 -2.482648 -1.167231 2.619762
22.091490 -2.634251 -1.165968 2.619698
22.053635 -2.786023 -1.164968 2.619646
22.015049 -2.937435 -1.163985 2.619596
21.961317 -3.086462 -1.162255 2.619507
21.910820 -3.235509 -1.160750 2.619430
21.865892 -3.385020 -1.159593 2.619371
21.823400 -3.534620 -1.158620 2.619321
21.780788 -3.683945 -1.157695 2.619274
21.738211 -3.833034 -1.156826 2.619229
21.695625 -3.981893 -1.156011 2.619188
21.659512 -4.131773 -1.155596 2.619166
21.626041 -4.282072 -1.155377 2.619155
21.594360 -4.432686 -1.155309 2.619152
21.565811 -4.583955 -1.155466 2.619160
21.542723 -4.736475 -1.155972 2.619186
21.529268 -4.891330 -1.157055 2.619241
21.509995 -5.045124 -1.157884 2.619283
21.488697 -5.198664 -1.158663 2.619323
21.483694 -5.356487 -1.160381 2.619411
21.481846 -5.515601 -1.162333 2.619511
21.478834 -5.674953 -1.164285 2.619611
21.478094 -5.835469 -1.166425 2.619721
21.480545 -5.997477 -1.168803 2.619843
21.483139 -6.160192 -1.171256 2.619968
21.490391 -6.324966 -1.174030 2.620110
21.501707 -6.491749 -1.177096 2.620267
21.509857 -6.658414 -1.180058 2.620419
21.518000 -6.825912 -1.183090 2.620574
21.534069 -6.996844 -1.186631 2.620755
21.507368 -7.154550 -1.187883 2.620820
21.392633 -7.282647 -1.184325 2.620637
21.278576 -7.409985 -1.180846 2.620459
21.165182 -7.536583 -1.177444 2.620285
21.152655 -7.698937 -1.179709 2.620401
21.176643 -7.875523 -1.184084 2.620625
21.200811 -8.053433 -1.188550 2.620854
21.225161 -8.232698 -1.193109 2.621087
21.249699 -8.413352 -1.197760 2.621325
21.229525 -8.577286 -1.199969 2.621439
21.116413 -8.703558 -1.196981 2.621285
21.003857 -8.829209 -1.194066 2.621136
20.891840 -8.954255 -1.191223 2.620991
20.780350 -9.078712 -1.188451 2.620849
20.669371 -9.202597 -1.185749 2.620710
20.558887 -9.325926 -1.183117 2.620575
20.448889 -9.448714 -1.180555 2.620444
20.339359 -9.570977 -1.178060 2.620317
20.230286 -9.692729 -1.175633 2.620192
20.121655 -9.813987 -1.173273 2.620072
20.000164 -9.928168 -1.170203 2.619914
19.635805 -9.918759 -1.152908 2.619029
19.282042 -9.909624 -1.136171 2.618172
19.012575 -9.939535 -1.124354 2.617567
18.909636 -10.054432 -1.122391 2.617466
18.807049 -10.168934 -1.120488 2.617369
18.704803 -10.283053 -1.118646 2.617275
18.602888 -10.396804 -1.116865 2.617183
18.614119 -10.574292 -1.121944 2.617444
18.642517 -10.763263 -1.128157 2.617762
18.671230 -10.954346 -1.134495 2.618086
18.700270 -11.147598 -1.140961 2.618417
18.729641 -11.343075 -1.147557 2.618755
18.640173 -11.467511 -1.146952 2.618724
18.536684 -11.583007 -1.145532 2.618651
18.433447 -11.698222 -1.144172 2.618582
18.330448 -11.813168 -1.142870 2.618515
18.227676 -11.927858 -1.141626 2.618451
18.125124 -12.042305 -1.140441 2.618391
18.022779 -12.156518 -1.139314 2.618333
17.920630 -12.270513 -1.138244 2.618278
17.818666 -12.384295 -1.137231 2.618226
17.716879 -12.497884 -1.136276 2.618177
17.615255 -12.611285 -1.135378 2.618131
17.513788 -12.724512 -1.134536 2.618088
17.304049 -12.757646 -1.126691 2.617687
17.039293 -12.747021 -1.115220 2.617099
16.779861 -12.736609 -1.104033 2.616527
16.525570 -12.726403 -1.093121 2.615968
16.422176 -12.830410 -1.092180 2.615919
16.324896 -12.938954 -1.091692 2.615895
16.227699 -13.047406 -1.091257 2.615872
16.130575 -13.155777 -1.090875 2.615853
16.068420 -13.292955 -1.092921 2.615957
16.097500 -13.507406 -1.101286 2.616386
16.127029 -13.725179 -1.109835 2.616824
16.157021 -13.946365 -1.118572 2.617271
16.187487 -14.171075 -1.127503 2.617728
16.103870 -14.297687 -1.128604 2.617785
16.003525 -14.409639 -1.128595 2.617784
15.903176 -14.521597 -1.128640 2.617786
15.802814 -14.633567 -1.128740 2.617791
15.702428 -14.745563 -1.128896 2.617799
15.602009 -14.857594 -1.129106 2.617810
15.501547 -14.969670 -1.129371 2.617824
15.401031 -15.081806 -1.129692 2.617840
15.300455 -15.194009 -1.130068 2.617859
15.199804 -15.306293 -1.130499 2.617881
15.099072 -15.418666 -1.130985 2.617906
14.998248 -15.531141 -1.131527 2.617934
14.846004 -15.589841 -1.128225 2.617765
14.634702 -15.584375 -1.120408 2.617365
14.426296 -15.578984 -1.112753 2.616973
14.220710 -15.573666 -1.105255 2.616589
14.017866 -15.568419 -1.097910 2.616213
13.894784 -15.650073 -1.096801 2.616156
13.796539 -15.759660 -1.097704 2.616202
13.698127 -15.869433 -1.098662 2.616251
13.599537 -15.979403 -1.099676 2.616303
13.541674 -16.138340 -1.104080 2.616529
13.579062 -16.414268 -1.116444 2.617162
13.617297 -16.696457 -1.129144 2.617812
13.656414 -16.985155 -1.142193 2.618480
13.571346 -17.122780 -1.145048 2.618627
13.467914 -17.238144 -1.146447 2.618698
13.364221 -17.353796 -1.147906 2.618773
13.260259 -17.469746 -1.149424 2.618850
13.156015 -17.586010 -1.151002 2.618931
13.051480 -17.702599 -1.152641 2.619015
12.946641 -17.819523 -1.154341 2.619102
12.841486 -17.936800 -1.156103 2.619192
12.736005 -18.054438 -1.157926 2.619286
12.630184 -18.172455 -1.159811 2.619382
12.524013 -18.290861 -1.161759 2.619482
12.417479 -18.409670 -1.163771 2.619585
12.231469 -18.409843 -1.158356 2.619308
12.043884 -18.404985 -1.152731 2.619020
11.858102 -18.400173 -1.147217 2.618737
11.674079 -18.395409 -1.141810 2.618461
11.491776 -18.390686 -1.136510 2.618189
11.364264 -18.472349 -1.136626 2.618195
11.258607 -18.590170 -1.139011 2.618317
11.152499 -18.708492 -1.141462 2.618443
11.045927 -18.827330 -1.143980 2.618572
11.030890 -19.106062 -1.156209 2.619198
11.086338 -19.515486 -1.176273 2.620225
11.106100 -19.872026 -1.193060 2.621085
10.993663 -19.997400 -1.195950 2.621233
10.880673 -20.123388 -1.198913 2.621384
10.767118 -20.250004 -1.201949 2.621540
10.652979 -20.377272 -1.205059 2.621699
10.509587 -20.449446 -1.204959 2.621694
10.327744 -20.445459 -1.200446 2.621463
10.127599 -20.401918 -1.193709 2.621118
9.941109 -20.382294 -1.188471 2.620850
9.743036 -20.335287 -1.181735 2.620505
9.560999 -20.318161 -1.176832 2.620254
9.380063 -20.300322 -1.171977 2.620005
9.202916 -20.287716 -1.167512 2.619776
9.028845 -20.279119 -1.163361 2.619564
8.864454 -20.289936 -1.160403 2.619413
8.707902 -20.317062 -1.158450 2.619313
8.550883 -20.341753 -1.156426 2.619209
8.391562 -20.359455 -1.154073 2.619088
8.247716 -20.413815 -1.153863 2.619078
8.089458 -20.431641 -1.151650 2.618964
7.938375 -20.466356 -1.150455 2.618903
7.791151 -20.510355 -1.149842 2.618872
7.640378 -20.544357 -1.148730 2.618815
7.487599 -20.572010 -1.147326 2.618743
7.326610 -20.575514 -1.144640 2.618606
7.168587 -20.585382 -1.142377 2.618490
7.010046 -20.591883 -1.139994 2.618368
6.846674 -20.581860 -1.136766 2.618202
6.670944 -20.531055 -1.131360 2.617925
6.505620 -20.508314 -1.127576 2.617732
6.331307 -20.453156 -1.122086 2.617451
6.159619 -20.401649 -1.116874 2.617184
5.988831 -20.348301 -1.111637 2.616916
5.816993 -20.286268 -1.106003 2.616627
5.644999 -20.218117 -1.100112 2.616326
5.477618 -20.160990 -1.094896 2.616059
5.313400 -20.110420 -1.090109 2.615813
5.148400 -20.051695 -1.084951 2.615549
4.987169 -20.002443 -1.080375 2.615315
4.829859 -19.964249 -1.076465 2.615115
4.675763 -19.935223 -1.073114 2.614943
4.515186 -19.873676 -1.068078 2.614686
4.358861 -19.825235 -1.063813 2.614467
4.207788 -19.796085 -1.060647 2.614305
4.050848 -19.734198 -1.055790 2.614056
3.899194 -19.692377 -1.052070 2.613866
3.747032 -19.642643 -1.047990 2.613657
3.594313 -19.583872 -1.043490 2.613427
3.441197 -19.516001 -1.038568 2.613174
3.287944 -19.439497 -1.033250 2.612902
3.134921 -19.355595 -1.027603 2.612613
2.983949 -19.275150 -1.022201 2.612337
2.833731 -19.189987 -1.016610 2.612050
2.683892 -19.096891 -1.010661 2.611746
2.535808 -19.005003 -1.004837 2.611448
2.387983 -18.902843 -0.998530 2.611125
2.238834 -18.775440 -0.990950 2.610737
2.091665 -18.647612 -0.983409 2.610351
1.946413 -18.518885 -0.975880 2.609965
1.802674 -18.385096 -0.968143 2.609569
1.661593 -18.257845 -0.960807 2.609193
1.522913 -18.135902 -0.953808 2.608835
1.386441 -18.018414 -0.947096 2.608491
1.252072 -17.905468 -0.940677 2.608163
1.118563 -17.779068 -0.933604 2.607800
0.987978 -17.671299 -0.927560 2.607491
0.858374 -17.550764 -0.920896 2.607150
0.730605 -17.431713 -0.914359 2.606815
0.604627 -17.314257 -0.907955 2.606487
0.480724 -17.210220 -0.902301 2.606198
0.358345 -17.107254 -0.896750 2.605914
0.237324 -16.996077 -0.890813 2.605609
0.118037 -16.907200 -0.886090 2.605368
-0.000000 -16.819252 -0.881460 2.605131
-0.116723 -16.718904 -0.876222 2.604862
-0.232145 -16.624998 -0.871364 2.604614
-0.346942 -16.562777 -0.868209 2.604452
-0.460884 -16.499891 -0.865060 2.604291
-0.574546 -16.452826 -0.862782 2.604174
-0.687849 -16.411564 -0.860849 2.604075
-0.800372 -16.364779 -0.858667 2.603964
-0.913739 -16.343386 -0.857858 2.603922
-1.026270 -16.312090 -0.856571 2.603856
-1.138424 -16.280218 -0.855294 2.603791
-1.250981 -16.257938 -0.854561 2.603754
-1.364550 -16.249973 -0.854622 2.603757
-1.477100 -16.230579 -0.854124 2.603731
-1.589717 -16.213184 -0.853772 2.603713
-1.703172 -16.204601 -0.853925 2.603721
-1.816624 -16.195562 -0.854096 2.603730
-1.928001 -16.168692 -0.853368 2.603692
-2.042777 -16.170231 -0.854181 2.603734
-2.153393 -16.138929 -0.853301 2.603689
-2.264572 -16.113262 -0.852759 2.603661
-2.374851 -16.082453 -0.851985 2.603622
-2.487013 -16.065117 -0.851966 2.603621
-2.597015 -16.034447 -0.851280 2.603585
-2.706697 -16.002953 -0.850591 2.603550
-2.815101 -15.965227 -0.849610 2.603500
-2.921611 -15.918603 -0.848193 2.603427
-3.029423 -15.880787 -0.847284 2.603381
-3.137617 -15.846117 -0.846583 2.603345
-3.244974 -15.808283 -0.845751 2.603302
-3.352786 -15.773616 -0.845128 2.603271
-3.458918 -15.732058 -0.844175 2.603222
-3.565687 -15.694425 -0.843471 2.603186
-3.672270 -15.656796 -0.842806 2.603152
-3.777644 -15.614910 -0.841950 2.603108
-3.884817 -15.581149 -0.841572 2.603088
-3.990562 -15.542212 -0.840953 2.603057
-4.097125 -15.506990 -0.840574 2.603037
-4.206354 -15.481947 -0.840788 2.603048
-4.315121 -15.455028 -0.840942 2.603056
-4.422826 -15.424225 -0.840925 2.603055
-4.529685 -15.390548 -0.840793 2.603049
-4.638439 -15.363245 -0.841050 2.603062
-4.746610 -15.333815 -0.841232 2.603071
-4.853437 -15.299974 -0.841214 2.603070
-4.959868 -15.264904 -0.841169 2.603068
-5.068934 -15.237775 -0.841604 2.603090
-5.175091 -15.201726 -0.841588 2.603089
-5.284661 -15.175475 -0.842157 2.603118
-5.396878 -15.156195 -0.843157 2.603170
-5.500439 -15.112331 -0.842833 2.603153
-5.611325 -15.088397 -0.843662 2.603195
-5.722469 -15.064502 -0.844539 2.603240
-5.830167 -15.031064 -0.844926 2.603260
-5.939768 -15.002142 -0.845611 2.603295
-6.045779 -14.963827 -0.845810 2.603305
-6.153941 -14.930577 -0.846338 2.603332
-6.265546 -14.905142 -0.847355 2.603384
-6.374366 -14.872507 -0.848009 2.603418
-6.483858 -14.840964 -0.848771 2.603457
-6.590148 -14.801714 -0.849137 2.603476
-6.699955 -14.769967 -0.849978 2.603519
-6.811471 -14.741371 -0.851048 2.603574
-6.922444 -14.710939 -0.852061 2.603626
-7.032362 -14.677670 -0.852957 2.603671
-7.137681 -14.634415 -0.853318 2.603690
-7.247637 -14.600267 -0.854257 2.603738
-7.355822 -14.562049 -0.855004 2.603776
-7.459434 -14.514485 -0.855248 2.603789
-7.562562 -14.465846 -0.855473 2.603800
-7.668215 -14.421815 -0.856014 2.603828
-7.770273 -14.370817 -0.856186 2.603837
-7.874269 -14.323239 -0.856606 2.603858
-7.979239 -14.277164 -0.857161 2.603887
-8.082335 -14.227485 -0.857545 2.603906
-8.189609 -14.184818 -0.858398 2.603950
-8.293159 -14.135346 -0.858887 2.603975
-8.392745 -14.078959 -0.859001 2.603981
-8.497832 -14.031586 -0.859709 2.604017
-8.600849 -13.980481 -0.860236 2.604044
-8.699805 -13.922598 -0.860390 2.604052
-8.799461 -13.865731 -0.860652 2.604065
-8.904690 -13.817371 -0.861488 2.604108
-9.012256 -13.772167 -0.862571 2.604164
-9.115028 -13.719221 -0.863220 2.604197
-9.217962 -13.666191 -0.863911 2.604232
-9.321260 -13.613356 -0.864664 2.604271
-9.425867 -13.562043 -0.865563 2.604317
-9.526945 -13.505302 -0.866166 2.604348
-9.632544 -13.454595 -0.867206 2.604401
-9.740330 -13.406413 -0.868462 2.604465
-9.841815 -13.349112 -0.869180 2.604502
-9.947446 -13.297024 -0.870289 2.604559
-10.055911 -13.248170 -0.871665 2.604629
-10.161238 -13.194635 -0.872789 2.604687
-10.275041 -13.151452 -0.874656 2.604782
-10.381551 -13.098252 -0.875917 2.604847
-10.491309 -13.048555 -0.877470 2.604927
-10.606215 -13.004505 -0.879466 2.605029
-10.716004 -12.953421 -0.881049 2.605110
-10.826801 -12.902879 -0.882731 2.605196
-10.939592 -12.853973 -0.884589 2.605291
-11.059313 -12.812336 -0.887015 2.605415
-11.176225 -12.766500 -0.889222 2.605528
-11.299178 -12.726567 -0.891913 2.605666
-11.422004 -12.685420 -0.894596 2.605803
-11.547972 -12.646638 -0.897525 2.605953
-11.673681 -12.606427 -0.900433 2.606102
-11.795918 -12.561378 -0.903076 2.606237
-11.921798 -12.519117 -0.905999 2.606387
-12.056367 -12.484734 -0.909580 2.606570
-12.177464 -12.435212 -0.912144 2.606702
-12.305368 -12.391576 -0.915222 2.606859
-12.449009 -12.362401 -0.919464 2.607076
-12.575650 -12.314983 -0.922445 2.607229
-12.713295 -12.277085 -0.926232 2.607423
-12.850387 -12.237253 -0.929973 2.607615
-12.986588 -12.195216 -0.933645 2.607803
-13.125751 -12.154579 -0.937527 2.608001
-13.268526 -12.115827 -0.941660 2.608213
-13.412731 -12.076878 -0.945888 2.608429
-13.549030 -12.029387 -0.949554 2.608617
-13.684782 -11.980119 -0.953183 2.608803
-13.819608 -11.928766 -0.956750 2.608985
-13.954607 -11.876298 -0.960332 2.609169
-14.096833 -11.828648 -0.964414 2.609378
-14.241778 -11.781819 -0.968679 2.609596
-14.373202 -11.722496 -0.972028 2.609768
-14.518956 -11.673542 -0.976350 2.609989
-14.659241 -11.618768 -0.980304 2.610192
-14.805714 -11.567491 -0.984675 2.610415
-14.944792 -11.509035 -0.988557 2.610614
-15.089546 -11.453588 -0.992818 2.610832
-15.224594 -11.389452 -0.996448 2.611018
-15.360533 -11.324759 -1.000146 2.611207
-15.509231 -11.268115 -1.004681 2.611439
-15.630219 -11.190134 -1.007434 2.611581
-15.757214 -11.115490 -1.010593 2.611742
-15.887557 -11.042141 -1.013983 2.611916
-16.022020 -10.970504 -1.017652 2.612104
-16.156269 -10.897541 -1.021322 2.612292
-16.278490 -10.815398 -1.024250 2.612442
-16.385214 -10.722182 -1.026230 2.612543
-16.505623 -10.637149 -1.029095 2.612689
-16.623034 -10.549295 -1.031798 2.612828
-16.735647 -10.457593 -1.034232 2.612953
-16.844496 -10.362799 -1.036462 2.613067
-16.941914 -10.260386 -1.038023 2.613147
-17.040232 -10.158018 -1.039677 2.613231
-17.140669 -10.056368 -1.041496 2.613325
-17.241373 -9.954310 -1.043367 2.613420
-17.339268 -9.850071 -1.045104 2.613509
-17.433506 -9.743256 -1.046659 2.613589
-17.521835 -9.632711 -1.047899 2.613652
-17.606031 -9.519543 -1.048934 2.613705
-17.688828 -9.405316 -1.049929 2.613756
-17.773005 -9.291498 -1.051049 2.613814
-17.847746 -9.172494 -1.051657 2.613845
-17.922167 -9.053139 -1.052292 2.613877
-17.998449 -8.934505 -1.053083 2.613918
-18.071402 -8.814012 -1.053725 2.613951
-18.146715 -8.694446 -1.054552 2.613993
-18.221378 -8.574328 -1.055386 2.614036
-18.288563 -8.450502 -1.055835 2.614059
-18.353260 -8.325405 -1.056188 2.614077
-18.416115 -8.199383 -1.056486 2.614092
-18.479021 -8.073281 -1.056835 2.614110
-18.536751 -7.944860 -1.056939 2.614115
-18.591900 -7.815316 -1.056947 2.614115
-18.655012 -7.689038 -1.057457 2.614142
-18.711992 -7.560135 -1.057669 2.614153
-18.758884 -7.427164 -1.057363 2.614137
-18.805706 -7.294251 -1.057106 2.614124
-18.853138 -7.161636 -1.056936 2.614115
-18.903896 -7.030293 -1.057004 2.614119
-18.950045 -6.897252 -1.056867 2.614111
-18.991795 -6.762670 -1.056536 2.614095
-19.025000 -6.625205 -1.055785 2.614056
-19.060648 -6.488774 -1.055223 2.614027
-19.101860 -6.354341 -1.055023 2.614017
-19.141239 -6.219366 -1.054774 2.614004
-19.178318 -6.083717 -1.054451 2.613988
-19.206232 -5.945321 -1.053678 2.613948
-19.231972 -5.806475 -1.052841 2.613905
-19.257601 -5.667818 -1.052052 2.613865
-19.284147 -5.529640 -1.051368 2.613830
-19.312141 -5.392043 -1.050816 2.613802
-19.338419 -5.254131 -1.050224 2.613771
-19.364100 -5.116217 -1.049653 2.613742
-19.384005 -4.976964 -1.048823 2.613700
-19.403831 -4.837918 -1.048043 2.613660
-19.423239 -4.698972 -1.047294 2.613621
-19.442327 -4.560155 -1.046581 2.613585
-19.455605 -4.420206 -1.045609 2.613535
-19.467550 -4.280216 -1.044620 2.613485
-19.477375 -4.140043 -1.043570 2.613431
-19.485750 -3.999846 -1.042498 2.613376
-19.497734 -3.860654 -1.041671 2.613333
-19.509356 -3.721609 -1.040879 2.613293
-19.512123 -3.581142 -1.039667 2.613231
-19.512976 -3.440664 -1.038407 2.613166
-19.509779 -3.299829 -1.036986 2.613094
-19.507652 -3.159549 -1.035675 2.613026
-19.492598 -3.017614 -1.033732 2.612927
-19.472439 -2.875437 -1.031574 2.612817
-19.442190 -2.732421 -1.028936 2.612681
-19.405935 -2.589301 -1.026035 2.612533
-19.369839 -2.446978 -1.023198 2.612388
-19.374758 -2.310301 -1.022581 2.612356
-19.399324 -2.175980 -1.023051 2.612380
-19.435469 -2.042750 -1.024180 2.612438
-19.479803 -1.910008 -1.025789 2.612520
-19.508591 -1.775419 -1.026627 2.612563
-19.543213 -1.641090 -1.027821 2.612624
-19.588381 -1.507241 -1.029618 2.612716
-19.630636 -1.372707 -1.031310 2.612803
-19.672565 -1.237689 -1.033034 2.612891
-19.714594 -1.102216 -1.034812 2.612982
-19.755913 -0.966226 -1.036601 2.613074
-19.800266 -0.829875 -1.038599 2.613176
-19.839479 -0.692810 -1.040377 2.613267
-19.875481 -0.555169 -1.042036 2.613352
-19.927174 -0.417413 -1.044568 2.613482
-19.980728 -0.279002 -1.047248 2.613619
-20.029299 -0.139831 -1.049717 2.613745
-20.078106 0.000000 -1.052249 2.613875
-20.131630 0.140551 -1.055080 2.614020
-20.194693 0.281991 -1.058462 2.614193
-20.258108 0.424346 -1.061915 2.614370
-20.321753 0.567640 -1.065433 2.614550
-20.384142 0.711830 -1.068939 2.614730
-20.459606 0.857515 -1.073184 2.614947
-20.548357 1.004984 -1.078181 2.615203
-20.650473 1.154540 -1.083936 2.615497
-20.757046 1.305925 -1.089982 2.615807
-20.858929 1.458599 -1.095840 2.616107
-20.982246 1.614500 -1.102883 2.616467
-21.108627 1.772542 -1.110150 2.616840
-21.249580 1.933862 -1.118245 2.617254
-21.418190 2.100075 -1.127863 2.617746
-21.581043 2.268259 -1.137244 2.618227
-21.751337 2.439807 -1.147088 2.618731
-21.914183 2.613110 -1.156610 2.619218
-22.096651 2.791455 -1.167240 2.619763
-22.276646 2.972342 -1.177816 2.620304
-22.455069 3.155854 -1.188385 2.620845
-22.641436 3.343400 -1.199455 2.621412
-22.615187 3.501017 -1.199330 2.621406
-22.488409 3.642327 -1.193926 2.621129
-22.362759 3.782381 -1.188628 2.620858
-22.238220 3.921199 -1.183435 2.620592
-22.114754 4.058821 -1.178344 2.620331
-21.992346 4.195266 -1.173353 2.620076
-21.870966 4.330567 -1.168462 2.619825
-21.091822 4.329532 -1.128423 2.617775
-20.456821 4.348232 -1.096048 2.616117
-20.344807 4.473099 -1.091693 2.615895
-20.233675 4.596980 -1.087425 2.615676
-20.123407 4.719902 -1.083243 2.615462
-20.101360 4.863033 -1.083858 2.615494
-20.133270 5.019788 -1.087442 2.615677
-20.165396 5.177598 -1.091103 2.615864
-20.197739 5.336474 -1.094842 2.616056
-20.230309 5.496452 -1.098660 2.616251
-20.263107 5.657564 -1.102560 2.616451
-20.296144 5.819826 -1.106541 2.616655
-20.329422 5.983278 -1.110606 2.616863
-20.266756 6.118896 -1.109489 2.616806
-20.158142 6.239986 -1.105901 2.616622
-20.050219 6.360307 -1.102390 2.616442
-19.942980 6.479867 -1.098954 2.616266
-19.836397 6.598695 -1.095593 2.616094
-19.730467 6.716800 -1.092305 2.615926
-19.625164 6.834204 -1.089090 2.615762
-19.520472 6.950930 -1.085947 2.615601
-19.416382 7.066986 -1.082875 2.615443
-19.312872 7.182396 -1.079872 2.615289
-18.910610 7.183469 -1.060158 2.614280
-18.399612 7.136738 -1.034279 2.612955
-17.973873 7.116363 -1.013115 2.611871
-17.878054 7.223203 -1.010532 2.611739
-17.782715 7.329510 -1.008011 2.611610
-17.687849 7.435289 -1.005552 2.611484
-17.593443 7.540558 -1.003153 2.611361
-17.568300 7.675404 -1.004750 2.611443
-17.601120 7.836524 -1.009732 2.611698
-17.634274 7.999265 -1.014812 2.611958
-17.667761 8.163653 -1.019995 2.612224
-17.701597 8.329739 -1.025280 2.612494
-17.735788 8.497569 -1.030672 2.612770
-17.770342 8.667175 -1.036171 2.613052
-17.805271 8.838617 -1.041780 2.613339
-17.724657 8.953370 -1.040695 2.613284
-17.628983 9.060066 -1.038766 2.613185
-17.533655 9.166376 -1.036895 2.613089
-17.438669 9.272305 -1.035081 2.612996
-17.344007 9.377873 -1.033323 2.612906
-17.249666 9.483086 -1.031621 2.612819
-17.155632 9.587958 -1.029976 2.612735
-17.061890 9.692506 -1.028385 2.612653
-16.968437 9.796732 -1.026850 2.612575
-16.875254 9.900657 -1.025369 2.612499
-16.782341 10.004285 -1.023942 2.612426
-8.449947 5.117470 -0.517724 2.586507
-8.199534 5.044388 -0.504527 2.585832
-7.961539 4.974922 -0.492008 2.585191
-7.735024 4.908798 -0.480116 2.584582
-7.705899 4.966114 -0.480449 2.584599
-7.680434 5.025935 -0.481037 2.584629
-7.154026 4.753124 -0.450135 2.583047
-7.549464 5.092178 -0.477241 2.584435
-7.344116 5.028623 -0.466468 2.583883
-7.147831 4.967873 -0.456192 2.583357
-7.100615 5.008932 -0.455400 2.583316
-7.081691 5.069994 -0.456445 2.583370
-7.062679 5.131337 -0.457517 2.583425
-7.043577 5.192975 -0.458617 2.583481
-7.024382 5.254910 -0.459745 2.583539
-7.005092 5.317154 -0.460901 2.583598
-6.985703 5.379717 -0.462085 2.583659
-6.966214 5.442603 -0.463298 2.583721
-6.946621 5.505826 -0.464540 2.583784
-6.926922 5.569389 -0.465812 2.583849
-6.907114 5.633304 -0.467113 2.583916
-6.887192 5.697582 -0.468444 2.583984
-6.867156 5.762228 -0.469806 2.584054
-6.847001 5.827257 -0.471199 2.584125
-6.826725 5.892672 -0.472623 2.584198
-6.806325 5.958487 -0.474079 2.584273
-6.785798 6.024715 -0.475568 2.584349
-6.765141 6.091360 -0.477089 2.584427
-6.744349 6.158439 -0.478643 2.584506
-6.723420 6.225956 -0.480231 2.584588
-6.702352 6.293927 -0.481853 2.584671
-6.681139 6.362364 -0.483509 2.584756
-6.693747 6.464077 -0.487676 2.584969
-6.646599 6.508833 -0.487539 2.584962
-6.599114 6.553205 -0.487400 2.584955
-12.798862 12.888528 -0.951926 2.608739
-12.714049 12.983163 -0.952337 2.608759
-12.629163 13.077882 -0.952794 2.608783
-12.544188 13.172700 -0.953298 2.608809
-12.482339 13.292342 -0.955627 2.608928
-12.535885 13.537523 -0.966938 2.609507
-12.590720 13.788602 -0.978570 2.610103
-12.646893 14.045798 -0.990532 2.610715
-12.704462 14.309385 -1.002841 2.611346
-12.722814 14.533154 -1.012274 2.611829
-12.632081 14.634405 -1.013160 2.611874
-12.541183 14.735843 -1.014096 2.611922
-12.450115 14.837470 -1.015083 2.611972
-12.358863 14.939304 -1.016122 2.612025
-12.267424 15.041349 -1.017213 2.612081
-12.175783 15.143620 -1.018356 2.612140
-12.083930 15.246129 -1.019551 2.612201
-11.991859 15.348882 -1.020799 2.612265
-11.899557 15.451895 -1.022100 2.612331
-11.807017 15.555174 -1.023454 2.612401
-11.714229 15.658731 -1.024862 2.612473
-11.566977 15.689070 -1.021538 2.612303
-11.384836 15.669883 -1.015088 2.611972
-11.204965 15.650935 -1.008769 2.611649
-11.027318 15.632222 -1.002576 2.611332
-10.851830 15.613736 -0.996507 2.611021
-10.678439 15.595471 -0.990559 2.610717
-10.507105 15.577424 -0.984730 2.610418
-10.366570 15.602947 -0.981744 2.610265
-10.276250 15.703759 -0.983549 2.610358
-10.185595 15.804949 -0.985409 2.610453
-10.094589 15.906531 -0.987325 2.610551
-10.003227 16.008511 -0.989296 2.610652
-9.971959 16.209194 -0.997371 2.611065
-10.050876 16.595970 -1.016828 2.612062
-10.132937 16.998159 -1.037110 2.613100
-10.187023 17.363365 -1.055027 2.614017
-10.088342 17.473522 -1.057415 2.614140
-9.989204 17.584188 -1.059866 2.614265
-9.889606 17.695372 -1.062380 2.614394
-9.789531 17.807089 -1.064958 2.614526
-9.688959 17.919361 -1.067601 2.614661
-9.587887 18.032192 -1.070310 2.614800
-9.486292 18.145611 -1.073084 2.614942
-9.384168 18.259619 -1.075926 2.615088
-9.281497 18.374239 -1.078835 2.615236
-9.178261 18.489492 -1.081814 2.615389
-9.030396 18.515057 -1.079594 2.615275
-8.863624 18.499819 -1.075071 2.615044
-8.698241 18.484707 -1.070638 2.614816
-8.534209 18.469719 -1.066293 2.614594
-8.371490 18.454851 -1.062035 2.614376
-8.210062 18.440102 -1.057862 2.614162
-8.049885 18.425467 -1.053772 2.613953
-7.890940 18.410946 -1.049766 2.613748
-7.775020 18.496040 -1.051497 2.613837
-7.671264 18.611887 -1.055013 2.614017
-7.566811 18.728514 -1.058603 2.614200
-7.461635 18.845949 -1.062271 2.614388
-7.511969 19.367016 -1.088659 2.615739
-7.665212 20.178810 -1.131256 2.617920
-7.551605 20.305662 -1.135384 2.618132
-7.437166 20.433447 -1.139598 2.618347
-7.321864 20.562193 -1.143899 2.618567
-7.205687 20.691919 -1.148290 2.618792
-7.088610 20.822653 -1.152770 2.619022
-6.970605 20.954422 -1.157343 2.619256
-6.851660 21.087244 -1.162008 2.619495
-6.731742 21.221153 -1.166769 2.619739
-6.608157 21.347511 -1.171152 2.619963
-6.440573 21.332203 -1.167816 2.619792
-6.273926 21.316982 -1.164557 2.619625
-6.108205 21.301844 -1.161372 2.619462
-5.943374 21.286787 -1.158261 2.619303
-5.779422 21.271812 -1.155222 2.619147
-5.616320 21.256916 -1.152256 2.618995
-5.454040 21.242094 -1.149360 2.618847
-5.300518 21.259216 -1.148256 2.618791
-5.176622 21.397581 -1.153750 2.619072
-5.051519 21.537296 -1.159353 2.619359
-4.925200 21.678371 -1.165068 2.619652
-5.073039 23.073519 -1.238114 2.623391
-4.936775 23.225704 -1.244401 2.623713
-4.799114 23.379450 -1.250813 2.624042
-4.660009 23.534809 -1.257353 2.624377
-4.519447 23.691799 -1.264024 2.624718
-4.377378 23.850473 -1.270828 2.625066
-4.233764 24.010874 -1.277769 2.625422
-4.088243 24.171129 -1.284747 2.625779
-3.912257 24.155056 -1.282409 2.625659
-3.736916 24.139044 -1.280143 2.625543
-3.562184 24.123087 -1.277947 2.625431
-3.388043 24.107183 -1.275820 2.625322
-3.214472 24.091331 -1.273763 2.625216
-3.041439 24.075531 -1.271773 2.625115
-2.715330 22.771488 -1.201858 2.621535
-2.427693 21.643393 -1.141395 2.618439
-2.194642 20.880623 -1.100335 2.616337
-1.993761 20.333933 -1.070767 2.614823
-1.810220 19.891041 -1.046753 2.613594
-1.634693 19.467094 -1.023818 2.612419
-1.467462 19.071404 -1.002444 2.611325
-1.309464 18.726215 -0.983796 2.610370
-1.157217 18.393408 -0.965864 2.609452
-1.010381 18.072096 -0.948597 2.608568
-0.868689 17.761713 -0.931965 2.607717
-0.733963 17.511890 -0.918565 2.607030
-0.603341 17.277428 -0.906024 2.606388
-0.477611 17.098701 -0.896455 2.605898
-0.355543 16.973736 -0.889751 2.605555
-0.235288 16.850439 -0.883180 2.605219
-0.116791 16.729137 -0.876758 2.604890
0.000000 16.629559 -0.871518 2.604622
0.115492 16.542988 -0.867002 2.604390
0.229875 16.462132 -0.862828 2.604177
0.343156 16.381935 -0.858729 2.603967
0.455369 16.302374 -0.854704 2.603761
0.566706 16.228334 -0.851009 2.603572
0.677458 16.163692 -0.847847 2.603410
0.786677 16.084677 -0.843970 2.603211
0.895930 16.024824 -0.841137 2.603066
1.005161 15.976546 -0.838951 2.602954
1.113828 15.928480 -0.836815 2.602845
1.221933 15.880452 -0.834719 2.602738
1.329390 15.831222 -0.832599 2.602629
1.436111 15.780166 -0.830421 2.602518
1.543987 15.746775 -0.829211 2.602456
1.651705 15.714916 -0.828120 2.602400
1.757127 15.665154 -0.826124 2.602298
1.861934 15.614599 -0.824124 2.602195
1.966212 15.564138 -0.822165 2.602095
2.069464 15.509898 -0.820043 2.601986
2.171229 15.449094 -0.817610 2.601861
2.272373 15.388490 -0.815222 2.601739
2.372938 15.328214 -0.812887 2.601620
2.472901 15.268127 -0.810596 2.601502
2.572291 15.208284 -0.808353 2.601388
2.671116 15.148651 -0.806154 2.601275
2.769400 15.089281 -0.804004 2.601165
2.867163 15.030169 -0.801902 2.601057
2.964387 14.971229 -0.799842 2.600952
3.061092 14.912468 -0.797825 2.600849
3.157296 14.853907 -0.795852 2.600748
3.253009 14.795540 -0.793922 2.600649
3.348266 14.737424 -0.792038 2.600552
3.443045 14.679482 -0.790197 2.600458
3.537354 14.621660 -0.788395 2.600366
3.630326 14.560442 -0.786441 2.600266
3.720871 14.491841 -0.784120 2.600147
3.812864 14.431092 -0.782254 2.600051
3.905330 14.373990 -0.780618 2.599967
3.995452 14.310094 -0.778643 2.599867
4.084236 14.243422 -0.776548 2.599759
4.172521 14.177013 -0.774497 2.599654
4.260324 14.110857 -0.772489 2.599551
4.347644 14.044956 -0.770524 2.599451
4.434496 13.979299 -0.768602 2.599352
4.520893 13.913877 -0.766721 2.599256
4.606843 13.848684 -0.764883 2.599162
4.692362 13.783709 -0.763085 2.599070
4.777449 13.718955 -0.761328 2.598980
4.862119 13.654409 -0.759611 2.598892
4.946380 13.590067 -0.757934 2.598806
5.030244 13.525922 -0.756297 2.598722
5.115382 13.466323 -0.754943 2.598653
5.202545 13.412951 -0.753969 2.598603
5.286450 13.352044 -0.752601 2.598533
5.368918 13.288539 -0.751116 2.598457
5.451032 13.225199 -0.749669 2.598383
5.532806 13.162013 -0.748259 2.598311
5.614237 13.098988 -0.746886 2.598241
5.695338 13.036109 -0.745549 2.598172
5.776118 12.973373 -0.744249 2.598106
5.856586 12.910774 -0.742986 2.598041
5.936754 12.848302 -0.741758 2.597978
6.016619 12.785959 -0.740566 2.597917
6.096195 12.723737 -0.739409 2.597858
6.179090 12.669010 -0.738717 2.597822
6.258537 12.607743 -0.737675 2.597769
6.337639 12.546383 -0.736655 2.597717
6.420197 12.492347 -0.736096 2.597688
6.498542 12.430561 -0.735111 2.597638
6.576642 12.368864 -0.734160 2.597589
6.654503 12.307249 -0.733242 2.597542
6.732140 12.245707 -0.732358 2.597497
6.809546 12.184241 -0.731508 2.597453
6.888901 12.126656 -0.730920 2.597423
6.970984 12.074099 -0.730668 2.597410
7.049680 12.015891 -0.730106 2.597381
7.126365 11.954579 -0.729386 2.597344
7.206453 11.899261 -0.729062 2.597328
7.287359 11.845429 -0.728864 2.597318
7.364875 11.786263 -0.728369 2.597292
7.440931 11.725034 -0.727778 2.597262
7.519980 11.668716 -0.727523 2.597249
7.600516 11.614800 -0.727452 2.597245
7.680954 11.560761 -0.727408 2.597243
7.761364 11.506695 -0.727398 2.597243
7.839303 11.449016 -0.727194 2.597232
7.916824 11.390808 -0.726990 2.597222
7.997799 11.337598 -0.727140 2.597229
8.075502 11.279740 -0.727027 2.597224
8.152401 11.220818 -0.726880 2.597216
8.232542 11.166349 -0.727057 2.597225
8.312670 11.111767 -0.727264 2.597236
8.392792 11.057090 -0.727503 2.597248
8.472921 11.002310 -0.727773 2.597262
8.559429 10.955569 -0.728616 2.597305
8.644388 10.906506 -0.729349 2.597342
8.724687 10.851314 -0.729713 2.597361
8.805027 10.796024 -0.730111 2.597382
8.885395 10.740595 -0.730540 2.597404
8.965809 10.685034 -0.731001 2.597427
9.046308 10.629377 -0.731496 2.597452
9.126842 10.573542 -0.732021 2.597479
9.212475 10.523320 -0.732979 2.597528
9.292521 10.466416 -0.733516 2.597556
9.372646 10.409378 -0.734086 2.597585
9.452878 10.352224 -0.734692 2.597616
9.535542 10.297441 -0.735511 2.597658
9.622670 10.247098 -0.736695 2.597719
9.705436 10.191709 -0.737566 2.597763
9.786102 10.133805 -0.738302 2.597801
9.872794 10.081767 -0.739515 2.597863
9.960815 10.030592 -0.740844 2.597931
10.049052 9.979136 -0.742207 2.598001
10.137583 9.927452 -0.743609 2.598073
10.231478 9.880424 -0.745418 2.598165
10.319826 9.827439 -0.746838 2.598238
10.410241 9.775861 -0.748424 2.598319
10.506949 9.729537 -0.750475 2.598424
10.597706 9.677032 -0.752113 2.598508
10.686872 9.622501 -0.753655 2.598587
10.788191 9.578206 -0.756067 2.598711
10.891646 9.534908 -0.758633 2.598842
11.002810 9.497367 -0.761739 2.599001
11.114874 9.459496 -0.764907 2.599163
11.227813 9.421253 -0.768134 2.599329
11.341699 9.382670 -0.771425 2.599497
11.451431 9.339553 -0.774435 2.599651
11.560575 9.294937 -0.777409 2.599803
11.673982 9.252682 -0.780672 2.599970
11.782824 9.205750 -0.783633 2.600122
11.896207 9.161314 -0.786901 2.600289
12.016100 9.120709 -0.790600 2.600479
12.121540 9.068066 -0.793353 2.600620
12.249434 9.031059 -0.797578 2.600836
12.349430 8.972385 -0.799991 2.600960
12.434443 8.902188 -0.801452 2.601034
12.526317 8.836338 -0.803378 2.601133
12.629856 8.777974 -0.806069 2.601271
12.703559 8.698306 -0.806877 2.601312
12.819536 8.646886 -0.810390 2.601492
12.935212 8.594136 -0.813889 2.601671
13.049468 8.539326 -0.817307 2.601846
13.179168 8.493389 -0.821697 2.602071
13.305771 8.444097 -0.825895 2.602286
13.429374 8.391603 -0.829910 2.602491
13.576325 8.352213 -0.835368 2.602771
13.704509 8.299739 -0.839669 2.602991
13.839290 8.249868 -0.844377 2.603232
13.961979 8.191442 -0.848353 2.603436
14.097419 8.139149 -0.853109 2.603679
14.230786 8.084213 -0.857744 2.603916
14.356873 8.023779 -0.861946 2.604131
14.497563 7.970098 -0.867031 2.604392
14.626188 7.908348 -0.871400 2.604615
14.743046 7.839016 -0.875081 2.604804
14.899239 7.789135 -0.881102 2.605113
15.036390 7.727648 -0.886001 2.605363
15.186094 7.671044 -0.891645 2.605652
15.334825 7.612271 -0.897235 2.605938
15.467963 7.544230 -0.901921 2.606178
15.612651 7.480330 -0.907291 2.606453
15.752019 7.412331 -0.912360 2.606713
15.892661 7.343436 -0.917515 2.606977
16.004328 7.259882 -0.921013 2.607156
16.124758 7.179204 -0.925036 2.607362
16.252518 7.100552 -0.929499 2.607590
16.381451 7.021092 -0.934047 2.607823
16.498899 6.935494 -0.937960 2.608024
16.620129 6.850320 -0.942110 2.608236
16.750961 6.767827 -0.946825 2.608477
16.867495 6.678315 -0.950753 2.608678
16.997313 6.592817 -0.955453 2.608919
17.125372 6.505314 -0.960075 2.609156
17.248489 6.414653 -0.964443 2.609380
17.387470 6.328521 -0.969720 2.609650
17.524580 6.240224 -0.974913 2.609915
17.653769 6.147686 -0.979689 2.610160
17.797848 6.058877 -0.985313 2.610448
17.945679 5.969730 -0.991165 2.610748
18.073458 5.872422 -0.995934 2.610992
18.218243 5.779169 -1.001665 2.611285
18.370523 5.686620 -1.007830 2.611601
18.524755 5.592948 -1.014125 2.611923
18.680662 5.498015 -1.020533 2.612251
18.838530 5.401861 -1.027073 2.612586
19.023613 5.311490 -1.035116 2.612998
19.188850 5.213488 -1.042101 2.613356
19.352524 5.113153 -1.049026 2.613710
19.532452 5.015079 -1.056855 2.614111
19.706287 4.913329 -1.064379 2.614496
19.917349 4.818516 -1.073936 2.614985
20.105688 4.715740 -1.082290 2.615413
20.317879 4.616104 -1.091951 2.615908
20.562555 4.520968 -1.103377 2.616493
20.784094 4.417795 -1.113583 2.617015
21.051985 4.321354 -1.126292 2.617666
21.501751 4.257454 -1.148736 2.618815
21.743074 4.147708 -1.160054 2.619395
21.866985 4.013340 -1.165142 2.619655
21.991640 3.877719 -1.170313 2.619920
22.105068 3.738794 -1.174931 2.620156
22.159140 3.588990 -1.176445 2.620234
22.218714 3.439633 -1.178304 2.620329
22.275455 3.289350 -1.180066 2.620419
22.324310 3.137477 -1.181466 2.620491
22.341051 2.980935 -1.181221 2.620478
22.360239 2.824748 -1.181164 2.620476
22.373180 2.667835 -1.180835 2.620459
22.374580 2.509709 -1.179956 2.620414
22.368582 2.351032 -1.178745 2.620352
22.372297 2.193625 -1.178105 2.620319
22.368887 2.035721 -1.177148 2.620270
22.357681 1.877422 -1.175840 2.620203
22.340946 1.719039 -1.174300 2.620124
22.317709 1.560606 -1.172478 2.620031
22.287457 1.402210 -1.170346 2.619922
22.264286 1.244759 -1.168644 2.619834
22.241890 1.087805 -1.167041 2.619752
22.240747 0.932161 -1.166612 2.619730
22.235773 0.776490 -1.166038 2.619701
22.235668 0.621100 -1.165776 2.619688
22.242802 0.465913 -1.165951 2.619697
22.251858 0.310710 -1.166284 2.619714
22.260801 0.155409 -1.166668 2.619733
20.364199 -0.000000 -1.781636 2.651220
20.411697 -0.142503 -1.785836 2.651435
20.467865 -0.285804 -1.790881 2.651693
20.525131 -0.429941 -1.796110 2.651961
20.572237 -0.574635 -1.800539 2.652188
20.623678 -0.720195 -1.805438 2.652438
20.678080 -0.866669 -1.810686 2.652707
20.732681 -1.013998 -1.816043 2.652981
20.787277 -1.162190 -1.821491 2.653260
20.841967 -1.311266 -1.827041 2.653544
20.896629 -1.461235 -1.832683 2.653833
20.939116 -1.611177 -1.837350 2.654072
20.976175 -1.761419 -1.841636 2.654292
21.013601 -1.912388 -1.846049 2.654518
21.043348 -2.063319 -1.849883 2.654714
21.069798 -2.214525 -1.853522 2.654900
21.090010 -2.365624 -1.856708 2.655063
21.101925 -2.516253 -1.859258 2.655194
21.107306 -2.666473 -1.861327 2.655300
21.101610 -2.815556 -1.862513 2.655361
21.089684 -2.963962 -1.863241 2.655398
21.075655 -3.112183 -1.863876 2.655430
21.058784 -3.260072 -1.864351 2.655455
21.040936 -3.407888 -1.864832 2.655479
21.015591 -3.554522 -1.864740 2.655474
20.989180 -3.700959 -1.864643 2.655470
20.955694 -3.846090 -1.864009 2.655437
20.931213 -3.992843 -1.864265 2.655450
20.912861 -4.140858 -1.865160 2.655496
20.885771 -4.287234 -1.865368 2.655507
20.858461 -4.433603 -1.865648 2.655521
20.831074 -4.580009 -1.866013 2.655540
20.812357 -4.728452 -1.867248 2.655603
20.795080 -4.877442 -1.868707 2.655678
20.777719 -5.026660 -1.870255 2.655757
20.760233 -5.176108 -1.871888 2.655841
20.745333 -5.326497 -1.873852 2.655941
20.726210 -5.476101 -1.875532 2.656027
20.711958 -5.627315 -1.877752 2.656141
20.706879 -5.781465 -1.880905 2.656302
20.698164 -5.935103 -1.883831 2.656452
20.687548 -6.088676 -1.886688 2.656598
20.688648 -6.246272 -1.890719 2.656805
20.691141 -6.404979 -1.894987 2.657023
20.692196 -6.563952 -1.899235 2.657241
20.695671 -6.724432 -1.903816 2.657475
20.702650 -6.886856 -1.908834 2.657732
20.711382 -7.050731 -1.914132 2.658003
20.720869 -7.215771 -1.919617 2.658284
20.736719 -7.384014 -1.925815 2.658602
20.754795 -7.554128 -1.932344 2.658936
20.769384 -7.724065 -1.938676 2.659260
20.785051 -7.895501 -1.945236 2.659596
20.814007 -8.073222 -1.953173 2.660002
20.830030 -8.247193 -1.960032 2.660354
20.845358 -8.422071 -1.966959 2.660708
20.860565 -8.598105 -1.974010 2.661069
20.866117 -8.771309 -1.980282 2.661390
20.865723 -8.943061 -1.986121 2.661689
20.767628 -9.073153 -1.982765 2.661518
20.656744 -9.196976 -1.978261 2.661287
20.546358 -9.320242 -1.973873 2.661062
20.436453 -9.442968 -1.969599 2.660843
20.327017 -9.565168 -1.965440 2.660630
20.218035 -9.686859 -1.961394 2.660423
20.109493 -9.808055 -1.957459 2.660222
19.992752 -9.924488 -1.952792 2.659983
19.628633 -9.915137 -1.923942 2.658506
19.275103 -9.906058 -1.896022 2.657076
19.001171 -9.933573 -1.875852 2.656044
18.898312 -10.048411 -1.872578 2.655876
18.795807 -10.162854 -1.869406 2.655713
18.693640 -10.276917 -1.866335 2.655556
18.591803 -10.390609 -1.863365 2.655404
18.600071 -10.566312 -1.871541 2.655823
18.628368 -10.755095 -1.881898 2.656353
18.656982 -10.945987 -1.892462 2.656894
18.685917 -11.139043 -1.903239 2.657446
18.715183 -11.334319 -1.914233 2.658009
18.629158 -11.460735 -1.913571 2.657975
18.525745 -11.576171 -1.911204 2.657854
18.422581 -11.691327 -1.908935 2.657737
18.319656 -11.806212 -1.906764 2.657626
18.216957 -11.920844 -1.904691 2.657520
18.114475 -12.035231 -1.902714 2.657419
18.012201 -12.149384 -1.900835 2.657323
17.910122 -12.263317 -1.899051 2.657231
17.808228 -12.377041 -1.897363 2.657145
17.706507 -12.490568 -1.895770 2.657063
17.604952 -12.603909 -1.894272 2.656987
17.503551 -12.717075 -1.892868 2.656915
17.299505 -12.754297 -1.880386 2.656276
17.034866 -12.743709 -1.861246 2.655296
16.775545 -12.733333 -1.842580 2.654340
16.521360 -12.723162 -1.824373 2.653408
16.412605 -12.822933 -1.822205 2.653297
16.315388 -12.931418 -1.821390 2.653255
16.218252 -13.039809 -1.820665 2.653218
16.121187 -13.148120 -1.820029 2.653185
16.054264 -13.281244 -1.822897 2.653332
16.083210 -13.495416 -1.836837 2.654046
16.112600 -13.712899 -1.851082 2.654775
16.142452 -13.933790 -1.865642 2.655521
16.172775 -14.158195 -1.880524 2.656283
16.094507 -14.289373 -1.882977 2.656408
15.994221 -14.401261 -1.882961 2.656408
15.893929 -14.513153 -1.883037 2.656411
15.793625 -14.625057 -1.883204 2.656420
15.693296 -14.736987 -1.883463 2.656433
15.592934 -14.848951 -1.883814 2.656451
15.492528 -14.960961 -1.884256 2.656474
15.392069 -15.073029 -1.884791 2.656501
15.291548 -15.185163 -1.885417 2.656533
15.190952 -15.297379 -1.886136 2.656570
15.090275 -15.409683 -1.886948 2.656612
14.989505 -15.522088 -1.887851 2.656658
14.842719 -15.586391 -1.883023 2.656411
14.631487 -15.580951 -1.869980 2.655743
14.423149 -15.575584 -1.857205 2.655089
14.217628 -15.570291 -1.844694 2.654448
14.014849 -15.565066 -1.832438 2.653821
13.886653 -15.640915 -1.829909 2.653691
13.788459 -15.750430 -1.831415 2.653768
13.690097 -15.860131 -1.833013 2.653850
13.591558 -15.970028 -1.834703 2.653937
13.526534 -16.120296 -1.841072 2.654263
13.563710 -16.395712 -1.861667 2.655317
13.601727 -16.677366 -1.882819 2.656400
13.640619 -16.965511 -1.904552 2.657513
13.563341 -17.112679 -1.910397 2.657812
13.431108 -17.191034 -1.908630 2.657722
13.273548 -17.236055 -1.903293 2.657449
13.137432 -17.307928 -1.901055 2.657334
12.992870 -17.367929 -1.897636 2.657159
12.843959 -17.421124 -1.893605 2.656952
12.697587 -17.476730 -1.889967 2.656766
12.563475 -17.548477 -1.888195 2.656676
12.434959 -17.627680 -1.887330 2.656631
12.292744 -17.686941 -1.884440 2.656483
12.155517 -17.752687 -1.882358 2.656377
12.021897 -17.823196 -1.880889 2.656301
11.887381 -17.891949 -1.879341 2.656222
11.752108 -17.959103 -1.877730 2.656140
11.599675 -17.999174 -1.873407 2.655918
11.444349 -18.033411 -1.868609 2.655673
11.280944 -18.053286 -1.862463 2.655358
11.136118 -18.101503 -1.859371 2.655200
10.977136 -18.125404 -1.853909 2.654920
10.815496 -18.143166 -1.847957 2.654615
10.657887 -18.165932 -1.842653 2.654344
10.497739 -18.182619 -1.836866 2.654047
10.335392 -18.193583 -1.830640 2.653729
10.161521 -18.181902 -1.822282 2.653301
10.019758 -18.225874 -1.819634 2.653165
9.880412 -18.273441 -1.817452 2.653054
9.754033 -18.344667 -1.817719 2.653067
9.604954 -18.372583 -1.813796 2.652866
9.469343 -18.425350 -1.812435 2.652797
9.337550 -18.485209 -1.811866 2.652767
9.187371 -18.507843 -1.807754 2.652557
9.040351 -18.535467 -1.804243 2.652377
8.912205 -18.601208 -1.804542 2.652393
8.770565 -18.638403 -1.802166 2.652271
8.636516 -18.691135 -1.801391 2.652231
8.490592 -18.717407 -1.798167 2.652066
8.358945 -18.774500 -1.798001 2.652058
8.230837 -18.839645 -1.798693 2.652093
8.103527 -18.906948 -1.799674 2.652143
7.978277 -18.979576 -1.801241 2.652224
7.857421 -19.063532 -1.803959 2.652363
7.725252 -19.120670 -1.804218 2.652376
7.593186 -19.178204 -1.804601 2.652395
7.466501 -19.249794 -1.806388 2.652487
7.325338 -19.284094 -1.804764 2.652404
7.186599 -19.324181 -1.803776 2.652353
7.062312 -19.403543 -1.806538 2.652495
6.918208 -19.428587 -1.804328 2.652382
6.784366 -19.482050 -1.804851 2.652408
6.637951 -19.498859 -1.802071 2.652266
6.485770 -19.496943 -1.797665 2.652040
6.337231 -19.503992 -1.794192 2.651863
6.182699 -19.490337 -1.788922 2.651593
6.040515 -19.513756 -1.787157 2.651502
5.879197 -19.472847 -1.779608 2.651116
5.729478 -19.467096 -1.775384 2.650900
5.575578 -19.444351 -1.769716 2.650609
5.424804 -19.429466 -1.764871 2.650361
5.272239 -19.405067 -1.759269 2.650074
5.123391 -19.391262 -1.754732 2.649842
4.974682 -19.375107 -1.750084 2.649604
4.825818 -19.355301 -1.745210 2.649355
4.675478 -19.326113 -1.739592 2.649067
4.525417 -19.294222 -1.733835 2.648772
4.376000 -19.261045 -1.728067 2.648477
4.227710 -19.228727 -1.722477 2.648191
4.079695 -19.193459 -1.716725 2.647896
3.931575 -19.153143 -1.710622 2.647584
3.780140 -19.091108 -1.702683 2.647177
3.629991 -19.029089 -1.694850 2.646776
3.477922 -18.949709 -1.685576 2.646302
3.328395 -18.876266 -1.676936 2.645859
3.178031 -18.789656 -1.667230 2.645362
3.024536 -18.674057 -1.655058 2.644739
2.876342 -18.580051 -1.644907 2.644219
2.726839 -18.466118 -1.633095 2.643614
2.576852 -18.335260 -1.619892 2.642938
2.429206 -18.206060 -1.606940 2.642275
2.281324 -18.058554 -1.592476 2.641535
2.138430 -17.933430 -1.580087 2.640900
1.995503 -17.790312 -1.566211 2.640190
1.854650 -17.645821 -1.552313 2.639478
1.716385 -17.505060 -1.538839 2.638788
1.580492 -17.366692 -1.525668 2.638114
1.447432 -17.237026 -1.513352 2.637484
1.315739 -17.099548 -1.500439 2.636822
1.185854 -16.958511 -1.487300 2.636150
1.058648 -16.826746 -1.475060 2.635523
0.933976 -16.705414 -1.463817 2.634947
0.810804 -16.578119 -1.452131 2.634349
0.689975 -16.462296 -1.441529 2.633806
0.571826 -16.374973 -1.433498 2.633395
0.454307 -16.264469 -1.423512 2.632884
0.339174 -16.192053 -1.416932 2.632547
0.224904 -16.106659 -1.409287 2.632155
0.111930 -16.032518 -1.402698 2.631818
-0.000000 -15.961555 -1.396455 2.631498
-0.110977 -15.895937 -1.390748 2.631206
-0.221115 -15.835070 -1.385524 2.630939
-0.330642 -15.784626 -1.381279 2.630721
-0.439605 -15.738121 -1.377444 2.630525
-0.548098 -15.695453 -1.374011 2.630349
-0.655830 -15.647606 -1.370190 2.630154
-0.763462 -15.610088 -1.367338 2.630008
-0.870891 -15.577000 -1.364939 2.629885
-0.978470 -15.552334 -1.363343 2.629803
-1.085797 -15.527622 -1.361808 2.629725
-1.192924 -15.503416 -1.360383 2.629652
-1.300205 -15.483714 -1.359417 2.629602
-1.407074 -15.461125 -1.358263 2.629543
-1.515040 -15.451577 -1.358321 2.629546
-1.623582 -15.447351 -1.358912 2.629576
-1.732179 -15.442714 -1.359535 2.629608
-1.840241 -15.432716 -1.359753 2.629619
-1.947367 -15.414984 -1.359355 2.629599
-2.055049 -15.401875 -1.359431 2.629603
-2.163025 -15.390718 -1.359746 2.629619
-2.271131 -15.380061 -1.360173 2.629641
-2.381209 -15.381666 -1.361751 2.629722
-2.490381 -15.376064 -1.362761 2.629773
-2.598611 -15.363914 -1.363259 2.629799
-2.706213 -15.347693 -1.363463 2.629809
-2.815900 -15.342630 -1.364727 2.629874
-2.923270 -15.324314 -1.364880 2.629882
-3.030539 -15.305333 -1.365040 2.629890
-3.138417 -15.289179 -1.365520 2.629915
-3.244597 -15.264628 -1.365317 2.629904
-3.352021 -15.245863 -1.365699 2.629924
-3.458362 -15.222031 -1.365694 2.629923
-3.564737 -15.198325 -1.365766 2.629927
-3.672661 -15.180964 -1.366477 2.629964
-3.779465 -15.158607 -1.366806 2.629980
-3.885305 -15.132262 -1.366843 2.629982
-3.990175 -15.102202 -1.366611 2.629971
-4.093803 -15.067695 -1.366041 2.629941
-4.200865 -15.045807 -1.366683 2.629974
-4.308734 -15.026340 -1.367613 2.630022
-4.414425 -14.998927 -1.367890 2.630036
-4.520933 -14.974047 -1.368466 2.630065
-4.627660 -14.949549 -1.369147 2.630100
-4.735240 -14.927368 -1.370109 2.630150
-4.844862 -14.910950 -1.371674 2.630230
-4.950532 -14.881845 -1.372142 2.630254
-5.057252 -14.855577 -1.372942 2.630295
-5.164971 -14.831771 -1.374041 2.630351
-5.273215 -14.808909 -1.375300 2.630415
-5.380623 -14.783138 -1.376362 2.630470
-5.488179 -14.757265 -1.377487 2.630527
-5.596621 -14.733207 -1.378855 2.630597
-5.706140 -14.711302 -1.380499 2.630682
-5.809056 -14.672002 -1.380583 2.630686
-5.917810 -14.647094 -1.382093 2.630763
-6.025154 -14.618116 -1.383295 2.630825
-6.130483 -14.583840 -1.384067 2.630864
-6.235979 -14.549624 -1.384918 2.630908
-6.341878 -14.515985 -1.385897 2.630958
-6.451004 -14.489192 -1.387605 2.631045
-6.562696 -14.467381 -1.389870 2.631161
-6.669219 -14.433511 -1.391055 2.631222
-6.775398 -14.398450 -1.392201 2.631281
-6.883099 -14.366136 -1.393689 2.631357
-6.996304 -14.344548 -1.396299 2.631490
-7.098193 -14.299215 -1.396676 2.631510
-7.202927 -14.259368 -1.397662 2.631560
-7.306901 -14.217689 -1.398543 2.631605
-7.413469 -14.180658 -1.399957 2.631678
-7.517888 -14.139090 -1.401000 2.631731
-7.620164 -14.093197 -1.401690 2.631767
-7.722044 -14.046343 -1.402358 2.631801
-7.826019 -14.003009 -1.403452 2.631857
-7.928585 -13.956833 -1.404338 2.631902
-8.031352 -13.910708 -1.405304 2.631952
-8.135191 -13.866096 -1.406501 2.632013
-8.237456 -13.818460 -1.407468 2.632062
-8.339396 -13.769977 -1.408426 2.632111
-8.435539 -13.711773 -1.408462 2.632113
-8.536149 -13.660694 -1.409302 2.632156
-8.639108 -13.613053 -1.410575 2.632221
-8.743385 -13.567077 -1.412102 2.632300
-8.843072 -13.513627 -1.412930 2.632342
-8.941823 -13.458526 -1.413661 2.632380
-9.033340 -13.392476 -1.413313 2.632362
-9.136361 -13.343318 -1.414822 2.632439
-9.232496 -13.283819 -1.415314 2.632464
-9.333004 -13.230373 -1.416527 2.632526
-9.441462 -13.187695 -1.418980 2.632652
-9.537832 -13.127700 -1.419655 2.632686
-9.634043 -13.067296 -1.420362 2.632722
-9.732917 -13.010256 -1.421513 2.632781
-9.832942 -12.954420 -1.422878 2.632851
-9.937262 -12.903797 -1.424903 2.632955
-10.042228 -12.853465 -1.427052 2.633065
-10.146955 -12.802266 -1.429198 2.633175
-10.254552 -12.754088 -1.431777 2.633307
-10.362132 -12.705230 -1.434378 2.633440
-10.457669 -12.641148 -1.435351 2.633490
-10.557043 -12.581393 -1.436900 2.633569
-10.658326 -12.523486 -1.438750 2.633664
-10.765836 -12.472339 -1.441473 2.633803
-10.876374 -12.423983 -1.444625 2.633965
-10.991709 -12.380256 -1.448429 2.634160
-11.109704 -12.338576 -1.452591 2.634372
-11.213867 -12.280747 -1.454965 2.634494
-11.322744 -12.227449 -1.457980 2.634649
-11.438364 -12.180621 -1.461882 2.634848
-11.554348 -12.133258 -1.465843 2.635051
-11.671706 -12.086405 -1.469992 2.635263
-11.791202 -12.040774 -1.474418 2.635490
-11.918146 -12.001641 -1.479779 2.635765
-12.040503 -11.956737 -1.484570 2.636010
-12.162663 -11.910557 -1.489343 2.636254
-12.287207 -11.865617 -1.494414 2.636514
-12.411200 -11.819021 -1.499422 2.636770
-12.546911 -11.782332 -1.505843 2.637099
-12.683977 -11.745492 -1.512415 2.637436
-12.802880 -11.690634 -1.516824 2.637661
-12.940788 -11.651937 -1.523488 2.638002
-13.076138 -11.609534 -1.529843 2.638328
-13.210122 -11.564586 -1.536035 2.638645
-13.354427 -11.527233 -1.543420 2.639023
-13.493048 -11.483481 -1.550137 2.639367
-13.626520 -11.434008 -1.556262 2.639681
-13.761145 -11.384205 -1.562522 2.640001
-13.899068 -11.335801 -1.569159 2.640341
-14.038239 -11.287035 -1.575936 2.640688
-14.169021 -11.230225 -1.581777 2.640987
-14.311112 -11.181067 -1.588887 2.641351
-14.452738 -11.130102 -1.595945 2.641712
-14.587044 -11.072167 -1.602201 2.642033
-14.723349 -11.014472 -1.608687 2.642365
-14.855834 -10.952662 -1.614768 2.642676
-14.985537 -10.887630 -1.620565 2.642973
-15.111414 -10.818706 -1.625970 2.643250
-15.238181 -10.749352 -1.631495 2.643533
-15.359205 -10.674927 -1.636434 2.643785
-15.480141 -10.599471 -1.641394 2.644039
-15.608779 -10.528254 -1.647201 2.644337
-15.729261 -10.450493 -1.652175 2.644591
-15.832221 -10.360313 -1.655352 2.644754
-15.946936 -10.277100 -1.659804 2.644982
-16.063417 -10.194152 -1.664480 2.645221
-16.175493 -10.107570 -1.668741 2.645439
-16.279079 -10.014953 -1.672173 2.645615
-16.377077 -9.918308 -1.675086 2.645764
-16.475815 -9.821557 -1.678131 2.645920
-16.574392 -9.724135 -1.681215 2.646078
-16.659822 -9.618553 -1.683029 2.646171
-16.746847 -9.513530 -1.685069 2.646276
-16.835890 -9.409259 -1.687378 2.646394
-16.921186 -9.302502 -1.689377 2.646496
-17.007048 -9.195673 -1.691498 2.646605
-17.088179 -9.085945 -1.693217 2.646693
-17.168842 -8.975650 -1.694959 2.646782
-17.241568 -8.860960 -1.695990 2.646835
-17.312405 -8.745126 -1.696911 2.646882
-17.387335 -8.631145 -1.698308 2.646953
-17.459494 -8.515564 -1.699508 2.647015
-17.531637 -8.399749 -1.700781 2.647080
-17.595707 -8.279909 -1.701347 2.647109
-17.658688 -8.159459 -1.701887 2.647137
-17.721579 -8.038862 -1.702498 2.647168
-17.789566 -7.920424 -1.703676 2.647228
-17.851879 -7.799291 -1.704387 2.647264
-17.901150 -7.672441 -1.703936 2.647242
-17.957384 -7.548590 -1.704231 2.647257
-18.016264 -7.425766 -1.704857 2.647289
-18.070349 -7.300894 -1.705110 2.647301
-18.119587 -7.174048 -1.704989 2.647295
-18.163570 -7.045184 -1.704458 2.647268
-18.213833 -6.918787 -1.704600 2.647275
-18.262650 -6.791816 -1.704689 2.647280
-18.298679 -6.660174 -1.703671 2.647228
-18.336737 -6.529415 -1.702929 2.647190
-18.379465 -6.400405 -1.702705 2.647178
-18.418379 -6.270128 -1.702214 2.647153
-18.458138 -6.140203 -1.701885 2.647136
-18.493637 -6.008946 -1.701249 2.647104
-18.528738 -5.877658 -1.700661 2.647074
-18.557255 -5.744429 -1.699556 2.647017
-18.585667 -5.611344 -1.698529 2.646965
-18.613989 -5.478393 -1.697581 2.646916
-18.639202 -5.344705 -1.696436 2.646858
-18.663212 -5.210859 -1.695269 2.646798
-18.686754 -5.077077 -1.694146 2.646740
-18.707956 -4.942856 -1.692899 2.646676
-18.729975 -4.809038 -1.691812 2.646621
-18.751709 -4.675326 -1.690785 2.646568
-18.765867 -4.539937 -1.689163 2.646485
-18.775278 -4.403700 -1.687202 2.646385
-18.784576 -4.267752 -1.685319 2.646288
-18.793764 -4.132074 -1.683514 2.646196
-18.803759 -3.996862 -1.681869 2.646112
-18.816786 -3.862528 -1.680581 2.646046
-18.825607 -3.727569 -1.679004 2.645965
-18.825855 -3.591225 -1.676749 2.645849
-18.828924 -3.455752 -1.674832 2.645751
-18.833111 -3.320785 -1.673102 2.645663
-18.830643 -3.184961 -1.670866 2.645548
-18.822931 -3.048648 -1.668253 2.645415
-18.812550 -2.912337 -1.665490 2.645273
-18.791691 -2.774913 -1.661888 2.645089
-18.770832 -2.638068 -1.658374 2.644909
-18.749996 -2.501780 -1.654950 2.644733
-18.752726 -2.369019 -1.653691 2.644669
-18.773691 -2.238628 -1.654121 2.644691
-18.816923 -2.110654 -1.656591 2.644818
-18.851730 -1.981396 -1.658398 2.644910
-18.880859 -1.851281 -1.659783 2.644981
-18.920033 -1.721856 -1.662129 2.645101
-18.964571 -1.592500 -1.665025 2.645249
-19.009195 -1.462676 -1.668005 2.645402
-19.053911 -1.332379 -1.671072 2.645559
-19.098740 -1.201587 -1.674227 2.645720
-19.140402 -1.070113 -1.677183 2.645872
-19.171263 -0.937632 -1.679273 2.645979
-19.197414 -0.804608 -1.681031 2.646069
-19.224237 -0.671325 -1.682928 2.646166
-19.253626 -0.537799 -1.685131 2.646279
-19.284588 -0.403953 -1.687553 2.646403
-19.313778 -0.269689 -1.689901 2.646523
-19.343739 -0.135045 -1.692399 2.646651
-19.375864 0.000000 -1.695168 2.646792
-19.412277 0.135529 -1.698396 2.646958
-19.449837 0.271590 -1.701806 2.647132
-19.487427 0.408203 -1.705303 2.647311
-19.527639 0.545459 -1.709113 2.647506
-19.571205 0.683442 -1.713302 2.647721
-19.616606 0.822183 -1.717737 2.647948
-19.664536 0.961758 -1.722480 2.648191
-19.720934 1.102571 -1.728052 2.648476
-19.784721 1.244752 -1.734361 2.648799
-19.849504 1.388013 -1.740847 2.649131
-19.914804 1.532364 -1.747470 2.649470
-20.005510 1.679911 -1.756415 2.649928
-20.114235 1.830538 -1.767040 2.650472
-20.235313 1.984092 -1.778850 2.651077
-20.344517 2.138295 -1.789719 2.651634
-20.468988 2.295969 -1.802035 2.652264
-20.613695 2.458036 -1.816241 2.652992
-20.788040 2.626139 -1.833173 2.653858
-20.934193 2.793221 -1.847736 2.654604
-21.108301 2.966578 -1.864886 2.655482
-21.280251 3.142398 -1.881970 2.656357
-21.452991 3.321100 -1.899251 2.657242
-21.640417 3.504982 -1.917963 2.658200
-21.810457 3.688966 -1.935269 2.659086
-21.979385 3.875559 -1.952612 2.659974
-22.129877 4.061596 -1.968452 2.660785
-22.007320 4.198123 -1.960110 2.660357
-21.885796 4.333503 -1.951933 2.659939
-21.113676 4.334018 -1.885723 2.656549
-20.470581 4.351157 -1.830955 2.653745
-20.358435 4.476096 -1.823674 2.653372
-20.247177 4.600047 -1.816541 2.653007
-20.136784 4.723039 -1.809551 2.652649
-20.114258 4.866154 -1.810535 2.652699
-20.146233 5.023020 -1.816525 2.653006
-20.178421 5.180942 -1.822645 2.653319
-20.210831 5.339933 -1.828895 2.653639
-20.243465 5.500027 -1.835278 2.653966
-20.276335 5.661257 -1.841797 2.654300
-20.309441 5.823638 -1.848452 2.654641
-20.342789 5.987213 -1.855246 2.654989
-20.279804 6.122836 -1.853355 2.654892
-20.171078 6.243991 -1.847358 2.654585
-20.063046 6.364376 -1.841488 2.654284
-19.955698 6.483999 -1.835745 2.653990
-19.849009 6.602890 -1.830127 2.653702
-19.742971 6.721057 -1.824632 2.653421
-19.637568 6.838523 -1.819258 2.653146
-19.532772 6.955310 -1.814004 2.652877
-19.428583 7.071426 -1.808869 2.652614
-19.324972 7.186897 -1.803850 2.652357
-18.918709 7.186544 -1.770568 2.650653
-18.407299 7.139720 -1.727329 2.648439
-17.985046 7.120786 -1.692329 2.646647
-17.889139 7.227682 -1.688011 2.646426
-17.793713 7.334043 -1.683797 2.646210
-17.698763 7.439876 -1.679687 2.646000
-17.604271 7.545199 -1.675677 2.645795
-17.580778 7.680856 -1.678504 2.645939
-17.613686 7.842118 -1.686832 2.646366
-17.646925 8.005004 -1.695326 2.646801
-17.680502 8.169540 -1.703990 2.647244
-17.714428 8.335776 -1.712826 2.647696
-17.748711 8.503760 -1.721840 2.648158
-17.783360 8.673525 -1.731033 2.648629
-17.818384 8.845127 -1.740411 2.649109
-17.735361 8.958777 -1.738369 2.649004
-17.639608 9.065527 -1.735144 2.648839
-17.544205 9.171891 -1.732016 2.648679
-17.449142 9.277874 -1.728984 2.648524
-17.354406 9.383497 -1.726046 2.648374
-17.259993 9.488763 -1.723202 2.648228
-17.165886 9.593688 -1.720452 2.648087
-17.072071 9.698289 -1.717794 2.647951
-16.978548 9.802569 -1.715227 2.647820
-8.539673 5.010198 -0.866218 2.604350
-8.286516 4.939756 -0.844016 2.603214
-8.045954 4.872802 -0.822959 2.602135
-7.817039 4.809076 -0.802960 2.601111
-7.598943 4.748346 -0.783943 2.600138
-7.390880 4.690397 -0.765838 2.599211
-7.192170 4.635038 -0.748582 2.598327
-7.061892 4.621172 -0.738363 2.597804
-7.043710 4.679831 -0.739860 2.597881
-7.025453 4.738728 -0.741399 2.597960
-6.920890 4.738834 -0.733838 2.597572
-6.736009 4.681649 -0.717682 2.596745
-6.673199 4.707424 -0.714475 2.596581
-6.629687 4.746391 -0.713346 2.596523
-6.586311 4.785235 -0.712256 2.596467
-6.543064 4.823965 -0.711204 2.596414
-6.499943 4.862579 -0.710190 2.596362
-6.456943 4.901086 -0.709213 2.596312
-6.435003 4.955621 -0.710586 2.596382
-6.417046 5.013546 -0.712451 2.596478
-6.398993 5.071781 -0.714360 2.596575
-6.380841 5.130329 -0.716315 2.596675
-6.362590 5.189201 -0.718315 2.596778
-6.344234 5.248408 -0.720362 2.596883
-6.325773 5.307954 -0.722456 2.596990
-6.307203 5.367852 -0.724598 2.597099
-6.288522 5.428107 -0.726787 2.597211
-6.111253 5.349998 -0.710599 2.596383
-6.092818 5.409458 -0.712830 2.596497
-6.074266 5.469294 -0.715109 2.596613
-6.212623 5.672906 -0.736042 2.597685
-6.193340 5.735096 -0.738483 2.597810
-6.173928 5.797704 -0.740977 2.597938
-6.154383 5.860741 -0.743523 2.598068
-6.134702 5.924213 -0.746124 2.598202
-6.114882 5.988136 -0.748780 2.598337
-5.284787 5.248021 -0.651604 2.593362
-5.184226 5.220545 -0.643683 2.592957
-5.159121 5.268322 -0.645117 2.593030
-6.430208 6.658676 -0.809852 2.601464
-12.551525 13.180405 -1.592351 2.641528
-12.496371 13.307285 -1.597101 2.641771
-12.550145 13.552923 -1.616027 2.642740
-12.605215 13.804476 -1.635488 2.643737
-12.661631 14.062166 -1.655505 2.644762
-12.719451 14.326267 -1.676102 2.645816
-12.730287 14.541691 -1.690866 2.646572
-12.639507 14.643009 -1.692346 2.646648
-12.548562 14.744514 -1.693910 2.646728
-12.457448 14.846210 -1.695561 2.646813
-12.366150 14.948113 -1.697298 2.646902
-12.274665 15.050228 -1.699121 2.646995
-12.182979 15.152568 -1.701031 2.647093
-12.091079 15.255149 -1.703029 2.647195
-11.998963 15.357973 -1.705114 2.647302
-11.906614 15.461060 -1.707289 2.647413
-11.814030 15.564411 -1.709552 2.647529
-11.721195 15.668044 -1.711905 2.647650
-11.568639 15.691324 -1.705583 2.647326
-11.386461 15.672120 -1.694813 2.646774
-11.206554 15.653156 -1.684260 2.646234
-11.028872 15.634426 -1.673920 2.645705
-10.853352 15.615925 -1.663786 2.645186
-10.679927 15.597645 -1.653854 2.644677
-10.508560 15.579581 -1.644119 2.644179
-10.372814 15.612347 -1.639895 2.643963
-10.282452 15.713236 -1.642912 2.644117
-10.191753 15.814505 -1.646021 2.644276
-10.100704 15.916167 -1.649222 2.644440
-10.009299 16.018229 -1.652516 2.644609
-9.988854 16.236658 -1.667815 2.645392
-10.068237 16.624640 -1.700407 2.647061
-10.150791 17.028109 -1.734384 2.648800
-10.193259 17.373995 -1.762323 2.650231
-10.094532 17.484243 -1.766314 2.650435
-9.995348 17.595003 -1.770411 2.650645
-9.895703 17.706280 -1.774613 2.650860
-9.795580 17.818092 -1.778922 2.651081
-9.694962 17.930462 -1.783340 2.651307
-9.593842 18.043392 -1.787866 2.651539
-9.492199 18.156910 -1.792504 2.651776
-9.390027 18.271019 -1.797254 2.652019
-9.287308 18.385742 -1.802117 2.652268
-9.184023 18.501101 -1.807095 2.652523
-9.031610 18.517546 -1.802499 2.652288
-8.864810 18.502295 -1.794946 2.651901
-8.699401 18.487171 -1.787544 2.651522
-8.535342 18.472172 -1.780288 2.651151
-8.372596 18.457293 -1.773177 2.650787
-8.211143 18.442532 -1.766209 2.650430
-8.050941 18.427885 -1.759381 2.650080
-7.891971 18.413351 -1.752690 2.649738
-7.780036 18.507975 -1.756484 2.649932
-7.676230 18.623936 -1.762360 2.650233
-7.571726 18.740679 -1.768362 2.650540
-7.466499 18.858232 -1.774493 2.650854
-7.538022 19.434185 -1.823691 2.653373
-7.670244 20.192057 -1.889739 2.656755
-7.556581 20.319042 -1.896639 2.657108
-7.442084 20.446959 -1.903683 2.657469
-7.326724 20.575844 -1.910874 2.657837
-7.210489 20.705708 -1.918213 2.658212
-7.093352 20.836582 -1.925702 2.658596
-6.975287 20.968496 -1.933346 2.658987
-6.856281 21.101463 -1.941145 2.659387
-6.736300 21.235521 -1.949104 2.659794
-6.608979 21.350166 -1.955344 2.660114
-6.441371 21.334848 -1.949775 2.659828
-6.274702 21.319618 -1.944332 2.659550
-6.108958 21.304470 -1.939014 2.659277
-5.944105 21.289406 -1.933818 2.659011
-5.780131 21.274422 -1.928745 2.658752
-5.617007 21.259516 -1.923792 2.658498
-5.454705 21.244686 -1.918957 2.658251
-5.304252 21.274195 -1.918231 2.658213
-5.180287 21.412731 -1.927414 2.658684
-4.923384 20.990986 -1.886312 2.656579
-4.678568 20.592815 -1.847551 2.654594
-4.443297 20.209288 -1.810314 2.652688
-4.224005 19.872381 -1.777450 2.651006
-4.014832 19.558725 -1.746846 2.649438
-3.812520 19.254665 -1.717270 2.647924
-3.616840 18.960163 -1.688711 2.646462
-3.429092 18.683666 -1.661912 2.645090
-3.249660 18.429741 -1.637267 2.643828
-3.075375 18.182699 -1.613374 2.642605
-2.910476 17.969860 -1.592646 2.641543
-2.749551 17.761045 -1.572400 2.640507
-2.589978 17.539312 -1.551131 2.639418
-2.438450 17.350475 -1.532888 2.638484
-2.287718 17.145641 -1.513343 2.637483
-2.144433 16.974979 -1.496922 2.636642
-2.002421 16.792837 -1.479591 2.635755
-1.864935 16.626291 -1.463734 2.634943
-1.728704 16.447523 -1.446898 2.634081
-1.598858 16.306396 -1.433466 2.633394
-1.468571 16.136944 -1.417634 2.632583
-1.341714 15.978093 -1.402822 2.631824
-1.217227 15.819305 -1.388101 2.631071
-1.099248 15.719987 -1.378679 2.630588
-0.983808 15.637158 -1.370779 2.630184
-0.870584 15.571638 -1.364469 2.629861
-0.758391 15.506509 -1.358265 2.629543
-0.647152 15.440631 -1.352066 2.629226
-0.536850 15.373371 -1.345816 2.628906
-0.427920 15.319728 -1.340825 2.628650
-0.319779 15.266328 -1.335924 2.628399
-0.212425 15.213089 -1.331102 2.628152
-0.105837 15.160057 -1.326365 2.627910
0.000000 15.107229 -1.321711 2.627672
0.105087 15.052483 -1.316954 2.627428
0.209427 14.997745 -1.312261 2.627188
0.313220 14.952805 -1.308488 2.626994
0.416138 14.897914 -1.303907 2.626760
0.518587 14.850372 -1.300031 2.626561
0.620702 14.809541 -1.296804 2.626396
0.723363 14.790128 -1.295515 2.626330
0.825589 14.766675 -1.293934 2.626249
0.926796 14.730969 -1.291341 2.626117
1.027594 14.695271 -1.288809 2.625987
1.127992 14.659577 -1.286338 2.625860
1.227801 14.621437 -1.283712 2.625726
1.325778 14.567813 -1.279786 2.625525
1.423148 14.514368 -1.275932 2.625328
1.519923 14.461097 -1.272151 2.625134
1.616117 14.408022 -1.268444 2.624944
1.711752 14.355143 -1.264810 2.624758
1.806816 14.302391 -1.261242 2.624576
1.901326 14.249764 -1.257741 2.624396
1.995299 14.197287 -1.254308 2.624220
2.088744 14.144953 -1.250943 2.624048
2.181686 14.092800 -1.247647 2.623879
2.274117 14.040801 -1.244419 2.623714
2.366044 13.988883 -1.241251 2.623552
2.457484 13.937079 -1.238147 2.623393
2.546959 13.877295 -1.234385 2.623200
2.635648 13.816525 -1.230586 2.623006
2.725729 13.765920 -1.227744 2.622860
2.815014 13.713671 -1.224807 2.622710
2.902141 13.653500 -1.221213 2.622526
2.988733 13.593541 -1.217687 2.622345
3.074805 13.533786 -1.214227 2.622168
3.160357 13.474236 -1.210835 2.621995
3.245403 13.414882 -1.207507 2.621824
3.329955 13.355718 -1.204245 2.621657
3.414021 13.296738 -1.201047 2.621494
3.497617 13.237932 -1.197912 2.621333
3.580741 13.179306 -1.194840 2.621176
3.663408 13.120848 -1.191829 2.621022
3.745627 13.062552 -1.188880 2.620871
3.826758 13.002213 -1.185791 2.620713
3.908407 12.945251 -1.183056 2.620572
3.989635 12.888418 -1.180379 2.620435
4.070457 12.831703 -1.177759 2.620301
4.150311 12.773341 -1.175033 2.620162
4.230022 12.715919 -1.172438 2.620029
4.309350 12.658620 -1.169901 2.619899
4.388292 12.601450 -1.167420 2.619772
4.466514 12.543423 -1.164905 2.619643
4.541747 12.478346 -1.161778 2.619483
4.618916 12.419894 -1.159310 2.619357
4.696665 12.364046 -1.157129 2.619245
4.774071 12.308281 -1.155001 2.619136
4.851146 12.252592 -1.152925 2.619030
4.927897 12.196974 -1.150901 2.618926
5.004332 12.141423 -1.148928 2.618825
5.080462 12.085932 -1.147006 2.618727
5.158436 12.035525 -1.145612 2.618655
5.233679 11.979414 -1.143721 2.618559
5.308628 11.923373 -1.141881 2.618464
5.383290 11.867399 -1.140092 2.618373
5.457676 11.811482 -1.138353 2.618284
5.531781 11.755627 -1.136664 2.618197
5.605618 11.699825 -1.135025 2.618113
5.679194 11.644073 -1.133435 2.618032
5.752696 11.588734 -1.131930 2.617955
5.826075 11.533658 -1.130496 2.617881
5.899206 11.478607 -1.129109 2.617810
5.972102 11.423573 -1.127769 2.617742
6.044767 11.368553 -1.126476 2.617676
6.119832 11.318394 -1.125712 2.617636
6.196012 11.270494 -1.125223 2.617611
6.270391 11.219538 -1.124479 2.617573
6.342294 11.164454 -1.123368 2.617516
6.413994 11.109363 -1.122303 2.617462
6.485497 11.054264 -1.121284 2.617410
6.556813 10.999147 -1.120309 2.617360
6.632064 10.950833 -1.120077 2.617348
6.707296 10.902552 -1.119901 2.617339
6.779370 10.849259 -1.119261 2.617306
6.850066 10.793980 -1.118464 2.617265
6.922677 10.741884 -1.118047 2.617244
6.997459 10.693233 -1.118041 2.617244
7.072174 10.644475 -1.118078 2.617245
7.146858 10.595653 -1.118163 2.617250
7.221485 10.546715 -1.118292 2.617257
7.296036 10.497613 -1.118460 2.617265
7.370537 10.448397 -1.118671 2.617276
7.445007 10.399073 -1.118928 2.617289
7.519432 10.349609 -1.119227 2.617304
7.593825 10.300015 -1.119570 2.617322
7.668198 10.250284 -1.119956 2.617342
7.742548 10.200426 -1.120387 2.617364
7.816903 10.150453 -1.120865 2.617388
7.891217 10.100297 -1.121383 2.617415
7.965530 10.049999 -1.121945 2.617444
8.039877 9.999583 -1.122556 2.617475
8.117558 9.953105 -1.123673 2.617532
8.197033 9.908508 -1.125071 2.617604
8.274479 9.861139 -1.126224 2.617663
8.348362 9.809294 -1.126932 2.617699
8.424409 9.759765 -1.127972 2.617752
8.504321 9.714403 -1.129563 2.617834
8.584377 9.668815 -1.131203 2.617918
8.664553 9.622960 -1.132888 2.618004
8.740480 9.572049 -1.134051 2.618063
8.818583 9.523197 -1.135530 2.618139
8.898091 9.475500 -1.137222 2.618226
8.977751 9.427565 -1.138963 2.618315
9.064287 9.386344 -1.141601 2.618450
9.149394 9.343055 -1.144076 2.618577
9.229717 9.294373 -1.145978 2.618674
9.310202 9.245425 -1.147929 2.618774
9.390856 9.196202 -1.149930 2.618876
9.472093 9.147094 -1.152030 2.618984
9.558973 9.102889 -1.154839 2.619128
9.646157 9.058338 -1.157703 2.619274
9.733711 9.013512 -1.160630 2.619424
9.821624 8.968373 -1.163619 2.619577
9.915183 8.927670 -1.167291 2.619765
10.008288 8.885776 -1.170920 2.619951
10.101786 8.843439 -1.174607 2.620140
10.195782 8.800758 -1.178363 2.620332
10.299856 8.765862 -1.183290 2.620584
10.407760 8.733147 -1.188653 2.620859
10.516522 8.700026 -1.194109 2.621138
10.626222 8.666529 -1.199665 2.621423
10.741323 8.636242 -1.205823 2.621738
10.849921 8.599539 -1.211245 2.622016
10.966032 8.567603 -1.217500 2.622336
11.077514 8.530835 -1.223236 2.622630
11.181983 8.487581 -1.228198 2.622884
11.276251 8.435709 -1.232054 2.623081
11.389760 8.397253 -1.238020 2.623387
11.497461 8.353395 -1.243358 2.623660
11.590207 8.297775 -1.247092 2.623851
11.673636 8.234838 -1.249853 2.623992
11.754639 8.169683 -1.252388 2.624122
11.843016 8.109079 -1.255742 2.624294
11.929790 8.046744 -1.258955 2.624459
12.022901 7.987998 -1.262866 2.624659
12.120816 7.931634 -1.267303 2.624886
12.219644 7.875019 -1.271857 2.625119
12.326257 7.822478 -1.277238 2.625395
12.422125 7.762205 -1.281525 2.625614
12.518861 7.701656 -1.285927 2.625839
12.616026 7.640531 -1.290396 2.626068
12.722222 7.583962 -1.295811 2.626345
12.824100 7.523853 -1.300806 2.626601
12.925505 7.462543 -1.305776 2.626856
13.041442 7.408572 -1.312231 2.627186
13.144627 7.346278 -1.317421 2.627452
13.253120 7.285961 -1.323164 2.627746
13.366162 7.227055 -1.329381 2.628064
13.473123 7.163786 -1.335012 2.628352
13.579390 7.099135 -1.340598 2.628639
13.691503 7.036471 -1.346783 2.628955
13.809149 6.975499 -1.353532 2.629301
13.916913 6.908413 -1.359335 2.629598
14.038301 6.846937 -1.366489 2.629964
14.155368 6.782117 -1.373242 2.630310
14.268744 6.714355 -1.379659 2.630638
14.384437 6.646539 -1.386325 2.630980
14.495566 6.575478 -1.392578 2.631300
14.600537 6.500578 -1.398268 2.631591
14.704195 6.424106 -1.403866 2.631878
14.800770 6.343612 -1.408823 2.632132
14.909166 6.267232 -1.414942 2.632445
15.009133 6.186316 -1.420296 2.632719
15.107780 6.103939 -1.425563 2.632989
15.207067 6.020905 -1.430931 2.633264
15.306883 5.937143 -1.436388 2.633543
15.407262 5.852665 -1.441938 2.633827
15.508243 5.767462 -1.447585 2.634116
15.607574 5.680692 -1.453120 2.634400
15.710209 5.594155 -1.459004 2.634701
15.813560 5.506858 -1.464995 2.635008
15.917482 5.418749 -1.471083 2.635319
16.022041 5.329822 -1.477271 2.635636
16.127275 5.240069 -1.483565 2.635958
16.247278 5.153942 -1.491258 2.636352
16.360764 5.064497 -1.498392 2.636718
16.470722 4.972800 -1.505246 2.637069
16.578964 4.879453 -1.511988 2.637414
16.675091 4.781505 -1.517673 2.637705
16.773872 4.683351 -1.523651 2.638011
16.884279 4.587351 -1.530733 2.638374
16.995569 4.490419 -1.537943 2.638743
17.107651 4.392496 -1.545273 2.639118
17.220514 4.293556 -1.552722 2.639499
17.334236 4.193594 -1.560298 2.639887
17.448843 4.092583 -1.568004 2.640282
17.555094 3.988415 -1.575012 2.640640
17.656351 3.881998 -1.581626 2.640979
17.773739 3.777925 -1.589740 2.641395
17.891855 3.672672 -1.597973 2.641816
18.011040 3.566275 -1.606354 2.642245
18.123676 3.457272 -1.614208 2.642648
18.223337 3.344606 -1.620965 2.642993
18.345373 3.234784 -1.629772 2.643444
18.450596 3.120686 -1.637144 2.643822
18.555580 3.005342 -1.644558 2.644201
18.673340 2.890781 -1.653166 2.644642
18.772940 2.772144 -1.660230 2.645004
18.873079 2.652438 -1.667408 2.645371
18.973768 2.531643 -1.674701 2.645745
19.075026 2.409729 -1.682112 2.646124
19.170532 2.285943 -1.689086 2.646481
19.255638 2.159863 -1.695215 2.646795
19.350828 2.033854 -1.702303 2.647158
19.442961 1.906401 -1.709196 2.647511
19.523460 1.776767 -1.715140 2.647815
19.604208 1.646207 -1.721182 2.648124
19.685389 1.514706 -1.727339 2.648440
19.765244 1.382120 -1.733457 2.648753
19.834034 1.247853 -1.738684 2.649021
19.903164 1.112753 -1.744020 2.649294
19.970446 0.976713 -1.749276 2.649563
20.032246 0.839597 -1.754133 2.649812
20.091707 0.701617 -1.758868 2.650054
20.145029 0.562703 -1.763149 2.650273
20.198366 0.423089 -1.767516 2.650497
20.251715 0.282781 -1.771968 2.650725
20.306576 0.141766 -1.776639 2.650964
18.345655 -0.000000 -2.252563 2.675331
18.417963 -0.128584 -2.261497 2.675789
18.481075 -0.258062 -2.269412 2.676194
18.544333 -0.388449 -2.277457 2.676606
18.612726 -0.519901 -2.286247 2.677056
18.686193 -0.652537 -2.295775 2.677544
18.759918 -0.786274 -2.305451 2.678039
18.833906 -0.921132 -2.315277 2.678542
18.912210 -1.057357 -2.325754 2.679078
18.991695 -1.194857 -2.336498 2.679629
19.056307 -1.332547 -2.345534 2.680091
19.121025 -1.471283 -2.354707 2.680561
19.190046 -1.611434 -2.364534 2.681064
19.263735 -1.753138 -2.375064 2.681603
19.335596 -1.895872 -2.385498 2.682137
19.407692 -2.039831 -2.396091 2.682680
19.480093 -2.185043 -2.406854 2.683231
19.552961 -2.331550 -2.417810 2.683792
19.626181 -2.479364 -2.428945 2.684362
19.699654 -2.628495 -2.440250 2.684941
19.764156 -2.777672 -2.450582 2.685470
19.810368 -2.925341 -2.458784 2.685890
19.847212 -3.072511 -2.465960 2.686257
19.876387 -3.219273 -2.472317 2.686583
19.885429 -3.363369 -2.476302 2.686787
19.896372 -3.508268 -2.480654 2.687010
19.905121 -3.653274 -2.484864 2.687225
19.908644 -3.797777 -2.488553 2.687414
19.902969 -3.940895 -2.491222 2.687551
19.896099 -4.084083 -2.493870 2.687686
19.884216 -4.226521 -2.496019 2.687796
19.872114 -4.369168 -2.498268 2.687911
19.859739 -4.512022 -2.500611 2.688031
19.847191 -4.655117 -2.503062 2.688157
19.831942 -4.797852 -2.505302 2.688272
19.820614 -4.941834 -2.508169 2.688418
19.807074 -5.085593 -2.510887 2.688557
19.788473 -5.228341 -2.513095 2.688670
19.769651 -5.371295 -2.515406 2.688789
19.750605 -5.514468 -2.517819 2.688912
19.743908 -5.661475 -2.521943 2.689123
19.735596 -5.808502 -2.526000 2.689331
19.714884 -5.952275 -2.528605 2.689465
19.696323 -6.097032 -2.531623 2.689619
19.681215 -6.243250 -2.535222 2.689803
19.665863 -6.389827 -2.538928 2.689993
19.650232 -6.536763 -2.542740 2.690188
19.634407 -6.684098 -2.546669 2.690389
19.612534 -6.829808 -2.549954 2.690557
19.585180 -6.973969 -2.552666 2.690696
19.565393 -7.121221 -2.556504 2.690893
19.549393 -7.270354 -2.560983 2.691122
19.526890 -7.417571 -2.564757 2.691316
19.493418 -7.560999 -2.567231 2.691442
19.455553 -7.702999 -2.569264 2.691546
19.417345 -7.845117 -2.571389 2.691655
19.374016 -7.985393 -2.572971 2.691736
19.326803 -8.124241 -2.574171 2.691797
19.259813 -8.254767 -2.572861 2.691730
19.201372 -8.388874 -2.572815 2.691728
19.149073 -8.525717 -2.573720 2.691774
19.097193 -8.662871 -2.574813 2.691830
19.034985 -8.795399 -2.574642 2.691822
18.965620 -8.924544 -2.573625 2.691769
18.904016 -9.057288 -2.573783 2.691778
18.874617 -9.205767 -2.578468 2.692018
18.840073 -9.352293 -2.582605 2.692229
18.798712 -9.495914 -2.585960 2.692401
18.776632 -9.649879 -2.592128 2.692717
18.742943 -9.798574 -2.596857 2.692959
18.689287 -9.937271 -2.598972 2.693067
18.651184 -10.084658 -2.603400 2.693294
18.613234 -10.232713 -2.608011 2.693530
18.574797 -10.381104 -2.612717 2.693771
18.523056 -10.522560 -2.615708 2.693924
18.459820 -10.657782 -2.617222 2.694002
18.405859 -10.798654 -2.620197 2.694154
18.348677 -10.938007 -2.622863 2.694291
18.253134 -11.054492 -2.620174 2.694153
18.142933 -11.161607 -2.615477 2.693913
18.045679 -11.276192 -2.612742 2.693772
17.948704 -11.390594 -2.610151 2.693640
17.827065 -11.488759 -2.604063 2.693328
17.705034 -11.585851 -2.597990 2.693017
17.592628 -11.688517 -2.593406 2.692782
17.467171 -11.781756 -2.586974 2.692453
17.352497 -11.881505 -2.582213 2.692209
17.232937 -11.977203 -2.576802 2.691932
17.122751 -12.078773 -2.572872 2.691731
17.027130 -12.190229 -2.571230 2.691647
16.893721 -12.274007 -2.563961 2.691275
16.773560 -12.366535 -2.558765 2.691009
16.678080 -12.476798 -2.557425 2.690940
16.592995 -12.594769 -2.557799 2.690959
16.490343 -12.699275 -2.555580 2.690846
16.389915 -12.805206 -2.553809 2.690755
16.301756 -12.920614 -2.554065 2.690768
16.201471 -13.026318 -2.552539 2.690690
16.098427 -13.129558 -2.550684 2.690595
15.993560 -13.231025 -2.548642 2.690490
15.895632 -13.338019 -2.547813 2.690448
15.797906 -13.445073 -2.547132 2.690413
15.699710 -13.551626 -2.546492 2.690380
15.604887 -13.661047 -2.546520 2.690382
15.528101 -13.786495 -2.549634 2.690541
15.444593 -13.906375 -2.551801 2.690652
15.351811 -14.018132 -2.552579 2.690692
15.286991 -14.155910 -2.558171 2.690978
15.189433 -14.263827 -2.558447 2.690993
15.083622 -14.363940 -2.557454 2.690942
14.999531 -14.484879 -2.560279 2.691086
14.910705 -14.601642 -2.562455 2.691198
14.787246 -14.684370 -2.558794 2.691010
14.683893 -14.786766 -2.558711 2.691006
14.565451 -14.873750 -2.556104 2.690872
14.410804 -14.922825 -2.547186 2.690416
14.295193 -15.011433 -2.545214 2.690315
14.125876 -15.042530 -2.533704 2.689725
13.989123 -15.106880 -2.528031 2.689435
13.793420 -15.105724 -2.511661 2.688597
13.608999 -15.114325 -2.497233 2.687858
13.406238 -15.099811 -2.479310 2.686941
13.218229 -15.099062 -2.463975 2.686155
13.052603 -15.121586 -2.452720 2.685579
12.878871 -15.132624 -2.439867 2.684921
12.680519 -15.112054 -2.422218 2.684017
12.535401 -15.152699 -2.414647 2.683630
12.400261 -15.204222 -2.409003 2.683341
12.251297 -15.237541 -2.400672 2.682914
12.132873 -15.307877 -2.398350 2.682796
12.014456 -15.377803 -2.396105 2.682681
11.893895 -15.444539 -2.393507 2.682548
11.767056 -15.502523 -2.389704 2.682353
11.650522 -15.573576 -2.388060 2.682269
11.546315 -15.661042 -2.389053 2.682319
11.437119 -15.741844 -2.389141 2.682324
11.332784 -15.829466 -2.390373 2.682387
11.232760 -15.923453 -2.392665 2.682504
11.132379 -16.017395 -2.395044 2.682626
11.027484 -16.105236 -2.396609 2.682706
10.919970 -16.189522 -2.397748 2.682765
10.817823 -16.282135 -2.400221 2.682891
10.705831 -16.360224 -2.400656 2.682913
10.594080 -16.438795 -2.401273 2.682945
10.476204 -16.507858 -2.400620 2.682912
10.357192 -16.574972 -2.399806 2.682870
10.242899 -16.649595 -2.400198 2.682890
10.131063 -16.728374 -2.401300 2.682946
9.979984 -16.741579 -2.393136 2.682528
9.869007 -16.821318 -2.394626 2.682605
9.753657 -16.893829 -2.395197 2.682634
9.633795 -16.958548 -2.394778 2.682613
9.503986 -17.005381 -2.391964 2.682468
9.376866 -17.056458 -2.389882 2.682362
9.256325 -17.119217 -2.389563 2.682346
9.133796 -17.178171 -2.388833 2.682308
9.019258 -17.252251 -2.390320 2.682384
8.900785 -17.319056 -2.390908 2.682414
8.790864 -17.402954 -2.393959 2.682571
8.672091 -17.469814 -2.394770 2.682612
8.550816 -17.531771 -2.395021 2.682625
8.439652 -17.614914 -2.398272 2.682791
8.318015 -17.676685 -2.398717 2.682814
8.201136 -17.748888 -2.400687 2.682915
8.079053 -17.810173 -2.401289 2.682946
7.964238 -17.887972 -2.404223 2.683096
7.848672 -17.964903 -2.407139 2.683245
7.722460 -18.017853 -2.406951 2.683236
7.596018 -18.070217 -2.406804 2.683228
7.470133 -18.123899 -2.406949 2.683236
7.348799 -18.188917 -2.408711 2.683326
7.224602 -18.247265 -2.409700 2.683377
7.089025 -18.276600 -2.406980 2.683237
6.959681 -18.321495 -2.406435 2.683209
6.831368 -18.368994 -2.406350 2.683205
6.700679 -18.409966 -2.405531 2.683163
6.566245 -18.440161 -2.403428 2.683055
6.435455 -18.480112 -2.402720 2.683019
6.297095 -18.497601 -2.399220 2.682840
6.162728 -18.525845 -2.397244 2.682739
6.024187 -18.540543 -2.393646 2.682555
5.885673 -18.553993 -2.390019 2.682369
5.749527 -18.573723 -2.387332 2.682231
5.608260 -18.575460 -2.382464 2.681982
5.468483 -18.580313 -2.378132 2.681760
5.333657 -18.600674 -2.375914 2.681647
5.197188 -18.614239 -2.372955 2.681495
5.059982 -18.623835 -2.369617 2.681324
4.922872 -18.632328 -2.366267 2.681153
4.783959 -18.632288 -2.361963 2.680932
4.644380 -18.627594 -2.357200 2.680689
4.503466 -18.615101 -2.351583 2.680401
4.358687 -18.583364 -2.343673 2.679996
4.212006 -18.539223 -2.334340 2.679518
4.066054 -18.493475 -2.324949 2.679037
3.920028 -18.442282 -2.315016 2.678529
3.772234 -18.376898 -2.303447 2.677937
3.625547 -18.310356 -2.291878 2.677344
3.477919 -18.231899 -2.278962 2.676683
3.328920 -18.137859 -2.264247 2.675929
3.174722 -18.004747 -2.244809 2.674934
3.025216 -17.886154 -2.227335 2.674040
2.878153 -17.770260 -2.210347 2.673170
2.731361 -17.643528 -2.192158 2.672238
2.586287 -17.514301 -2.173805 2.671299
2.440830 -17.367411 -2.153407 2.670254
2.298035 -17.222980 -2.133457 2.669233
2.158891 -17.089396 -2.114991 2.668288
2.020658 -16.945763 -2.095418 2.667285
1.885014 -16.805281 -2.076369 2.666310
1.750600 -16.655849 -2.056346 2.665285
1.619270 -16.514603 -2.037462 2.664318
1.490305 -16.375708 -2.018993 2.663372
1.363636 -16.239132 -2.000932 2.662448
1.240708 -16.124434 -1.985684 2.661667
1.119899 -16.015301 -1.971234 2.660927
1.000817 -15.907539 -1.957062 2.660202
0.883893 -15.809608 -1.944207 2.659543
0.769728 -15.738257 -1.934725 2.659058
0.656108 -15.654258 -1.923789 2.658498
0.544008 -15.578351 -1.913947 2.657994
0.432955 -15.500064 -1.903911 2.657480
0.323459 -15.441833 -1.896435 2.657097
0.214854 -15.386902 -1.889458 2.656740
0.106987 -15.324479 -1.881655 2.656341
-0.000000 -15.261569 -1.873885 2.655943
-0.106301 -15.226189 -1.869586 2.655723
-0.212018 -15.183613 -1.864495 2.655462
-0.317202 -15.142974 -1.859731 2.655218
-0.421920 -15.104957 -1.855379 2.654995
-0.526280 -15.070669 -1.851573 2.654800
-0.630008 -15.031514 -1.847258 2.654580
-0.732805 -14.983267 -1.841913 2.654306
-0.836677 -14.965039 -1.840345 2.654226
-0.940180 -14.943733 -1.838488 2.654130
-1.043205 -14.918529 -1.836238 2.654015
-1.145775 -14.890673 -1.833749 2.653888
-1.248396 -14.866735 -1.831830 2.653790
-1.351229 -14.847494 -1.830577 2.653726
-1.454368 -14.832797 -1.829972 2.653694
-1.557515 -14.818758 -1.829537 2.653672
-1.660934 -14.807555 -1.829541 2.653672
-1.765126 -14.802786 -1.830430 2.653718
-1.869987 -14.802460 -1.831959 2.653796
-1.972870 -14.785976 -1.831579 2.653777
-2.076911 -14.777990 -1.832341 2.653816
-2.182381 -14.779051 -1.834317 2.653917
-2.288060 -14.779963 -1.836368 2.654022
-2.393488 -14.777831 -1.838135 2.654112
-2.499663 -14.778896 -1.840393 2.654228
-2.606027 -14.779512 -1.842690 2.654346
-2.710784 -14.769897 -1.843806 2.654403
-2.814567 -14.754471 -1.844289 2.654428
-2.920953 -14.751884 -1.846469 2.654539
-3.027761 -14.750104 -1.848847 2.654661
-3.132350 -14.736546 -1.849844 2.654712
-3.236666 -14.721198 -1.850709 2.654756
-3.341704 -14.708561 -1.852008 2.654823
-3.447474 -14.698372 -1.853710 2.654910
-3.552130 -14.682746 -1.854822 2.654967
-3.657146 -14.668010 -1.856140 2.655034
-3.761753 -14.651056 -1.857273 2.655092
-3.866513 -14.634158 -1.858508 2.655156
-3.972694 -14.621937 -1.860433 2.655254
-4.077341 -14.603395 -1.861650 2.655316
-4.180943 -14.580680 -1.862430 2.655356
-4.285107 -14.559540 -1.863505 2.655411
-4.392816 -14.549705 -1.866126 2.655546
-4.501919 -14.543345 -1.869296 2.655708
-4.608547 -14.527980 -1.871411 2.655816
-4.712842 -14.504635 -1.872597 2.655877
-4.817139 -14.480851 -1.873822 2.655940
-4.924301 -14.465034 -1.876179 2.656060
-5.032684 -14.451897 -1.878986 2.656204
-5.134854 -14.420347 -1.879499 2.656230
-5.241204 -14.400088 -1.881582 2.656337
-5.347179 -14.378130 -1.883545 2.656437
-5.454120 -14.358069 -1.885859 2.656556
-5.558237 -14.329987 -1.887221 2.656626
-5.662114 -14.300868 -1.888546 2.656693
-5.765250 -14.269495 -1.889672 2.656751
-5.874081 -14.251586 -1.892685 2.656905
-5.979321 -14.224241 -1.894552 2.657001
-6.080776 -14.187509 -1.895267 2.657038
-6.181109 -14.148000 -1.895708 2.657060
-6.286520 -14.119756 -1.897758 2.657165
-6.389997 -14.086668 -1.899260 2.657242
-6.494555 -14.055501 -1.901125 2.657338
-6.596562 -14.018404 -1.902290 2.657397
-6.707314 -13.999245 -1.905998 2.657587
-6.812218 -13.967115 -1.908052 2.657692
-6.914778 -13.929729 -1.909493 2.657766
-7.020051 -13.897338 -1.911725 2.657880
-7.132178 -13.877713 -1.915828 2.658090
-7.239518 -13.847921 -1.918646 2.658235
-7.343284 -13.810708 -1.920546 2.658332
-7.441469 -13.762708 -1.921049 2.658358
-7.543039 -13.720736 -1.922494 2.658432
-7.647228 -13.683100 -1.924655 2.658542
-7.753236 -13.648164 -1.927307 2.658678
-7.850655 -13.597732 -1.927878 2.658707
-7.949548 -13.549675 -1.928886 2.658759
-8.048257 -13.501075 -1.929920 2.658812
-8.150113 -13.457434 -1.931768 2.658906
-8.248161 -13.407195 -1.932775 2.658958
-8.344178 -13.353476 -1.933382 2.658989
-8.444017 -13.305641 -1.934944 2.659069
-8.541026 -13.253076 -1.935924 2.659119
-8.638110 -13.200414 -1.936994 2.659174
-8.731123 -13.141397 -1.937231 2.659186
-8.825281 -13.084016 -1.937807 2.659216
-8.923062 -13.031802 -1.939253 2.659290
-9.017241 -12.974109 -1.939989 2.659327
-9.118955 -12.926940 -1.942408 2.659451
-9.221639 -12.880649 -1.945078 2.659588
-9.311377 -12.816010 -1.945087 2.659588
-9.403288 -12.754309 -1.945638 2.659616
-9.495521 -12.692923 -1.946339 2.659652
-9.586741 -12.630063 -1.946916 2.659682
-9.680518 -12.570410 -1.948091 2.659742
-9.777600 -12.514757 -1.949998 2.659840
-9.878396 -12.463429 -1.952698 2.659978
-9.976247 -12.407947 -1.954870 2.660089
-10.076488 -12.354995 -1.957563 2.660227
-10.169711 -12.293065 -1.958952 2.660298
-10.262765 -12.230686 -1.960382 2.660371
-10.359440 -12.172296 -1.962567 2.660483
-10.458684 -12.116501 -1.965296 2.660623
-10.561019 -12.063756 -1.968652 2.660795
-10.660850 -12.007601 -1.971586 2.660945
-10.760165 -11.950374 -1.974476 2.661093
-10.863375 -11.896910 -1.978125 2.661280
-10.970604 -11.847173 -1.982542 2.661506
-11.072646 -11.791172 -1.986058 2.661686
-11.183156 -11.743467 -1.991125 2.661945
-11.287009 -11.688040 -1.995039 2.662146
-11.385924 -11.626919 -1.998126 2.662304
-11.500819 -11.581389 -2.004051 2.662607
-11.615355 -11.534548 -2.009928 2.662908
-11.725468 -11.482424 -2.015061 2.663171
-11.829838 -11.423942 -2.019242 2.663385
-11.945266 -11.375319 -2.025340 2.663697
-12.057370 -11.322622 -2.030895 2.663982
-12.173820 -11.273082 -2.037204 2.664305
-12.297325 -11.228998 -2.044703 2.664689
-12.418937 -11.182060 -2.051893 2.665057
-12.552958 -11.145034 -2.061130 2.665530
-12.674305 -11.095513 -2.068285 2.665896
-12.792979 -11.042604 -2.075021 2.666241
-12.918327 -10.994355 -2.082851 2.666642
-13.048411 -10.948916 -2.091450 2.667082
-13.165288 -10.891270 -2.097944 2.667415
-13.303308 -10.849912 -2.107816 2.667920
-13.426038 -10.794812 -2.115270 2.668302
-13.560456 -10.747883 -2.124574 2.668778
-13.684592 -10.691575 -2.132276 2.669172
-13.819392 -10.642361 -2.141651 2.669652
-13.955039 -10.592449 -2.151160 2.670139
-14.090845 -10.541300 -2.160697 2.670628
-14.206425 -10.473877 -2.167155 2.670958
-14.335716 -10.415507 -2.175733 2.671397
-14.463118 -10.354571 -2.184043 2.671823
-14.563410 -10.273354 -2.188304 2.672041
-14.676923 -10.200728 -2.194607 2.672364
-14.803017 -10.135835 -2.202826 2.672785
-14.921999 -10.065015 -2.210022 2.673153
-15.013954 -9.975244 -2.213272 2.673320
-15.117189 -9.892410 -2.218256 2.673574
-15.227030 -9.813151 -2.224267 2.673882
-15.327338 -9.727022 -2.228945 2.674122
-15.423937 -9.637945 -2.233153 2.674337
-15.507097 -9.540026 -2.235496 2.674457
-15.595130 -9.444745 -2.238626 2.674618
-15.683230 -9.349083 -2.241849 2.674783
-15.771407 -9.253027 -2.245165 2.674952
-15.854079 -9.153357 -2.247782 2.675086
-15.925697 -9.047051 -2.248926 2.675145
-16.002598 -8.943548 -2.250913 2.675247
-16.079262 -8.839649 -2.252961 2.675351
-16.148401 -8.731405 -2.254053 2.675407
-16.222198 -8.625496 -2.255893 2.675502
-16.295435 -8.519044 -2.257752 2.675597
-16.358959 -8.407361 -2.258366 2.675628
-16.422144 -8.295423 -2.259038 2.675663
-16.484709 -8.183078 -2.259731 2.675698
-16.547077 -8.070548 -2.260502 2.675738
-16.604465 -7.955523 -2.260699 2.675748
-16.669626 -7.844129 -2.262059 2.675817
-16.731316 -7.730954 -2.263052 2.675868
-16.787052 -7.614942 -2.263344 2.675883
-16.836559 -7.496119 -2.262908 2.675861
-16.883072 -7.376029 -2.262183 2.675824
-16.943874 -7.262153 -2.263482 2.675890
-17.001667 -7.146843 -2.264482 2.675941
-17.050949 -7.027891 -2.264455 2.675940
-17.096615 -6.907481 -2.264060 2.675920
-17.149265 -6.789871 -2.264700 2.675953
-17.209179 -6.674999 -2.266403 2.676040
-17.266838 -6.559057 -2.267911 2.676117
-17.311890 -6.438231 -2.267869 2.676115
-17.348255 -6.314248 -2.266803 2.676060
-17.384422 -6.190311 -2.265826 2.676010
-17.425076 -6.068052 -2.265548 2.675996
-17.458246 -5.943272 -2.264411 2.675938
-17.499100 -5.821174 -2.264384 2.675936
-17.541288 -5.699510 -2.264639 2.675949
-17.570900 -5.573814 -2.263383 2.675885
-17.599180 -5.447855 -2.262071 2.675818
-17.622349 -5.320501 -2.260220 2.675723
-17.650377 -5.194786 -2.259108 2.675666
-17.684505 -5.070950 -2.258890 2.675655
-17.709673 -4.944626 -2.257640 2.675591
-17.732527 -4.817820 -2.256211 2.675518
-17.752352 -4.690374 -2.254512 2.675431
-17.771999 -4.563071 -2.252906 2.675349
-17.793886 -4.436514 -2.251700 2.675287
-17.812241 -4.309231 -2.250160 2.675208
-17.820646 -4.179793 -2.247481 2.675071
-17.824001 -4.049514 -2.244284 2.674907
-17.835724 -3.921436 -2.242258 2.674804
-17.853825 -3.794947 -2.241148 2.674747
-17.871281 -3.668444 -2.240070 2.674691
-17.875284 -3.539400 -2.237420 2.674556
-17.884331 -3.411619 -2.235517 2.674458
-17.889215 -3.283283 -2.233208 2.674340
-17.888819 -3.154281 -2.230355 2.674194
-17.886047 -3.025195 -2.227322 2.674039
-17.890362 -2.897605 -2.225286 2.673934
-17.899170 -2.770939 -2.223921 2.673865
-17.909611 -2.644659 -2.222870 2.673811
-17.925545 -2.519271 -2.222610 2.673798
-17.964895 -2.397026 -2.225360 2.673939
-18.004147 -2.274451 -2.228201 2.674084
-18.039289 -2.151056 -2.230638 2.674209
-18.073097 -2.027220 -2.233014 2.674330
-18.103729 -1.902778 -2.235102 2.674437
-18.136799 -1.778325 -2.237598 2.674565
-18.172745 -1.653848 -2.240554 2.674716
-18.194931 -1.527872 -2.241919 2.674786
-18.212942 -1.401407 -2.242878 2.674835
-18.239740 -1.275447 -2.245027 2.674945
-18.270548 -1.149482 -2.247777 2.675086
-18.295696 -1.022887 -2.249937 2.675197
-18.315418 -0.895774 -2.251539 2.675279
-18.339443 -0.768648 -2.253777 2.675393
-18.365843 -0.641349 -2.256417 2.675529
-18.395836 -0.513839 -2.259606 2.675692
-18.423965 -0.385926 -2.262675 2.675849
-18.442047 -0.257517 -2.264620 2.675948
-18.453518 -0.128830 -2.265862 2.676012
-18.475159 0.000000 -2.268464 2.676145
-18.504854 0.129194 -2.272166 2.676335
-18.534454 0.258808 -2.275967 2.676529
-18.561720 0.388812 -2.279593 2.676715
-18.593288 0.519360 -2.283859 2.676934
-18.623343 0.650342 -2.288053 2.677148
-18.657785 0.781996 -2.292899 2.677397
-18.697006 0.914438 -2.298448 2.677680
-18.737244 1.047574 -2.304237 2.677977
-18.780758 1.181588 -2.310546 2.678300
-18.822142 1.316173 -2.316712 2.678616
-18.869432 1.451927 -2.323724 2.678975
-18.929806 1.589582 -2.332468 2.679422
-19.000078 1.729142 -2.342557 2.679939
-19.093149 1.872102 -2.355586 2.680606
-19.141123 2.011813 -2.363180 2.680995
-19.211809 2.154953 -2.373707 2.681534
-19.307228 2.302249 -2.387424 2.682236
-19.399660 2.450746 -2.400911 2.682926
-19.496717 2.601420 -2.415111 2.683654
-19.604454 2.755227 -2.430780 2.684456
-19.673765 2.905172 -2.441830 2.685022
-19.767227 3.060130 -2.456022 2.685748
-19.909525 3.224639 -2.476439 2.686794
-20.037367 3.389070 -2.495222 2.687755
-20.175194 3.557431 -2.515417 2.688789
-20.300388 3.725822 -2.534208 2.689751
-20.316545 3.875590 -2.539541 2.690024
-20.289654 4.017459 -2.539623 2.690029
-20.261889 4.159171 -2.539720 2.690033
-20.233250 4.300710 -2.539832 2.690039
-20.203737 4.442084 -2.539959 2.690046
-20.173357 4.583276 -2.540100 2.690053
-20.142105 4.724288 -2.540256 2.690061
-20.109983 4.865119 -2.540426 2.690070
-20.076992 5.005757 -2.540612 2.690079
-20.043135 5.146206 -2.540812 2.690089
-20.008410 5.286451 -2.541026 2.690100
-19.972820 5.426495 -2.541256 2.690112
-19.936363 5.566335 -2.541500 2.690125
-19.899042 5.705959 -2.541759 2.690138
-19.860857 5.845372 -2.542032 2.690152
-19.821812 5.984560 -2.542320 2.690167
-19.781904 6.123521 -2.542623 2.690182
-19.741135 6.262259 -2.542940 2.690198
-19.699507 6.400758 -2.543272 2.690215
-19.657019 6.539023 -2.543618 2.690233
-19.613674 6.677041 -2.543980 2.690252
-19.569473 6.814811 -2.544355 2.690271
-19.524414 6.952334 -2.544746 2.690291
-19.440874 7.075900 -2.540234 2.690060
-19.337164 7.191431 -2.533181 2.689699
-18.926863 7.189642 -2.485946 2.687280
-18.415039 7.142722 -2.425211 2.684171
-17.996304 7.125243 -2.376559 2.681680
-17.900307 7.232194 -2.370491 2.681369
-17.804792 7.338610 -2.364570 2.681066
-17.709757 7.444498 -2.358793 2.680770
-17.615181 7.549875 -2.353160 2.680482
-17.593351 7.686349 -2.357355 2.680696
-17.626345 7.847754 -2.369059 2.681296
-17.659672 8.010786 -2.380997 2.681907
-17.693338 8.175471 -2.393173 2.682530
-17.727356 8.341860 -2.405593 2.683166
-17.761732 8.509999 -2.418261 2.683815
-17.796476 8.679922 -2.431183 2.684476
-17.831598 8.851686 -2.444364 2.685151
-17.746143 8.964224 -2.441169 2.684988
-17.650312 9.071028 -2.436638 2.684756
-17.554831 9.177446 -2.432243 2.684531
-17.459694 9.283484 -2.427982 2.684313
-17.364883 9.389161 -2.423854 2.684101
-17.270395 9.494481 -2.419858 2.683897
-17.176214 9.599461 -2.415993 2.683699
-17.082329 9.704116 -2.412258 2.683507
-16.988731 9.808450 -2.408652 2.683323
-8.415574 4.937390 -1.198013 2.621338
-8.139307 4.852001 -1.163478 2.619570
-7.878508 4.771393 -1.130932 2.617904
-7.631880 4.695165 -1.100208 2.616331
-7.398294 4.622968 -1.071161 2.614844
-7.176706 4.554478 -1.043657 2.613435
-7.078406 4.561722 -1.033968 2.612939
-7.060298 4.620129 -1.036009 2.613044
-7.042117 4.678772 -1.038109 2.613151
-7.023861 4.737654 -1.040269 2.613262
-6.916087 4.735545 -1.029178 2.612694
-6.731437 4.678471 -1.006536 2.611535
-6.671202 4.706015 -1.002418 2.611324
-6.627706 4.744973 -1.000835 2.611243
-6.584346 4.783808 -0.999307 2.611164
-6.541114 4.822527 -0.997831 2.611089
-6.498010 4.861133 -0.996408 2.611016
-6.455025 4.899630 -0.995038 2.610946
-6.433514 4.954474 -0.997030 2.611048
-6.415557 5.012383 -0.999645 2.611182
-6.354157 5.036244 -0.995533 2.610971
-6.207447 4.990916 -0.977982 2.610073
-6.065812 4.947155 -0.961086 2.609208
-5.928976 4.904876 -0.944808 2.608374
-5.796874 4.864155 -0.929145 2.607572
-5.672410 4.827601 -0.914576 2.606826
-5.171517 4.463934 -0.838820 2.602947
-5.084357 4.451018 -0.829703 2.602481
-5.047679 4.481540 -0.828803 2.602435
-5.039338 4.537440 -0.832614 2.602630
-5.030918 4.593861 -0.836502 2.602829
-5.022419 4.650812 -0.840467 2.603032
-4.969167 4.666358 -0.836987 2.602854
-4.948315 4.712218 -0.838995 2.602957
-4.932502 4.763262 -0.841932 2.603107
-4.916576 4.814669 -0.844930 2.603260
-4.900537 4.866444 -0.847992 2.603417
-4.884379 4.918598 -0.851117 2.603577
-4.868101 4.971142 -0.854308 2.603740
-4.851700 5.024083 -0.857564 2.603907
-4.835173 5.077434 -0.860887 2.604077
-4.818511 5.131194 -0.864278 2.604251
-4.801711 5.185376 -0.867736 2.604428
-4.784775 5.239998 -0.871266 2.604609
-4.767700 5.295067 -0.874867 2.604793
-4.750482 5.350598 -0.878540 2.604981
-4.732929 5.406383 -0.882253 2.605171
-4.749849 5.502752 -0.892546 2.605698
-4.725585 5.552546 -0.895250 2.605837
-12.464835 14.855013 -2.381019 2.681908
-12.373490 14.956986 -2.383459 2.682033
-12.281959 15.059171 -2.386021 2.682164
-12.190226 15.161582 -2.388705 2.682302
-12.098280 15.264235 -2.391512 2.682445
-12.006119 15.367131 -2.394443 2.682595
-11.913724 15.470291 -2.397498 2.682752
-11.821093 15.573717 -2.400678 2.682914
-11.728212 15.677424 -2.403984 2.683084
-11.570312 15.693593 -2.394019 2.682574
-11.388098 15.674372 -2.378900 2.681800
-11.208155 15.655391 -2.364086 2.681041
-11.030437 15.636645 -2.349569 2.680298
-10.854882 15.618127 -2.335343 2.679569
-10.681425 15.599832 -2.321400 2.678856
-10.510025 15.581753 -2.307735 2.678156
-10.379105 15.621814 -2.302880 2.677907
-10.288699 15.722783 -2.307119 2.678124
-10.197957 15.824131 -2.311487 2.678348
-10.106865 15.925875 -2.315986 2.678578
-10.015416 16.028017 -2.320615 2.678815
-10.005911 16.264383 -2.344666 2.680047
-10.085767 16.653582 -2.390564 2.682397
-10.168818 17.058350 -2.438416 2.684847
-10.199542 17.384703 -2.474828 2.686711
-10.100768 17.495043 -2.480437 2.686998
-10.001537 17.605896 -2.486193 2.687293
-9.901845 17.717268 -2.492098 2.687595
-9.801675 17.829178 -2.498153 2.687905
-9.701008 17.941645 -2.504360 2.688223
-9.599840 18.054674 -2.510721 2.688549
-9.498149 18.168291 -2.517238 2.688883
-9.395929 18.282503 -2.523912 2.689224
-9.293161 18.397331 -2.530746 2.689574
-9.189827 18.512793 -2.537742 2.689932
-9.032831 18.520050 -2.530030 2.689538
-8.866004 18.504786 -2.519428 2.688995
-8.700567 18.489651 -2.509036 2.688463
-8.536483 18.474638 -2.498851 2.687941
-8.373710 18.459747 -2.488868 2.687430
-8.212232 18.444975 -2.479086 2.686929
-8.052004 18.430317 -2.469501 2.686438
-7.893009 18.415773 -2.460108 2.685957
-7.785090 18.519997 -2.466711 2.686296
-7.681233 18.636074 -2.474968 2.686718
-7.566737 18.728333 -2.480145 2.686983
-7.394367 18.676048 -2.466324 2.686276
-7.202472 18.569084 -2.445499 2.685210
-7.013446 18.463026 -2.425024 2.684161
-6.827215 18.357834 -2.404888 2.683130
-6.643815 18.253733 -2.385117 2.682118
-6.451738 18.118597 -2.361516 2.680909
-6.268518 18.000736 -2.340394 2.679828
-6.090242 17.889965 -2.320407 2.678805
-5.914658 17.780127 -2.300748 2.677798
-5.726949 17.625736 -2.275541 2.676508
-5.557264 17.518726 -2.256662 2.675541
-5.377897 17.373182 -2.233023 2.674331
-5.211930 17.262745 -2.214097 2.673362
-5.048897 17.154690 -2.195664 2.672418
-4.878128 17.012056 -2.172996 2.671257
-4.717435 16.895967 -2.153908 2.670280
-4.555471 16.766924 -2.133352 2.669227
-4.398081 16.646067 -2.114016 2.668238
-4.241811 16.520771 -2.094292 2.667228
-4.088229 16.396992 -2.074932 2.666236
-3.938565 16.280071 -2.056607 2.665298
-3.792440 16.169176 -2.039203 2.664407
-3.649259 16.062290 -2.022460 2.663550
-3.503110 15.933068 -2.003062 2.662557
-3.365566 15.833743 -1.987572 2.661764
-3.227503 15.723160 -1.970815 2.660906
-3.089935 15.605342 -1.953295 2.660009
-2.958589 15.509484 -1.938664 2.659260
-2.828756 15.412689 -1.924050 2.658511
-2.697459 15.298054 -1.907342 2.657656
-2.571426 15.203176 -1.893228 2.656933
-2.447191 15.109448 -1.879383 2.656224
-2.324701 15.016677 -1.865779 2.655528
-2.203911 14.924869 -1.852416 2.654844
-2.084465 14.831740 -1.839006 2.654157
-1.963930 14.718959 -1.823277 2.653352
-1.847813 14.626985 -1.810242 2.652684
-1.733426 14.536979 -1.797561 2.652035
-1.620677 14.448682 -1.785200 2.651402
-1.509445 14.361411 -1.773073 2.650781
-1.405518 14.334569 -1.768504 2.650548
-1.303086 14.318563 -1.765364 2.650387
-1.200711 14.298920 -1.761866 2.650208
-1.099131 14.284507 -1.759101 2.650066
-0.997200 14.260624 -1.755260 2.649869
-0.894980 14.225277 -1.750098 2.649605
-0.793336 14.189936 -1.745026 2.649345
-0.692276 14.154675 -1.740053 2.649091
-0.591777 14.119414 -1.735168 2.648841
-0.492118 14.092422 -1.731386 2.648647
-0.392882 14.065361 -1.727683 2.648457
-0.293912 14.031437 -1.723222 2.648229
-0.195432 13.996113 -1.718674 2.647996
-0.097464 13.960739 -1.714205 2.647767
0.000000 13.925394 -1.709823 2.647543
0.097010 13.895579 -1.706204 2.647357
0.193652 13.868082 -1.702952 2.647191
0.289845 13.836925 -1.699333 2.647006
0.385511 13.801432 -1.695264 2.646797
0.480606 13.762751 -1.690883 2.646573
0.574978 13.718580 -1.685909 2.646318
0.668797 13.674447 -1.681018 2.646068
0.762057 13.630340 -1.676209 2.645822
0.854779 13.586289 -1.671485 2.645580
0.946970 13.542294 -1.666845 2.645342
1.038646 13.498421 -1.662297 2.645109
1.129817 13.454573 -1.657828 2.644881
1.220475 13.410725 -1.653435 2.644656
1.310640 13.366920 -1.649122 2.644435
1.400320 13.323154 -1.644889 2.644218
1.489525 13.279428 -1.640734 2.644006
1.578274 13.235768 -1.636661 2.643797
1.666563 13.192181 -1.632670 2.643593
1.754395 13.148564 -1.628748 2.643392
1.840629 13.096757 -1.623883 2.643143
1.926248 13.044532 -1.619036 2.642895
2.011338 12.992425 -1.614272 2.642651
2.095897 12.940440 -1.609592 2.642411
2.179940 12.888569 -1.604994 2.642175
2.263476 12.836808 -1.600477 2.641944
2.344798 12.775805 -1.594873 2.641657
2.425622 12.715530 -1.589424 2.641378
2.507572 12.664150 -1.585151 2.641160
2.589051 12.612866 -1.580956 2.640945
2.670067 12.561674 -1.576837 2.640734
2.750626 12.510570 -1.572795 2.640527
2.829584 12.454442 -1.568184 2.640291
2.907204 12.394916 -1.563206 2.640036
2.985397 12.340144 -1.558889 2.639815
3.064101 12.289439 -1.555148 2.639624
3.141599 12.235724 -1.551088 2.639416
3.217260 12.176823 -1.546431 2.639177
3.293031 12.120357 -1.542142 2.638958
3.370001 12.069980 -1.538689 2.638781
3.446418 12.019086 -1.535230 2.638604
3.520261 11.960823 -1.530890 2.638381
3.593646 11.902715 -1.526627 2.638163
3.669270 11.853486 -1.523561 2.638006
3.744591 11.804443 -1.520581 2.637854
3.816727 11.746678 -1.516535 2.637647
3.888435 11.689070 -1.512566 2.637443
3.962544 11.639885 -1.509744 2.637299
4.036454 11.591108 -1.507036 2.637160
4.110042 11.542335 -1.504389 2.637025
4.183314 11.493562 -1.501802 2.636892
4.253278 11.436723 -1.498218 2.636709
4.322725 11.379642 -1.494658 2.636527
4.394436 11.329525 -1.492068 2.636394
4.466391 11.280811 -1.489723 2.636274
4.538057 11.232084 -1.487436 2.636157
4.609440 11.183343 -1.485206 2.636043
4.678142 11.128850 -1.482271 2.635892
4.745581 11.072263 -1.479111 2.635731
4.814436 11.019805 -1.476557 2.635600
4.884628 10.971053 -1.474558 2.635497
4.954562 10.922274 -1.472615 2.635398
5.024248 10.873460 -1.470727 2.635301
5.093681 10.824617 -1.468895 2.635207
5.162868 10.775734 -1.467117 2.635116
5.231816 10.726812 -1.465393 2.635028
5.300530 10.677851 -1.463724 2.634943
5.369019 10.628841 -1.462109 2.634860
5.437277 10.579792 -1.460548 2.634780
5.505315 10.530694 -1.459040 2.634703
5.573137 10.481545 -1.457586 2.634628
5.640746 10.432344 -1.456185 2.634557
5.708153 10.383083 -1.454836 2.634488
5.778203 10.338871 -1.454258 2.634458
5.846710 10.292068 -1.453381 2.634413
5.913239 10.242029 -1.452109 2.634348
5.980927 10.194245 -1.451219 2.634302
6.051240 10.151042 -1.451047 2.634294
6.117965 10.101955 -1.450101 2.634245
6.184133 10.052161 -1.449115 2.634195
6.252019 10.005322 -1.448620 2.634169
6.321855 9.961651 -1.448651 2.634171
6.391613 9.917835 -1.448734 2.634175
6.461313 9.873916 -1.448872 2.634182
6.530938 9.829849 -1.449061 2.634192
6.596979 9.780423 -1.448529 2.634165
6.661918 9.729487 -1.447838 2.634129
6.729010 9.681768 -1.447693 2.634122
6.798243 9.637119 -1.448078 2.634141
6.867422 9.592310 -1.448514 2.634164
6.936548 9.547339 -1.449000 2.634189
7.004423 9.500569 -1.449288 2.634203
7.069643 9.450181 -1.449096 2.634194
7.137979 9.403935 -1.449611 2.634220
7.206274 9.357535 -1.450178 2.634249
7.274553 9.311003 -1.450802 2.634281
7.347394 9.270105 -1.452386 2.634362
7.419387 9.227850 -1.453847 2.634437
7.488237 9.181482 -1.454742 2.634483
7.557071 9.134927 -1.455690 2.634531
7.630212 9.093332 -1.457515 2.634625
7.703933 9.052093 -1.459489 2.634726
7.777769 9.010626 -1.461524 2.634830
7.851715 8.968937 -1.463617 2.634937
7.921667 8.922386 -1.465010 2.635008
7.994748 8.879066 -1.467025 2.635112
8.072407 8.840415 -1.469915 2.635259
8.148518 8.799593 -1.472551 2.635395
8.223031 8.756635 -1.474933 2.635517
8.299246 8.715065 -1.477654 2.635656
8.373578 8.671094 -1.480074 2.635780
8.447434 8.626237 -1.482448 2.635901
8.527567 8.587304 -1.485953 2.636081
8.607664 8.547776 -1.489475 2.636261
8.688485 8.508390 -1.493145 2.636449
8.773798 8.472757 -1.497605 2.636677
8.857759 8.435132 -1.501848 2.636894
8.938313 8.393630 -1.505533 2.637083
9.019385 8.352038 -1.509331 2.637278
9.106216 8.315116 -1.514110 2.637522
9.193468 8.277836 -1.518972 2.637771
9.286051 8.244543 -1.524722 2.638066
9.375604 8.207715 -1.529979 2.638335
9.465941 8.170777 -1.535375 2.638611
9.567644 8.142701 -1.542613 2.638982
9.668365 8.112720 -1.549683 2.639344
9.768885 8.081526 -1.556713 2.639704
9.875637 8.054367 -1.564726 2.640114
9.983282 8.026761 -1.572864 2.640531
10.092230 7.999001 -1.581192 2.640957
10.206112 7.973888 -1.590274 2.641422
10.324091 7.950622 -1.599969 2.641918
10.437397 7.922410 -1.608917 2.642376
10.548154 7.891024 -1.617459 2.642814
10.656776 7.856851 -1.625665 2.643234
10.762624 7.819503 -1.633444 2.643632
10.858584 7.773984 -1.639731 2.643954
10.958874 7.730629 -1.646685 2.644310
11.062160 7.688397 -1.654099 2.644690
11.161878 7.642695 -1.660991 2.645043
11.255858 7.592172 -1.667048 2.645353
11.343350 7.536505 -1.672173 2.645615
11.430177 7.479692 -1.677233 2.645874
11.516577 7.421924 -1.682267 2.646132
11.612792 7.369700 -1.688765 2.646465
11.698044 7.309749 -1.693700 2.646717
11.781439 7.247991 -1.698407 2.646958
11.870674 7.189130 -1.703994 2.647244
11.960991 7.130178 -1.709771 2.647540
12.045540 7.067074 -1.714763 2.647796
12.127830 7.002005 -1.719476 2.648037
12.212552 6.937697 -1.724579 2.648298
12.297702 6.872948 -1.729785 2.648565
12.384020 6.808168 -1.735199 2.648842
12.470769 6.742918 -1.740715 2.649125
12.553683 6.674911 -1.745742 2.649382
12.641529 6.608833 -1.751499 2.649677
12.729803 6.542225 -1.757358 2.649977
12.818555 6.475114 -1.763327 2.650282
12.907627 6.407400 -1.769383 2.650592
12.986382 6.333881 -1.774074 2.650833
13.076117 6.265027 -1.780314 2.651152
13.159214 6.192251 -1.785698 2.651428
13.239362 6.117440 -1.790735 2.651685
13.320459 6.042427 -1.795955 2.651953
13.404566 5.968097 -1.801633 2.652243
13.481018 5.889713 -1.806338 2.652484
13.556955 5.810513 -1.811033 2.652725
13.641425 5.734324 -1.816925 2.653027
13.725189 5.657113 -1.822777 2.653326
13.801897 5.576328 -1.827750 2.653581
13.880965 5.495864 -1.833095 2.653854
13.962962 5.415871 -1.838885 2.654151
14.039617 5.333146 -1.844031 2.654414
14.116502 5.249878 -1.849271 2.654683
14.197955 5.167633 -1.855170 2.654985
14.285715 5.086916 -1.861952 2.655332
14.366345 5.002885 -1.867862 2.655634
14.444313 4.917242 -1.873491 2.655923
14.524943 4.831804 -1.879528 2.656232
14.602254 4.744560 -1.885200 2.656522
14.689228 4.659699 -1.892182 2.656880
14.777091 4.574268 -1.899340 2.657246
14.855559 4.485154 -1.905355 2.657554
14.939749 4.397005 -1.912169 2.657903
15.031142 4.310110 -1.919968 2.658302
15.111805 4.219293 -1.926462 2.658635
15.191133 4.127334 -1.932854 2.658962
15.270739 4.034699 -1.939352 2.659295
15.350636 3.941371 -1.945957 2.659633
15.441672 3.850041 -1.954042 2.660047
15.532219 3.757641 -1.962133 2.660461
15.613143 3.662024 -1.969078 2.660817
15.699245 3.566777 -1.976748 2.661210
15.781285 3.469739 -1.983980 2.661580
15.864749 3.372156 -1.991464 2.661963
15.960678 3.276258 -2.000587 2.662430
16.044096 3.176811 -2.008213 2.662820
16.127151 3.076415 -2.015872 2.663213
16.210573 2.975195 -2.023654 2.663611
16.298700 2.873900 -2.032101 2.664043
16.393900 2.772822 -2.041507 2.664525
16.476042 2.668531 -2.049366 2.664927
16.558460 2.563381 -2.057342 2.665336
16.641262 2.457366 -2.065448 2.665751
16.724405 2.350461 -2.073680 2.666173
16.807898 2.242654 -2.082040 2.666600
16.891754 2.133919 -2.090531 2.667035
16.975969 2.024258 -2.099153 2.667476
17.060556 1.913646 -2.107909 2.667925
17.145525 1.802067 -2.116802 2.668380
17.230883 1.689504 -2.125832 2.668843
17.316643 1.575932 -2.135003 2.669312
17.402803 1.461350 -2.144316 2.669789
17.489380 1.345732 -2.153774 2.670273
17.576378 1.229060 -2.163378 2.670765
17.656731 1.110869 -2.172261 2.671220
17.740292 0.991830 -2.181636 2.671700
17.819311 0.871506 -2.190552 2.672156
17.890339 0.749825 -2.198586 2.672568
17.961582 0.627232 -2.206749 2.672986
18.033119 0.503712 -2.215052 2.673411
18.104870 0.379237 -2.223486 2.673842
18.181665 0.253876 -2.232645 2.674311
18.272371 0.127565 -2.243620 2.674873
16.351789 -0.000000 -2.589869 2.692601
16.419575 -0.114632 -2.600668 2.693154
16.487539 -0.230225 -2.611624 2.693715
16.555666 -0.346792 -2.622735 2.694284
16.623940 -0.464349 -2.634000 2.694861
16.692364 -0.582911 -2.645422 2.695446
16.760944 -0.702492 -2.657003 2.696038
16.829620 -0.823106 -2.668736 2.696639
16.898134 -0.944753 -2.680581 2.697246
16.957066 -1.066849 -2.691046 2.697781
17.016077 -1.189880 -2.701663 2.698325
17.083843 -1.314530 -2.713813 2.698947
17.159288 -1.440906 -2.727329 2.699639
17.235056 -1.568513 -2.741046 2.700341
17.299456 -1.696227 -2.753104 2.700959
17.361801 -1.824799 -2.764986 2.701567
17.438461 -1.956037 -2.779302 2.702300
17.515472 -2.088594 -2.793831 2.703044
17.592838 -2.222493 -2.808578 2.703799
17.669392 -2.357600 -2.823358 2.704556
17.738180 -2.492939 -2.837062 2.705258
17.809410 -2.629865 -2.851321 2.705988
17.879414 -2.767880 -2.865553 2.706716
17.958494 -2.908642 -2.881412 2.707528
18.037960 -3.050893 -2.897509 2.708353
18.117832 -3.194663 -2.913851 2.709189
18.190105 -3.338510 -2.929152 2.709973
18.243299 -3.480096 -2.941558 2.710608
18.282122 -3.619958 -2.951820 2.711133
18.314831 -3.759495 -2.961267 2.711617
18.341793 -3.898669 -2.969955 2.712062
18.357710 -4.036205 -2.977023 2.712424
18.360956 -4.171507 -2.982199 2.712689
18.363813 -4.307194 -2.987475 2.712959
18.366325 -4.443282 -2.992857 2.713234
18.367147 -4.579445 -2.998128 2.713504
18.360229 -4.714106 -3.002297 2.713717
18.350622 -4.848444 -3.006188 2.713917
18.332615 -4.980862 -3.008862 2.714054
18.318546 -5.114630 -3.012339 2.714232
18.310141 -5.250349 -3.016911 2.714466
18.289539 -5.382905 -3.019635 2.714605
18.258610 -5.512600 -3.020809 2.714665
18.227270 -5.642283 -3.022068 2.714730
18.193808 -5.771417 -3.023127 2.714784
18.149170 -5.897023 -3.022477 2.714751
18.104151 -6.022450 -3.021908 2.714722
18.058750 -6.147701 -3.021420 2.714697
18.013002 -6.272792 -3.021019 2.714676
17.966915 -6.397731 -3.020707 2.714660
17.920444 -6.522509 -3.020476 2.714648
17.864511 -6.643752 -3.018793 2.714562
17.800030 -6.761598 -3.015800 2.714409
17.719774 -6.873048 -3.010260 2.714125
17.640924 -6.984536 -3.005075 2.713860
17.552994 -7.091870 -2.998457 2.713521
17.468901 -7.200161 -2.992606 2.713221
17.402510 -7.315342 -2.989909 2.713083
17.344107 -7.433695 -2.988719 2.713022
17.252396 -7.537387 -2.981910 2.712674
17.171484 -7.645237 -2.977078 2.712426
17.100262 -7.757023 -2.974046 2.712271
17.044722 -7.875768 -2.973877 2.712262
16.990129 -7.994949 -2.974018 2.712270
16.914141 -8.103899 -2.970548 2.712092
16.842417 -8.214596 -2.967951 2.711959
16.770685 -8.325041 -2.965480 2.711833
16.707113 -8.439371 -2.964585 2.711787
16.679670 -8.572186 -2.970263 2.712077
16.647997 -8.703362 -2.975370 2.712339
16.596661 -8.824601 -2.977134 2.712429
16.530096 -8.937790 -2.976314 2.712387
16.460495 -9.049234 -2.975084 2.712324
16.396074 -9.163457 -2.974931 2.712316
16.325577 -9.274220 -2.973815 2.712259
16.247646 -9.380584 -2.971477 2.712140
16.197752 -9.503165 -2.974413 2.712290
16.137445 -9.619848 -2.975599 2.712351
16.061354 -9.727102 -2.974018 2.712270
16.000048 -9.843295 -2.975318 2.712336
15.934663 -9.957083 -2.976014 2.712372
15.863178 -10.067080 -2.975717 2.712357
15.797223 -10.180616 -2.976605 2.712402
15.725289 -10.290342 -2.976515 2.712397
15.642145 -10.392618 -2.974438 2.712291
15.552461 -10.490268 -2.971238 2.712127
15.477770 -10.597852 -2.971031 2.712117
15.437157 -10.729103 -2.977541 2.712450
15.365452 -10.839134 -2.978234 2.712486
15.291173 -10.947406 -2.978578 2.712503
15.229591 -11.064946 -2.981557 2.712656
15.167320 -11.182314 -2.984577 2.712810
15.097048 -11.294035 -2.986192 2.712893
15.018429 -11.399609 -2.986310 2.712899
14.938900 -11.504503 -2.986394 2.712903
14.851645 -11.603377 -2.985073 2.712836
14.776557 -11.711756 -2.986342 2.712901
14.696479 -11.816273 -2.986758 2.712922
14.608176 -11.914139 -2.985643 2.712865
14.507767 -12.001870 -2.982174 2.712687
14.405764 -12.087872 -2.978481 2.712498
14.288517 -12.160482 -2.971720 2.712152
14.170449 -12.231604 -2.964853 2.711800
14.063520 -12.311682 -2.960392 2.711572
13.963029 -12.396959 -2.957385 2.711418
13.862423 -12.481783 -2.954461 2.711268
13.764756 -12.568951 -2.952275 2.711156
13.669255 -12.657869 -2.950674 2.711074
13.559880 -12.733576 -2.946182 2.710845
13.454690 -12.812730 -2.942691 2.710666
13.317930 -12.860976 -2.932346 2.710136
13.211702 -12.937857 -2.928773 2.709953
13.111478 -13.020261 -2.926635 2.709844
13.005300 -13.096413 -2.923272 2.709671
12.898516 -13.171532 -2.919868 2.709497
12.783652 -13.237860 -2.914716 2.709233
12.668954 -13.303713 -2.909670 2.708975
12.550483 -13.364907 -2.903820 2.708676
12.433250 -13.426690 -2.898313 2.708394
12.313795 -13.485328 -2.892343 2.708088
12.208738 -13.559178 -2.889831 2.707959
12.097695 -13.625963 -2.885993 2.707763
11.984419 -13.689692 -2.881700 2.707543
11.860819 -13.740891 -2.874977 2.707199
11.752495 -13.809136 -2.872019 2.707047
11.650907 -13.885010 -2.870812 2.706985
11.527224 -13.934021 -2.864236 2.706649
11.431599 -14.016525 -2.864721 2.706674
11.338329 -14.102038 -2.865950 2.706737
11.241818 -14.183647 -2.866515 2.706766
11.147262 -14.267844 -2.867733 2.706828
11.055935 -14.356425 -2.869953 2.706942
10.957026 -14.435349 -2.870369 2.706963
10.859348 -14.515991 -2.871259 2.707008
10.757489 -14.591105 -2.871191 2.707005
10.661385 -14.674137 -2.872814 2.707088
10.567394 -14.760382 -2.875185 2.707209
10.459410 -14.827158 -2.873898 2.707144
10.362906 -14.910268 -2.875914 2.707247
10.268867 -14.997305 -2.878803 2.707395
10.169831 -15.077395 -2.880478 2.707480
10.075541 -15.164910 -2.883689 2.707645
9.973912 -15.241736 -2.884987 2.707711
9.870008 -15.315257 -2.885790 2.707752
9.767870 -15.391702 -2.887274 2.707829
9.665456 -15.467963 -2.888851 2.707909
9.558021 -15.536343 -2.889089 2.707921
9.447036 -15.598910 -2.888389 2.707886
9.352277 -15.688591 -2.892834 2.708113
9.241729 -15.752147 -2.892586 2.708100
9.126929 -15.808306 -2.891127 2.708026
9.021893 -15.881404 -2.892906 2.708117
8.922244 -15.964477 -2.896621 2.708307
8.806384 -16.018755 -2.895244 2.708236
8.697932 -16.086491 -2.896441 2.708298
8.604214 -16.182173 -2.902782 2.708622
8.509914 -16.277966 -2.909237 2.708953
8.410327 -16.364727 -2.914179 2.709206
8.305621 -16.442337 -2.917602 2.709381
8.207253 -16.533407 -2.923524 2.709684
8.102259 -16.612093 -2.927364 2.709881
7.969725 -16.634102 -2.921366 2.709574
7.846451 -16.674561 -2.918780 2.709441
7.744691 -16.761051 -2.924384 2.709728
7.642302 -16.847361 -2.930062 2.710019
7.531444 -16.915901 -2.932766 2.710158
7.411557 -16.964386 -2.932130 2.710125
7.310613 -17.056942 -2.939234 2.710489
7.170409 -17.057734 -2.930673 2.710050
7.059419 -17.127434 -2.934109 2.710226
6.930818 -17.154377 -2.930364 2.710035
6.812089 -17.205378 -2.930881 2.710061
6.698335 -17.269341 -2.933739 2.710207
6.574588 -17.307730 -2.932392 2.710138
6.432153 -17.295536 -2.922647 2.709639
6.309156 -17.334265 -2.921676 2.709590
6.180748 -17.357557 -2.918258 2.709415
6.041783 -17.349642 -2.909765 2.708980
5.918475 -17.385410 -2.908763 2.708929
5.798059 -17.429607 -2.909314 2.708957
5.668812 -17.446812 -2.905509 2.708762
5.536379 -17.452883 -2.900012 2.708481
5.404339 -17.458603 -2.894623 2.708205
5.275441 -17.473110 -2.890852 2.708011
5.145106 -17.481569 -2.886238 2.707775
5.014272 -17.486847 -2.881260 2.707520
4.886526 -17.501574 -2.877995 2.707353
4.741548 -17.451799 -2.864297 2.706652
4.606045 -17.433187 -2.855895 2.706222
4.465030 -17.390142 -2.843667 2.705596
4.318616 -17.321024 -2.827366 2.704761
4.178907 -17.273537 -2.814783 2.704117
4.035510 -17.205490 -2.799036 2.703310
3.890405 -17.123690 -2.781242 2.702399
3.751503 -17.062817 -2.767033 2.701672
3.605659 -16.963293 -2.746745 2.700633
3.468059 -16.895069 -2.731710 2.699864
3.328898 -16.812172 -2.714483 2.698982
3.191434 -16.730091 -2.697567 2.698115
3.055088 -16.645863 -2.680482 2.697241
2.915497 -16.534605 -2.659224 2.696152
2.778927 -16.430006 -2.639217 2.695128
2.643352 -16.320557 -2.618607 2.694072
2.509076 -16.207657 -2.597619 2.692998
2.378357 -16.106201 -2.578635 2.692026
2.248059 -15.995772 -2.558379 2.690989
2.118678 -15.878757 -2.537236 2.689906
1.989279 -15.746774 -2.513866 2.688710
1.866901 -15.656315 -2.497284 2.687861
1.744589 -15.553362 -2.478859 2.686918
1.626043 -15.470768 -2.463826 2.686148
1.509963 -15.399796 -2.450785 2.685480
1.394232 -15.320045 -2.436484 2.684748
1.280201 -15.245530 -2.423153 2.684065
1.168091 -15.180696 -2.411493 2.683468
1.056871 -15.113969 -2.399663 2.682863
0.946704 -15.047446 -2.387993 2.682265
0.838006 -14.988853 -2.377709 2.681739
0.730126 -14.928538 -2.367274 2.681204
0.623706 -14.881181 -2.359017 2.680782
0.517832 -14.828776 -2.350079 2.680324
0.412773 -14.777535 -2.341444 2.679882
0.308626 -14.733688 -2.334099 2.679506
0.205192 -14.694931 -2.327675 2.679177
0.102326 -14.656822 -2.321469 2.678859
-0.000000 -14.610790 -2.314122 2.678483
-0.101767 -14.576674 -2.308774 2.678209
-0.203137 -14.547564 -2.304332 2.677982
-0.304058 -14.515513 -2.299536 2.677736
-0.404580 -14.484179 -2.294964 2.677502
-0.504696 -14.452604 -2.290463 2.677272
-0.604738 -14.428585 -2.287270 2.677108
-0.703756 -14.389313 -2.281767 2.676826
-0.802269 -14.349604 -2.276303 2.676547
-0.901139 -14.323194 -2.273056 2.676380
-1.000698 -14.310650 -2.272119 2.676332
-1.099736 -14.292342 -2.270376 2.676243
-1.198030 -14.266947 -2.267615 2.676102
-1.297119 -14.252919 -2.266770 2.676059
-1.395369 -14.231074 -2.264790 2.675957
-1.494157 -14.215947 -2.263987 2.675916
-1.592785 -14.199996 -2.263163 2.675874
-1.692197 -14.191186 -2.263586 2.675896
-1.791806 -14.183596 -2.264316 2.675933
-1.890550 -14.169014 -2.264040 2.675919
-1.990008 -14.159642 -2.264707 2.675953
-2.090087 -14.154039 -2.266089 2.676024
-2.190579 -14.150272 -2.267879 2.676115
-2.292149 -14.152143 -2.270689 2.676259
-2.393465 -14.151017 -2.273134 2.676384
-2.494302 -14.145888 -2.275052 2.676482
-2.593364 -14.130123 -2.275373 2.676499
-2.694527 -14.125198 -2.277553 2.676611
-2.796723 -14.124475 -2.280529 2.676763
-2.898974 -14.122699 -2.283455 2.676913
-3.001429 -14.120613 -2.286450 2.677066
-3.103279 -14.114521 -2.288916 2.677192
-3.204764 -14.105816 -2.291077 2.677303
-3.307911 -14.103345 -2.294370 2.677472
-3.409993 -14.095222 -2.296866 2.677599
-3.511805 -14.085079 -2.299152 2.677716
-3.613255 -14.072695 -2.301192 2.677821
-3.714192 -14.057647 -2.302916 2.677909
-3.815734 -14.044230 -2.305025 2.678017
-3.919334 -14.037478 -2.308352 2.678188
-4.023219 -14.030631 -2.311788 2.678363
-4.125072 -14.015788 -2.314032 2.678478
-4.228842 -14.006597 -2.317332 2.678647
-4.335824 -14.006781 -2.322314 2.678902
-4.436964 -13.987082 -2.324127 2.678995
-4.537730 -13.965697 -2.325781 2.679080
-4.637647 -13.941279 -2.327050 2.679145
-4.739452 -13.922045 -2.329306 2.679260
-4.840713 -13.900630 -2.331320 2.679363
-4.943747 -13.883656 -2.334205 2.679511
-5.047740 -13.868552 -2.337533 2.679682
-5.146929 -13.839673 -2.338665 2.679739
-5.245926 -13.809996 -2.339782 2.679797
-5.346354 -13.783720 -2.341597 2.679890
-5.448381 -13.761040 -2.344149 2.680020
-5.547895 -13.731523 -2.345662 2.680098
-5.647027 -13.700713 -2.347076 2.680170
-5.743866 -13.664114 -2.347619 2.680198
-5.842830 -13.632339 -2.349111 2.680274
-5.941317 -13.599137 -2.350479 2.680345
-6.046354 -13.580334 -2.354468 2.680549
-6.140609 -13.536896 -2.354312 2.680541
-6.236592 -13.497219 -2.354927 2.680572
-6.338899 -13.470842 -2.357989 2.680729
-6.441399 -13.444236 -2.361145 2.680891
-6.540800 -13.410625 -2.363205 2.680996
-6.638410 -13.372989 -2.364682 2.681072
-6.737697 -13.338370 -2.366821 2.681181
-6.843315 -13.315647 -2.371208 2.681406
-6.949746 -13.293638 -2.375871 2.681644
-7.050057 -13.259228 -2.378460 2.681777
-7.153364 -13.229869 -2.382094 2.681963
-7.259564 -13.205096 -2.386701 2.682199
-7.366219 -13.180293 -2.391454 2.682442
-7.467779 -13.145669 -2.394573 2.682602
-7.571524 -13.114264 -2.398423 2.682799
-7.676756 -13.084713 -2.402762 2.683021
-7.779905 -13.050909 -2.406470 2.683211
-7.884921 -13.019548 -2.410779 2.683432
-7.982210 -12.974897 -2.412771 2.683534
-8.076063 -12.924402 -2.413807 2.683587
-8.170621 -12.874836 -2.415144 2.683656
-8.264328 -12.823726 -2.416321 2.683716
-8.362949 -12.779922 -2.419010 2.683853
-8.468092 -12.745503 -2.423626 2.684090
-8.558592 -12.688633 -2.424115 2.684115
-8.643263 -12.623165 -2.423076 2.684062
-8.733309 -12.565582 -2.423668 2.684092
-8.820466 -12.503805 -2.423571 2.684087
-8.912020 -12.448178 -2.424789 2.684149
-9.001554 -12.389576 -2.425556 2.684188
-9.088694 -12.327602 -2.425786 2.684200
-9.175029 -12.264512 -2.425917 2.684207
-9.262411 -12.202773 -2.426437 2.684233
-9.356339 -12.149455 -2.428764 2.684353
-9.448947 -12.094100 -2.430826 2.684458
-9.538033 -12.033999 -2.432071 2.684522
-9.624208 -11.970099 -2.432677 2.684553
-9.711066 -11.906944 -2.433561 2.684598
-9.800081 -11.846260 -2.435083 2.684676
-9.887069 -11.782948 -2.436198 2.684733
-9.972594 -11.717754 -2.437054 2.684777
-10.064462 -11.659789 -2.439553 2.684905
-10.154513 -11.599408 -2.441692 2.685014
-10.239872 -11.533442 -2.442796 2.685071
-10.326988 -11.469282 -2.444417 2.685154
-10.414989 -11.405864 -2.446338 2.685252
-10.506349 -11.345822 -2.449133 2.685396
-10.591955 -11.279287 -2.450673 2.685474
-10.685331 -11.220700 -2.454092 2.685650
-10.773978 -11.156780 -2.456503 2.685773
-10.862681 -11.092602 -2.459010 2.685901
-10.957326 -11.034089 -2.462937 2.686102
-11.052177 -10.975287 -2.466974 2.686309
-11.144974 -10.913961 -2.470619 2.686496
-11.236378 -10.850843 -2.474029 2.686670
-11.325860 -10.785467 -2.477091 2.686827
-11.420685 -10.724735 -2.481394 2.687047
-11.515682 -10.663639 -2.485799 2.687273
-11.605013 -10.596830 -2.489051 2.687439
-11.708031 -10.541958 -2.495301 2.687759
-11.805780 -10.481659 -2.500477 2.688024
-11.900806 -10.418366 -2.505137 2.688263
-12.000333 -10.358410 -2.510804 2.688553
-12.099531 -10.297505 -2.516455 2.688843
-12.199590 -10.236671 -2.522341 2.689144
-12.292728 -10.169426 -2.526857 2.689375
-12.389761 -10.104840 -2.532240 2.689651
-12.492146 -10.043944 -2.538772 2.689985
-12.590320 -9.978962 -2.544503 2.690279
-12.689814 -9.914369 -2.550560 2.690589
-12.787560 -9.847743 -2.556325 2.690884
-12.893596 -9.786771 -2.563802 2.691267
-12.985622 -9.714487 -2.568552 2.691510
-13.082062 -9.644925 -2.574246 2.691801
-13.166347 -9.565910 -2.577627 2.691975
-13.245662 -9.482959 -2.580131 2.692103
-13.329148 -9.402678 -2.583544 2.692277
-13.412556 -9.321970 -2.587033 2.692456
-13.495909 -9.240839 -2.590603 2.692639
-13.579005 -9.159154 -2.594217 2.692824
-13.661898 -9.076940 -2.597883 2.693012
-13.744778 -8.994328 -2.601639 2.693204
-13.807738 -8.898481 -2.601734 2.693209
-13.878979 -8.807865 -2.603508 2.693300
-13.958462 -8.722215 -2.606931 2.693475
-14.020124 -8.625235 -2.607138 2.693485
-14.075287 -8.524295 -2.606266 2.693441
-14.134689 -8.425966 -2.606309 2.693443
-14.201875 -8.332188 -2.607907 2.693525
-14.261200 -8.233707 -2.608182 2.693539
-14.318939 -8.134286 -2.608292 2.693544
-14.381481 -8.037537 -2.609400 2.693601
-14.443625 -7.940451 -2.610554 2.693660
-14.484293 -7.831626 -2.607958 2.693527
-14.523314 -7.722182 -2.605213 2.693387
-14.578720 -7.621568 -2.605544 2.693404
-14.629306 -7.518441 -2.605140 2.693383
-14.674265 -7.412505 -2.603868 2.693318
-14.718784 -7.306466 -2.602652 2.693256
-14.762960 -7.200377 -2.601512 2.693197
-14.813920 -7.097638 -2.601696 2.693207
-14.866015 -6.995415 -2.602205 2.693233
-14.917536 -6.892870 -2.602736 2.693260
-14.961919 -6.787025 -2.602149 2.693230
-15.003706 -6.680080 -2.601243 2.693183
-15.042535 -6.571918 -2.599957 2.693118
-15.083912 -6.464972 -2.599244 2.693081
-15.132647 -6.361180 -2.599926 2.693116
-15.180847 -6.257092 -2.600638 2.693153
-15.228523 -6.152722 -2.601384 2.693191
-15.263272 -6.043154 -2.600049 2.693122
-15.292977 -5.931754 -2.597992 2.693017
-15.322112 -5.820325 -2.595975 2.692914
-15.358625 -5.711819 -2.595342 2.692881
-15.395678 -5.603568 -2.594929 2.692860
-15.432462 -5.495249 -2.594599 2.692843
-15.465455 -5.385640 -2.593762 2.692801
-15.491807 -5.273842 -2.591943 2.692707
-15.526192 -5.164875 -2.591600 2.692690
-15.568120 -5.058389 -2.592641 2.692743
-15.609611 -4.951657 -2.593730 2.692799
-15.650561 -4.844657 -2.594851 2.692856
-15.680938 -4.734355 -2.594345 2.692830
-15.703961 -4.621925 -2.592752 2.692749
-15.733558 -4.511525 -2.592375 2.692730
-15.772221 -4.403680 -2.593616 2.692793
-15.804273 -4.293924 -2.593894 2.692807
-15.835214 -4.183845 -2.594115 2.692819
-15.865753 -4.073631 -2.594396 2.692833
-15.895944 -3.963304 -2.594745 2.692851
-15.929692 -3.853795 -2.595799 2.692905
-15.970258 -3.745789 -2.598084 2.693022
-16.007252 -3.636759 -2.599909 2.693115
-16.037449 -3.526060 -2.600752 2.693159
-16.057287 -3.413081 -2.600042 2.693122
-16.090286 -3.302859 -2.601588 2.693201
-16.122683 -3.192376 -2.603159 2.693282
-16.154404 -3.081618 -2.604743 2.693363
-16.184357 -2.970383 -2.606166 2.693436
-16.201122 -2.856695 -2.605591 2.693406
-16.226263 -2.744464 -2.606489 2.693452
-16.250784 -2.632051 -2.607412 2.693500
-16.272078 -2.519051 -2.607944 2.693527
-16.295273 -2.406275 -2.608905 2.693576
-16.323063 -2.294056 -2.610727 2.693669
-16.340767 -2.180321 -2.611060 2.693686
-16.351263 -2.065644 -2.610369 2.693651
-16.361204 -1.950956 -2.609718 2.693618
-16.379780 -1.837285 -2.610571 2.693661
-16.400507 -1.723762 -2.611893 2.693729
-16.435900 -1.611551 -2.615674 2.693922
-16.450531 -1.497114 -2.616276 2.693953
-16.457991 -1.382017 -2.615864 2.693932
-16.464722 -1.266889 -2.615464 2.693912
-16.470720 -1.151745 -2.615076 2.693892
-16.475990 -1.036579 -2.614700 2.693873
-16.480530 -0.921403 -2.614336 2.693854
-16.484339 -0.806219 -2.613983 2.693836
-16.487419 -0.691025 -2.613643 2.693819
-16.489769 -0.575835 -2.613315 2.693802
-16.491388 -0.460643 -2.612998 2.693785
-16.492281 -0.345463 -2.612694 2.693770
-16.492443 -0.230293 -2.612401 2.693755
-16.491877 -0.115135 -2.612120 2.693741
-16.490582 0.000000 -2.611852 2.693727
-16.488560 0.115117 -2.611595 2.693714
-16.485809 0.230201 -2.611350 2.693701
-16.482330 0.345255 -2.611117 2.693689
-16.478125 0.460278 -2.610897 2.693678
-16.473192 0.575257 -2.610688 2.693667
-16.467533 0.690197 -2.610491 2.693657
-16.461147 0.805086 -2.610306 2.693648
-16.454037 0.919923 -2.610133 2.693639
-16.446199 1.034709 -2.609972 2.693631
-16.437637 1.149432 -2.609823 2.693623
-16.428350 1.264096 -2.609687 2.693616
-16.418341 1.378688 -2.609562 2.693609
-16.407606 1.493209 -2.609449 2.693604
-16.396149 1.607659 -2.609348 2.693599
-16.383968 1.722025 -2.609259 2.693594
-16.371065 1.836312 -2.609183 2.693590
-16.357441 1.950508 -2.609118 2.693587
-16.343096 2.064612 -2.609065 2.693584
-16.328028 2.178626 -2.609025 2.693582
-16.312241 2.292536 -2.608996 2.693581
-16.295734 2.406348 -2.608979 2.693580
-16.278509 2.520048 -2.608974 2.693579
-16.260567 2.633636 -2.608982 2.693580
-16.241905 2.747115 -2.609001 2.693581
-16.222527 2.860469 -2.609033 2.693582
-16.202431 2.973706 -2.609076 2.693585
-16.181620 3.086810 -2.609132 2.693588
-16.160095 3.199784 -2.609199 2.693591
-16.137854 3.312628 -2.609279 2.693595
-16.114901 3.425328 -2.609370 2.693600
-16.091232 3.537890 -2.609474 2.693605
-16.066853 3.650301 -2.609590 2.693611
-16.041763 3.762561 -2.609717 2.693618
-16.015961 3.874671 -2.609857 2.693624
-15.989450 3.986618 -2.610008 2.693632
-15.962228 4.098407 -2.610172 2.693641
-15.934300 4.210025 -2.610348 2.693650
-15.905664 4.321473 -2.610535 2.693659
-15.876321 4.432751 -2.610735 2.693670
-15.846272 4.543846 -2.610947 2.693680
-15.815518 4.654763 -2.611170 2.693692
-15.784060 4.765490 -2.611406 2.693704
-15.751901 4.876027 -2.611653 2.693717
-15.719037 4.986374 -2.611913 2.693730
-15.685473 5.096519 -2.612184 2.693744
-15.651208 5.206467 -2.612468 2.693758
-15.616244 5.316205 -2.612763 2.693773
-15.580584 5.425733 -2.613070 2.693789
-15.544223 5.535051 -2.613390 2.693805
-15.507168 5.644148 -2.613721 2.693822
-15.469417 5.753027 -2.614064 2.693840
-15.430972 5.861678 -2.614419 2.693858
-15.391835 5.970098 -2.614786 2.693877
-15.352004 6.078290 -2.615165 2.693897
-15.311483 6.186241 -2.615556 2.693916
-15.270272 6.293955 -2.615958 2.693937
-15.228374 6.401420 -2.616373 2.693958
-15.185787 6.508636 -2.616799 2.693980
-15.142513 6.615603 -2.617237 2.694002
-15.098556 6.722310 -2.617687 2.694026
-15.053912 6.828761 -2.618149 2.694049
-15.008588 6.934942 -2.618623 2.694073
-14.962582 7.040856 -2.619108 2.694098
-14.915894 7.146501 -2.619606 2.694124
-14.868529 7.251866 -2.620115 2.694150
-14.820484 7.356956 -2.620636 2.694176
-14.771765 7.461757 -2.621169 2.694204
-14.722371 7.566270 -2.621713 2.694232
-14.672301 7.670496 -2.622269 2.694260
-14.621561 7.774422 -2.622837 2.694289
-14.570148 7.878053 -2.623417 2.694319
-14.518066 7.981376 -2.624008 2.694349
-14.465318 8.084392 -2.624611 2.694380
-14.411900 8.187100 -2.625226 2.694412
-14.357819 8.289491 -2.625853 2.694444
-8.502687 4.988499 -1.561359 2.639941
-8.297308 4.946189 -1.529949 2.638333
-7.871775 4.767316 -1.457586 2.634628
-7.625535 4.691262 -1.418020 2.632603
-7.392306 4.619226 -1.380613 2.630687
-7.171046 4.550886 -1.345191 2.628874
-7.076798 4.560686 -1.333452 2.628273
-7.058691 4.619078 -1.336083 2.628407
-7.040511 4.677705 -1.338791 2.628546
-7.022256 4.736572 -1.341575 2.628689
-6.911249 4.732233 -1.326647 2.627924
-6.726831 4.675271 -1.297481 2.626431
-6.669189 4.704595 -1.292666 2.626184
-6.625710 4.743543 -1.290626 2.626080
-6.582366 4.782369 -1.288656 2.625979
-6.539150 4.821079 -1.286753 2.625882
-6.496060 4.859675 -1.284919 2.625788
-6.453092 4.898163 -1.283152 2.625697
-6.432012 4.953318 -1.285806 2.625833
-6.414055 5.011209 -1.289179 2.626006
-6.349772 5.032770 -1.283289 2.625705
-6.203307 4.987587 -1.260695 2.624547
-6.062112 4.944138 -1.238984 2.623436
-5.925685 4.902155 -1.218067 2.622365
-5.793787 4.861565 -1.197901 2.621333
-5.668846 4.824568 -1.179005 2.620365
-5.545179 4.786471 -1.160206 2.619402
-5.425243 4.749441 -1.142022 2.618471
-5.317722 4.721296 -1.126299 2.617666
-5.222302 4.702182 -1.113015 2.616986
-5.135450 4.689312 -1.101455 2.616395
-5.050424 4.676744 -1.090195 2.615818
-4.967093 4.664411 -1.079210 2.615255
-4.947567 4.711505 -1.082088 2.615403
-4.931759 4.762544 -1.085876 2.615597
-4.915824 4.813933 -1.089741 2.615795
-4.899760 4.865673 -1.093683 2.615997
-4.883578 4.917791 -1.097708 2.616203
-4.867275 4.970299 -1.101817 2.616413
-4.850849 5.023201 -1.106010 2.616628
-4.834295 5.076512 -1.110289 2.616847
-4.817613 5.130237 -1.114657 2.617070
-4.800797 5.184389 -1.119113 2.617299
-4.783845 5.238980 -1.123660 2.617531
-4.766755 5.294017 -1.128300 2.617769
-4.749520 5.349515 -1.133033 2.618011
-4.731714 5.404994 -1.137759 2.618253
-11.012299 12.757870 -2.669302 2.696668
-10.927771 12.840091 -2.670477 2.696728
-10.842677 12.921800 -2.671662 2.696789
-10.757014 13.003001 -2.672858 2.696850
-10.670792 13.083685 -2.674065 2.696912
-10.584007 13.163849 -2.675282 2.696974
-10.496661 13.243494 -2.676510 2.697037
-10.408763 13.322609 -2.677748 2.697101
-10.320307 13.401197 -2.678996 2.697165
-10.231305 13.479248 -2.680255 2.697229
-10.141887 13.556939 -2.681559 2.697296
-10.051786 13.633915 -2.682838 2.697361
-9.961146 13.710342 -2.684128 2.697427
-9.869964 13.786224 -2.685427 2.697494
-9.778247 13.861550 -2.686738 2.697561
-9.720003 13.985250 -2.697495 2.698112
-10.451517 15.264060 -2.930008 2.710016
-10.349857 15.344295 -2.931468 2.710091
-10.246578 15.422345 -2.932641 2.710151
-10.109773 15.449355 -2.924285 2.709723
-9.968180 15.467587 -2.914493 2.709222
-9.845612 15.514205 -2.910254 2.709005
-9.706352 15.533412 -2.901074 2.708535
-9.552715 15.527723 -2.887486 2.707839
-9.406111 15.531338 -2.875877 2.707245
-9.266762 15.545136 -2.866383 2.706759
-9.121325 15.546926 -2.854901 2.706171
-8.971246 15.538653 -2.841811 2.705501
-8.822122 15.529750 -2.828850 2.704837
-8.673887 15.520097 -2.815992 2.704179
-8.526684 15.509978 -2.803287 2.703528
-8.380355 15.499146 -2.790687 2.702883
-8.234975 15.487737 -2.778213 2.702245
-8.090559 15.475819 -2.765875 2.701613
-7.946980 15.463154 -2.753629 2.700986
-7.804387 15.450058 -2.741528 2.700366
-7.662706 15.436426 -2.729550 2.699753
-7.519842 15.417962 -2.716935 2.699107
-7.362859 15.367479 -2.698915 2.698184
-7.224211 15.352234 -2.687315 2.697590
-7.082258 15.327409 -2.674249 2.696921
-6.931427 15.280252 -2.657513 2.696064
-6.794095 15.259788 -2.645641 2.695457
-6.640931 15.200497 -2.627259 2.694515
-6.500277 15.166286 -2.613438 2.693808
-6.361912 15.134390 -2.600225 2.693131
-6.224738 15.102351 -2.587191 2.692464
-6.088732 15.070141 -2.574328 2.691806
-5.939506 15.001487 -2.555455 2.690839
-5.806005 14.968779 -2.542917 2.690197
-5.667800 14.920588 -2.527946 2.689431
-5.530977 14.872355 -2.513170 2.688674
-5.398909 14.833381 -2.500154 2.688008
-5.260971 14.774531 -2.483984 2.687180
-5.123915 14.713882 -2.467713 2.686347
-4.994197 14.670356 -2.454506 2.685671
-4.865685 14.626795 -2.441475 2.685004
-4.734861 14.572405 -2.426819 2.684253
-4.602021 14.507418 -2.410587 2.683422
-4.477322 14.463895 -2.398103 2.682783
-4.353713 14.420191 -2.385759 2.682151
-4.223282 14.349489 -2.369126 2.681299
-4.100803 14.301201 -2.356369 2.680646
-3.976199 14.241155 -2.341845 2.679903
-3.855563 14.190833 -2.329087 2.679249
-3.736108 14.140600 -2.316505 2.678605
-3.617697 14.090006 -2.304023 2.677966
-3.498370 14.031199 -2.290357 2.677266
-3.381161 13.976041 -2.277445 2.676605
-3.265176 13.921170 -2.264733 2.675954
-3.150412 13.866604 -2.252223 2.675314
-3.036823 13.812270 -2.239900 2.674683
-2.924367 13.758067 -2.227745 2.674061
-2.813746 13.707498 -2.216322 2.673476
-2.704929 13.660912 -2.205683 2.672931
-2.596211 13.609832 -2.194455 2.672356
-2.489744 13.565557 -2.184461 2.671844
-2.384186 13.521390 -2.174615 2.671340
-2.278740 13.472712 -2.164175 2.670806
-2.174074 13.423166 -2.153725 2.670271
-2.072638 13.388447 -2.145781 2.669864
-1.974288 13.369864 -2.140541 2.669596
-1.876607 13.352753 -2.135652 2.669345
-1.778816 13.331595 -2.130230 2.669068
-1.681847 13.313227 -2.125367 2.668819
-1.585838 13.299267 -2.121319 2.668612
-1.488983 13.274599 -2.115675 2.668323
-1.392560 13.249326 -2.110046 2.668034
-1.296692 13.224675 -2.104627 2.667757
-1.202297 13.211069 -2.101075 2.667575
-1.107659 13.190797 -2.096570 2.667344
-1.013025 13.165462 -2.091368 2.667078
-0.919624 13.151237 -2.088037 2.666907
-0.826139 13.131078 -2.083870 2.666694
-0.732594 13.103480 -2.078628 2.666426
-0.639659 13.078850 -2.073962 2.666187
-0.547062 13.052552 -2.069136 2.665940
-0.454987 13.029117 -2.064867 2.665721
-0.363396 13.009748 -2.061345 2.665541
-0.272040 12.987279 -2.057434 2.665341
-0.180820 12.949621 -2.051219 2.665022
-0.090142 12.911842 -2.045085 2.664708
0.000000 12.874082 -2.039054 2.664400
0.089614 12.836255 -2.033113 2.664095
0.178716 12.798425 -2.027269 2.663796
0.267299 12.760593 -2.021523 2.663502
0.355381 12.722782 -2.015877 2.663213
0.442970 12.684992 -2.010330 2.662929
0.530073 12.647182 -2.004875 2.662650
0.616703 12.609319 -1.999507 2.662375
0.702856 12.571447 -1.994231 2.662105
0.788547 12.533564 -1.989046 2.661839
0.873783 12.495672 -1.983953 2.661578
0.958576 12.457822 -1.978958 2.661323
1.042934 12.419925 -1.974046 2.661071
1.126510 12.378227 -1.968621 2.660793
1.209225 12.332613 -1.962661 2.660488
1.291146 12.284434 -1.956380 2.660167
1.372878 12.239494 -1.950702 2.659876
1.454163 12.194939 -1.945172 2.659593
1.533845 12.141608 -1.938326 2.659242
1.612910 12.088189 -1.931549 2.658895
1.691390 12.034866 -1.924868 2.658553
1.769791 11.985009 -1.918823 2.658244
1.847573 11.934570 -1.912767 2.657933
1.924605 11.882854 -1.906585 2.657617
2.001106 11.831241 -1.900499 2.657305
2.077078 11.779692 -1.894502 2.656998
2.152528 11.728210 -1.888593 2.656696
2.227484 11.676857 -1.882782 2.656398
2.301939 11.625625 -1.877067 2.656106
2.375901 11.574482 -1.871442 2.655818
2.449379 11.523423 -1.865906 2.655534
2.522372 11.472412 -1.860452 2.655255
2.594894 11.421452 -1.855080 2.654980
2.668161 11.375750 -1.850638 2.654753
2.741742 11.332996 -1.846751 2.654554
2.813695 11.285114 -1.842105 2.654316
2.884310 11.233649 -1.836946 2.654052
2.955496 11.186088 -1.832499 2.653824
3.025460 11.135531 -1.827632 2.653575
3.094993 11.085015 -1.822843 2.653329
3.164099 11.034522 -1.818128 2.653088
3.232795 10.984099 -1.813494 2.652851
3.301103 10.933767 -1.808946 2.652618
3.369175 10.884036 -1.804565 2.652394
3.439340 10.842170 -1.801561 2.652240
3.509209 10.800235 -1.798620 2.652089
3.576133 10.750254 -1.794410 2.651874
3.642605 10.700070 -1.790235 2.651660
3.708687 10.649890 -1.786128 2.651450
3.774429 10.599823 -1.782107 2.651244
3.842248 10.556489 -1.779288 2.651099
3.909788 10.513106 -1.776533 2.650959
3.975821 10.466413 -1.773290 2.650792
4.040237 10.416347 -1.769543 2.650600
4.104408 10.366548 -1.765908 2.650414
4.171195 10.324068 -1.763590 2.650296
4.237730 10.281506 -1.761330 2.650180
4.302719 10.235753 -1.758595 2.650040
4.368325 10.192059 -1.756285 2.649922
4.433685 10.148302 -1.754036 2.649806
4.496261 10.098768 -1.750857 2.649644
4.558991 10.050243 -1.747920 2.649493
4.623986 10.007213 -1.746008 2.649396
4.688749 9.964093 -1.744154 2.649301
4.753290 9.920877 -1.742355 2.649209
4.817611 9.877566 -1.740613 2.649119
4.881717 9.834157 -1.738927 2.649033
4.945615 9.790646 -1.737296 2.648950
5.009299 9.747036 -1.735721 2.648869
5.072777 9.703324 -1.734202 2.648791
5.136052 9.659509 -1.732737 2.648716
5.199127 9.615587 -1.731327 2.648644
5.262011 9.571555 -1.729972 2.648575
5.324697 9.527417 -1.728671 2.648508
5.387192 9.483170 -1.727424 2.648444
5.449244 9.438367 -1.726151 2.648379
5.511011 9.393292 -1.724902 2.648315
5.572603 9.348121 -1.723709 2.648254
5.635380 9.305114 -1.722992 2.648217
5.696971 9.260291 -1.722015 2.648167
5.758465 9.215470 -1.721114 2.648121
5.823408 9.176225 -1.721335 2.648132
5.888269 9.136798 -1.721609 2.648146
5.951756 9.095233 -1.721564 2.648144
6.012617 9.049713 -1.720852 2.648108
6.073318 9.004065 -1.720192 2.648074
6.136580 8.962252 -1.720347 2.648082
6.200958 8.922003 -1.720889 2.648109
6.265273 8.881587 -1.721488 2.648140
6.329514 8.840969 -1.722139 2.648173
6.393670 8.800132 -1.722836 2.648209
6.457764 8.759100 -1.723588 2.648247
6.521804 8.717869 -1.724393 2.648289
6.585783 8.676444 -1.725251 2.648333
6.649707 8.634819 -1.726163 2.648379
6.713581 8.592992 -1.727129 2.648429
6.777641 8.551256 -1.728209 2.648484
6.845788 8.514437 -1.730385 2.648596
6.913972 8.477363 -1.732618 2.648710
6.980394 8.437844 -1.734459 2.648804
7.044159 8.394902 -1.735698 2.648868
7.107890 8.351744 -1.736992 2.648934
7.175188 8.312529 -1.739213 2.649048
7.243555 8.274241 -1.741740 2.649177
7.311985 8.235685 -1.744327 2.649309
7.380464 8.196836 -1.746969 2.649445
7.449018 8.157717 -1.749673 2.649583
7.515036 8.115495 -1.751828 2.649693
7.578309 8.070076 -1.753402 2.649774
7.642437 8.025348 -1.755233 2.649868
7.716225 7.990384 -1.759325 2.650077
7.790269 7.955163 -1.763502 2.650291
7.864563 7.919655 -1.767760 2.650509
7.939058 7.883821 -1.772090 2.650731
8.013739 7.847631 -1.776487 2.650956
8.088675 7.811143 -1.780967 2.651186
8.163843 7.774324 -1.785524 2.651419
8.241807 7.739567 -1.790713 2.651685
8.323216 7.707379 -1.796666 2.651989
8.405012 7.674829 -1.802713 2.652299
8.487202 7.641910 -1.808854 2.652613
8.569792 7.608619 -1.815091 2.652933
8.655852 7.577621 -1.822069 2.653290
8.737252 7.541790 -1.828076 2.653597
8.822343 7.508400 -1.834867 2.653945
8.916691 7.481992 -1.843581 2.654391
9.011854 7.455256 -1.852450 2.654845
9.114265 7.433408 -1.862788 2.655375
9.217649 7.411177 -1.873298 2.655913
9.328482 7.393661 -1.885286 2.656527
9.443613 7.378159 -1.898098 2.657182
9.565457 7.366395 -1.912204 2.657905
9.690853 7.355753 -1.926958 2.658660
9.806903 7.336497 -1.939802 2.659318
9.920058 7.313695 -1.952037 2.659944
10.035926 7.291526 -1.964773 2.660596
10.163588 7.276415 -1.979772 2.661364
10.267143 7.242668 -1.990045 2.661890
10.358286 7.199193 -1.997921 2.662293
10.454168 7.158117 -2.006727 2.662744
10.551364 7.116984 -2.015798 2.663209
10.644798 7.072388 -2.024166 2.663637
10.744726 7.031147 -2.033783 2.664130
10.836207 6.983455 -2.041821 2.664541
10.925357 6.933440 -2.049448 2.664932
11.005091 6.876744 -2.055349 2.665234
11.082134 6.817776 -2.060799 2.665513
11.159477 6.758414 -2.066356 2.665797
11.237089 6.698646 -2.072017 2.666087
11.313049 6.637324 -2.077429 2.666364
11.390779 6.576469 -2.083221 2.666661
11.468821 6.515198 -2.089124 2.666963
11.547962 6.453933 -2.095281 2.667278
11.622017 6.389255 -2.100573 2.667549
11.690004 6.320760 -2.104835 2.667768
11.762630 6.254301 -2.109998 2.668032
11.829515 6.184322 -2.114199 2.668247
11.906486 6.119097 -2.120269 2.668558
11.987597 6.055367 -2.127133 2.668909
12.052083 5.982704 -2.131112 2.669113
12.113833 5.908311 -2.134686 2.669296
12.176226 5.833871 -2.138451 2.669489
12.237075 5.758325 -2.142025 2.669672
12.297942 5.682444 -2.145683 2.669859
12.358836 5.606215 -2.149426 2.670051
12.419759 5.529633 -2.153255 2.670247
12.484859 5.454502 -2.157887 2.670484
12.550065 5.378960 -2.162614 2.670726
12.609840 5.300685 -2.166485 2.670924
12.671165 5.222676 -2.170704 2.671140
12.738642 5.146745 -2.176054 2.671414
12.804481 5.069654 -2.181202 2.671678
12.864373 4.989757 -2.185417 2.671893
12.927622 4.910739 -2.190284 2.672143
12.994431 4.832584 -2.195834 2.672427
13.059793 4.753376 -2.201218 2.672702
13.119905 4.671789 -2.205798 2.672937
13.180058 4.589777 -2.210470 2.673176
13.244998 4.508962 -2.216028 2.673460
13.312263 4.428399 -2.222056 2.673769
13.379649 4.347311 -2.228183 2.674083
13.443910 4.264661 -2.233872 2.674374
13.502459 4.179704 -2.238697 2.674621
13.564388 4.095327 -2.244170 2.674901
13.632202 4.012173 -2.250701 2.675236
13.695651 3.927165 -2.256595 2.675538
13.754337 3.840281 -2.261792 2.675804
13.817954 3.754250 -2.267887 2.676116
13.886258 3.668904 -2.274839 2.676472
13.948287 3.581310 -2.280849 2.676780
14.013135 3.493867 -2.287408 2.677115
14.079902 3.406288 -2.294369 2.677472
14.146787 3.318094 -2.301437 2.677834
14.213783 3.229289 -2.308613 2.678201
14.280899 3.139857 -2.315897 2.678574
14.348147 3.049793 -2.323293 2.678952
14.415527 2.959084 -2.330801 2.679337
14.483043 2.867715 -2.338423 2.679727
14.550688 2.775689 -2.346159 2.680123
14.618469 2.682989 -2.354011 2.680525
14.678288 2.588178 -2.360677 2.680866
14.736015 2.492412 -2.367104 2.681196
14.801189 2.397264 -2.374827 2.681591
14.869300 2.301886 -2.383119 2.682016
14.937725 2.205809 -2.391559 2.682448
15.006310 2.108999 -2.400124 2.682886
15.075059 2.011444 -2.408815 2.683331
15.143981 1.913124 -2.417634 2.683783
15.213069 1.814045 -2.426583 2.684241
15.282332 1.714186 -2.435663 2.684706
15.349962 1.613346 -2.444587 2.685163
15.415978 1.511551 -2.453360 2.685612
15.482023 1.408969 -2.462245 2.686067
15.548248 1.305619 -2.471268 2.686529
15.614576 1.201474 -2.480416 2.686997
15.678722 1.096363 -2.489330 2.687454
15.747553 0.990753 -2.499099 2.687954
15.814212 0.884146 -2.508636 2.688442
15.880980 0.776706 -2.518306 2.688937
15.947864 0.668412 -2.528111 2.689439
16.014868 0.559251 -2.538052 2.689948
16.081995 0.449212 -2.548131 2.690464
16.149252 0.338273 -2.558351 2.690987
16.216633 0.226438 -2.568713 2.691518
16.284143 0.113685 -2.579218 2.692056
14.549167 -0.000000 -2.828072 2.704797
14.597815 -0.101914 -2.837597 2.705285
14.646388 -0.204516 -2.847247 2.705779
14.694850 -0.307814 -2.857016 2.706279
14.743189 -0.411815 -2.866903 2.706785
14.796728 -0.516713 -2.877946 2.707351
14.859167 -0.622784 -2.890865 2.708012
14.906253 -0.729038 -2.900945 2.708528
14.947376 -0.835688 -2.910013 2.708992
14.988242 -0.942981 -2.919179 2.709462
15.030282 -1.051020 -2.928725 2.709951
15.081081 -1.160426 -2.940131 2.710535
15.137805 -1.271157 -2.952847 2.711186
15.194423 -1.382801 -2.965702 2.711844
15.245548 -1.494839 -2.977645 2.712456
15.285410 -1.606562 -2.987549 2.712962
15.330782 -1.719623 -2.998690 2.713533
15.385855 -1.834652 -3.011894 2.714209
15.430797 -1.949363 -3.023283 2.714792
15.469150 -2.064025 -3.033546 2.715317
15.520931 -2.181325 -3.046613 2.715986
15.571160 -2.299349 -3.059549 2.716649
15.611804 -2.416835 -3.070775 2.717224
15.658884 -2.536186 -3.083443 2.717872
15.731830 -2.660840 -3.101390 2.718791
15.781291 -2.782668 -3.114895 2.719483
15.795786 -2.899070 -3.121674 2.719830
15.808557 -3.015644 -3.128283 2.720168
15.820692 -3.132582 -3.134935 2.720509
15.832191 -3.249882 -3.141633 2.720851
15.843044 -3.367543 -3.148376 2.721197
15.821851 -3.478660 -3.148913 2.721224
15.796493 -3.588875 -3.148776 2.721217
15.770294 -3.698889 -3.148625 2.721210
15.743259 -3.808696 -3.148459 2.721201
15.715388 -3.918287 -3.148279 2.721192
15.686685 -4.027657 -3.148086 2.721182
15.657149 -4.136797 -3.147877 2.721171
15.626784 -4.245704 -3.147655 2.721160
15.595592 -4.354368 -3.147419 2.721148
15.563573 -4.462783 -3.147168 2.721135
15.530732 -4.570943 -3.146904 2.721121
15.497069 -4.678842 -3.146625 2.721107
15.462589 -4.786471 -3.146332 2.721092
15.427292 -4.893826 -3.146025 2.721076
15.391181 -5.000898 -3.145704 2.721060
15.354259 -5.107682 -3.145370 2.721043
15.316528 -5.214172 -3.145021 2.721025
15.277991 -5.320360 -3.144658 2.721006
15.238650 -5.426240 -3.144281 2.720987
15.198509 -5.531806 -3.143891 2.720967
15.157570 -5.637050 -3.143486 2.720946
15.115836 -5.741968 -3.143068 2.720925
15.073309 -5.846552 -3.142636 2.720903
15.029993 -5.950796 -3.142190 2.720880
14.985891 -6.054693 -3.141731 2.720857
14.941006 -6.158238 -3.141258 2.720832
14.895341 -6.261425 -3.140771 2.720807
14.848899 -6.364247 -3.140270 2.720782
14.801683 -6.466697 -3.139756 2.720755
14.753697 -6.568769 -3.139229 2.720728
14.704945 -6.670459 -3.138688 2.720701
14.655428 -6.771759 -3.138133 2.720672
14.605151 -6.872663 -3.137565 2.720643
14.554118 -6.973166 -3.136984 2.720614
14.502333 -7.073261 -3.136389 2.720583
14.449798 -7.172942 -3.135781 2.720552
14.396516 -7.272204 -3.135160 2.720520
14.342493 -7.371041 -3.134526 2.720488
14.287732 -7.469446 -3.133878 2.720454
14.232237 -7.567415 -3.133217 2.720421
14.176011 -7.664941 -3.132544 2.720386
14.119059 -7.762019 -3.131857 2.720351
14.061383 -7.858642 -3.131157 2.720315
14.002990 -7.954806 -3.130444 2.720279
13.943882 -8.050505 -3.129719 2.720242
13.884064 -8.145732 -3.128981 2.720204
13.823539 -8.240483 -3.128230 2.720165
13.762312 -8.334753 -3.127466 2.720126
13.700388 -8.428535 -3.126690 2.720086
13.637771 -8.521825 -3.125901 2.720046
13.574464 -8.614617 -3.125099 2.720005
13.510473 -8.706905 -3.124285 2.719963
13.445801 -8.798686 -3.123459 2.719921
13.380454 -8.889954 -3.122620 2.719878
13.314436 -8.980700 -3.121769 2.719835
13.247750 -9.070925 -3.120906 2.719790
13.180404 -9.160620 -3.120031 2.719745
13.112399 -9.249781 -3.119144 2.719700
13.043742 -9.338404 -3.118244 2.719654
12.974438 -9.426481 -3.117333 2.719607
12.904490 -9.514011 -3.116410 2.719560
12.833903 -9.600986 -3.115474 2.719512
12.762683 -9.687405 -3.114527 2.719464
12.690835 -9.773259 -3.113569 2.719414
12.618363 -9.858546 -3.112599 2.719365
12.545272 -9.943261 -3.111617 2.719315
12.471568 -10.027398 -3.110624 2.719264
12.397255 -10.110955 -3.109619 2.719213
12.322338 -10.193926 -3.108603 2.719161
12.246823 -10.276305 -3.107576 2.719108
12.170714 -10.358090 -3.106538 2.719055
12.094018 -10.439277 -3.105488 2.719001
12.016738 -10.519860 -3.104427 2.718947
11.938881 -10.599835 -3.103356 2.718892
11.860452 -10.679199 -3.102273 2.718836
11.781454 -10.757947 -3.101180 2.718781
11.701896 -10.836075 -3.100076 2.718724
11.621780 -10.913579 -3.098961 2.718667
11.541114 -10.990456 -3.097836 2.718609
11.459903 -11.066700 -3.096700 2.718551
11.378150 -11.142309 -3.095554 2.718492
11.295864 -11.217278 -3.094397 2.718433
11.213047 -11.291604 -3.093230 2.718373
11.129707 -11.365284 -3.092053 2.718313
11.045850 -11.438313 -3.090866 2.718252
10.961479 -11.510688 -3.089669 2.718191
10.876602 -11.582405 -3.088461 2.718129
10.791223 -11.653461 -3.087244 2.718067
10.705348 -11.723853 -3.086017 2.718004
10.618983 -11.793576 -3.084781 2.717941
10.532134 -11.862629 -3.083535 2.717877
10.444807 -11.931006 -3.082279 2.717813
10.357006 -11.998708 -3.081014 2.717748
10.268738 -12.065727 -3.079740 2.717683
10.180009 -12.132063 -3.078456 2.717617
10.090824 -12.197712 -3.077163 2.717551
10.001189 -12.262670 -3.075861 2.717484
9.911111 -12.326936 -3.074550 2.717417
9.820593 -12.390507 -3.073230 2.717349
9.729645 -12.453378 -3.071902 2.717281
9.638268 -12.515549 -3.070564 2.717213
9.546474 -12.577014 -3.069218 2.717144
9.454262 -12.637774 -3.067863 2.717075
9.361642 -12.697824 -3.066500 2.717005
9.268620 -12.757162 -3.065129 2.716934
9.175201 -12.815786 -3.063749 2.716864
9.081391 -12.873693 -3.062361 2.716793
8.987196 -12.930882 -3.060965 2.716722
8.892622 -12.987349 -3.059561 2.716649
8.797676 -13.043091 -3.058149 2.716577
8.702361 -13.098108 -3.056729 2.716504
8.606688 -13.152397 -3.055301 2.716431
8.510657 -13.205956 -3.053866 2.716358
8.414278 -13.258782 -3.052423 2.716284
8.317556 -13.310874 -3.050973 2.716210
8.220498 -13.362229 -3.049515 2.716135
8.123109 -13.412848 -3.048050 2.716060
8.025394 -13.462726 -3.046578 2.715985
7.927361 -13.511862 -3.045099 2.715909
7.829016 -13.560254 -3.043613 2.715833
7.730363 -13.607902 -3.042120 2.715757
7.631411 -13.654802 -3.040620 2.715680
7.532163 -13.700954 -3.039114 2.715602
7.432627 -13.746358 -3.037601 2.715525
7.332809 -13.791009 -3.036081 2.715447
7.232714 -13.834908 -3.034555 2.715369
7.129313 -13.872144 -3.031732 2.715225
7.031508 -13.920021 -3.031393 2.715207
6.922304 -13.944894 -3.026211 2.714942
6.815274 -13.973383 -3.021994 2.714726
6.722584 -14.031117 -3.024256 2.714842
6.604229 -14.034703 -3.015018 2.714369
6.498589 -14.064238 -3.011543 2.714191
6.394149 -14.095823 -3.008674 2.714044
6.287974 -14.123022 -3.005036 2.713858
6.189648 -14.167545 -3.005242 2.713868
6.084513 -14.196235 -3.002244 2.713715
5.978469 -14.222220 -2.998839 2.713541
5.877066 -14.258830 -2.997834 2.713489
5.776954 -14.298463 -2.997614 2.713478
5.671690 -14.325056 -2.994815 2.713335
5.568221 -14.355733 -2.993029 2.713243
5.464920 -14.386507 -2.991417 2.713161
5.361454 -14.416515 -2.989801 2.713078
5.251483 -14.428331 -2.984576 2.712810
5.144076 -14.446246 -2.980780 2.712616
5.048750 -14.498037 -2.984121 2.712787
4.946038 -14.528895 -2.983292 2.712744
4.837872 -14.543178 -2.979217 2.712536
4.728445 -14.552657 -2.974324 2.712285
4.620392 -14.565325 -2.970248 2.712077
4.517705 -14.594351 -2.969662 2.712047
4.411911 -14.612962 -2.967110 2.711916
4.302808 -14.619686 -2.962303 2.711670
4.193859 -14.625724 -2.957522 2.711425
4.090470 -14.650420 -2.956669 2.711381
3.985005 -14.667259 -2.954381 2.711264
3.877526 -14.675853 -2.950587 2.711070
3.765846 -14.667001 -2.943450 2.710705
3.654528 -14.657515 -2.936354 2.710341
3.547657 -14.664261 -2.932673 2.710153
3.437694 -14.656689 -2.926287 2.709826
3.327810 -14.647416 -2.919726 2.709490
3.218978 -14.640753 -2.913847 2.709189
3.112132 -14.641431 -2.909587 2.708971
3.003112 -14.630024 -2.903083 2.708638
2.893733 -14.614424 -2.895908 2.708271
2.787898 -14.614681 -2.892032 2.708072
2.685102 -14.629972 -2.891278 2.708033
2.577634 -14.618489 -2.885382 2.707731
2.466853 -14.584912 -2.875285 2.707215
2.357901 -14.558129 -2.866690 2.706774
2.248729 -14.525918 -2.857186 2.706288
2.140528 -14.495624 -2.848219 2.705829
2.033300 -14.467681 -2.839870 2.705401
1.927372 -14.444983 -2.832704 2.705034
1.819486 -14.402727 -2.821858 2.704479
1.712967 -14.365388 -2.812130 2.703981
1.607497 -14.331160 -2.803165 2.703522
1.504421 -14.313608 -2.797609 2.703238
1.401975 -14.298454 -2.792666 2.702985
1.299180 -14.275600 -2.786363 2.702662
1.196057 -14.243481 -2.778396 2.702254
1.094204 -14.220451 -2.772346 2.701944
0.992381 -14.191717 -2.765327 2.701585
0.890992 -14.161919 -2.758241 2.701222
0.789978 -14.129814 -2.750847 2.700843
0.689781 -14.103618 -2.744742 2.700531
0.589242 -14.058885 -2.735170 2.700041
0.489516 -14.017904 -2.726465 2.699595
0.390886 -13.993944 -2.721208 2.699326
0.292584 -13.967862 -2.715673 2.699042
0.194674 -13.941666 -2.710249 2.698765
0.097088 -13.906556 -2.703227 2.698405
-0.000000 -13.873518 -2.696739 2.698073
-0.096657 -13.844731 -2.691209 2.697790
-0.192957 -13.818585 -2.686323 2.697540
-0.288867 -13.790313 -2.681153 2.697275
-0.384387 -13.761257 -2.675961 2.697009
-0.479820 -13.740248 -2.672462 2.696830
-0.574968 -13.718303 -2.668909 2.696648
-0.669746 -13.693922 -2.665010 2.696448
-0.764238 -13.669381 -2.661208 2.696254
-0.858191 -13.640550 -2.656697 2.696023
-0.951484 -13.606857 -2.651364 2.695750
-1.045273 -13.584530 -2.648371 2.695596
-1.138815 -13.561777 -2.645420 2.695446
-1.231532 -13.532248 -2.641273 2.695233
-1.325507 -13.518567 -2.640344 2.695185
-1.419249 -13.503249 -2.639224 2.695128
-1.512642 -13.485498 -2.637754 2.695053
-1.606433 -13.471944 -2.637232 2.695026
-1.700097 -13.457641 -2.636691 2.694999
-1.792860 -13.436864 -2.635009 2.694912
-1.886358 -13.422132 -2.634638 2.694894
-1.978637 -13.399302 -2.632804 2.694799
-2.072427 -13.387058 -2.633177 2.694819
-2.166215 -13.374610 -2.633639 2.694842
-2.260304 -13.363723 -2.634539 2.694888
-2.353057 -13.344846 -2.633991 2.694860
-2.444063 -13.316651 -2.631730 2.694744
-2.534918 -13.288502 -2.629601 2.694635
-2.633934 -13.302334 -2.635912 2.694959
-2.731030 -13.304540 -2.640063 2.695171
-2.825159 -13.291327 -2.641291 2.695234
-2.918166 -13.272577 -2.641549 2.695247
-3.010756 -13.251889 -2.641551 2.695247
-3.104504 -13.236115 -2.642662 2.695304
-3.202154 -13.236119 -2.647062 2.695529
-3.298629 -13.230076 -2.650394 2.695700
-3.394780 -13.221791 -2.653418 2.695855
-3.490734 -13.211893 -2.656258 2.696000
-3.587166 -13.202958 -2.659431 2.696163
-3.679810 -13.179600 -2.659836 2.696183
-3.775311 -13.166072 -2.662360 2.696313
-3.870072 -13.149373 -2.664382 2.696416
-3.964743 -13.131859 -2.666377 2.696518
-4.066701 -13.137383 -2.673198 2.696868
-4.163705 -13.125661 -2.676663 2.697045
-4.257623 -13.103615 -2.678164 2.697122
-4.352119 -13.082951 -2.680085 2.697220
-4.449511 -13.070350 -2.683802 2.697411
-4.547825 -13.059569 -2.688042 2.697628
-4.638079 -13.025238 -2.687575 2.697604
-4.730281 -12.996341 -2.688361 2.697644
-4.817070 -12.952707 -2.686226 2.697535
-4.915030 -12.938905 -2.690414 2.697749
-5.011955 -12.921588 -2.694024 2.697934
-5.107135 -12.899152 -2.696714 2.698072
-5.201171 -12.873349 -2.698845 2.698181
-5.290174 -12.834924 -2.698467 2.698161
-5.379110 -12.796395 -2.698196 2.698148
-5.471207 -12.765279 -2.699623 2.698221
-5.564512 -12.736666 -2.701722 2.698328
-5.656043 -12.703680 -2.703035 2.698395
-5.742395 -12.659039 -2.702001 2.698342
-5.826910 -12.610586 -2.700276 2.698254
-5.916043 -12.572227 -2.700840 2.698283
-6.002884 -12.528985 -2.700488 2.698265
-6.087551 -12.481328 -2.699311 2.698205
-6.171220 -12.431841 -2.697860 2.698130
-6.254655 -12.382110 -2.696478 2.698060
-6.341178 -12.338595 -2.696577 2.698065
-6.425779 -12.291382 -2.695997 2.698035
-6.515172 -12.253255 -2.697546 2.698114
-6.603235 -12.212426 -2.698641 2.698170
-6.695152 -12.178434 -2.701392 2.698311
-6.785429 -12.141094 -2.703551 2.698422
-6.875155 -12.102463 -2.705571 2.698525
-6.960491 -12.055923 -2.705965 2.698545
-7.048793 -12.014375 -2.707618 2.698630
-7.140305 -11.977971 -2.710583 2.698782
-7.224016 -11.928266 -2.710681 2.698787
-7.309311 -11.881116 -2.711497 2.698829
-7.400569 -11.843387 -2.714612 2.698988
-7.489123 -11.800968 -2.716807 2.699100
-7.573381 -11.751586 -2.717544 2.699138
-7.659570 -11.705048 -2.719082 2.699217
-7.750550 -11.665516 -2.722402 2.699387
-7.840198 -11.623570 -2.725321 2.699536
-7.923795 -11.572410 -2.726229 2.699583
-8.007186 -11.520828 -2.727181 2.699632
-8.090285 -11.468708 -2.728147 2.699681
-8.174002 -11.417326 -2.729432 2.699747
-8.258264 -11.366524 -2.731004 2.699827
-8.342259 -11.315165 -2.732591 2.699908
-8.426054 -11.263337 -2.734214 2.699992
-8.509625 -11.211015 -2.735868 2.700076
-8.584208 -11.146820 -2.734761 2.700020
-8.665756 -11.091661 -2.736004 2.700083
-8.750235 -11.040044 -2.738274 2.700200
-8.823100 -10.973722 -2.737035 2.700136
-8.903199 -10.916402 -2.738175 2.700194
-8.975278 -10.849244 -2.736980 2.700133
-9.053923 -10.790045 -2.737925 2.700182
-9.134095 -10.732522 -2.739444 2.700259
-9.201098 -10.659574 -2.737153 2.700142
-9.271401 -10.590637 -2.736005 2.700083
-9.341287 -10.521341 -2.734885 2.700026
-9.410748 -10.451694 -2.733792 2.699970
-9.479790 -10.381691 -2.732727 2.699916
-9.548406 -10.311339 -2.731688 2.699862
-9.616598 -10.240638 -2.730678 2.699811
-9.684369 -10.169587 -2.729694 2.699760
-9.751712 -10.098192 -2.728738 2.699711
-9.818630 -10.026451 -2.727809 2.699664
-9.891308 -9.960603 -2.728615 2.699705
-9.965816 -9.896483 -2.730043 2.699778
-10.032583 -9.824629 -2.729476 2.699749
-10.099164 -9.752648 -2.729000 2.699725
-10.170107 -9.684858 -2.729833 2.699767
-10.234594 -9.610923 -2.729066 2.699728
-10.298649 -9.536654 -2.728326 2.699690
-10.362270 -9.462051 -2.727614 2.699654
-10.425314 -9.386994 -2.726892 2.699617
-10.486029 -9.309929 -2.725705 2.699556
-10.546205 -9.232503 -2.724527 2.699496
-10.605842 -9.154717 -2.723356 2.699436
-10.664940 -9.076572 -2.722193 2.699376
-10.723493 -8.998078 -2.721038 2.699317
-10.781495 -8.919225 -2.719888 2.699258
-10.838958 -8.840037 -2.718750 2.699200
-10.895874 -8.760509 -2.717619 2.699142
-10.952243 -8.680638 -2.716496 2.699085
-11.008059 -8.600438 -2.715381 2.699028
-11.063324 -8.519903 -2.714275 2.698971
-11.118033 -8.439046 -2.713177 2.698915
-11.172188 -8.357865 -2.712087 2.698859
-11.225787 -8.276361 -2.711006 2.698803
-11.278826 -8.194546 -2.709933 2.698749
-11.331306 -8.112415 -2.708868 2.698694
-11.383223 -8.029980 -2.707811 2.698640
-11.434577 -7.947239 -2.706764 2.698586
-11.485369 -7.864194 -2.705724 2.698533
-11.535593 -7.780856 -2.704693 2.698480
-11.585252 -7.697220 -2.703671 2.698428
-11.634340 -7.613298 -2.702657 2.698376
-11.682859 -7.529090 -2.701651 2.698324
-11.730809 -7.444596 -2.700655 2.698273
-11.778185 -7.359827 -2.699667 2.698223
-11.824988 -7.274778 -2.698687 2.698173
-11.871216 -7.189463 -2.697717 2.698123
-11.916866 -7.103879 -2.696755 2.698074
-11.961943 -7.018028 -2.695802 2.698025
-12.006437 -6.931920 -2.694857 2.697977
-12.050355 -6.845551 -2.693922 2.697929
-12.093690 -6.758934 -2.692995 2.697881
-12.136443 -6.672067 -2.692078 2.697834
-12.178616 -6.584951 -2.691169 2.697788
-12.220201 -6.497596 -2.690269 2.697742
-12.261205 -6.410000 -2.689378 2.697696
-12.301620 -6.322173 -2.688496 2.697651
-12.341448 -6.234114 -2.687623 2.697606
-12.380689 -6.145825 -2.686759 2.697562
-12.419340 -6.057316 -2.685905 2.697518
-12.457402 -5.968585 -2.685059 2.697475
-12.494872 -5.879640 -2.684222 2.697432
-12.531751 -5.790482 -2.683395 2.697390
-12.568037 -5.701113 -2.682577 2.697348
-12.603728 -5.611541 -2.681768 2.697306
-12.638827 -5.521765 -2.680968 2.697266
-12.673329 -5.431795 -2.680177 2.697225
-12.707234 -5.341630 -2.679396 2.697185
-12.740545 -5.251272 -2.678624 2.697145
-12.773256 -5.160730 -2.677861 2.697106
-12.805369 -5.070002 -2.677107 2.697068
-12.836884 -4.979098 -2.676363 2.697030
-12.867797 -4.888018 -2.675629 2.696992
-12.898110 -4.796762 -2.674903 2.696955
-12.927822 -4.705342 -2.674187 2.696918
-12.956933 -4.613754 -2.673481 2.696882
-12.985440 -4.522007 -2.672784 2.696846
-13.013344 -4.430104 -2.672096 2.696811
-13.040645 -4.338043 -2.671418 2.696776
-13.067340 -4.245836 -2.670749 2.696742
-13.093431 -4.153479 -2.670090 2.696708
-13.118917 -4.060982 -2.669441 2.696675
-13.143795 -3.968346 -2.668801 2.696642
-13.168068 -3.875571 -2.668170 2.696610
-13.191733 -3.782668 -2.667549 2.696579
-13.214791 -3.689633 -2.666938 2.696547
-13.237241 -3.596478 -2.666337 2.696516
-13.259081 -3.503201 -2.665745 2.696486
-13.280314 -3.409803 -2.665162 2.696456
-13.300937 -3.316296 -2.664590 2.696427
-13.320951 -3.222674 -2.664027 2.696398
-13.340353 -3.128950 -2.663474 2.696370
-13.359145 -3.035124 -2.662930 2.696342
-13.377327 -2.941194 -2.662396 2.696315
-13.394897 -2.847173 -2.661873 2.696288
-13.411857 -2.753056 -2.661358 2.696261
-13.428204 -2.658855 -2.660854 2.696236
-13.443938 -2.564569 -2.660359 2.696210
-13.459062 -2.470198 -2.659874 2.696186
-13.473572 -2.375754 -2.659399 2.696161
-13.487471 -2.281232 -2.658934 2.696137
-13.500754 -2.186644 -2.658479 2.696114
-13.513426 -2.091989 -2.658033 2.696091
-13.525485 -1.997268 -2.657598 2.696069
-13.536930 -1.902491 -2.657172 2.696047
-13.547761 -1.807655 -2.656756 2.696026
-13.557979 -1.712770 -2.656350 2.696005
-13.567582 -1.617837 -2.655954 2.695985
-13.576572 -1.522855 -2.655568 2.695965
-13.584949 -1.427835 -2.655192 2.695946
-13.592710 -1.332775 -2.654826 2.695927
-13.599858 -1.237683 -2.654469 2.695909
-13.606392 -1.142561 -2.654123 2.695891
-13.612312 -1.047409 -2.653787 2.695874
-13.617618 -0.952236 -2.653460 2.695857
-13.622309 -0.857041 -2.653144 2.695841
-13.626387 -0.761832 -2.652838 2.695825
-13.629850 -0.666611 -2.652541 2.695810
-13.632700 -0.571378 -2.652255 2.695796
-13.634936 -0.476142 -2.651978 2.695781
-13.636559 -0.380901 -2.651712 2.695767
-13.637322 -0.285660 -2.651408 2.695752
-13.637718 -0.190431 -2.651162 2.695739
-13.637501 -0.095208 -2.650926 2.695727
-13.636669 0.000000 -2.650700 2.695716
-13.635225 0.095196 -2.650484 2.695705
-13.633169 0.190368 -2.650278 2.695694
-13.630500 0.285518 -2.650082 2.695684
-13.627219 0.380644 -2.649896 2.695675
-13.623326 0.475737 -2.649720 2.695666
-13.618821 0.570800 -2.649555 2.695657
-13.613705 0.665822 -2.649399 2.695649
-13.607978 0.760804 -2.649254 2.695642
-13.601640 0.855744 -2.649118 2.695635
-13.594691 0.950634 -2.648993 2.695628
-13.587132 1.045475 -2.648878 2.695622
-13.578963 1.140258 -2.648773 2.695617
-13.573162 1.235254 -2.649259 2.695642
-13.576539 1.331193 -2.651667 2.695765
-13.579372 1.427250 -2.654102 2.695890
-13.577012 1.522908 -2.655654 2.695970
-13.565770 1.617621 -2.655599 2.695966
-13.553920 1.712258 -2.655555 2.695964
-13.541460 1.806818 -2.655520 2.695963
-13.528393 1.901292 -2.655496 2.695961
-13.514718 1.995682 -2.655482 2.695961
-13.500437 2.089979 -2.655478 2.695961
-13.485549 2.184182 -2.655485 2.695961
-13.470055 2.278291 -2.655501 2.695962
-13.453956 2.372296 -2.655528 2.695963
-13.437252 2.466200 -2.655564 2.695965
-13.419944 2.559992 -2.655611 2.695967
-13.402033 2.653673 -2.655668 2.695970
-13.383518 2.747244 -2.655735 2.695974
-13.364402 2.840692 -2.655813 2.695977
-13.344684 2.934021 -2.655900 2.695982
-13.324365 3.027222 -2.655998 2.695987
-13.303447 3.120295 -2.656105 2.695992
-13.281927 3.213238 -2.656223 2.695999
-13.259810 3.306042 -2.656351 2.696005
-13.237094 3.398711 -2.656489 2.696012
-13.213782 3.491233 -2.656637 2.696020
-13.189874 3.583609 -2.656796 2.696028
-13.165368 3.675838 -2.656964 2.696036
-13.140268 3.767912 -2.657143 2.696046
-13.114574 3.859832 -2.657331 2.696055
-13.088287 3.951588 -2.657530 2.696066
-13.061408 4.043181 -2.657739 2.696076
-13.033937 4.134610 -2.657958 2.696087
-13.005876 4.225865 -2.658187 2.696099
-12.977223 4.316950 -2.658426 2.696111
-12.947984 4.407854 -2.658675 2.696124
-12.918156 4.498577 -2.658935 2.696137
-12.887740 4.589119 -2.659204 2.696151
-12.856739 4.679471 -2.659483 2.696166
-12.825152 4.769634 -2.659773 2.696180
-12.792982 4.859599 -2.660072 2.696196
-12.760229 4.949366 -2.660382 2.696211
-12.726893 5.038935 -2.660701 2.696228
-12.692978 5.128296 -2.661031 2.696245
-12.658481 5.217452 -2.661371 2.696262
-12.623405 5.306392 -2.661720 2.696280
-12.587753 5.395118 -2.662080 2.696298
-12.551523 5.483627 -2.662449 2.696317
-12.514719 5.571912 -2.662829 2.696337
-12.477339 5.659975 -2.663218 2.696357
-12.439386 5.747805 -2.663617 2.696377
-12.400863 5.835402 -2.664027 2.696398
-12.361766 5.922768 -2.664446 2.696420
-12.322102 6.009891 -2.664875 2.696442
-12.281867 6.096775 -2.665314 2.696464
-12.241067 6.183409 -2.665763 2.696487
-12.199700 6.269794 -2.666222 2.696511
-12.157768 6.355930 -2.666691 2.696534
-12.115274 6.441806 -2.667169 2.696559
-12.072216 6.527426 -2.667658 2.696584
-12.028600 6.612780 -2.668156 2.696609
-11.984423 6.697867 -2.668664 2.696635
-11.939687 6.782688 -2.669182 2.696662
-11.894396 6.867233 -2.669710 2.696689
-11.848548 6.951505 -2.670247 2.696717
-11.802148 7.035493 -2.670794 2.696745
-11.755195 7.119198 -2.671351 2.696773
-11.707689 7.202621 -2.671918 2.696802
-11.659636 7.285749 -2.672494 2.696831
-11.611032 7.368588 -2.673080 2.696862
-11.561885 7.451128 -2.673676 2.696892
-11.512192 7.533367 -2.674282 2.696923
-8.097863 5.380209 -1.889813 2.656758
-7.906817 5.333216 -1.853872 2.654918
-7.808665 5.346706 -1.839566 2.654186
-7.732208 5.374025 -1.830348 2.653714
-7.640209 5.389575 -1.817433 2.653053
-7.314806 5.236888 -1.748682 2.649532
-7.337827 5.331244 -1.763040 2.650268
-7.317964 5.395271 -1.767275 2.650484
-7.298005 5.459606 -1.771616 2.650707
-6.389134 4.849617 -1.559165 2.639829
-6.297172 4.849476 -1.544948 2.639101
-6.309726 4.929698 -1.556434 2.639689
-6.263976 4.964768 -1.553661 2.639547
-7.053730 5.671346 -1.759322 2.650077
-7.033540 5.736415 -1.764232 2.650329
-6.511276 5.386597 -1.642625 2.644102
-6.409268 5.378015 -1.626323 2.643268
-6.461696 5.499336 -1.649328 2.644446
-5.541870 4.783615 -1.423035 2.632859
-5.425304 4.749495 -1.401583 2.631761
-5.315030 4.718905 -1.381572 2.630736
-5.220030 4.700137 -1.365375 2.629907
-5.133103 4.687169 -1.351164 2.629180
-5.048272 4.674751 -1.337392 2.628474
-4.964998 4.662443 -1.323922 2.627785
-4.946270 4.710271 -1.327665 2.627976
-4.930462 4.761292 -1.332312 2.628214
-4.914542 4.812676 -1.337056 2.628457
-4.898507 4.864428 -1.341900 2.628705
-4.882354 4.916558 -1.346846 2.628958
-4.866076 4.969075 -1.351892 2.629217
-4.849649 5.021959 -1.357036 2.629480
-4.833096 5.075252 -1.362286 2.629749
-4.816412 5.128959 -1.367643 2.630023
-4.799596 5.183093 -1.373109 2.630303
-4.782644 5.237665 -1.378687 2.630589
-4.765553 5.292682 -1.384378 2.630880
-4.748318 5.348161 -1.390184 2.631177
-4.730470 5.403573 -1.395969 2.631474
-9.097053 10.539037 -2.706202 2.698557
-9.026535 10.606145 -2.707186 2.698608
-8.955554 10.672814 -2.708178 2.698659
-8.884109 10.739046 -2.709180 2.698710
-8.812205 10.804832 -2.710190 2.698762
-8.739843 10.870173 -2.711208 2.698814
-8.667024 10.935065 -2.712235 2.698866
-8.593754 10.999504 -2.713271 2.698920
-8.520030 11.063489 -2.714315 2.698973
-8.445861 11.127012 -2.715368 2.699027
-8.371246 11.190075 -2.716429 2.699081
-8.296185 11.252674 -2.717499 2.699136
-8.220686 11.314804 -2.718577 2.699191
-8.144746 11.376465 -2.719663 2.699247
-8.068373 11.437649 -2.720758 2.699303
-7.991566 11.498356 -2.721861 2.699359
-7.914428 11.558734 -2.723007 2.699418
-7.836762 11.618479 -2.724127 2.699475
-7.758668 11.677739 -2.725254 2.699533
-7.680154 11.736508 -2.726390 2.699591
-7.601221 11.794785 -2.727534 2.699650
-7.521867 11.852569 -2.728686 2.699709
-7.442101 11.909851 -2.729846 2.699768
-7.361920 11.966636 -2.731014 2.699828
-7.281334 12.022913 -2.732190 2.699888
-7.200341 12.078684 -2.733374 2.699949
-7.118942 12.133945 -2.734565 2.700010
-7.037145 12.188693 -2.735765 2.700071
-6.954947 12.242926 -2.736972 2.700133
-6.872357 12.296638 -2.738187 2.700195
-6.789376 12.349828 -2.739410 2.700258
-6.706002 12.402495 -2.740641 2.700321
-6.622245 12.454633 -2.741879 2.700384
-6.538102 12.506242 -2.743125 2.700448
-6.462630 12.574921 -2.748226 2.700709
-6.416795 12.703094 -2.766380 2.701639
-6.350819 12.793646 -2.776376 2.702150
-6.261083 12.837124 -2.776258 2.702144
-6.163819 12.864889 -2.772888 2.701972
-6.052144 12.861463 -2.762975 2.701464
-5.945626 12.867513 -2.755291 2.701071
-5.840393 12.875078 -2.748113 2.700703
-5.726640 12.862244 -2.736773 2.700123
-5.618520 12.860291 -2.727945 2.699671
-5.511208 12.858615 -2.719362 2.699231
-5.398796 12.843225 -2.708070 2.698653
-5.295638 12.848186 -2.701254 2.698304
-5.187127 12.838591 -2.691558 2.697808
-5.075996 12.820510 -2.680273 2.697230
-4.967311 12.806495 -2.670028 2.696705
-4.862336 12.800188 -2.661571 2.696272
-4.757851 12.793479 -2.653204 2.695844
-4.651449 12.779752 -2.643558 2.695350
-4.540852 12.752200 -2.631237 2.694719
-4.438044 12.744328 -2.623156 2.694306
-4.331370 12.723313 -2.612543 2.693762
-4.225340 12.701847 -2.602014 2.693223
-4.121707 12.685310 -2.592669 2.692745
-4.018678 12.668487 -2.583433 2.692272
-3.916257 12.651385 -2.574307 2.691804
-3.814437 12.634023 -2.565293 2.691343
-3.713212 12.616417 -2.556392 2.690887
-3.612573 12.598541 -2.547598 2.690437
-3.513219 12.582945 -2.539423 2.690018
-3.412068 12.558499 -2.529620 2.689517
-3.313725 12.541943 -2.521564 2.689104
-3.218294 12.534433 -2.515475 2.688792
-3.123247 12.526660 -2.509478 2.688485
-3.025818 12.507228 -2.501293 2.688066
-2.929828 12.491405 -2.493977 2.687691
-2.835333 12.479777 -2.487642 2.687367
-2.740108 12.462731 -2.480371 2.686995
-2.644425 12.441044 -2.472320 2.686583
-2.549296 12.419197 -2.464382 2.686176
-2.454705 12.397190 -2.456554 2.685776
-2.361530 12.379588 -2.449740 2.685427
-2.269458 12.365312 -2.443720 2.685118
-2.177398 12.348641 -2.437362 2.684793
-2.083904 12.320774 -2.428931 2.684361
-1.992563 12.302485 -2.422523 2.684033
-1.902048 12.286500 -2.416702 2.683735
-1.811991 12.270793 -2.411066 2.683446
-1.722158 12.253791 -2.405304 2.683151
-1.632683 12.236382 -2.399591 2.682859
-1.544315 12.224544 -2.395097 2.682629
-1.456242 12.212440 -2.390675 2.682402
-1.368461 12.200115 -2.386334 2.682180
-1.280963 12.187555 -2.382070 2.681962
-1.193743 12.174726 -2.377876 2.681747
-1.106793 12.161652 -2.373755 2.681536
-1.020129 12.148422 -2.369725 2.681330
-0.933731 12.134934 -2.365765 2.681127
-0.847526 12.120188 -2.361679 2.680918
-0.761239 12.099530 -2.356560 2.680656
-0.675051 12.074248 -2.350661 2.680354
-0.589279 12.048748 -2.344839 2.680056
-0.504180 12.029397 -2.340331 2.679825
-0.419421 12.010640 -2.336055 2.679606
-0.334911 11.989944 -2.331518 2.679374
-0.250603 11.963841 -2.326046 2.679094
-0.166688 11.937595 -2.320660 2.678818
-0.083115 11.905360 -2.314224 2.678488
0.000000 11.871106 -2.307509 2.678144
0.082637 11.836769 -2.300891 2.677806
0.164807 11.802345 -2.294367 2.677472
0.246504 11.767842 -2.287939 2.677142
0.327741 11.733254 -2.281603 2.676818
0.408191 11.689063 -2.273509 2.676404
0.488058 11.644729 -2.265493 2.675993
0.567825 11.609943 -2.259442 2.675683
0.646995 11.572299 -2.252940 2.675350
0.725243 11.527384 -2.245127 2.674950
0.802924 11.482346 -2.237392 2.674554
0.880059 11.437395 -2.229776 2.674164
0.956658 11.392488 -2.222269 2.673780
1.032133 11.341208 -2.213618 2.673337
1.107316 11.293267 -2.205716 2.672933
1.182437 11.250131 -2.198849 2.672581
1.257068 11.207019 -2.192085 2.672235
1.331218 11.163899 -2.185416 2.671893
1.404161 11.115058 -2.177720 2.671499
1.476052 11.062484 -2.169386 2.671072
1.548288 11.016642 -2.162463 2.670718
1.620225 10.972148 -2.155897 2.670382
1.691698 10.927679 -2.149428 2.670051
1.762703 10.883242 -2.143056 2.669724
1.833890 10.842600 -2.137522 2.669441
1.904259 10.799588 -2.131611 2.669138
1.974169 10.756406 -2.125757 2.668839
2.043662 10.713231 -2.119992 2.668544
2.112733 10.670069 -2.114318 2.668253
2.181388 10.626888 -2.108728 2.667967
2.249633 10.583689 -2.103221 2.667685
2.317472 10.540470 -2.097797 2.667407
2.384066 10.493489 -2.091708 2.667095
2.451163 10.450574 -2.086514 2.666829
2.518073 10.408459 -2.081564 2.666576
2.583097 10.360237 -2.075477 2.666264
2.647051 10.309587 -2.068982 2.665932
2.711486 10.262549 -2.063291 2.665640
2.776708 10.219973 -2.058578 2.665399
2.841647 10.177631 -2.053995 2.665164
2.906242 10.135271 -2.049491 2.664934
2.970487 10.092852 -2.045057 2.664707
3.034937 10.052185 -2.041060 2.664502
3.100652 10.016580 -2.038177 2.664355
3.164610 9.976110 -2.034388 2.664161
3.227267 9.932505 -2.030041 2.663938
3.289586 9.888864 -2.025765 2.663719
3.351577 9.845181 -2.021561 2.663504
3.413220 9.801426 -2.017421 2.663292
3.474536 9.757627 -2.013349 2.663083
3.535534 9.713799 -2.009350 2.662879
3.597435 9.673212 -2.006101 2.662712
3.660597 9.636580 -2.003755 2.662592
3.722348 9.596781 -2.000834 2.662443
3.782456 9.553390 -1.997244 2.662259
3.842259 9.509924 -1.993717 2.662078
3.901869 9.466645 -1.990306 2.661904
3.960839 9.422455 -1.986781 2.661723
4.019912 9.379150 -1.983519 2.661556
4.081281 9.341680 -1.981572 2.661456
4.142437 9.304067 -1.979680 2.661360
4.201632 9.262448 -1.977017 2.661223
4.261904 9.223597 -1.975028 2.661121
4.321962 9.184632 -1.973097 2.661023
4.380815 9.143463 -1.970775 2.660904
4.437708 9.098650 -1.967746 2.660748
4.496656 9.058457 -1.965795 2.660649
4.556283 9.019900 -1.964283 2.660571
4.615712 8.981199 -1.962825 2.660497
4.674949 8.942349 -1.961419 2.660424
4.733996 8.903352 -1.960067 2.660355
4.792856 8.864203 -1.958767 2.660289
4.851534 8.824902 -1.957519 2.660225
4.911639 8.788339 -1.956968 2.660197
4.969570 8.748023 -1.955668 2.660130
5.027322 8.707577 -1.954425 2.660067
5.084921 8.667040 -1.953246 2.660006
5.142329 8.626330 -1.952116 2.659948
5.199561 8.585490 -1.951041 2.659893
5.256623 8.544517 -1.950022 2.659841
5.313519 8.503407 -1.949058 2.659792
5.371055 8.463429 -1.948442 2.659760
5.430810 8.426962 -1.948728 2.659775
5.490061 8.389688 -1.948924 2.659785
5.546100 8.347549 -1.948083 2.659742
5.601986 8.305286 -1.947299 2.659702
5.659415 8.265369 -1.947156 2.659694
5.717005 8.225687 -1.947164 2.659695
5.772738 8.183374 -1.946640 2.659668
5.828324 8.140915 -1.946172 2.659644
5.885896 8.101241 -1.946463 2.659659
5.944706 8.063205 -1.947248 2.659699
6.003464 8.024990 -1.948095 2.659742
6.062148 7.986580 -1.948997 2.659789
6.120742 7.947944 -1.949948 2.659837
6.179265 7.909098 -1.950954 2.659889
6.237723 7.870049 -1.952016 2.659943
6.296123 7.830792 -1.953135 2.660001
6.354457 7.791331 -1.954310 2.660061
6.416387 7.756078 -1.956655 2.660181
6.479363 7.721804 -1.959373 2.660320
6.540162 7.684666 -1.961487 2.660428
6.598375 7.644286 -1.962891 2.660500
6.656532 7.603692 -1.964353 2.660575
6.719172 7.567984 -1.967198 2.660720
6.782175 7.532368 -1.970200 2.660874
6.845239 7.496495 -1.973269 2.661031
6.908364 7.460350 -1.976403 2.661192
6.971520 7.423912 -1.979595 2.661355
7.034699 7.387160 -1.982842 2.661521
7.097928 7.350119 -1.986152 2.661691
7.161242 7.312820 -1.989535 2.661864
7.224615 7.275224 -1.992981 2.662040
7.292354 7.241617 -1.997672 2.662281
7.360810 7.208236 -2.002591 2.662533
7.428647 7.173760 -2.007372 2.662777
7.492332 7.134852 -2.011072 2.662967
7.556097 7.095643 -2.014841 2.663160
7.622244 7.058272 -2.019291 2.663388
7.691456 7.023263 -2.024588 2.663659
7.760817 6.987871 -2.029954 2.663934
7.834703 6.955976 -2.036528 2.664270
7.910144 6.924803 -2.043521 2.664628
7.987002 6.894192 -2.050893 2.665006
8.069130 6.867366 -2.059620 2.665452
8.151742 6.840123 -2.068468 2.665905
8.234838 6.812451 -2.077434 2.666365
8.318461 6.784367 -2.086530 2.666830
8.403984 6.756974 -2.096098 2.667320
8.495492 6.733442 -2.107146 2.667886
8.587729 6.709468 -2.118353 2.668460
8.693222 6.694683 -2.132795 2.669199
8.802417 6.681393 -2.148088 2.669982
8.918197 6.671660 -2.164923 2.670844
9.038796 6.663974 -2.182852 2.671762
9.161120 6.655943 -2.201118 2.672697
9.289395 6.650555 -2.220728 2.673701
9.418427 6.643965 -2.240431 2.674710
9.516755 6.614314 -2.252781 2.675342
9.625567 6.590762 -2.267592 2.676101
9.746669 6.574211 -2.285253 2.677005
9.860732 6.551456 -2.301217 2.677822
9.958109 6.516399 -2.313268 2.678439
10.059106 6.482648 -2.326159 2.679099
10.157106 6.445894 -2.338358 2.679724
10.243329 6.400742 -2.347864 2.680211
10.339590 6.360959 -2.359691 2.680816
10.432140 6.317924 -2.370688 2.681379
10.503983 6.261627 -2.377023 2.681703
10.575500 6.204607 -2.383346 2.682027
10.641505 6.143876 -2.388497 2.682291
10.707982 6.082982 -2.393828 2.682564
10.780898 6.025236 -2.400666 2.682914
10.854007 5.967038 -2.407610 2.683270
10.917545 5.903093 -2.412504 2.683520
10.977283 5.836725 -2.416641 2.683732
11.037008 5.770010 -2.420863 2.683948
11.096726 5.702938 -2.425169 2.684169
11.156817 5.635711 -2.429643 2.684398
11.223085 5.571186 -2.435545 2.684700
11.288951 5.505989 -2.441438 2.685002
11.343472 5.434883 -2.444964 2.685182
11.396611 5.362833 -2.448287 2.685352
11.454910 5.292909 -2.452813 2.685584
11.509186 5.220796 -2.456571 2.685776
11.563405 5.148359 -2.460412 2.685973
11.618570 5.076030 -2.464550 2.686185
11.675984 5.004329 -2.469257 2.686426
11.728745 4.930307 -2.473075 2.686621
11.779993 4.855361 -2.476673 2.686805
11.834059 4.781270 -2.480962 2.687025
11.886631 4.706251 -2.485035 2.687234
11.935674 4.629538 -2.488470 2.687409
11.986320 4.553173 -2.492341 2.687608
12.036865 4.476468 -2.496292 2.687810
12.085525 4.398771 -2.499954 2.687998
12.130990 4.319653 -2.503059 2.688157
12.176367 4.240255 -2.506253 2.688320
12.221324 4.160475 -2.509466 2.688485
12.271172 4.082074 -2.513789 2.688706
12.321043 4.003349 -2.518219 2.688933
12.370859 3.924269 -2.522739 2.689164
12.420600 3.844813 -2.527347 2.689400
12.470249 3.764987 -2.532039 2.689640
12.519811 3.684779 -2.536818 2.689885
12.569269 3.604180 -2.541679 2.690134
12.618610 3.523180 -2.546620 2.690387
12.667876 3.441781 -2.551651 2.690645
12.717097 3.359999 -2.556778 2.690907
12.766236 3.277811 -2.561995 2.691174
12.815294 3.195211 -2.567301 2.691446
12.866497 3.112734 -2.573142 2.691745
12.921810 3.030779 -2.579909 2.692091
12.977080 2.948317 -2.586772 2.692443
13.025707 2.863886 -2.592416 2.692732
13.071389 2.778409 -2.597584 2.692996
13.121760 2.693512 -2.603794 2.693314
13.174565 2.608629 -2.610594 2.693662
13.223075 2.522433 -2.616653 2.693973
13.271512 2.435776 -2.622809 2.694288
13.320574 2.348776 -2.629201 2.694615
13.375379 2.262277 -2.636836 2.695006
13.430156 2.175206 -2.644577 2.695402
13.483048 2.087283 -2.652058 2.695785
13.531159 1.998106 -2.658713 2.696126
13.579246 1.908438 -2.665478 2.696472
13.626236 1.818129 -2.672145 2.696814
13.670565 1.726989 -2.678408 2.697134
13.714757 1.635383 -2.684765 2.697460
13.768906 1.544428 -2.693188 2.697891
13.823283 1.452885 -2.701775 2.698331
13.877636 1.360715 -2.710475 2.698776
13.929965 1.267721 -2.718901 2.699208
13.975113 1.173520 -2.726047 2.699574
14.018643 1.078674 -2.733003 2.699930
14.062042 0.983314 -2.740059 2.700291
14.105808 0.887463 -2.747313 2.700662
14.158057 0.791553 -2.756345 2.701125
14.212110 0.695085 -2.765856 2.701612
14.255384 0.597476 -2.773399 2.701998
14.303996 0.499506 -2.782110 2.702444
14.353251 0.400924 -2.791078 2.702903
14.402501 0.301684 -2.800177 2.703369
14.451509 0.201791 -2.809363 2.703839
14.500399 0.101232 -2.818660 2.704315
13.142932 -0.000000 -3.034285 2.715355
13.185336 -0.092053 -3.044149 2.715860
13.227659 -0.184705 -3.054143 2.716372
13.267750 -0.277920 -3.063773 2.716865
13.300214 -0.371509 -3.071794 2.717276
13.336357 -0.465716 -3.080817 2.717738
13.371141 -0.560417 -3.089681 2.718192
13.414087 -0.656059 -3.100588 2.718750
13.418532 -0.750213 -3.102750 2.718861
13.413642 -0.843915 -3.102906 2.718869
13.408048 -0.937582 -3.103050 2.718876
13.401749 -1.031209 -3.103183 2.718883
13.394745 -1.124789 -3.103304 2.718889
13.387038 -1.218316 -3.103414 2.718895
13.378629 -1.311786 -3.103512 2.718900
13.369516 -1.405193 -3.103598 2.718904
13.359701 -1.498531 -3.103672 2.718908
13.349184 -1.591794 -3.103735 2.718911
13.337966 -1.684977 -3.103786 2.718914
13.326047 -1.778075 -3.103826 2.718916
13.313429 -1.871081 -3.103854 2.718917
13.300111 -1.963990 -3.103870 2.718918
13.286095 -2.056797 -3.103874 2.718918
13.271381 -2.149495 -3.103867 2.718918
13.255971 -2.242080 -3.103848 2.718917
13.239865 -2.334546 -3.103818 2.718915
13.223065 -2.426887 -3.103776 2.718913
13.205571 -2.519098 -3.103722 2.718910
13.187384 -2.611173 -3.103656 2.718907
13.168506 -2.703106 -3.103579 2.718903
13.148937 -2.794893 -3.103490 2.718899
13.128680 -2.886528 -3.103390 2.718894
13.107735 -2.978004 -3.103277 2.718888
13.086103 -3.069318 -3.103154 2.718881
13.063787 -3.160463 -3.103018 2.718874
13.040786 -3.251433 -3.102871 2.718867
13.017103 -3.342225 -3.102713 2.718859
12.992741 -3.432830 -3.102542 2.718850
12.967699 -3.523246 -3.102360 2.718841
12.941979 -3.613466 -3.102167 2.718831
12.915584 -3.703484 -3.101962 2.718820
12.888515 -3.793296 -3.101746 2.718809
12.860773 -3.882897 -3.101518 2.718798
12.832361 -3.972280 -3.101278 2.718786
12.803281 -4.061440 -3.101027 2.718773
12.773534 -4.150373 -3.100765 2.718759
12.743122 -4.239073 -3.100491 2.718745
12.712047 -4.327534 -3.100206 2.718730
12.680311 -4.415752 -3.099909 2.718715
12.647918 -4.503721 -3.099601 2.718699
12.614867 -4.591436 -3.099281 2.718683
12.581162 -4.678893 -3.098950 2.718666
12.546805 -4.766085 -3.098608 2.718649
12.511799 -4.853007 -3.098254 2.718631
12.476145 -4.939655 -3.097890 2.718612
12.439845 -5.026024 -3.097514 2.718593
12.402904 -5.112108 -3.097126 2.718573
12.365321 -5.197903 -3.096728 2.718553
12.327101 -5.283403 -3.096318 2.718531
12.288246 -5.368603 -3.095897 2.718510
12.248757 -5.453498 -3.095466 2.718488
12.208640 -5.538085 -3.095023 2.718465
12.167894 -5.622357 -3.094569 2.718442
12.126524 -5.706309 -3.094104 2.718418
12.084532 -5.789938 -3.093627 2.718394
12.041920 -5.873237 -3.093141 2.718369
11.998693 -5.956203 -3.092643 2.718343
11.954851 -6.038830 -3.092134 2.718317
11.910399 -6.121114 -3.091614 2.718291
11.865340 -6.203050 -3.091084 2.718263
11.819675 -6.284634 -3.090543 2.718236
11.773410 -6.365860 -3.089991 2.718207
11.726545 -6.446723 -3.089428 2.718179
11.679086 -6.527221 -3.088855 2.718149
11.631034 -6.607347 -3.088271 2.718119
11.582393 -6.687098 -3.087676 2.718089
11.533166 -6.766469 -3.087071 2.718058
11.483356 -6.845455 -3.086456 2.718026
11.432967 -6.924052 -3.085830 2.717994
11.382003 -7.002255 -3.085193 2.717962
11.330465 -7.080060 -3.084547 2.717929
11.278358 -7.157464 -3.083890 2.717895
11.225685 -7.234461 -3.083222 2.717861
11.172450 -7.311047 -3.082545 2.717826
11.118656 -7.387218 -3.081857 2.717791
11.064307 -7.462970 -3.081159 2.717755
11.009406 -7.538299 -3.080451 2.717719
10.953958 -7.613199 -3.079733 2.717682
10.897964 -7.687668 -3.079005 2.717645
10.841430 -7.761703 -3.078267 2.717607
10.784359 -7.835296 -3.077519 2.717569
10.726754 -7.908446 -3.076762 2.717530
10.668620 -7.981148 -3.075994 2.717491
10.609961 -8.053399 -3.075217 2.717451
10.550778 -8.125194 -3.074430 2.717411
10.491078 -8.196529 -3.073634 2.717370
10.430864 -8.267402 -3.072828 2.717329
10.370141 -8.337808 -3.072012 2.717287
10.308910 -8.407743 -3.071187 2.717245
10.247177 -8.477203 -3.070353 2.717202
10.184946 -8.546185 -3.069509 2.717159
10.122221 -8.614686 -3.068656 2.717115
10.059006 -8.682701 -3.067793 2.717071
9.995303 -8.750227 -3.066922 2.717026
9.931120 -8.817262 -3.066041 2.716981
9.866459 -8.883800 -3.065151 2.716936
9.801323 -8.949839 -3.064253 2.716890
9.735719 -9.015375 -3.063345 2.716843
9.669649 -9.080405 -3.062429 2.716796
9.603118 -9.144927 -3.061503 2.716749
9.536131 -9.208935 -3.060569 2.716701
9.468691 -9.272428 -3.059627 2.716653
9.400803 -9.335401 -3.058675 2.716604
9.332471 -9.397853 -3.057715 2.716555
9.263699 -9.459779 -3.056746 2.716505
9.194493 -9.521176 -3.055770 2.716455
9.124855 -9.582043 -3.054784 2.716405
9.054792 -9.642375 -3.053791 2.716354
8.984307 -9.702169 -3.052789 2.716303
8.913404 -9.761425 -3.051779 2.716251
8.842090 -9.820136 -3.050761 2.716199
8.770366 -9.878302 -3.049734 2.716146
8.698238 -9.935918 -3.048700 2.716093
8.625711 -9.992984 -3.047658 2.716040
8.552790 -10.049496 -3.046608 2.715986
8.479479 -10.105450 -3.045550 2.715932
8.405782 -10.160845 -3.044485 2.715878
8.331703 -10.215678 -3.043412 2.715823
8.257249 -10.269947 -3.042331 2.715767
8.182423 -10.323649 -3.041243 2.715712
8.107229 -10.376781 -3.040147 2.715655
8.031673 -10.429342 -3.039044 2.715599
7.955761 -10.481328 -3.037934 2.715542
7.879494 -10.532738 -3.036816 2.715485
7.802879 -10.583570 -3.035692 2.715427
7.725922 -10.633820 -3.034560 2.715369
7.648624 -10.683486 -3.033421 2.715311
7.570993 -10.732568 -3.032275 2.715252
7.493032 -10.781062 -3.031123 2.715194
7.414747 -10.828967 -3.029963 2.715134
7.336143 -10.876280 -3.028798 2.715074
7.257223 -10.922999 -3.027625 2.715014
7.177993 -10.969123 -3.026446 2.714954
7.098457 -11.014650 -3.025260 2.714893
7.018621 -11.059578 -3.024068 2.714832
6.938489 -11.103905 -3.022869 2.714771
6.858066 -11.147629 -3.021664 2.714709
6.777358 -11.190748 -3.020453 2.714647
6.696367 -11.233261 -3.019236 2.714585
6.615100 -11.275167 -3.018013 2.714522
6.533563 -11.316463 -3.016784 2.714459
6.451757 -11.357148 -3.015548 2.714396
6.369691 -11.397221 -3.014308 2.714333
6.287367 -11.436680 -3.013061 2.714269
6.204792 -11.475524 -3.011809 2.714205
6.121969 -11.513750 -3.010551 2.714140
6.038904 -11.551359 -3.009287 2.714076
5.955602 -11.588348 -3.008018 2.714010
5.872066 -11.624717 -3.006744 2.713945
5.788304 -11.660464 -3.005465 2.713880
5.704319 -11.695588 -3.004180 2.713814
5.620116 -11.730088 -3.002890 2.713748
5.535700 -11.763963 -3.001595 2.713681
5.451076 -11.797211 -3.000295 2.713615
5.366250 -11.829832 -2.998991 2.713548
5.281224 -11.861825 -2.997681 2.713481
5.196006 -11.893188 -2.996367 2.713414
5.110599 -11.923922 -2.995048 2.713346
5.025008 -11.954025 -2.993724 2.713279
4.939240 -11.983496 -2.992396 2.713211
4.853298 -12.012334 -2.991064 2.713142
4.767186 -12.040540 -2.989727 2.713074
4.680911 -12.068110 -2.988385 2.713005
4.594476 -12.095048 -2.987040 2.712936
4.507890 -12.121349 -2.985691 2.712867
4.421152 -12.147016 -2.984337 2.712798
4.334270 -12.172046 -2.982980 2.712729
4.247249 -12.196439 -2.981618 2.712659
4.160092 -12.220196 -2.980253 2.712589
4.072808 -12.243314 -2.978884 2.712519
3.985398 -12.265795 -2.977512 2.712449
3.897867 -12.287638 -2.976135 2.712378
3.810222 -12.308842 -2.974756 2.712307
3.722466 -12.329407 -2.973373 2.712237
3.634606 -12.349333 -2.971987 2.712166
3.546645 -12.368621 -2.970597 2.712095
3.458587 -12.387269 -2.969204 2.712023
3.368532 -12.398260 -2.966130 2.711866
3.273427 -12.389427 -2.958477 2.711474
3.183801 -12.400085 -2.955642 2.711329
3.100881 -12.436957 -2.959198 2.711511
3.008447 -12.435433 -2.953767 2.711233
2.915224 -12.429125 -2.947362 2.710905
2.825788 -12.437757 -2.944659 2.710767
2.740437 -12.464224 -2.946324 2.710852
2.654837 -12.490026 -2.947970 2.710936
2.566823 -12.504592 -2.947106 2.710892
2.478269 -12.516179 -2.945688 2.710819
2.389677 -12.527130 -2.944267 2.710747
2.301052 -12.537445 -2.942844 2.710674
2.212396 -12.547125 -2.941419 2.710601
2.123716 -12.556170 -2.939991 2.710527
2.035017 -12.564579 -2.938562 2.710454
1.946302 -12.572355 -2.937132 2.710381
1.857579 -12.579497 -2.935699 2.710308
1.768848 -12.586006 -2.934265 2.710234
1.680115 -12.591884 -2.932829 2.710161
1.591387 -12.597129 -2.931391 2.710087
1.502666 -12.601743 -2.929952 2.710013
1.413959 -12.605726 -2.928512 2.709940
1.325267 -12.609079 -2.927070 2.709866
1.236598 -12.611805 -2.925627 2.709792
1.147954 -12.613901 -2.924183 2.709718
1.059341 -12.615371 -2.922738 2.709644
0.970765 -12.616213 -2.921292 2.709570
0.882227 -12.616430 -2.919845 2.709496
0.793732 -12.616023 -2.918397 2.709422
0.705287 -12.614992 -2.916949 2.709348
0.616894 -12.613338 -2.915499 2.709274
0.528560 -12.611062 -2.914049 2.709199
0.440287 -12.608166 -2.912599 2.709125
0.352079 -12.604650 -2.911148 2.709051
0.263942 -12.600514 -2.909696 2.708976
0.175880 -12.595762 -2.908244 2.708902
0.087899 -12.590394 -2.906792 2.708828
-0.000000 -12.584648 -2.905395 2.708756
-0.087813 -12.578051 -2.903943 2.708682
-0.175534 -12.570841 -2.902490 2.708607
-0.263159 -12.563020 -2.901038 2.708533
-0.350681 -12.554588 -2.899586 2.708459
-0.438100 -12.545548 -2.898134 2.708384
-0.525411 -12.535901 -2.896682 2.708310
-0.612607 -12.525648 -2.895230 2.708236
-0.699051 -12.503419 -2.891150 2.708027
-0.786173 -12.495869 -2.890603 2.707999
-0.873475 -12.491268 -2.890879 2.708013
-0.960177 -12.478606 -2.889429 2.707939
-1.045385 -12.449142 -2.884226 2.707672
-1.129815 -12.414567 -2.877973 2.707352
-1.215170 -12.393262 -2.874931 2.707196
-1.300656 -12.374910 -2.872710 2.707083
-1.386474 -12.360690 -2.871586 2.707025
-1.471985 -12.344434 -2.870127 2.706950
-1.557137 -12.326001 -2.868299 2.706857
-1.642115 -12.307080 -2.866494 2.706764
-1.726587 -12.285307 -2.864160 2.706645
-1.813031 -12.277815 -2.865295 2.706703
-1.898711 -12.264923 -2.865310 2.706704
-1.985969 -12.261738 -2.867735 2.706828
-2.069466 -12.235418 -2.864889 2.706682
-2.152711 -12.208630 -2.862065 2.706538
-2.236338 -12.184843 -2.860080 2.706436
-2.319396 -12.158692 -2.857673 2.706313
-2.403790 -12.140021 -2.857159 2.706286
-2.486135 -12.111507 -2.854464 2.706148
-2.570490 -12.093204 -2.854310 2.706141
-2.652518 -12.064339 -2.851798 2.706012
-2.732463 -12.026978 -2.847407 2.705787
-2.816616 -12.008699 -2.847665 2.705800
-2.900334 -11.988544 -2.847618 2.705798
-2.983937 -11.967916 -2.847597 2.705797
-3.065801 -11.940504 -2.846098 2.705720
-3.145533 -11.905361 -2.842887 2.705556
-3.225159 -11.870553 -2.839882 2.705402
-3.306793 -11.843602 -2.838888 2.705351
-3.391289 -11.826830 -2.840474 2.705432
-3.473787 -11.802913 -2.840485 2.705433
-3.557664 -11.783548 -2.841733 2.705497
-3.638755 -11.754912 -2.840884 2.705453
-3.716643 -11.716343 -2.837765 2.705293
-3.794152 -11.677200 -2.834631 2.705133
-3.871353 -11.637713 -2.831537 2.704975
-3.950880 -11.605630 -2.830374 2.704915
-4.031847 -11.577886 -2.830403 2.704916
-4.109260 -11.540142 -2.828120 2.704800
-4.187139 -11.504069 -2.826375 2.704710
-4.268354 -11.477257 -2.827040 2.704745
-4.350862 -11.453721 -2.828656 2.704827
-4.432836 -11.428529 -2.830008 2.704896
-4.510344 -11.391829 -2.828648 2.704827
-4.587563 -11.354616 -2.827292 2.704757
-4.664488 -11.316895 -2.825939 2.704688
-4.741117 -11.278668 -2.824590 2.704619
-4.817445 -11.239938 -2.823245 2.704550
-4.893468 -11.200706 -2.821903 2.704481
-4.969187 -11.160976 -2.820565 2.704413
-5.044597 -11.120750 -2.819231 2.704345
-5.119694 -11.080030 -2.817901 2.704277
-5.194476 -11.038820 -2.816574 2.704209
-5.268938 -10.997122 -2.815252 2.704141
-5.343080 -10.954937 -2.813933 2.704073
-5.416898 -10.912270 -2.812619 2.704006
-5.490389 -10.869121 -2.811309 2.703939
-5.563550 -10.825495 -2.810003 2.703872
-5.636376 -10.781394 -2.808701 2.703805
-5.708869 -10.736820 -2.807404 2.703739
-5.781023 -10.691776 -2.806110 2.703673
-5.852835 -10.646265 -2.804822 2.703607
-5.924303 -10.600289 -2.803538 2.703541
-5.995423 -10.553853 -2.802258 2.703475
-6.066195 -10.506957 -2.800983 2.703410
-6.136614 -10.459604 -2.799712 2.703345
-6.206678 -10.411798 -2.798446 2.703280
-6.276385 -10.363541 -2.797185 2.703216
-6.345730 -10.314837 -2.795929 2.703151
-6.414713 -10.265687 -2.794677 2.703087
-6.483331 -10.216094 -2.793430 2.703024
-6.551580 -10.166061 -2.792188 2.702960
-6.619460 -10.115592 -2.790951 2.702897
-6.686964 -10.064691 -2.789720 2.702833
-6.754094 -10.013356 -2.788493 2.702771
-6.820846 -9.961594 -2.787271 2.702708
-6.887217 -9.909406 -2.786055 2.702646
-6.953205 -9.856794 -2.784843 2.702584
-7.018806 -9.803765 -2.783637 2.702522
-7.084021 -9.750319 -2.782436 2.702461
-7.148845 -9.696457 -2.781241 2.702399
-7.213277 -9.642185 -2.780051 2.702339
-7.277314 -9.587505 -2.778866 2.702278
-7.340952 -9.532420 -2.777687 2.702218
-7.404192 -9.476933 -2.776513 2.702157
-7.467031 -9.421045 -2.775345 2.702098
-7.529464 -9.364763 -2.774183 2.702038
-7.591490 -9.308087 -2.773026 2.701979
-7.653111 -9.251019 -2.771875 2.701920
-7.714318 -9.193565 -2.770730 2.701861
-7.775115 -9.135726 -2.769590 2.701803
-7.835494 -9.077506 -2.768456 2.701745
-7.895457 -9.018909 -2.767328 2.701687
-7.955002 -8.959932 -2.766206 2.701630
-8.014125 -8.900587 -2.765090 2.701573
-8.072825 -8.840869 -2.763980 2.701516
-8.131100 -8.780787 -2.762876 2.701459
-8.188946 -8.720342 -2.761778 2.701403
-8.246365 -8.659534 -2.760686 2.701347
-8.303350 -8.598371 -2.759600 2.701292
-8.359905 -8.536851 -2.758521 2.701236
-8.416023 -8.474983 -2.757447 2.701181
-8.471704 -8.412766 -2.756381 2.701127
-8.526948 -8.350202 -2.755320 2.701072
-8.581749 -8.287298 -2.754266 2.701018
-8.636109 -8.224052 -2.753217 2.700965
-8.690023 -8.160474 -2.752176 2.700911
-8.743491 -8.096562 -2.751141 2.700858
-8.796514 -8.032319 -2.750112 2.700806
-8.849084 -7.967751 -2.749090 2.700753
-8.901205 -7.902857 -2.748075 2.700701
-8.952871 -7.837646 -2.747066 2.700650
-9.004083 -7.772116 -2.746063 2.700598
-9.054839 -7.706271 -2.745068 2.700547
-9.105136 -7.640116 -2.744079 2.700497
-9.154975 -7.573651 -2.743097 2.700446
-9.204351 -7.506885 -2.742121 2.700397
-9.253263 -7.439816 -2.741153 2.700347
-9.301714 -7.372446 -2.740191 2.700298
-9.349689 -7.304777 -2.739234 2.700249
-9.397204 -7.236819 -2.738286 2.700200
-9.444250 -7.168575 -2.737345 2.700152
-9.490826 -7.100045 -2.736411 2.700104
-9.536931 -7.031230 -2.735484 2.700057
-9.582561 -6.962138 -2.734564 2.700010
-9.627717 -6.892766 -2.733651 2.699963
-9.672396 -6.823124 -2.732745 2.699917
-9.716598 -6.753211 -2.731846 2.699870
-9.760321 -6.683030 -2.730955 2.699825
-9.803563 -6.612586 -2.730070 2.699780
-9.846325 -6.541880 -2.729193 2.699735
-9.888601 -6.470919 -2.728323 2.699690
-9.930394 -6.399703 -2.727461 2.699646
-9.971704 -6.328234 -2.726605 2.699602
-10.012524 -6.256519 -2.725757 2.699559
-10.052858 -6.184557 -2.724917 2.699516
-10.092701 -6.112356 -2.724083 2.699473
-10.132054 -6.039917 -2.723258 2.699431
-10.170918 -5.967240 -2.722439 2.699389
-10.209286 -5.894334 -2.721628 2.699347
-10.247162 -5.821196 -2.720825 2.699306
-10.284542 -5.747835 -2.720029 2.699265
-10.321425 -5.674252 -2.719241 2.699225
-10.357814 -5.600447 -2.718460 2.699185
-10.393703 -5.526429 -2.717687 2.699146
-10.429092 -5.452196 -2.716922 2.699106
-10.463982 -5.377755 -2.716164 2.699068
-10.498369 -5.303108 -2.715414 2.699029
-10.532256 -5.228256 -2.714671 2.698991
-10.565638 -5.153206 -2.713936 2.698953
-10.598517 -5.077956 -2.713209 2.698916
-10.630890 -5.002516 -2.712490 2.698879
-10.662757 -4.926886 -2.711779 2.698843
-10.694118 -4.851066 -2.711075 2.698807
-10.724971 -4.775064 -2.710379 2.698771
-10.755316 -4.698880 -2.709691 2.698736
-10.785150 -4.622520 -2.709011 2.698701
-10.814473 -4.545987 -2.708339 2.698667
-10.843287 -4.469279 -2.707675 2.698633
-10.871589 -4.392406 -2.707019 2.698599
-10.899378 -4.315367 -2.706370 2.698566
-10.926653 -4.238168 -2.705730 2.698533
-10.953413 -4.160812 -2.705098 2.698501
-10.979660 -4.083298 -2.704473 2.698469
-11.005391 -4.005634 -2.703857 2.698437
-11.030606 -3.927820 -2.703249 2.698406
-11.055304 -3.849863 -2.702649 2.698375
-11.079483 -3.771764 -2.702057 2.698345
-11.103146 -3.693523 -2.701473 2.698315
-11.126288 -3.615150 -2.700897 2.698286
-11.148913 -3.536641 -2.700330 2.698257
-11.171017 -3.458006 -2.699770 2.698228
-11.192600 -3.379246 -2.699219 2.698200
-11.213663 -3.300359 -2.698676 2.698172
-11.234203 -3.221356 -2.698142 2.698145
-11.254223 -3.142233 -2.697615 2.698118
-11.273719 -3.063001 -2.697097 2.698091
-11.292691 -2.983658 -2.696587 2.698065
-11.311142 -2.904206 -2.696085 2.698040
-11.329067 -2.824654 -2.695592 2.698014
-11.346469 -2.744998 -2.695107 2.697989
-11.363346 -2.665248 -2.694630 2.697965
-11.379697 -2.585404 -2.694162 2.697941
-11.395523 -2.505467 -2.693702 2.697917
-11.410824 -2.425445 -2.693250 2.697894
-11.425597 -2.345336 -2.692807 2.697872
-11.439640 -2.265109 -2.692324 2.697847
-11.453360 -2.184846 -2.691897 2.697825
-11.466554 -2.104505 -2.691479 2.697804
-11.479219 -2.024096 -2.691070 2.697783
-11.491358 -1.943616 -2.690669 2.697762
-11.502967 -1.863073 -2.690276 2.697742
-11.514050 -1.782469 -2.689892 2.697722
-11.524603 -1.701804 -2.689517 2.697703
-11.534628 -1.621086 -2.689149 2.697684
-11.544125 -1.540313 -2.688791 2.697666
-11.553092 -1.459494 -2.688441 2.697648
-11.561531 -1.378629 -2.688099 2.697631
-11.569440 -1.297719 -2.687766 2.697614
-11.576820 -1.216773 -2.687442 2.697597
-11.583671 -1.135787 -2.687126 2.697581
-11.589993 -1.054771 -2.686818 2.697565
-11.595784 -0.973726 -2.686520 2.697550
-11.601047 -0.892650 -2.686229 2.697535
-11.606251 -0.811588 -2.686057 2.697526
-11.618632 -0.730980 -2.687676 2.697609
-11.630553 -0.650248 -2.689318 2.697693
-11.642011 -0.569390 -2.690983 2.697778
-11.651003 -0.488320 -2.692208 2.697841
-11.653093 -0.406935 -2.691968 2.697829
-11.654653 -0.325542 -2.691738 2.697817
-11.655681 -0.244151 -2.691516 2.697806
-11.656178 -0.162762 -2.691303 2.697795
-11.656146 -0.081375 -2.691099 2.697784
-11.655582 0.000000 -2.690903 2.697774
-11.654489 0.081367 -2.690716 2.697765
-11.652864 0.162716 -2.690538 2.697755
-11.650710 0.244047 -2.690368 2.697747
-11.648026 0.325360 -2.690208 2.697739
-11.644813 0.406646 -2.690056 2.697731
-11.641069 0.487907 -2.689912 2.697723
-11.636797 0.569135 -2.689778 2.697716
-11.631996 0.650329 -2.689651 2.697710
-11.626665 0.731489 -2.689534 2.697704
-11.620807 0.812606 -2.689426 2.697699
-11.614420 0.893683 -2.689326 2.697694
-11.607506 0.974710 -2.689235 2.697689
-11.600063 1.055688 -2.689153 2.697685
-11.592094 1.136616 -2.689080 2.697681
-11.583598 1.217485 -2.689015 2.697677
-11.574575 1.298299 -2.688959 2.697675
-11.565026 1.379047 -2.688912 2.697672
-11.554953 1.459730 -2.688874 2.697670
-11.544353 1.540347 -2.688844 2.697669
-11.533228 1.620890 -2.688823 2.697668
-11.521579 1.701361 -2.688811 2.697667
-11.509406 1.781751 -2.688807 2.697667
-11.496710 1.862060 -2.688813 2.697667
-11.483491 1.942289 -2.688827 2.697668
-11.469749 2.022426 -2.688850 2.697669
-11.455485 2.102477 -2.688882 2.697671
-11.440701 2.182431 -2.688922 2.697673
-11.425395 2.262289 -2.688971 2.697675
-11.409568 2.342049 -2.689029 2.697678
-11.393223 2.421705 -2.689096 2.697682
-11.376357 2.501256 -2.689171 2.697685
-11.358974 2.580696 -2.689255 2.697690
-11.341073 2.660024 -2.689348 2.697695
-11.322654 2.739240 -2.689450 2.697700
-11.303720 2.818334 -2.689561 2.697706
-11.284267 2.897310 -2.689680 2.697711
-11.264302 2.976158 -2.689808 2.697718
-11.243822 3.054878 -2.689945 2.697725
-11.222827 3.133471 -2.690090 2.697732
-11.201320 3.211927 -2.690244 2.697740
-11.179299 3.290249 -2.690407 2.697749
-11.156769 3.368428 -2.690578 2.697757
-11.133727 3.446464 -2.690759 2.697767
-11.110175 3.524357 -2.690948 2.697777
-11.086115 3.602097 -2.691145 2.697787
-11.061544 3.679688 -2.691352 2.697797
-11.036469 3.757121 -2.691567 2.697808
-11.010886 3.834396 -2.691790 2.697820
-10.984797 3.911512 -2.692023 2.697832
-10.958203 3.988460 -2.692264 2.697844
-10.931105 4.065244 -2.692514 2.697857
-10.903504 4.141854 -2.692772 2.697870
-10.875402 4.218290 -2.693039 2.697884
-10.846798 4.294553 -2.693315 2.697898
-10.817695 4.370633 -2.693599 2.697912
-10.788091 4.446532 -2.693892 2.697927
-10.757990 4.522243 -2.694194 2.697943
-10.727392 4.597765 -2.694504 2.697958
-10.696297 4.673099 -2.694822 2.697975
-10.664707 4.748234 -2.695150 2.697992
-10.632624 4.823174 -2.695486 2.698009
-10.600047 4.897910 -2.695830 2.698026
-10.566979 4.972443 -2.696183 2.698045
-10.533420 5.046771 -2.696545 2.698063
-10.499372 5.120886 -2.696915 2.698082
-10.464833 5.194791 -2.697293 2.698101
-10.429810 5.268477 -2.697680 2.698121
-10.394300 5.341944 -2.698076 2.698141
-10.358303 5.415192 -2.698480 2.698162
-10.321824 5.488212 -2.698893 2.698183
-10.284862 5.561006 -2.699314 2.698205
-10.247418 5.633567 -2.699743 2.698227
-10.209496 5.705894 -2.700181 2.698249
-10.171093 5.777987 -2.700628 2.698272
-10.132215 5.849837 -2.701082 2.698295
-8.589067 5.039178 -2.299027 2.677710
-8.307432 4.952224 -2.232842 2.674321
-8.041544 4.870132 -2.170463 2.671128
-7.952818 4.892608 -2.155683 2.670371
-7.931332 4.956046 -2.159184 2.670550
-7.294603 4.629298 -1.994595 2.662123
-7.250200 4.672436 -1.991324 2.661956
-7.232691 4.732940 -1.995542 2.662172
-6.691084 4.445547 -1.854628 2.654957
-6.669482 4.498623 -1.857300 2.655094
-6.647916 4.551925 -1.860099 2.655237
-6.627192 4.606019 -1.863252 2.655398
-7.422716 5.236149 -2.097142 2.667374
-7.219893 5.168937 -2.049984 2.664959
-7.036628 5.112410 -2.008034 2.662811
-6.860696 5.058144 -1.967858 2.660754
-6.691664 5.006005 -1.929352 2.658783
-6.444444 4.891599 -1.867873 2.655635
-6.310801 4.859972 -1.838928 2.654153
-6.293175 4.916767 -1.843749 2.654400
-6.275454 4.973865 -1.848686 2.654653
-6.226999 5.006637 -1.844663 2.654447
-6.537861 5.332149 -1.947732 2.659724
-6.459690 5.343921 -1.935511 2.659098
-6.496217 5.450974 -1.957811 2.660240
-6.458602 5.496703 -1.957992 2.660249
-5.548523 4.789358 -1.692188 2.646640
-5.428569 4.752352 -1.665682 2.645283
-5.312303 4.716485 -1.640071 2.643972
-5.217338 4.697713 -1.620838 2.642987
-5.130726 4.684999 -1.604053 2.642128
-5.046092 4.672733 -1.587754 2.641293
-4.962876 4.660450 -1.571769 2.640475
-4.944957 4.709021 -1.576468 2.640715
-4.929149 4.760024 -1.581984 2.640998
-4.913228 4.811390 -1.587616 2.641286
-4.897192 4.863123 -1.593366 2.641580
-4.881039 4.915234 -1.599236 2.641881
-4.864764 4.967735 -1.605228 2.642188
-4.848367 5.020631 -1.611344 2.642501
-4.831842 5.073936 -1.617586 2.642820
-4.815188 5.127655 -1.623955 2.643147
-4.798380 5.181778 -1.630447 2.643479
-4.781427 5.236331 -1.637069 2.643818
-4.764335 5.291330 -1.643825 2.644164
-4.747099 5.346788 -1.650717 2.644517
-4.729209 5.402133 -1.657570 2.644867
-7.733643 8.959511 -2.732470 2.699903
-7.673275 9.016070 -2.733315 2.699946
-7.612518 9.072246 -2.734166 2.699989
-7.551368 9.128039 -2.735026 2.700033
-7.489832 9.183443 -2.735892 2.700078
-7.427910 9.238457 -2.736766 2.700122
-7.365602 9.293080 -2.737648 2.700167
-7.302916 9.347306 -2.738536 2.700213
-7.239847 9.401137 -2.739431 2.700259
-7.176404 9.454565 -2.740334 2.700305
-7.112586 9.507590 -2.741244 2.700352
-7.048394 9.560211 -2.742161 2.700399
-6.983834 9.612423 -2.743085 2.700446
-6.918903 9.664226 -2.744016 2.700494
-6.853610 9.715612 -2.744955 2.700541
-6.787953 9.766583 -2.745900 2.700590
-6.721933 9.817138 -2.746852 2.700639
-6.655557 9.867270 -2.747811 2.700688
-6.588822 9.916979 -2.748777 2.700737
-6.521737 9.966261 -2.749750 2.700787
-6.454301 10.015114 -2.750729 2.700837
-6.386513 10.063537 -2.751716 2.700888
-6.318463 10.111655 -2.752744 2.700940
-6.249985 10.159210 -2.753744 2.700992
-6.181168 10.206324 -2.754751 2.701043
-6.112013 10.252996 -2.755764 2.701095
-6.042519 10.299227 -2.756784 2.701147
-5.972694 10.345010 -2.757810 2.701200
-5.902535 10.390346 -2.758843 2.701253
-5.832051 10.435229 -2.759882 2.701306
-5.761242 10.479659 -2.760928 2.701360
-5.690106 10.523635 -2.761981 2.701413
-5.618653 10.567151 -2.763039 2.701468
-5.546880 10.610208 -2.764104 2.701522
-5.474795 10.652801 -2.765176 2.701577
-5.402397 10.694927 -2.766253 2.701632
-5.329687 10.736588 -2.767337 2.701688
-5.256673 10.777778 -2.768427 2.701744
-5.183353 10.818497 -2.769524 2.701800
-5.109734 10.858739 -2.770626 2.701856
-5.035817 10.898505 -2.771734 2.701913
-4.961601 10.937793 -2.772849 2.701970
-4.887096 10.976598 -2.773969 2.702027
-4.812298 11.014920 -2.775096 2.702085
-4.737216 11.052755 -2.776228 2.702143
-4.661850 11.090101 -2.777366 2.702201
-4.586200 11.126959 -2.778511 2.702260
-4.506915 11.155005 -2.777589 2.702212
-4.428795 11.185864 -2.777506 2.702208
-4.353300 11.223480 -2.779232 2.702296
-4.267970 11.235510 -2.774765 2.702068
-4.180518 11.241077 -2.768865 2.701766
-4.098235 11.259808 -2.766363 2.701638
-4.012090 11.267264 -2.761246 2.701376
-3.922657 11.264338 -2.753751 2.700992
-3.836914 11.270859 -2.748729 2.700735
-3.752735 11.281142 -2.744781 2.700533
-3.668674 11.291019 -2.740885 2.700333
-3.584734 11.300521 -2.737050 2.700137
-3.499588 11.305345 -2.732234 2.699890
-3.413902 11.307386 -2.726901 2.699617
-3.326937 11.303968 -2.720409 2.699285
-3.243206 11.310403 -2.716443 2.699082
-3.158190 11.311375 -2.711314 2.698819
-3.072201 11.307583 -2.705198 2.698506
-2.985713 11.300470 -2.698445 2.698160
-2.899554 11.293024 -2.691767 2.697818
-2.813726 11.285241 -2.685164 2.697480
-2.728220 11.277106 -2.678631 2.697146
-2.643027 11.268621 -2.672168 2.696815
-2.559498 11.265686 -2.667169 2.696559
-2.476517 11.263854 -2.662577 2.696324
-2.393726 11.261596 -2.658028 2.696091
-2.311146 11.259019 -2.653547 2.695862
-2.227830 11.251383 -2.648017 2.695578
-2.144704 11.242949 -2.642444 2.695293
-2.061858 11.234191 -2.636938 2.695011
-1.979295 11.225143 -2.631507 2.694733
-1.897015 11.215818 -2.626152 2.694459
-1.815671 11.210314 -2.621831 2.694238
-1.734875 11.206629 -2.618073 2.694045
-1.654256 11.202612 -2.614373 2.693856
-1.573825 11.198349 -2.610750 2.693670
-1.493576 11.193826 -2.607201 2.693489
-1.413490 11.188958 -2.603705 2.693310
-1.333380 11.182084 -2.599876 2.693114
-1.252974 11.170531 -2.595093 2.692869
-1.172824 11.158681 -2.590375 2.692627
-1.092925 11.146503 -2.585714 2.692388
-1.013278 11.134089 -2.581130 2.692154
-0.933891 11.121441 -2.576623 2.691923
-0.854749 11.108471 -2.572173 2.691695
-0.775852 11.095210 -2.567786 2.691471
-0.697201 11.081681 -2.563466 2.691249
-0.618588 11.064323 -2.558389 2.690989
-0.539547 11.031885 -2.549956 2.690558
-0.461113 11.001866 -2.542211 2.690161
-0.383442 10.980339 -2.536556 2.689872
-0.305987 10.954485 -2.530029 2.689538
-0.228769 10.921513 -2.521983 2.689126
-0.152038 10.888426 -2.514036 2.688719
-0.075784 10.855225 -2.506187 2.688317
0.000000 10.821910 -2.498435 2.687920
0.075318 10.788482 -2.490778 2.687528
0.150181 10.754933 -2.483214 2.687140
0.224580 10.721229 -2.475734 2.686758
0.298331 10.680385 -2.466723 2.686296
0.371436 10.636525 -2.457132 2.685805
0.444251 10.599537 -2.449244 2.685401
0.516743 10.565501 -2.442154 2.685038
0.588794 10.531314 -2.435143 2.684679
0.660418 10.497020 -2.428219 2.684325
0.731367 10.459034 -2.420555 2.683932
0.801520 10.416691 -2.411991 2.683494
0.871157 10.374290 -2.403523 2.683060
0.940962 10.339402 -2.396904 2.682721
1.010385 10.304692 -2.390434 2.682390
1.079406 10.269863 -2.384045 2.682063
1.148027 10.234896 -2.377730 2.681740
1.216259 10.199821 -2.371497 2.681421
1.283875 10.162899 -2.364938 2.681085
1.350172 10.119061 -2.356873 2.680672
1.415983 10.075243 -2.348913 2.680264
1.482341 10.038399 -2.342678 2.679945
1.548292 10.001338 -2.336495 2.679628
1.613856 9.964231 -2.330402 2.679317
1.679043 9.927091 -2.324400 2.679009
1.743178 9.886054 -2.317585 2.678660
1.806234 9.841403 -2.310017 2.678273
1.869074 9.798013 -2.302839 2.677905
1.932662 9.760644 -2.297172 2.677615
1.995898 9.723249 -2.291594 2.677330
2.058779 9.685793 -2.286098 2.677048
2.121309 9.648272 -2.280682 2.676771
2.183497 9.610682 -2.275345 2.676498
2.245337 9.573030 -2.270087 2.676229
2.306550 9.534127 -2.264625 2.675949
2.367978 9.497442 -2.259782 2.675701
2.428808 9.459586 -2.254755 2.675443
2.489880 9.423806 -2.250315 2.675216
2.550359 9.386870 -2.245692 2.674979
2.610518 9.349820 -2.241134 2.674746
2.670363 9.312663 -2.236641 2.674516
2.729904 9.275420 -2.232220 2.674289
2.789143 9.238075 -2.227864 2.674067
2.848065 9.200603 -2.223568 2.673847
2.906688 9.163037 -2.219340 2.673630
2.965023 9.125401 -2.215183 2.673417
3.023062 9.087664 -2.211092 2.673208
3.080802 9.049786 -2.207056 2.673001
3.138244 9.011803 -2.203082 2.672798
3.196068 8.975597 -2.199632 2.672621
3.255479 8.944355 -2.197492 2.672511
3.314687 8.912928 -2.195403 2.672405
3.371341 8.875110 -2.191832 2.672222
3.427005 8.835340 -2.187866 2.672019
3.482732 8.796372 -2.184184 2.671830
3.538315 8.757635 -2.180646 2.671649
3.593386 8.718209 -2.177022 2.671463
3.648194 8.678703 -2.173464 2.671281
3.704649 8.643589 -2.171095 2.671160
3.761099 8.608813 -2.168902 2.671048
3.817350 8.573909 -2.166770 2.670938
3.871545 8.534777 -2.163658 2.670779
3.925137 8.494767 -2.160410 2.670613
3.978472 8.454679 -2.157226 2.670450
4.033472 8.418502 -2.155128 2.670342
4.088662 8.382999 -2.153294 2.670249
4.143666 8.347363 -2.151519 2.670158
4.196728 8.308102 -2.148899 2.670024
4.250977 8.271502 -2.147056 2.669929
4.305781 8.236198 -2.145643 2.669857
4.360409 8.200735 -2.144282 2.669787
4.414859 8.165113 -2.142975 2.669720
4.469140 8.129328 -2.141720 2.669656
4.522256 8.091621 -2.140051 2.669571
4.573263 8.050396 -2.137540 2.669442
4.624044 8.009078 -2.135089 2.669317
4.675850 7.969796 -2.133267 2.669223
4.729545 7.933879 -2.132440 2.669181
4.783104 7.897840 -2.131677 2.669142
4.837621 7.863439 -2.131455 2.669130
4.893981 7.832007 -2.132145 2.669166
4.950026 7.799994 -2.132786 2.669199
5.002643 7.762577 -2.132053 2.669161
5.055098 7.724995 -2.131372 2.669126
5.107395 7.687245 -2.130743 2.669094
5.159537 7.649327 -2.130165 2.669064
5.211524 7.611240 -2.129638 2.669037
5.264894 7.575184 -2.129783 2.669045
5.320317 7.542027 -2.130852 2.669100
5.375656 7.508635 -2.131968 2.669157
5.427996 7.470995 -2.131989 2.669158
5.479325 7.431977 -2.131718 2.669144
5.533219 7.396401 -2.132543 2.669186
5.587575 7.361355 -2.133634 2.669242
5.641851 7.326091 -2.134777 2.669301
5.694535 7.288672 -2.135406 2.669333
5.749187 7.253670 -2.136858 2.669407
5.803764 7.218422 -2.138359 2.669484
5.856171 7.180372 -2.139147 2.669524
5.906544 7.139783 -2.139287 2.669531
5.956779 7.099013 -2.139479 2.669541
6.008615 7.060100 -2.140342 2.669585
6.062222 7.023147 -2.141919 2.669666
6.115757 6.985970 -2.143549 2.669750
6.171325 6.950929 -2.145965 2.669873
6.225189 6.913773 -2.147859 2.669970
6.278985 6.876367 -2.149804 2.670070
6.332731 6.838722 -2.151805 2.670172
6.386384 6.800806 -2.153851 2.670277
6.439969 6.762632 -2.155948 2.670384
6.494584 6.725338 -2.158461 2.670513
6.552406 6.691098 -2.162100 2.670700
6.610226 6.656531 -2.165791 2.670888
6.669085 6.622684 -2.169874 2.671097
6.729871 6.590374 -2.174629 2.671341
6.787038 6.554166 -2.178263 2.671527
6.846281 6.519626 -2.182615 2.671750
6.904190 6.483461 -2.186592 2.671953
6.960270 6.445278 -2.190049 2.672130
7.016386 6.406839 -2.193579 2.672311
7.073550 6.369053 -2.197496 2.672512
7.131591 6.331724 -2.201741 2.672729
7.199754 6.302904 -2.209145 2.673108
7.282399 6.285995 -2.220984 2.673714
7.347378 6.253108 -2.227433 2.674044
7.411408 6.218910 -2.233628 2.674362
7.477692 6.186086 -2.240534 2.674715
7.544212 6.152905 -2.247539 2.675074
7.610963 6.119369 -2.254643 2.675438
7.677954 6.085470 -2.261848 2.675807
7.750101 6.055042 -2.270593 2.676254
7.844312 6.040935 -2.285783 2.677032
7.925884 6.016069 -2.297257 2.677619
8.006909 5.989931 -2.308565 2.678198
8.087663 5.962738 -2.319789 2.678773
8.171540 5.936971 -2.331903 2.679393
8.277901 5.926396 -2.350390 2.680340
8.386903 5.916305 -2.369554 2.681321
8.497373 5.905825 -2.389058 2.682320
8.606694 5.893125 -2.408168 2.683298
8.708592 5.874019 -2.425146 2.684167
8.816782 5.857857 -2.443826 2.685124
8.936271 5.847727 -2.465569 2.686237
9.051001 5.832969 -2.485928 2.687279
9.166629 5.817318 -2.506470 2.688331
9.258758 5.785514 -2.520556 2.689053
9.357686 5.756888 -2.536484 2.689868
9.445551 5.720424 -2.549413 2.690530
9.566777 5.702941 -2.571324 2.691652
9.646325 5.659464 -2.582022 2.692199
9.718394 5.610917 -2.590765 2.692647
9.792221 5.562757 -2.600029 2.693121
9.865490 5.513632 -2.609199 2.693591
9.932588 5.460484 -2.616799 2.693980
9.997838 5.405809 -2.623983 2.694348
10.067386 5.352924 -2.632364 2.694777
10.150326 5.306463 -2.644299 2.695388
10.221557 5.253162 -2.653236 2.695846
10.277060 5.191314 -2.658171 2.696098
10.330476 5.128091 -2.662663 2.696328
10.399858 5.072350 -2.671353 2.696773
10.474716 5.018644 -2.681517 2.697294
10.533959 4.956901 -2.687757 2.697613
10.593166 4.894727 -2.694080 2.697937
10.655643 4.833612 -2.701321 2.698308
10.709498 4.768176 -2.706469 2.698571
10.760920 4.701331 -2.711103 2.698808
10.812240 4.634128 -2.715815 2.699050
10.863839 4.566735 -2.720702 2.699300
10.915760 4.499150 -2.725772 2.699559
10.958562 4.427546 -2.728675 2.699708
11.002595 4.356236 -2.732000 2.699878
11.046459 4.284635 -2.735397 2.700052
11.090150 4.212750 -2.738866 2.700230
11.133289 4.140431 -2.742315 2.700406
11.170215 4.065625 -2.744352 2.700511
11.207282 3.990735 -2.746547 2.700623
11.246490 3.916438 -2.749387 2.700768
11.289237 3.843167 -2.753211 2.700964
11.331815 3.769591 -2.757110 2.701164
11.374265 3.695722 -2.761093 2.701368
11.414875 3.621013 -2.764748 2.701555
11.452893 3.545258 -2.767893 2.701716
11.490399 3.469153 -2.771037 2.701877
11.525450 3.392123 -2.773711 2.702014
11.560285 3.314858 -2.776457 2.702155
11.594924 3.237362 -2.779281 2.702299
11.631851 3.160300 -2.782775 2.702478
11.672814 3.084088 -2.787356 2.702713
11.713609 3.007542 -2.792016 2.702951
11.751469 2.929970 -2.796096 2.703160
11.789018 2.852065 -2.800225 2.703372
11.826348 2.773841 -2.804423 2.703586
11.863453 2.695307 -2.808692 2.703805
11.900319 2.616453 -2.813026 2.704027
11.944508 2.538883 -2.819213 2.704344
11.989201 2.461030 -2.825638 2.704673
12.028999 2.381802 -2.831030 2.704949
12.065021 2.301523 -2.835657 2.705185
12.101533 2.221045 -2.840524 2.705435
12.145527 2.141584 -2.847272 2.705780
12.189359 2.061677 -2.854104 2.706130
12.226563 1.980267 -2.859508 2.706407
12.261496 1.898177 -2.864509 2.706663
12.296198 1.815743 -2.869585 2.706923
12.330668 1.732962 -2.874736 2.707186
12.364912 1.649833 -2.879964 2.707454
12.398945 1.566347 -2.885273 2.707726
12.432741 1.482512 -2.890659 2.708002
12.469375 1.398663 -2.896835 2.708318
12.511470 1.315008 -2.904411 2.708706
12.552853 1.230819 -2.911952 2.709092
12.585757 1.145389 -2.917659 2.709384
12.618420 1.059595 -2.923445 2.709680
12.650841 0.973428 -2.929310 2.709980
12.683020 0.886883 -2.935256 2.710285
12.714956 0.799958 -2.941283 2.710594
12.751372 0.712908 -2.948484 2.710962
12.794051 0.625731 -2.957270 2.711412
12.836673 0.538014 -2.966181 2.711869
12.883480 0.449901 -2.976199 2.712381
12.938218 0.361398 -2.988188 2.712995
12.995855 0.272220 -3.000988 2.713650
13.047180 0.182182 -3.012473 2.714239
13.098127 0.091442 -3.024015 2.714829
11.452616 -0.000000 -3.068719 2.717118
11.453118 -0.079959 -3.068928 2.717129
11.453027 -0.159925 -3.069128 2.717139
11.452340 -0.239893 -3.069319 2.717149
11.451059 -0.319857 -3.069499 2.717158
11.449183 -0.399815 -3.069669 2.717167
11.446713 -0.479760 -3.069830 2.717175
11.443648 -0.559688 -3.069982 2.717183
11.439989 -0.639595 -3.070123 2.717190
11.435735 -0.719476 -3.070254 2.717197
11.430886 -0.799326 -3.070376 2.717203
11.425445 -0.879140 -3.070488 2.717209
11.419409 -0.958915 -3.070590 2.717214
11.412779 -1.038645 -3.070683 2.717219
11.405556 -1.118325 -3.070765 2.717223
11.397740 -1.197951 -3.070838 2.717227
11.389333 -1.277519 -3.070901 2.717230
11.380333 -1.357023 -3.070954 2.717233
11.370742 -1.436459 -3.070997 2.717235
11.360559 -1.515823 -3.071030 2.717237
11.349788 -1.595109 -3.071054 2.717238
11.338426 -1.674313 -3.071067 2.717239
11.326474 -1.753431 -3.071071 2.717239
11.313934 -1.832458 -3.071065 2.717238
11.300808 -1.911389 -3.071049 2.717238
11.287093 -1.990219 -3.071023 2.717236
11.272794 -2.068945 -3.070988 2.717235
11.257909 -2.147561 -3.070942 2.717232
11.242439 -2.226063 -3.070887 2.717229
11.226386 -2.304446 -3.070822 2.717226
11.209751 -2.382706 -3.070747 2.717222
11.192534 -2.460839 -3.070662 2.717218
11.174738 -2.538838 -3.070568 2.717213
11.156362 -2.616701 -3.070463 2.717208
11.137407 -2.694423 -3.070349 2.717202
11.117877 -2.771998 -3.070225 2.717196
11.097770 -2.849423 -3.070091 2.717189
11.077089 -2.926693 -3.069947 2.717181
11.055835 -3.003804 -3.069794 2.717173
11.034008 -3.080751 -3.069631 2.717165
11.011612 -3.157529 -3.069458 2.717156
10.988647 -3.234135 -3.069275 2.717147
10.965113 -3.310563 -3.069083 2.717137
10.941013 -3.386810 -3.068881 2.717127
10.916349 -3.462870 -3.068669 2.717116
10.891122 -3.538740 -3.068448 2.717104
10.865334 -3.614415 -3.068217 2.717093
10.838984 -3.689892 -3.067976 2.717080
10.812078 -3.765164 -3.067725 2.717067
10.784615 -3.840229 -3.067466 2.717054
10.756597 -3.915081 -3.067196 2.717040
10.728025 -3.989717 -3.066917 2.717026
10.698903 -4.064132 -3.066628 2.717011
10.669231 -4.138322 -3.066329 2.716996
10.639012 -4.212283 -3.066022 2.716980
10.608248 -4.286011 -3.065704 2.716964
10.576940 -4.359500 -3.065377 2.716947
10.545090 -4.432748 -3.065041 2.716930
10.512701 -4.505750 -3.064695 2.716913
10.479774 -4.578501 -3.064340 2.716894
10.446312 -4.650998 -3.063976 2.716876
10.412316 -4.723237 -3.063601 2.716856
10.377790 -4.795213 -3.063218 2.716837
10.342735 -4.866922 -3.062826 2.716816
10.307153 -4.938361 -3.062424 2.716796
10.271047 -5.009524 -3.062013 2.716775
10.234418 -5.080410 -3.061592 2.716753
10.197269 -5.151012 -3.061162 2.716731
10.159604 -5.221328 -3.060724 2.716709
10.121424 -5.291353 -3.060276 2.716686
10.082730 -5.361083 -3.059819 2.716663
10.043528 -5.430515 -3.059353 2.716639
10.003817 -5.499645 -3.058877 2.716614
9.963601 -5.568469 -3.058393 2.716590
9.922882 -5.636982 -3.057900 2.716564
9.881664 -5.705182 -3.057398 2.716539
9.839949 -5.773064 -3.056886 2.716512
9.797739 -5.840625 -3.056366 2.716486
9.755036 -5.907861 -3.055838 2.716459
9.711845 -5.974767 -3.055300 2.716431
9.668167 -6.041342 -3.054753 2.716403
9.624006 -6.107581 -3.054198 2.716375
9.579364 -6.173479 -3.053634 2.716346
9.534244 -6.239034 -3.053061 2.716317
9.488647 -6.304243 -3.052480 2.716287
9.442579 -6.369101 -3.051890 2.716257
9.396042 -6.433605 -3.051292 2.716226
9.349038 -6.497751 -3.050685 2.716195
9.301571 -6.561537 -3.050069 2.716163
9.253643 -6.624959 -3.049445 2.716132
9.205257 -6.688012 -3.048813 2.716099
9.156418 -6.750694 -3.048172 2.716066
9.107127 -6.813002 -3.047523 2.716033
9.057387 -6.874932 -3.046866 2.716000
9.007203 -6.936481 -3.046200 2.715965
8.956577 -6.997645 -3.045527 2.715931
8.905512 -7.058423 -3.044845 2.715896
8.854012 -7.118808 -3.044155 2.715861
8.802078 -7.178801 -3.043457 2.715825
8.749717 -7.238396 -3.042750 2.715789
8.696929 -7.297590 -3.042037 2.715752
8.643719 -7.356382 -3.041314 2.715715
8.590090 -7.414766 -3.040585 2.715678
8.536044 -7.472742 -3.039847 2.715640
8.481586 -7.530305 -3.039102 2.715602
8.426720 -7.587453 -3.038348 2.715563
8.371448 -7.644183 -3.037587 2.715524
8.315773 -7.700490 -3.036819 2.715485
8.259700 -7.756375 -3.036043 2.715445
8.203231 -7.811832 -3.035259 2.715405
8.146372 -7.866860 -3.034468 2.715365
8.089123 -7.921455 -3.033669 2.715324
8.031490 -7.975615 -3.032864 2.715282
7.973475 -8.029337 -3.032050 2.715241
7.915083 -8.082618 -3.031230 2.715199
7.856318 -8.135456 -3.030402 2.715157
7.797182 -8.187848 -3.029567 2.715114
7.737679 -8.239792 -3.028725 2.715071
7.677813 -8.291285 -3.027876 2.715027
7.617588 -8.342323 -3.027020 2.714983
7.557007 -8.392906 -3.026156 2.714939
7.496073 -8.443031 -3.025286 2.714895
7.434793 -8.492695 -3.024410 2.714850
7.373167 -8.541896 -3.023526 2.714804
7.311199 -8.590631 -3.022635 2.714759
7.248896 -8.638898 -3.021738 2.714713
7.186259 -8.686695 -3.020834 2.714667
7.123292 -8.734019 -3.019924 2.714620
7.060000 -8.780869 -3.019007 2.714573
6.996386 -8.827243 -3.018084 2.714526
6.932454 -8.873137 -3.017154 2.714478
6.868208 -8.918550 -3.016218 2.714430
6.803652 -8.963480 -3.015276 2.714382
6.738789 -9.007925 -3.014327 2.714334
6.673623 -9.051883 -3.013372 2.714284
6.608160 -9.095351 -3.012411 2.714236
6.542400 -9.138329 -3.011445 2.714186
6.476351 -9.180813 -3.010472 2.714136
6.410015 -9.222803 -3.009493 2.714086
6.343395 -9.264296 -3.008508 2.714036
6.276497 -9.305290 -3.007517 2.713985
6.209323 -9.345784 -3.006521 2.713934
6.141880 -9.385776 -3.005519 2.713882
6.074168 -9.425264 -3.004511 2.713831
6.006193 -9.464248 -3.003498 2.713779
5.937960 -9.502723 -3.002479 2.713727
5.869471 -9.540690 -3.001455 2.713674
5.800732 -9.578147 -3.000426 2.713622
5.731745 -9.615093 -2.999391 2.713569
5.662516 -9.651525 -2.998350 2.713516
5.593047 -9.687443 -2.997305 2.713462
5.523344 -9.722844 -2.996255 2.713408
5.453410 -9.757729 -2.995199 2.713354
5.383248 -9.792093 -2.994138 2.713300
5.312864 -9.825939 -2.993073 2.713245
5.242262 -9.859262 -2.992002 2.713191
5.171445 -9.892063 -2.990927 2.713135
5.100418 -9.924340 -2.989847 2.713080
5.029184 -9.956093 -2.988762 2.713025
4.957747 -9.987319 -2.987673 2.712969
4.886113 -10.018017 -2.986579 2.712913
4.814284 -10.048187 -2.985481 2.712857
4.742265 -10.077828 -2.984378 2.712800
4.670060 -10.106938 -2.983271 2.712743
4.597674 -10.135516 -2.982159 2.712687
4.525110 -10.163563 -2.981043 2.712629
4.452371 -10.191076 -2.979923 2.712572
4.379463 -10.218055 -2.978799 2.712514
4.306390 -10.244499 -2.977671 2.712457
4.233156 -10.270407 -2.976539 2.712399
4.159764 -10.295778 -2.975403 2.712341
4.086219 -10.320612 -2.974263 2.712282
4.012525 -10.344908 -2.973119 2.712224
3.938685 -10.368665 -2.971972 2.712165
3.864707 -10.391883 -2.970820 2.712106
3.790590 -10.414560 -2.969666 2.712047
3.716340 -10.436698 -2.968508 2.711987
3.641962 -10.458294 -2.967346 2.711928
3.567460 -10.479348 -2.966181 2.711868
3.492839 -10.499861 -2.965012 2.711808
3.418100 -10.519830 -2.963841 2.711749
3.343249 -10.539257 -2.962666 2.711689
3.268290 -10.558141 -2.961488 2.711628
3.193227 -10.576480 -2.960307 2.711568
3.118065 -10.594275 -2.959123 2.711507
3.042806 -10.611527 -2.957936 2.711446
2.967456 -10.628234 -2.956746 2.711385
2.892018 -10.644396 -2.955553 2.711324
2.816496 -10.660013 -2.954357 2.711263
2.740896 -10.675085 -2.953159 2.711202
2.665219 -10.689611 -2.951959 2.711140
2.589471 -10.703593 -2.950755 2.711079
2.513656 -10.717030 -2.949550 2.711017
2.437777 -10.729919 -2.948341 2.710955
2.361840 -10.742265 -2.947131 2.710893
2.285847 -10.754065 -2.945918 2.710831
2.209802 -10.765319 -2.944703 2.710769
2.133710 -10.776028 -2.943486 2.710706
2.057575 -10.786192 -2.942267 2.710644
1.981402 -10.795810 -2.941046 2.710582
1.903858 -10.797316 -2.937763 2.710413
1.825277 -10.791689 -2.932694 2.710154
1.746200 -10.781368 -2.926505 2.709837
1.668059 -10.775015 -2.921548 2.709583
1.591405 -10.776973 -2.918995 2.709452
1.513814 -10.771348 -2.914538 2.709224
1.435827 -10.761025 -2.908962 2.708939
1.359920 -10.764878 -2.907366 2.708857
1.284555 -10.772613 -2.906962 2.708837
1.210305 -10.790113 -2.909333 2.708958
1.135840 -10.806793 -2.911622 2.709075
1.059917 -10.809878 -2.910388 2.709012
0.982873 -10.799964 -2.905801 2.708777
0.905366 -10.781724 -2.899122 2.708435
0.828588 -10.768462 -2.893930 2.708169
0.752592 -10.762568 -2.890863 2.708012
0.677213 -10.764005 -2.889909 2.707963
0.602839 -10.782571 -2.893693 2.708157
0.528232 -10.800513 -2.897448 2.708349
0.453294 -10.815257 -2.900484 2.708505
0.377427 -10.808107 -2.897789 2.708367
0.301569 -10.796354 -2.894003 2.708173
0.226242 -10.800740 -2.894685 2.708208
0.150877 -10.805150 -2.895514 2.708250
0.075409 -10.801299 -2.894270 2.708187
-0.000000 -10.796920 -2.893026 2.708123
-0.075344 -10.792014 -2.891782 2.708059
-0.150620 -10.786581 -2.890538 2.707995
-0.225823 -10.780622 -2.889293 2.707932
-0.300949 -10.774140 -2.888048 2.707868
-0.376116 -10.770559 -2.887722 2.707851
-0.451447 -10.771196 -2.888667 2.707900
-0.527012 -10.775519 -2.890743 2.708006
-0.602265 -10.772279 -2.890931 2.708015
-0.677161 -10.763165 -2.889683 2.707952
-0.751960 -10.753532 -2.888436 2.707888
-0.826659 -10.743381 -2.887189 2.707824
-0.901252 -10.732712 -2.885943 2.707760
-0.975737 -10.721528 -2.884697 2.707696
-1.050108 -10.709829 -2.883452 2.707633
-1.124365 -10.697617 -2.882207 2.707569
-1.198503 -10.684892 -2.880963 2.707505
-1.272519 -10.671657 -2.879719 2.707442
-1.346408 -10.657911 -2.878476 2.707378
-1.420167 -10.643659 -2.877235 2.707314
-1.493794 -10.628898 -2.875994 2.707251
-1.567285 -10.613632 -2.874754 2.707187
-1.640637 -10.597862 -2.873515 2.707124
-1.713845 -10.581590 -2.872277 2.707061
-1.786905 -10.564816 -2.871040 2.706997
-1.859817 -10.547543 -2.869804 2.706934
-1.932575 -10.529771 -2.868570 2.706871
-2.005177 -10.511502 -2.867337 2.706808
-2.077619 -10.492739 -2.866105 2.706744
-2.149897 -10.473481 -2.864875 2.706681
-2.222009 -10.453732 -2.863647 2.706619
-2.293952 -10.433491 -2.862419 2.706556
-2.365722 -10.412762 -2.861194 2.706493
-2.437362 -10.391741 -2.860023 2.706433
-2.508776 -10.370038 -2.858801 2.706371
-2.580009 -10.347851 -2.857581 2.706308
-2.651057 -10.325182 -2.856362 2.706246
-2.721915 -10.302032 -2.855145 2.706183
-2.792581 -10.278403 -2.853930 2.706121
-2.863051 -10.254297 -2.852717 2.706059
-2.933324 -10.229716 -2.851507 2.705997
-3.003396 -10.204660 -2.850298 2.705935
-3.073262 -10.179133 -2.849091 2.705873
-3.142922 -10.153136 -2.847887 2.705812
-3.212369 -10.126672 -2.846685 2.705750
-3.281605 -10.099740 -2.845485 2.705689
-3.350623 -10.072344 -2.844288 2.705627
-3.419422 -10.044484 -2.843093 2.705566
-3.487999 -10.016165 -2.841900 2.705505
-3.556348 -9.987387 -2.840710 2.705444
-3.624471 -9.958152 -2.839523 2.705384
-3.692362 -9.928461 -2.838338 2.705323
-3.760019 -9.898317 -2.837156 2.705262
-3.827439 -9.867723 -2.835977 2.705202
-3.894617 -9.836680 -2.834800 2.705142
-3.961554 -9.805190 -2.833627 2.705081
-4.028245 -9.773254 -2.832456 2.705022
-4.094688 -9.740876 -2.831288 2.704962
-4.160880 -9.708056 -2.830123 2.704902
-4.226816 -9.674799 -2.828961 2.704843
-4.292496 -9.641105 -2.827802 2.704783
-4.357918 -9.606975 -2.826647 2.704724
-4.423077 -9.572412 -2.825495 2.704665
-4.487970 -9.537420 -2.824346 2.704606
-4.552596 -9.502001 -2.823200 2.704548
-4.616952 -9.466154 -2.822057 2.704489
-4.681035 -9.429883 -2.820918 2.704431
-4.744843 -9.393190 -2.819782 2.704373
-4.808372 -9.356078 -2.818650 2.704315
-4.871620 -9.318550 -2.817522 2.704257
-4.934586 -9.280605 -2.816397 2.704200
-4.997265 -9.242249 -2.815275 2.704142
-5.059657 -9.203481 -2.814158 2.704085
-5.121758 -9.164304 -2.813044 2.704028
-5.183564 -9.124722 -2.811934 2.703971
-5.245075 -9.084737 -2.810827 2.703914
-5.306288 -9.044349 -2.809725 2.703858
-5.367201 -9.003562 -2.808626 2.703801
-5.427810 -8.962379 -2.807532 2.703746
-5.488113 -8.920800 -2.806441 2.703690
-5.548109 -8.878830 -2.805354 2.703634
-5.607795 -8.836470 -2.804272 2.703579
-5.667168 -8.793722 -2.803193 2.703523
-5.726226 -8.750589 -2.802119 2.703469
-5.784966 -8.707074 -2.801049 2.703413
-5.843388 -8.663178 -2.799984 2.703359
-5.901487 -8.618904 -2.798922 2.703305
-5.959263 -8.574255 -2.797865 2.703251
-6.016713 -8.529232 -2.796813 2.703197
-6.073833 -8.483840 -2.795764 2.703143
-6.130623 -8.438079 -2.794721 2.703089
-6.187081 -8.391953 -2.793681 2.703037
-6.243204 -8.345462 -2.792647 2.702984
-6.298990 -8.298611 -2.791617 2.702931
-6.354435 -8.251403 -2.790591 2.702878
-6.409541 -8.203837 -2.789571 2.702826
-6.464303 -8.155918 -2.788555 2.702774
-6.518719 -8.107650 -2.787544 2.702722
-6.572787 -8.059033 -2.786537 2.702671
-6.626508 -8.010070 -2.785535 2.702619
-6.679875 -7.960764 -2.784539 2.702568
-6.732891 -7.911117 -2.783547 2.702518
-6.785549 -7.861133 -2.782560 2.702467
-6.837850 -7.810813 -2.781578 2.702417
-6.889793 -7.760159 -2.780602 2.702367
-6.941374 -7.709176 -2.779630 2.702317
-6.992593 -7.657864 -2.778663 2.702267
-7.043446 -7.606228 -2.777702 2.702218
-7.093931 -7.554270 -2.776746 2.702169
-7.144050 -7.501990 -2.775795 2.702121
-7.193797 -7.449394 -2.774849 2.702072
-7.243173 -7.396482 -2.773908 2.702024
-7.292173 -7.343259 -2.772973 2.701976
-7.340797 -7.289728 -2.772043 2.701928
-7.389046 -7.235887 -2.771119 2.701881
-7.436914 -7.181744 -2.770200 2.701834
-7.484403 -7.127298 -2.769286 2.701787
-7.531507 -7.072555 -2.768378 2.701741
-7.578227 -7.017516 -2.767476 2.701695
-7.624563 -6.962181 -2.766579 2.701649
-7.670509 -6.906557 -2.765688 2.701603
-7.716068 -6.850643 -2.764802 2.701558
-7.761234 -6.794446 -2.763922 2.701513
-7.806008 -6.737966 -2.763048 2.701468
-7.850390 -6.681204 -2.762180 2.701424
-7.894375 -6.624167 -2.761317 2.701380
-7.937964 -6.566853 -2.760460 2.701335
-7.981154 -6.509269 -2.759609 2.701292
-8.023943 -6.451416 -2.758764 2.701249
-8.066836 -6.393694 -2.758096 2.701214
-8.110316 -6.336473 -2.757771 2.701198
-8.153455 -6.279004 -2.757466 2.701182
-8.196247 -6.221290 -2.757182 2.701168
-8.238694 -6.163331 -2.756919 2.701154
-8.280792 -6.105125 -2.756676 2.701142
-8.322545 -6.046683 -2.756455 2.701130
-8.363952 -5.987999 -2.756256 2.701120
-8.405006 -5.929079 -2.756078 2.701111
-8.445712 -5.869923 -2.755920 2.701103
-8.486067 -5.810529 -2.755784 2.701096
-8.526067 -5.750905 -2.755669 2.701090
-8.565716 -5.691046 -2.755574 2.701085
-8.603382 -5.629894 -2.754980 2.701055
-8.640104 -5.568168 -2.754224 2.701016
-8.676406 -5.506213 -2.753475 2.700978
-8.712282 -5.444038 -2.752732 2.700940
-8.747735 -5.381640 -2.751995 2.700902
-8.782761 -5.319028 -2.751265 2.700865
-8.817359 -5.256201 -2.750541 2.700828
-8.851531 -5.193161 -2.749824 2.700791
-8.885272 -5.129914 -2.749113 2.700754
-8.918583 -5.066458 -2.748408 2.700718
-8.951463 -5.002802 -2.747710 2.700683
-8.983909 -4.938946 -2.747019 2.700647
-9.015923 -4.874890 -2.746334 2.700612
-9.047502 -4.810642 -2.745656 2.700577
-9.078646 -4.746199 -2.744985 2.700543
-9.109351 -4.681570 -2.744320 2.700509
-9.139620 -4.616755 -2.743662 2.700475
-9.169452 -4.551754 -2.743011 2.700442
-9.198842 -4.486575 -2.742366 2.700409
-9.227794 -4.421216 -2.741728 2.700377
-9.256303 -4.355685 -2.741097 2.700344
-9.284369 -4.289981 -2.740473 2.700312
-9.311995 -4.224107 -2.739855 2.700281
-9.339175 -4.158069 -2.739244 2.700249
-9.365911 -4.091864 -2.738641 2.700218
-9.392202 -4.025502 -2.738044 2.700188
-9.418046 -3.958982 -2.737454 2.700158
-9.443443 -3.892305 -2.736871 2.700128
-9.468392 -3.825479 -2.736295 2.700098
-9.492894 -3.758501 -2.735725 2.700069
-9.516945 -3.691379 -2.735163 2.700040
-9.540546 -3.624114 -2.734608 2.700012
-9.563698 -3.556706 -2.734060 2.699984
-9.586396 -3.489163 -2.733519 2.699956
-9.608644 -3.421482 -2.732984 2.699929
-9.626451 -3.352284 -2.731326 2.699844
-9.642374 -3.282532 -2.729275 2.699739
-9.657767 -3.212710 -2.727217 2.699634
-9.672630 -3.142828 -2.725152 2.699528
-9.686965 -3.072884 -2.723080 2.699422
-9.706209 -3.004573 -2.722527 2.699393
-9.725223 -2.936218 -2.722044 2.699368
-9.743781 -2.867749 -2.721568 2.699344
-9.761883 -2.799175 -2.721099 2.699320
-9.779529 -2.730492 -2.720638 2.699297
-9.785820 -2.658748 -2.717158 2.699118
-9.788632 -2.586268 -2.712860 2.698898
-9.790849 -2.513861 -2.708544 2.698678
-9.792475 -2.441538 -2.704212 2.698456
-9.801266 -2.371174 -2.702003 2.698343
-9.809804 -2.300868 -2.699862 2.698233
-9.817821 -2.230554 -2.697717 2.698123
-9.832941 -2.161911 -2.697659 2.698120
-9.889642 -2.102108 -2.709122 2.698707
-9.946016 -2.041622 -2.720594 2.699295
-9.970393 -1.974190 -2.723426 2.699439
-9.982558 -1.904275 -2.723051 2.699420
-9.994261 -1.834289 -2.722684 2.699401
-10.005499 -1.764239 -2.722324 2.699383
-10.016274 -1.694124 -2.721971 2.699365
-10.026585 -1.623952 -2.721626 2.699347
-10.036432 -1.553722 -2.721288 2.699330
-10.045815 -1.483436 -2.720958 2.699313
-10.054732 -1.413100 -2.720634 2.699296
-10.063187 -1.342714 -2.720319 2.699280
-10.071175 -1.272285 -2.720011 2.699265
-10.078698 -1.201812 -2.719711 2.699249
-10.085756 -1.131298 -2.719418 2.699234
-10.092349 -1.060748 -2.719132 2.699219
-10.098476 -0.990162 -2.718855 2.699205
-10.104138 -0.919548 -2.718584 2.699192
-10.109334 -0.848905 -2.718321 2.699178
-10.114064 -0.778234 -2.718066 2.699165
-10.118329 -0.707542 -2.717818 2.699152
-10.122128 -0.636828 -2.717578 2.699140
-10.125460 -0.566100 -2.717346 2.699128
-10.128326 -0.495358 -2.717121 2.699116
-10.130728 -0.424602 -2.716903 2.699106
-10.132662 -0.353840 -2.716694 2.699095
-10.134131 -0.283070 -2.716491 2.699084
-10.135135 -0.212300 -2.716297 2.699074
-10.135672 -0.141530 -2.716110 2.699065
-10.135744 -0.070761 -2.715930 2.699056
-10.135350 0.000000 -2.715759 2.699047
-10.134491 0.070755 -2.715595 2.699039
-10.133166 0.141496 -2.715438 2.699030
-10.131376 0.212222 -2.715290 2.699023
-10.129121 0.282933 -2.715148 2.699016
-10.126401 0.353622 -2.715015 2.699009
-10.123216 0.424290 -2.714889 2.699002
-10.119567 0.494930 -2.714771 2.698996
-10.115454 0.565541 -2.714660 2.698991
-10.110875 0.636124 -2.714557 2.698985
-10.105834 0.706669 -2.714462 2.698980
-10.100328 0.777180 -2.714375 2.698976
-10.094359 0.847648 -2.714295 2.698972
-10.087928 0.918073 -2.714223 2.698968
-10.081034 0.988455 -2.714158 2.698965
-10.073676 1.058786 -2.714102 2.698962
-10.065857 1.129069 -2.714052 2.698960
-10.057576 1.199294 -2.714011 2.698957
-10.048834 1.269463 -2.713977 2.698956
-10.039630 1.339574 -2.713951 2.698954
-10.029965 1.409620 -2.713933 2.698953
-10.019840 1.479603 -2.713922 2.698953
-10.009256 1.549515 -2.713919 2.698953
-9.998212 1.619357 -2.713924 2.698953
-9.986709 1.689127 -2.713937 2.698953
-9.974748 1.758817 -2.713957 2.698954
-9.962327 1.828431 -2.713984 2.698956
-9.949450 1.897960 -2.714020 2.698958
-9.936116 1.967404 -2.714063 2.698960
-9.922324 2.036762 -2.714114 2.698963
-9.908077 2.106027 -2.714173 2.698966
-9.893374 2.175201 -2.714239 2.698969
-9.878217 2.244277 -2.714313 2.698973
-9.862605 2.313253 -2.714394 2.698977
-9.846539 2.382130 -2.714483 2.698982
-9.830020 2.450899 -2.714581 2.698987
-9.813047 2.519564 -2.714685 2.698992
-9.795624 2.588116 -2.714797 2.698997
-9.777749 2.656555 -2.714917 2.699004
-9.759423 2.724881 -2.715045 2.699010
-9.740648 2.793086 -2.715180 2.699017
-9.721422 2.861172 -2.715323 2.699024
-9.701749 2.929132 -2.715474 2.699032
-9.681628 2.996964 -2.715632 2.699040
-9.661059 3.064670 -2.715798 2.699049
-9.640044 3.132241 -2.715971 2.699058
-9.618584 3.199679 -2.716152 2.699067
-9.596678 3.266977 -2.716341 2.699076
-9.574329 3.334134 -2.716537 2.699087
-9.551536 3.401150 -2.716741 2.699097
-9.528301 3.468018 -2.716953 2.699108
-9.504623 3.534740 -2.717172 2.699119
-9.480506 3.601307 -2.717399 2.699131
-9.455950 3.667721 -2.717633 2.699143
-9.430952 3.733979 -2.717875 2.699155
-9.405519 3.800076 -2.718124 2.699168
-9.379645 3.866013 -2.718381 2.699181
-9.353338 3.931782 -2.718646 2.699195
-9.326595 3.997383 -2.718918 2.699208
-9.299417 4.062817 -2.719198 2.699223
-9.271806 4.128074 -2.719485 2.699238
-9.243762 4.193158 -2.719779 2.699253
-9.215287 4.258061 -2.720082 2.699268
-9.186382 4.322783 -2.720391 2.699284
-9.157046 4.387323 -2.720708 2.699300
-9.127283 4.451674 -2.721033 2.699317
-9.097092 4.515838 -2.721365 2.699334
-9.066476 4.579807 -2.721704 2.699351
-9.035434 4.643582 -2.722052 2.699369
-9.003967 4.707162 -2.722406 2.699387
-8.972078 4.770539 -2.722768 2.699406
-8.939767 4.833716 -2.723137 2.699425
-8.907036 4.896685 -2.723514 2.699444
-8.873885 4.959446 -2.723898 2.699463
-8.840315 5.021999 -2.724289 2.699484
-8.806329 5.084337 -2.724688 2.699504
-8.771926 5.146461 -2.725094 2.699525
-8.299967 4.947774 -2.589142 2.692564
-8.034519 4.865877 -2.516873 2.688864
-7.430486 4.571267 -2.337595 2.679685
-7.203779 4.501421 -2.276105 2.676537
-7.076856 4.491111 -2.245855 2.674988
-7.046146 4.540932 -2.246115 2.675001
-7.015076 4.590537 -2.246372 2.675014
-6.983646 4.639925 -2.246626 2.675027
-6.951859 4.689088 -2.246876 2.675040
-6.919715 4.738029 -2.247124 2.675053
-7.733285 5.374774 -2.523448 2.689200
-7.629662 5.382133 -2.501835 2.688094
-7.311316 5.234389 -2.409371 2.683360
-7.291138 5.297322 -2.414850 2.683640
-7.156059 5.275904 -2.382253 2.681971
-6.973966 5.217194 -2.333702 2.679486
-6.441264 4.889185 -2.166813 2.670941
-6.284932 4.840050 -2.125539 2.668828
-6.219281 4.859035 -2.114757 2.668276
-6.201764 4.915459 -2.120418 2.668565
-6.192496 4.978895 -2.129082 2.669009
-6.056810 4.939813 -2.094237 2.667225
-6.996919 5.788356 -2.433208 2.684580
-6.957129 5.837724 -2.433484 2.684594
-6.331350 5.388403 -2.227702 2.674058
-5.545541 4.786783 -1.962923 2.660502
-5.425696 4.749837 -1.932193 2.658928
-5.309535 4.714027 -1.902500 2.657408
-5.214635 4.695278 -1.880195 2.656266
-5.128313 4.682795 -1.860813 2.655274
-5.043751 4.670565 -1.841916 2.654306
-4.960721 4.658427 -1.823427 2.653359
-4.943624 4.707750 -1.829179 2.653654
-4.927815 4.758736 -1.835578 2.653982
-4.911893 4.810083 -1.842111 2.654316
-4.895857 4.861797 -1.848781 2.654658
-4.879704 4.913889 -1.855591 2.655006
-4.863429 4.966371 -1.862541 2.655362
-4.847030 5.019247 -1.869635 2.655725
-4.830505 5.072532 -1.876876 2.656096
-4.813850 5.126231 -1.884264 2.656474
-4.797062 5.180356 -1.891803 2.656860
-4.780138 5.234921 -1.899495 2.657254
-4.763075 5.289931 -1.907344 2.657656
-4.745861 5.345394 -1.915348 2.658066
-4.727929 5.400671 -1.923281 2.658472
-5.067724 5.871014 -2.078129 2.666400
-4.971300 5.841259 -2.055262 2.665229
-4.936999 5.883687 -2.058013 2.665370
-4.910622 5.935924 -2.064242 2.665689
-4.884000 5.988377 -2.070575 2.666013
-4.857131 6.041052 -2.077013 2.666343
-4.830793 6.094945 -2.083896 2.666695
-4.805363 6.150585 -2.091398 2.667079
-6.280784 8.155766 -2.758247 2.701222
-6.225473 8.201759 -2.759036 2.701263
-6.169840 8.247396 -2.759831 2.701303
-6.113885 8.292674 -2.760632 2.701344
-6.057614 8.337590 -2.761438 2.701385
-6.001024 8.382145 -2.762251 2.701427
-5.944123 8.426333 -2.763071 2.701469
-5.886910 8.470153 -2.763896 2.701511
-5.829385 8.513605 -2.764727 2.701554
-5.771555 8.556684 -2.765564 2.701597
-5.713418 8.599389 -2.766407 2.701640
-5.654980 8.641717 -2.767256 2.701684
-5.596241 8.683665 -2.768111 2.701727
-5.537201 8.725236 -2.768971 2.701771
-5.477868 8.766421 -2.769838 2.701816
-5.418238 8.807223 -2.770710 2.701860
-5.358318 8.847637 -2.771588 2.701905
-5.298110 8.887661 -2.772471 2.701951
-5.237612 8.927296 -2.773361 2.701996
-5.176831 8.966536 -2.774256 2.702042
-5.115832 9.005497 -2.775192 2.702090
-5.054489 9.043944 -2.776098 2.702136
-4.992867 9.081991 -2.777010 2.702183
-4.930969 9.119638 -2.777927 2.702230
-4.868800 9.156881 -2.778850 2.702277
-4.806358 9.193719 -2.779778 2.702325
-4.743650 9.230147 -2.780712 2.702372
-4.680678 9.266167 -2.781651 2.702420
-4.617440 9.301775 -2.782595 2.702469
-4.553944 9.336968 -2.783544 2.702517
-4.490187 9.371748 -2.784499 2.702566
-4.426178 9.406108 -2.785459 2.702615
-4.361915 9.440048 -2.786424 2.702665
-4.297400 9.473569 -2.787395 2.702715
-4.232640 9.506664 -2.788370 2.702765
-4.167632 9.539336 -2.789351 2.702815
-4.102384 9.571580 -2.790337 2.702865
-4.036896 9.603395 -2.791327 2.702916
-3.971168 9.634779 -2.792323 2.702967
-3.905208 9.665730 -2.793324 2.703018
-3.839014 9.696246 -2.794329 2.703070
-3.772593 9.726326 -2.795339 2.703121
-3.705945 9.755967 -2.796354 2.703173
-3.639071 9.785170 -2.797374 2.703226
-3.571978 9.813930 -2.798398 2.703278
-3.504664 9.842247 -2.799428 2.703331
-3.437138 9.870117 -2.800462 2.703383
-3.369398 9.897541 -2.801500 2.703437
-3.301446 9.924517 -2.802543 2.703490
-3.233289 9.951041 -2.803591 2.703544
-3.164925 9.977114 -2.804643 2.703598
-3.096362 10.002732 -2.805700 2.703652
-3.027538 10.027687 -2.806702 2.703703
-2.957350 10.048217 -2.806601 2.703698
-2.889471 10.076783 -2.808877 2.703814
-2.820146 10.100636 -2.809969 2.703871
-2.748604 10.116546 -2.808989 2.703820
-2.676794 10.131258 -2.807816 2.703760
-2.604923 10.145512 -2.806658 2.703701
-2.532485 10.157246 -2.804945 2.703613
-2.460196 10.169226 -2.803442 2.703536
-2.387877 10.180782 -2.801963 2.703460
-2.315542 10.191907 -2.800508 2.703386
-2.240752 10.191532 -2.796038 2.703157
-2.164962 10.185345 -2.790126 2.702854
-2.092154 10.192174 -2.787927 2.702742
-2.020733 10.205465 -2.787636 2.702727
-1.946283 10.202785 -2.783125 2.702496
-1.871443 10.196700 -2.777833 2.702225
-1.798100 10.197532 -2.774572 2.702058
-1.725240 10.200224 -2.771960 2.701924
-1.651220 10.194963 -2.767330 2.701687
-1.576882 10.186057 -2.761857 2.701407
-1.502782 10.176829 -2.756443 2.701130
-1.428918 10.167282 -2.751088 2.700855
-1.356669 10.167752 -2.748586 2.700727
-1.284511 10.167976 -2.746155 2.700603
-1.211201 10.157459 -2.740964 2.700337
-1.137413 10.140279 -2.734119 2.699987
-1.063899 10.122325 -2.727209 2.699633
-0.990715 10.104083 -2.720364 2.699283
-0.918425 10.091827 -2.715272 2.699022
-0.846318 10.078560 -2.710047 2.698754
-0.773763 10.055969 -2.702454 2.698365
-0.701586 10.033150 -2.694939 2.697981
-0.629780 10.010053 -2.687489 2.697599
-0.558376 9.987352 -2.680282 2.697230
-0.486947 9.956403 -2.670999 2.696755
-0.416023 9.926032 -2.662007 2.696295
-0.345924 9.905961 -2.655912 2.695982
-0.276297 9.891548 -2.651466 2.695755
-0.206686 9.867229 -2.644496 2.695398
-0.137437 9.842703 -2.637601 2.695045
-0.068489 9.810295 -2.628725 2.694591
0.000000 9.778132 -2.620043 2.694146
0.068095 9.753912 -2.613616 2.693817
0.135889 9.731461 -2.607791 2.693519
0.203232 9.702104 -2.600241 2.693132
0.270091 9.669374 -2.591912 2.692706
0.336513 9.636480 -2.583661 2.692283
0.402502 9.603424 -2.575489 2.691865
0.468236 9.573716 -2.568336 2.691499
0.533879 9.549084 -2.562665 2.691208
0.599223 9.524354 -2.557089 2.690923
0.663886 9.494005 -2.550123 2.690566
0.728447 9.467026 -2.544180 2.690262
0.792695 9.439908 -2.538318 2.689962
0.856344 9.409610 -2.531717 2.689624
0.919742 9.380240 -2.525481 2.689305
0.983234 9.354845 -2.520430 2.689046
1.046193 9.327028 -2.514842 2.688760
1.107957 9.291579 -2.507309 2.688374
1.169237 9.255446 -2.499701 2.687985
1.231019 9.226048 -2.494021 2.687694
1.292633 9.197563 -2.488699 2.687421
1.353945 9.168905 -2.483442 2.687152
1.414959 9.140057 -2.478244 2.686886
1.475525 9.110154 -2.472869 2.686611
1.534661 9.073454 -2.465755 2.686247
1.593839 9.039112 -2.459386 2.685920
1.653299 9.008122 -2.454035 2.685647
1.712458 8.977002 -2.448755 2.685376
1.771430 8.946366 -2.443712 2.685118
1.829861 8.914381 -2.438405 2.684846
1.888115 8.882879 -2.433335 2.684587
1.946073 8.851252 -2.428333 2.684331
2.003743 8.819494 -2.423399 2.684078
2.061118 8.787613 -2.418534 2.683829
2.118319 8.756077 -2.413866 2.683590
2.176390 8.729022 -2.410538 2.683419
2.233310 8.698170 -2.406265 2.683201
2.289316 8.664701 -2.401369 2.682950
2.345031 8.631141 -2.396547 2.682703
2.398976 8.592162 -2.390316 2.682384
2.452533 8.552998 -2.384126 2.682067
2.506895 8.517699 -2.379107 2.681810
2.561181 8.483031 -2.374361 2.681567
2.615186 8.448296 -2.369690 2.681328
2.670722 8.419179 -2.366696 2.681175
2.728250 8.396689 -2.365670 2.681122
2.785704 8.374139 -2.364738 2.681075
2.839114 8.339833 -2.360591 2.680862
2.892201 8.305265 -2.356464 2.680651
2.945030 8.270601 -2.352405 2.680443
2.997602 8.235844 -2.348414 2.680239
3.049930 8.201016 -2.344498 2.680038
3.102833 8.168256 -2.341269 2.679873
3.156721 8.138507 -2.339001 2.679757
3.208898 8.104749 -2.335681 2.679587
3.260534 8.070105 -2.332200 2.679409
3.311927 8.035340 -2.328778 2.679233
3.364193 8.003091 -2.326183 2.679101
3.417056 7.972583 -2.324193 2.678998
3.469738 7.941913 -2.322257 2.678900
3.521809 7.910111 -2.320090 2.678789
3.574550 7.880054 -2.318537 2.678709
3.626367 7.848169 -2.316549 2.678607
3.677976 7.816092 -2.314603 2.678508
3.727680 7.780266 -2.311644 2.678356
3.776937 7.743867 -2.308608 2.678201
3.826473 7.708381 -2.305936 2.678064
3.877662 7.676460 -2.304430 2.677987
3.928678 7.644377 -2.302976 2.677912
3.978704 7.610557 -2.301100 2.677816
4.027423 7.574481 -2.298637 2.677690
4.077574 7.541317 -2.297156 2.677614
4.127564 7.508005 -2.295731 2.677541
4.177388 7.474551 -2.294363 2.677471
4.227050 7.440951 -2.293052 2.677404
4.277597 7.409015 -2.292357 2.677369
4.329616 7.379653 -2.292569 2.677379
4.380404 7.348191 -2.292240 2.677363
4.429793 7.314454 -2.291307 2.677315
4.479025 7.280550 -2.290426 2.677270
4.528102 7.246478 -2.289596 2.677227
4.577024 7.212237 -2.288818 2.677187
4.625796 7.177825 -2.288091 2.677150
4.674412 7.143246 -2.287415 2.677115
4.722876 7.108498 -2.286790 2.677083
4.771189 7.073578 -2.286217 2.677054
4.819352 7.038488 -2.285694 2.677027
4.867370 7.003222 -2.285222 2.677003
4.915236 6.967787 -2.284801 2.676982
4.962955 6.932180 -2.284431 2.676963
5.010528 6.896400 -2.284111 2.676946
5.060658 6.864110 -2.285063 2.676995
5.110758 6.831687 -2.286092 2.677048
5.160767 6.799056 -2.287173 2.677103
5.210688 6.766214 -2.288307 2.677161
5.260522 6.733161 -2.289493 2.677222
5.308876 6.698135 -2.290130 2.677255
5.356028 6.661551 -2.290351 2.677266
5.405204 6.627432 -2.291539 2.677327
5.457101 6.596501 -2.293961 2.677451
5.513450 6.570674 -2.298309 2.677673
5.569857 6.544561 -2.302720 2.677899
5.620281 6.511153 -2.304716 2.678001
5.669235 6.475912 -2.306195 2.678077
5.718113 6.440464 -2.307732 2.678156
5.769730 6.407934 -2.310452 2.678295
5.822035 6.375943 -2.313517 2.678452
5.873717 6.343033 -2.316399 2.678600
5.922677 6.307007 -2.318286 2.678696
5.971559 6.270753 -2.320227 2.678796
6.020366 6.234271 -2.322224 2.678898
6.069676 6.198150 -2.324496 2.679014
6.118644 6.161506 -2.326718 2.679128
6.167525 6.124615 -2.328990 2.679244
6.218657 6.089757 -2.332187 2.679408
6.271261 6.056086 -2.336002 2.679603
6.323855 6.022127 -2.339876 2.679801
6.376435 5.987867 -2.343805 2.680003
6.428986 5.953303 -2.347787 2.680207
6.480068 5.917114 -2.351298 2.680387
6.528912 5.878659 -2.354072 2.680528
6.580894 5.842793 -2.358050 2.680732
6.634885 5.808399 -2.362808 2.680976
6.691667 5.776090 -2.368611 2.681273
6.748529 5.743447 -2.374487 2.681574
6.810571 5.714747 -2.382221 2.681970
6.873687 5.686410 -2.390354 2.682386
6.929377 5.651458 -2.395940 2.682672
6.982066 5.613722 -2.400548 2.682908
7.034750 5.575673 -2.405220 2.683147
7.094459 5.542798 -2.412346 2.683512
7.154525 5.509727 -2.419632 2.683885
7.214774 5.476307 -2.427018 2.684263
7.271606 5.439854 -2.433301 2.684585
7.327917 5.402605 -2.439464 2.684901
7.399693 5.376192 -2.450804 2.685481
7.470961 5.348684 -2.461980 2.686053
7.550022 5.325951 -2.475720 2.686757
7.628614 5.302022 -2.489293 2.687452
7.709885 5.279067 -2.503725 2.688190
7.785078 5.251101 -2.516177 2.688828
7.854120 5.218266 -2.526656 2.689365
7.924147 5.185412 -2.537475 2.689919
8.002192 5.157058 -2.550875 2.690605
8.076554 5.125536 -2.563111 2.691231
8.158653 5.098092 -2.577807 2.691984
8.237738 5.067891 -2.591553 2.692688
8.307804 5.031381 -2.602481 2.693247
8.389042 5.000870 -2.616929 2.693987
8.478868 4.974521 -2.634052 2.694863
8.585790 4.957007 -2.656452 2.696010
8.678429 4.930035 -2.674401 2.696929
8.755793 4.893444 -2.687648 2.697608
8.835447 4.857326 -2.701623 2.698323
8.926145 4.826347 -2.718987 2.699212
9.017612 4.794749 -2.736586 2.700113
9.098061 4.756352 -2.750856 2.700844
9.162870 4.709072 -2.760443 2.701335
9.232102 4.663467 -2.771424 2.701897
9.306410 4.619740 -2.783982 2.702540
9.379926 4.574895 -2.796351 2.703173
9.445265 4.525414 -2.806343 2.703685
9.510689 4.475386 -2.816429 2.704201
9.585046 4.428910 -2.829223 2.704856
9.665939 4.384663 -2.843996 2.705612
9.727679 4.331042 -2.853196 2.706084
9.785388 4.275132 -2.861298 2.706498
9.847811 4.220773 -2.870864 2.706988
9.920820 4.170326 -2.883590 2.707640
9.989666 4.117442 -2.895175 2.708233
10.038198 4.055695 -2.900964 2.708529
10.077596 3.990003 -2.904229 2.708696
10.121548 3.925886 -2.908925 2.708937
10.177587 3.866100 -2.917202 2.709361
10.233528 3.805814 -2.925550 2.709788
10.279225 3.741332 -2.931076 2.710071
10.317861 3.674026 -2.934707 2.710257
10.356313 3.606446 -2.938410 2.710447
10.390231 3.537121 -2.940956 2.710577
10.424889 3.467898 -2.943841 2.710725
10.464618 3.400160 -2.948285 2.710952
10.497566 3.330025 -2.950946 2.711088
10.530240 3.259650 -2.953661 2.711227
10.562316 3.188948 -2.956342 2.711365
10.588566 3.116383 -2.957527 2.711425
10.617158 3.044421 -2.959505 2.711526
10.645432 2.972259 -2.961530 2.711630
10.673402 2.899895 -2.963607 2.711737
10.701035 2.827332 -2.965726 2.711845
10.728312 2.754561 -2.967884 2.711956
10.755241 2.681583 -2.970082 2.712068
10.781840 2.608403 -2.972327 2.712183
10.808102 2.535013 -2.974614 2.712300
10.834021 2.461426 -2.976946 2.712420
10.859617 2.387640 -2.979326 2.712541
10.884876 2.313652 -2.981752 2.712666
10.909793 2.239460 -2.984222 2.712792
10.934368 2.165059 -2.986737 2.712921
10.963587 2.091413 -2.990657 2.713122
10.994998 2.017958 -2.995309 2.713360
11.026075 1.944194 -3.000005 2.713600
11.050005 1.868970 -3.002892 2.713748
11.072860 1.793408 -3.005627 2.713888
11.098484 1.718133 -3.009254 2.714074
11.123783 1.642616 -3.012930 2.714262
11.148702 1.566848 -3.016643 2.714452
11.172606 1.490745 -3.020222 2.714635
11.188757 1.413465 -3.021847 2.714719
11.204492 1.336052 -3.023503 2.714803
11.227935 1.259413 -3.027383 2.715002
11.265491 1.184051 -3.035206 2.715402
11.305449 1.108510 -3.043813 2.715843
11.340985 1.032107 -3.051366 2.716230
11.371895 0.954922 -3.057814 2.716560
11.402528 0.877375 -3.064330 2.716894
11.414943 0.798210 -3.066093 2.716984
11.421375 0.718573 -3.066399 2.717000
11.427217 0.638877 -3.066695 2.717015
11.432467 0.559138 -3.066982 2.717029
11.437125 0.479356 -3.067259 2.717044
11.441191 0.399535 -3.067526 2.717057
11.444662 0.319679 -3.067784 2.717070
11.447541 0.239788 -3.068032 2.717083
11.449827 0.159877 -3.068271 2.717095
11.451518 0.079947 -3.068500 2.717107
