# .PCD v0.7 - Point Cloud Data file format
VERSION 0.7
FIELDS x y z intensity
SIZE 4 4 4 4
TYPE F F F F
COUNT 1 1 1 1
WIDTH 14400
HEIGHT 1
VIEWPOINT 0 0 0 1 0 0 0
POINTS 14400
DATA ascii
27.860386 -0.000000 7.465168 2.177783
27.691454 -0.193326 7.420084 2.180092
27.415575 -0.382819 7.346697 2.183849
27.145096 -0.568609 7.275102 2.187515
26.879833 -0.750822 7.205239 2.191092
26.877596 -0.938587 7.206220 2.191041
26.884537 -1.126796 7.210014 2.190847
27.158627 -1.328279 7.285830 2.186965
27.624388 -1.544443 7.413492 2.180429
27.925112 -1.756899 7.497305 2.176138
27.932383 -1.953223 7.502736 2.175860
27.939672 -2.149841 7.508542 2.175563
27.946981 -2.346774 7.514726 2.175246
27.954311 -2.544042 7.521290 2.174910
27.941078 -2.739647 7.522692 2.174838
27.642216 -2.905314 7.447507 2.178688
27.349260 -3.067712 7.374169 2.182442
27.062014 -3.226950 7.302615 2.186106
26.969215 -3.407005 7.283814 2.187069
26.976410 -3.599422 7.292367 2.186631
27.128222 -3.812623 7.340422 2.184170
27.569239 -4.071072 7.467262 2.177676
28.021317 -4.337929 7.597726 2.170996
28.028891 -4.539690 7.608189 2.170461
28.036495 -4.742019 7.619053 2.169904
28.044130 -4.944937 7.630324 2.169327
28.051796 -5.148468 7.642003 2.168730
28.059494 -5.352635 7.654094 2.168110
27.855190 -5.515477 7.608682 2.170435
27.588861 -5.663180 7.546549 2.173617
27.326839 -5.808499 7.485787 2.176728
27.068998 -5.951506 7.426356 2.179770
27.072500 -6.150722 7.438917 2.179127
27.080120 -6.351585 7.453013 2.178406
27.769255 -6.718091 7.655399 2.168044
28.122330 -7.011685 7.766040 2.162379
28.130356 -7.222649 7.781992 2.161562
28.138424 -7.434493 7.798392 2.160722
28.146534 -7.647244 7.815246 2.159859
28.154688 -7.860931 7.832558 2.158973
28.160950 -8.075023 7.849791 2.158091
27.909882 -8.214325 7.795602 2.160865
27.662249 -8.351727 7.742533 2.163582
27.417961 -8.487278 7.690555 2.166244
27.176928 -8.621030 7.639642 2.168850
27.174732 -8.829606 7.656167 2.168004
27.182913 -9.042552 7.676071 2.166985
28.221630 -9.607428 7.988136 2.151007
28.230230 -9.830807 8.009802 2.149898
28.238884 -10.055415 8.031980 2.148763
28.247597 -10.281284 8.054677 2.147601
28.256367 -10.508449 8.077901 2.146411
28.150707 -10.693451 8.068840 2.146875
27.941174 -10.837668 8.030273 2.148850
27.733631 -10.980522 7.992463 2.150786
27.528030 -11.122046 7.955395 2.152684
27.324324 -11.262274 7.919055 2.154544
27.276567 -11.466014 7.928220 2.154075
27.285448 -11.694559 7.954339 2.152738
28.328794 -12.376546 8.283485 2.135885
28.338154 -12.616960 8.311776 2.134437
28.347586 -12.859035 8.340671 2.132957
28.357094 -13.102818 8.370180 2.131447
28.290209 -13.312363 8.377666 2.131063
28.056246 -13.442302 8.335970 2.133198
27.824594 -13.570962 8.295091 2.135291
27.595200 -13.698376 8.255013 2.137343
27.368614 -13.824883 8.215902 2.139346
27.378244 -14.070507 8.248081 2.137698
28.136662 -14.709492 8.507296 2.124427
28.436077 -15.119731 8.629532 2.118168
28.446344 -15.380881 8.665023 2.116351
28.456707 -15.644208 8.701237 2.114497
28.467165 -15.909761 8.738184 2.112605
28.266010 -16.057329 8.710637 2.114015
28.034716 -16.185850 8.673971 2.115892
27.805355 -16.313305 8.638034 2.117733
27.577879 -16.439716 8.602813 2.119536
27.479574 -16.642221 8.608180 2.119261
27.490257 -16.912121 8.648303 2.117207
28.543278 -17.835819 9.018531 2.098251
28.554596 -18.121300 9.061860 2.096033
28.566034 -18.409554 9.106055 2.093770
28.577595 -18.700655 9.151135 2.091462
28.589281 -18.994675 9.197118 2.089108
28.601095 -19.291683 9.244020 2.086706
28.613041 -19.591761 9.291863 2.084257
27.583183 -19.170811 9.000669 2.099166
27.245619 -19.219671 8.934085 2.102575
27.101152 -19.402521 8.930913 2.102737
26.956789 -19.585255 8.928181 2.102877
26.812511 -19.767891 8.925887 2.102994
26.664082 -19.947281 8.922617 2.103162
26.296835 -19.960386 8.846141 2.107078
25.935816 -19.973269 8.771389 2.110905
25.580833 -19.985937 8.698313 2.114646
25.231699 -19.998400 8.626860 2.118305
24.002575 -19.298565 8.252480 2.137473
23.676645 -19.310202 8.186571 2.140848
23.423279 -19.377424 8.145543 2.142948
23.291716 -19.544071 8.147042 2.142871
23.160103 -19.710794 8.148942 2.142774
23.028429 -19.877607 8.151241 2.142656
22.896679 -20.044529 8.153941 2.142518
22.629412 -20.091333 8.108516 2.144844
22.325737 -20.102184 8.049794 2.147851
22.026413 -20.112881 7.992304 2.150794
21.731325 -20.123428 7.936015 2.153676
21.440350 -20.133829 7.880894 2.156498
21.153374 -20.144089 7.826912 2.159262
20.127607 -19.437006 7.497397 2.176133
19.858250 -19.446638 7.447454 2.178690
19.632931 -19.496342 7.413817 2.180413
19.512423 -19.649124 7.419932 2.180099
19.391716 -19.802170 7.426422 2.179767
19.270798 -19.955496 7.433286 2.179416
19.149652 -20.109118 7.440529 2.179045
18.989252 -20.221498 7.432877 2.179437
18.733780 -20.230642 7.387983 2.181735
18.481363 -20.239677 7.343985 2.183988
18.231928 -20.248608 7.300862 2.186196
17.985392 -20.257435 7.258595 2.188360
17.741684 -20.266163 7.217164 2.190481
17.500731 -20.274794 7.176552 2.192560
17.262463 -20.283327 7.136740 2.194599
16.420902 -19.569670 6.845134 2.209529
16.196100 -19.577724 6.808235 2.211418
15.973702 -19.585695 6.772061 2.213270
15.808056 -19.661257 6.759863 2.213895
15.696023 -19.803453 6.770912 2.213329
15.583622 -19.946127 6.782330 2.212745
15.470840 -20.089296 6.794119 2.212141
15.357663 -20.232973 6.806284 2.211518
15.228412 -20.356239 6.811820 2.211235
15.013594 -20.363945 6.779158 2.212907
14.800817 -20.371578 6.747136 2.214547
14.590032 -20.379143 6.715742 2.216154
14.381190 -20.386637 6.684962 2.217730
14.174243 -20.394064 6.654787 2.219275
13.969147 -20.401426 6.625205 2.220789
13.765859 -20.408726 6.596205 2.222274
13.564332 -20.415962 6.567776 2.223730
13.308245 -20.337130 6.512369 2.226567
12.697862 -19.703226 6.280839 2.238421
12.508367 -19.710033 6.255019 2.239743
12.320415 -19.716787 6.229714 2.241039
12.133969 -19.723486 6.204914 2.242308
11.997759 -19.810654 6.205834 2.242261
11.890657 -19.946764 6.222315 2.241417
11.782984 -20.083611 6.239191 2.240553
11.674723 -20.221214 6.256465 2.239669
11.565858 -20.359592 6.274144 2.238764
11.452515 -20.491863 6.290112 2.237946
11.269123 -20.498461 6.267835 2.239087
11.087017 -20.505013 6.246018 2.240204
10.906168 -20.511520 6.224656 2.241297
10.726542 -20.517984 6.203741 2.242368
10.548113 -20.524408 6.183267 2.243417
10.370848 -20.530790 6.163227 2.244443
10.194719 -20.537132 6.143615 2.245447
10.019703 -20.543436 6.124425 2.246429
9.845766 -20.549700 6.105652 2.247391
9.672884 -20.555929 6.087290 2.248331
9.410032 -20.365181 6.011202 2.252227
9.071446 -19.997892 5.883952 2.258742
8.834335 -19.842243 5.819867 2.262023
8.671428 -19.848116 5.803691 2.262851
8.509416 -19.853956 5.787887 2.263660
8.348275 -19.859768 5.772449 2.264451
8.214386 -19.929594 5.775936 2.264272
8.107194 -20.066011 5.798927 2.263095
7.999143 -20.203531 5.822388 2.261894
7.890210 -20.342180 5.846328 2.260668
7.780375 -20.481987 5.870754 2.259417
7.669617 -20.622978 5.895675 2.258141
7.510137 -20.633932 5.883675 2.258756
7.349478 -20.639734 5.870555 2.259428
7.189526 -20.645510 5.857779 2.260082
7.030261 -20.651262 5.845342 2.260719
6.871667 -20.656992 5.833243 2.261338
6.713718 -20.662699 5.821477 2.261940
6.556397 -20.668385 5.810041 2.262526
6.399686 -20.674049 5.798933 2.263095
6.243566 -20.679693 5.788148 2.263647
6.088020 -20.685318 5.777685 2.264182
5.933026 -20.690922 5.767541 2.264702
5.771819 -20.672337 5.750988 2.265549
5.551619 -20.433357 5.673584 2.269512
5.337255 -20.200706 5.598503 2.273357
5.128983 -19.976068 5.526186 2.277059
4.981920 -19.981390 5.517903 2.277483
4.835290 -19.986698 5.509912 2.277893
4.689078 -19.991993 5.502213 2.278287
4.543267 -19.997272 5.494802 2.278666
4.408675 -20.051804 5.501195 2.278339
4.294112 -20.202208 5.534099 2.276654
4.178165 -20.354437 5.567673 2.274935
4.060799 -20.508537 5.601934 2.273181
3.941974 -20.664560 5.636898 2.271391
3.811594 -20.767738 5.657646 2.270329
3.662863 -20.773130 5.652010 2.270617
3.514422 -20.778515 5.646662 2.270891
3.366254 -20.783888 5.641598 2.271150
3.218344 -20.789253 5.636818 2.271395
3.070681 -20.794611 5.632321 2.271625
2.923244 -20.799961 5.628105 2.271841
2.776020 -20.805305 5.624170 2.272043
2.628994 -20.810642 5.620514 2.272230
2.482152 -20.815973 5.617137 2.272403
2.335483 -20.821299 5.614038 2.272561
2.188966 -20.826620 5.611215 2.272706
2.042588 -20.831938 5.608669 2.272836
1.886085 -20.724604 5.576089 2.274504
1.725194 -20.544813 5.524341 2.277154
1.567257 -20.368319 5.473807 2.279741
1.412172 -20.195005 5.424449 2.282268
1.265604 -20.116211 5.400780 2.283480
1.124955 -20.121325 5.399913 2.283524
0.984345 -20.126440 5.399309 2.283556
0.843762 -20.131554 5.398969 2.283573
0.703188 -20.136669 5.398893 2.283577
0.565777 -20.255161 5.429471 2.282011
0.427968 -20.431032 5.475679 2.279645
0.287786 -20.609938 5.522954 2.277225
0.145158 -20.791973 5.571328 2.274748
-0.000000 -20.906233 5.601808 2.273187
-0.145993 -20.911551 5.603370 2.273107
-0.292075 -20.916872 5.605205 2.273013
-0.438259 -20.922197 5.607316 2.272905
-0.584558 -20.927528 5.609702 2.272783
-0.730992 -20.932865 5.612363 2.272647
-0.877572 -20.938208 5.615302 2.272496
-1.024312 -20.943558 5.618517 2.272332
-1.171228 -20.948915 5.622011 2.272153
-1.318331 -20.954281 5.625784 2.271960
-1.465642 -20.959654 5.629837 2.271752
-1.613172 -20.965036 5.634170 2.271530
-1.760937 -20.970428 5.638785 2.271294
-1.899820 -20.875490 5.616687 2.272425
-2.032696 -20.731047 5.581505 2.274227
-2.163927 -20.588387 5.547029 2.275992
-2.293552 -20.447468 5.513241 2.277722
-2.421613 -20.308243 5.480127 2.279418
-2.558879 -20.255598 5.470609 2.279905
-2.703378 -20.260878 5.476998 2.279578
-2.848225 -20.266171 5.483671 2.279236
-2.993432 -20.271477 5.490628 2.278880
-3.141434 -20.292421 5.502107 2.278292
-3.324544 -20.526344 5.571690 2.274729
-3.512352 -20.766275 5.643336 2.271061
-3.705069 -21.012487 5.717135 2.267282
-3.862890 -21.047228 5.733785 2.266430
-4.016044 -21.052830 5.742810 2.265968
-4.169688 -21.058453 5.752144 2.265490
-4.323837 -21.064093 5.761790 2.264996
-4.478515 -21.069754 5.771750 2.264486
-4.633736 -21.075438 5.782028 2.263960
-4.789519 -21.081141 5.792625 2.263417
-4.945882 -21.086866 5.803545 2.262859
-5.102840 -21.092615 5.814790 2.262283
-5.260419 -21.098389 5.826364 2.261690
-5.418634 -21.104185 5.838269 2.261081
-5.577506 -21.110006 5.850509 2.260454
-5.703466 -20.992235 5.828763 2.261567
-5.824396 -20.860643 5.803374 2.262867
-5.944283 -20.730179 5.778483 2.264142
-6.063152 -20.600819 5.754084 2.265391
-6.181025 -20.472536 5.730166 2.266615
-6.312697 -20.393021 5.720106 2.267130
-6.470888 -20.398825 5.734266 2.266406
-6.629876 -20.404657 5.748777 2.265663
-6.789678 -20.410522 5.763644 2.264901
-6.979466 -20.502043 5.803106 2.262881
-7.268040 -20.870962 5.921746 2.256807
-7.542604 -21.182093 6.024818 2.251529
-7.711915 -21.188311 6.041753 2.250662
-7.882189 -21.194565 6.059080 2.249775
-8.053452 -21.200855 6.076804 2.248868
-8.225727 -21.207186 6.094930 2.247940
-8.399039 -21.213552 6.113463 2.246991
-8.573421 -21.219961 6.132410 2.246021
-8.748897 -21.226412 6.151776 2.245029
-8.925492 -21.232904 6.171566 2.244016
-9.103238 -21.239439 6.191788 2.242980
-9.282157 -21.246019 6.212446 2.241923
-9.432861 -21.186552 6.214162 2.241835
-9.551852 -21.056940 6.195554 2.242788
-9.670137 -20.928091 6.177357 2.243719
-9.787733 -20.799986 6.159564 2.244630
-9.904655 -20.672609 6.142170 2.245521
-10.020925 -20.545938 6.125172 2.246391
-10.193995 -20.535667 6.143177 2.245469
-10.376712 -20.542395 6.166710 2.244264
-10.560844 -20.549175 6.190729 2.243035
-10.855894 -20.765411 6.278552 2.238538
-11.336924 -21.321651 6.470508 2.228710
-11.532470 -21.328856 6.496969 2.227355
-11.729633 -21.336121 6.523968 2.225973
-11.928452 -21.343447 6.551512 2.224562
-12.128963 -21.350838 6.579612 2.223124
-12.331217 -21.358294 6.608279 2.221656
-12.535251 -21.365816 6.637522 2.220159
-12.741109 -21.373405 6.667351 2.218632
-12.948837 -21.381067 6.697778 2.217074
-13.156115 -21.384960 6.727605 2.215547
-13.279053 -21.250925 6.714440 2.216221
-13.401513 -21.117403 6.701652 2.216875
-13.523512 -20.984379 6.689235 2.217511
-13.645062 -20.851837 6.677188 2.218128
-13.766177 -20.719763 6.665508 2.218726
-13.944759 -20.673954 6.681928 2.217885
-14.161225 -20.681948 6.716301 2.216125
-14.379942 -20.690023 6.751361 2.214330
-15.139728 -21.461927 7.037560 2.199677
-15.371355 -21.470482 7.075382 2.197740
-15.605503 -21.479132 7.113962 2.195765
-15.842232 -21.487879 7.153316 2.193750
-16.081606 -21.496723 7.193461 2.191695
-16.323694 -21.505671 7.234414 2.189598
-16.568565 -21.514721 7.276192 2.187459
-16.816296 -21.523878 7.318816 2.185277
-17.000437 -21.449205 7.333604 2.184520
-17.131029 -21.306700 7.325593 2.184930
-17.261339 -21.164494 7.317955 2.185321
-17.391386 -21.022570 7.310687 2.185693
-17.521173 -20.880920 7.303788 2.186046
-17.713463 -20.813240 7.323193 2.185052
-17.973825 -20.822874 7.370553 2.182628
-18.237591 -20.832634 7.418895 2.180152
-19.187675 -21.611593 7.743814 2.163517
-19.468525 -21.621988 7.796050 2.160842
-19.753218 -21.632526 7.849383 2.158112
-20.041836 -21.643211 7.903837 2.155323
-20.334501 -21.654047 7.959443 2.152477
-20.631342 -21.665039 8.016233 2.149569
-20.810118 -21.549507 8.027045 2.149015
-20.951574 -21.395037 8.023797 2.149182
-21.092915 -21.240685 8.020940 2.149328
-21.234156 -21.086430 8.018475 2.149454
-21.392906 -20.949476 8.022996 2.149223
-21.705826 -20.961073 8.085273 2.146034
-22.645561 -21.565069 8.379031 2.130994
-22.657152 -21.276480 8.328157 2.133598
-22.668596 -20.991352 8.278295 2.136151
-22.679895 -20.709587 8.229420 2.138654
-22.691055 -20.431118 8.181515 2.141106
-22.702080 -20.155842 8.134553 2.143511
-22.712969 -19.883698 8.088518 2.145868
-22.723728 -19.614597 8.043388 2.148179
-21.760231 -18.519403 7.656392 2.167993
-21.784199 -18.279112 7.619739 2.169869
-21.983276 -18.186142 7.644775 2.168587
-22.183668 -18.092556 7.670350 2.167278
-22.385412 -17.998335 7.696473 2.165941
-22.588551 -17.903461 7.723152 2.164575
-22.793102 -17.807922 7.750393 2.163180
-22.805492 -17.562588 7.712725 2.165108
-22.815214 -17.317688 7.674939 2.167043
-22.824837 -17.075161 7.637888 2.168940
-22.834358 -16.834936 7.601558 2.170800
-21.864962 -15.885824 7.241750 2.189222
-21.873892 -15.660163 7.208321 2.190934
-22.030045 -15.540484 7.223850 2.190139
-22.227262 -15.448352 7.252978 2.188648
-22.426094 -15.355463 7.282699 2.187126
-22.626560 -15.261807 7.313020 2.185573
-22.828720 -15.167359 7.343955 2.183989
-22.907213 -14.990059 7.335362 2.184429
-22.915937 -14.768315 7.304962 2.185986
-22.924582 -14.548378 7.275162 2.187512
-22.933149 -14.330222 7.245955 2.189007
-21.958630 -13.509033 6.908078 2.206306
-21.966686 -13.303496 6.881227 2.207681
-21.974676 -13.099537 6.854915 2.209028
-22.140858 -12.989961 6.878296 2.207831
-22.318071 -12.885344 6.905235 2.206452
-22.496689 -12.779893 6.932725 2.205045
-22.676735 -12.673597 6.960773 2.203608
-22.858250 -12.566430 6.989391 2.202143
-23.007065 -12.439870 7.008167 2.201182
-23.014952 -12.237267 6.984376 2.202400
-23.022779 -12.036013 6.961081 2.203593
-23.030546 -11.836091 6.938276 2.204760
-23.038258 -11.637463 6.915954 2.205903
-23.045912 -11.440087 6.894108 2.207022
-22.065704 -10.762163 6.578245 2.223194
-22.072929 -10.575571 6.558228 2.224219
-22.105806 -10.402202 6.546260 2.224831
-22.307934 -10.307714 6.584646 2.222866
-22.512461 -10.212102 6.623810 2.220861
-22.719435 -10.115344 6.663767 2.218815
-22.928936 -10.017402 6.704539 2.216727
-23.105282 -9.902935 6.735723 2.215131
-23.112486 -9.715596 6.717887 2.216044
-23.119648 -9.529228 6.700468 2.216936
-23.126764 -9.343819 6.683462 2.217807
-23.133839 -9.159330 6.666863 2.218657
-23.140873 -8.975751 6.650670 2.219486
-23.147865 -8.793050 6.634875 2.220294
-22.457914 -8.352020 6.420245 2.231283
-22.169291 -8.068961 6.321475 2.236340
-22.175873 -7.896469 6.307478 2.237057
-22.202850 -7.731849 6.299644 2.237458
-22.417416 -7.631512 6.345252 2.235123
-22.635126 -7.529701 6.391840 2.232738
-22.856056 -7.426383 6.439430 2.230301
-23.080318 -7.321504 6.488054 2.227812
-23.209135 -7.184426 6.510007 2.226688
-23.215775 -7.009256 6.497985 2.227303
-23.222382 -6.834716 6.486321 2.227900
-23.228960 -6.660797 6.475012 2.228479
-23.235510 -6.487466 6.464055 2.229040
-23.242031 -6.314718 6.453447 2.229584
-23.118296 -6.108119 6.407094 2.231957
-22.726551 -5.835184 6.287081 2.238101
-22.349199 -5.572281 6.171778 2.244005
-22.270855 -5.387883 6.139606 2.245652
-22.276972 -5.225015 6.131087 2.246088
-22.292044 -5.064629 6.125354 2.246382
-22.529676 -4.953468 6.180997 2.243533
-22.771666 -4.840266 6.237964 2.240616
-23.018173 -4.724948 6.296301 2.237629
-23.269335 -4.607451 6.356050 2.234570
-23.312103 -4.447022 6.359096 2.234414
-23.318340 -4.279714 6.352493 2.234752
-23.324560 -4.112749 6.346210 2.235074
-23.330761 -3.946099 6.340247 2.235379
-23.336943 -3.779758 6.334602 2.235668
-23.343109 -3.613705 6.329273 2.235941
-23.112204 -3.412910 6.260052 2.239485
-22.721476 -3.193295 6.148034 2.245221
-22.360506 -2.983525 6.044578 2.250518
-22.366348 -2.825525 6.040677 2.250717
-22.372177 -2.667722 6.037075 2.250902
-22.426334 -2.515514 6.046802 2.250404
-22.653803 -2.381010 6.103504 2.247500
-22.885595 -2.243948 6.161583 2.244527
-23.121838 -2.104250 6.221081 2.241481
-23.362696 -1.961821 6.282048 2.238359
-23.409981 -1.801297 6.291227 2.237889
-23.415991 -1.637405 6.289617 2.237972
-23.421989 -1.473583 6.288312 2.238038
-23.427980 -1.309826 6.287312 2.238090
-23.433964 -1.146113 6.286617 2.238125
-23.439939 -0.982422 6.286227 2.238145
-23.343315 -0.815166 6.258635 2.239558
-23.037786 -0.643500 6.175364 2.243821
-22.740271 -0.476339 6.094573 2.247958
-22.458393 -0.313600 6.018295 2.251863
-22.464085 -0.156829 6.019380 2.251808
-22.469772 0.000000 6.020758 2.251737
-22.538191 0.157353 6.039237 2.250791
-22.884743 0.319554 6.132546 2.246014
-23.242186 0.486853 6.229091 2.241071
-23.499413 0.656401 6.299104 2.237486
-23.505344 0.820825 6.302077 2.237334
-23.511274 0.985418 6.305358 2.237165
-23.517206 1.150185 6.308949 2.236982
-23.523138 1.315147 6.312849 2.236782
-23.529070 1.480326 6.317061 2.236566
-23.535006 1.645728 6.321585 2.236335
-23.523539 1.810042 6.321745 2.236326
-23.267513 1.953829 6.256454 2.239670
-23.016703 2.094683 6.192794 2.242929
-22.770918 2.232711 6.130709 2.246108
-22.555014 2.370628 6.076888 2.248863
-22.560717 2.530594 6.083036 2.248549
-22.566425 2.690885 6.089492 2.248218
-22.721458 2.870387 6.136585 2.245807
-23.203396 3.095997 6.272431 2.238852
-23.594576 3.316002 6.384279 2.233125
-23.600569 3.485033 6.392328 2.232713
-23.606571 3.654492 6.400708 2.232284
-23.612581 3.824403 6.409421 2.231838
-23.618603 3.994791 6.418470 2.231374
-23.624634 4.165661 6.427855 2.230894
-23.630678 4.337045 6.437581 2.230396
-23.445354 4.472442 6.395445 2.232553
-23.255217 4.604656 6.352193 2.234768
-23.067612 4.735104 6.309824 2.236937
-22.882484 4.863822 6.268321 2.239062
-22.699755 4.990869 6.227658 2.241144
-22.653111 5.146662 6.224567 2.241302
-22.658987 5.314617 6.236225 2.240705
-22.715643 5.495495 6.262225 2.239374
-23.483932 5.855202 6.485137 2.227961
-23.691877 6.083045 6.554130 2.224428
-23.698090 6.261307 6.567780 2.223730
-23.704319 6.440320 6.581808 2.223011
-23.710571 6.620113 6.596216 2.222274
-23.716843 6.800695 6.611008 2.221516
-23.723137 6.982103 6.626189 2.220739
-23.530424 7.104256 6.586054 2.222794
-23.324087 7.220010 6.542250 2.225037
-23.120455 7.334243 6.499337 2.227234
-22.919468 7.446987 6.457295 2.229387
-22.737095 7.563629 6.420635 2.231263
-22.743259 7.742439 6.437483 2.230401
-22.749451 7.922196 6.454732 2.229518
-23.204828 8.262871 6.600144 2.222073
-23.780886 8.655535 6.781014 2.212812
-23.787439 8.846475 6.800329 2.211823
-23.794025 9.038504 6.820084 2.210812
-23.800642 9.231659 6.840287 2.209777
-23.807291 9.425977 6.860944 2.208720
-23.813972 9.621470 6.882060 2.207639
-23.662848 9.753127 6.857897 2.208876
-23.465281 9.863897 6.820430 2.210794
-23.269846 9.973468 6.783698 2.212675
-23.076483 10.081871 6.747683 2.214519
-22.885157 10.189128 6.712374 2.216326
-22.832685 10.357369 6.718029 2.216037
-22.839333 10.553255 6.741499 2.214835
-23.868759 11.231785 7.068328 2.198102
-23.875790 11.439364 7.093888 2.196793
-23.882862 11.648451 7.119978 2.195457
-23.889982 11.859095 7.146609 2.194093
-23.897146 12.071320 7.173788 2.192702
-23.904358 12.285171 7.201524 2.191282
-23.759508 12.421174 7.183836 2.192188
-23.565397 12.529944 7.151420 2.193847
-23.373007 12.637743 7.119637 2.195475
-23.182314 12.744587 7.088480 2.197070
-22.993269 12.850503 7.057936 2.198633
-22.922543 13.021820 7.063960 2.198325
-22.929798 13.238525 7.094504 2.196761
-23.963930 14.059560 7.444654 2.178833
-23.971630 14.289962 7.477857 2.177134
-23.979393 14.522435 7.511723 2.175400
-23.987219 14.757040 7.546264 2.173631
-23.907793 14.939248 7.553904 2.173240
-23.732296 15.060979 7.531494 2.174387
-23.557831 15.181989 7.509580 2.175509
-23.384365 15.302299 7.488156 2.176606
-23.211868 15.421932 7.467215 2.177678
-23.040325 15.540896 7.446751 2.178726
-23.013666 15.757792 7.473510 2.177356
-23.021700 16.000500 7.512211 2.175375
-24.060778 16.973009 7.889746 2.156045
-24.069332 17.231955 7.931808 2.153891
-24.077971 17.493670 7.974706 2.151695
-24.086695 17.758249 8.018463 2.149455
-24.095509 18.025745 8.063094 2.147170
-24.104412 18.296242 8.108619 2.144839
-23.283697 17.930866 7.874454 2.156828
-22.965559 17.942661 7.809034 2.160177
-22.735291 18.019775 7.773324 2.162006
-22.619999 18.186949 7.777128 2.161811
-22.504583 18.354290 7.781312 2.161597
-22.389029 18.521820 7.785879 2.161363
-22.273331 18.689545 7.790829 2.161109
-22.157471 18.857492 7.796164 2.160836
-22.031734 19.017284 7.798447 2.160719
-21.735794 19.028248 7.740528 2.163685
-21.444191 19.039049 7.683831 2.166588
-21.156826 19.049692 7.628331 2.169430
-20.873556 19.060183 7.573990 2.172212
-19.514397 18.070532 7.126420 2.195127
-19.253450 18.080193 7.077049 2.197655
-19.004934 18.098158 7.031973 2.199963
-18.899439 18.250977 7.039913 2.199556
-18.793694 18.404150 7.048213 2.199131
-18.687691 18.557682 7.056875 2.198688
-18.581419 18.711596 7.065902 2.198226
-18.474861 18.865911 7.075295 2.197745
-18.368011 19.020634 7.085057 2.197245
-18.243450 19.157516 7.088428 2.197073
-17.998606 19.166571 7.045114 2.199290
-17.756721 19.175514 7.002664 2.201464
-17.517715 19.184351 6.961059 2.203594
-17.281528 19.193083 6.920280 2.205682
-17.048071 19.201712 6.880309 2.207728
-16.817291 19.210239 6.841130 2.209734
-15.719239 18.210913 6.446012 2.229964
-15.505421 18.218813 6.410335 2.231791
-15.293954 18.226625 6.375360 2.233582
-15.165532 18.331985 6.375024 2.233599
-15.067214 18.474232 6.387754 2.232947
-14.968493 18.617048 6.400847 2.232276
-14.869353 18.760460 6.414306 2.231587
-14.769792 18.904472 6.428133 2.230880
-14.669787 19.049114 6.442334 2.230152
-14.569336 19.194393 6.456910 2.229406
-14.436858 19.298145 6.457749 2.229363
-14.233352 19.305653 6.426853 2.230945
-14.031780 19.313089 6.396561 2.232496
-13.832083 19.320456 6.366861 2.234017
-13.634228 19.327753 6.337744 2.235507
-13.438164 19.334982 6.309198 2.236969
-13.243841 19.342148 6.281211 2.238402
-13.051232 19.349247 6.253776 2.239807
-12.553366 18.894342 6.078273 2.248792
-12.006542 18.347921 5.875383 2.259180
-11.828654 18.354477 5.850895 2.260434
-11.652227 18.360977 5.826893 2.261663
-11.477240 18.367424 5.803370 2.262867
-11.375580 18.490747 5.817100 2.262164
-11.281078 18.627277 5.835132 2.261241
-11.185982 18.764658 5.853562 2.260298
-11.090271 18.902914 5.872394 2.259333
-10.993938 19.042061 5.891634 2.258348
-10.896962 19.182129 5.911289 2.257342
-10.799332 19.323132 5.931363 2.256314
-10.685242 19.436382 5.943082 2.255714
-10.512643 19.442732 5.922438 2.256771
-10.341235 19.449036 5.902223 2.257806
-10.170979 19.455297 5.882430 2.258820
-10.001859 19.461515 5.863055 2.259811
-9.833840 19.467693 5.844091 2.260782
-9.666890 19.473829 5.825531 2.261733
-9.500995 19.479927 5.807371 2.262662
-9.336116 19.485987 5.789605 2.263572
-9.172241 19.492008 5.772227 2.264462
-8.822110 19.092794 5.635631 2.271456
-8.447310 18.621998 5.479125 2.279469
-8.230865 18.486826 5.422314 2.282377
-8.079126 18.492399 5.407272 2.283148
-7.928225 18.497938 5.392577 2.283900
-7.778134 18.503448 5.378222 2.284635
-7.647901 18.555204 5.377614 2.284666
-7.552432 18.692924 5.402115 2.283412
-7.456078 18.831911 5.427106 2.282132
-7.358825 18.972187 5.452593 2.280827
-7.260648 19.113787 5.478587 2.279496
-7.161519 19.256750 5.505099 2.278139
-7.061423 19.401100 5.532138 2.276754
-6.960328 19.546881 5.559715 2.275342
-6.817919 19.578402 5.555006 2.275584
-6.666916 19.583935 5.543235 2.276186
-6.516539 19.589445 5.531783 2.276772
-6.366779 19.594931 5.520646 2.277343
-6.217608 19.600395 5.509821 2.277897
-6.069019 19.605837 5.499306 2.278435
-5.920989 19.611258 5.489098 2.278958
-5.773494 19.616657 5.479194 2.279465
-5.626528 19.622038 5.469592 2.279957
-5.480064 19.627398 5.460288 2.280433
-5.320719 19.583506 5.437611 2.281594
-5.101446 19.308193 5.351148 2.286021
-4.889020 19.041485 5.267643 2.290297
-4.683123 18.782980 5.186959 2.294428
-4.505464 18.623346 5.134065 2.297136
-4.369228 18.628326 5.126903 2.297503
-4.233376 18.633293 5.120011 2.297855
-4.097882 18.638245 5.113386 2.298194
-3.962731 18.643183 5.107027 2.298520
-3.843630 18.724697 5.121881 2.297760
-3.737772 18.877161 5.156321 2.295996
-3.630483 19.031679 5.191478 2.294196
-3.521713 19.188320 5.227373 2.292359
-3.411423 19.347143 5.264024 2.290482
-3.299568 19.508209 5.301450 2.288566
-3.186097 19.671597 5.339676 2.286608
-3.052212 19.716120 5.345848 2.286293
-2.912175 19.721230 5.341590 2.286510
-2.772355 19.726330 5.337599 2.286715
-2.632736 19.731422 5.333874 2.286906
-2.493294 19.736507 5.330413 2.287083
-2.354037 19.741585 5.327216 2.287246
-2.214940 19.746656 5.324282 2.287397
-2.075989 19.751720 5.321610 2.287534
-1.937171 19.756781 5.319200 2.287657
-1.798461 19.761833 5.317050 2.287767
-1.659867 19.766884 5.315161 2.287864
-1.515597 19.696978 5.293390 2.288979
-1.364051 19.506842 5.239606 2.291732
-1.215546 19.320530 5.187156 2.294418
-1.069968 19.137894 5.135992 2.297037
-0.927238 18.958838 5.086077 2.299593
-0.787248 18.783226 5.037369 2.302087
-0.655245 18.763781 5.030805 2.302423
-0.524255 18.768545 5.030978 2.302414
-0.393239 18.773312 5.031397 2.302392
-0.262204 18.778076 5.032061 2.302358
-0.131129 18.782843 5.032970 2.302312
0.000000 18.912622 5.067622 2.300538
0.133415 19.110250 5.120701 2.297820
0.269671 19.312080 5.175161 2.295032
0.408853 19.518234 5.231042 2.292171
0.551080 19.728889 5.288402 2.289234
0.693264 19.852474 5.322697 2.287478
0.832275 19.857523 5.325479 2.287335
0.971449 19.862577 5.328523 2.287180
1.110778 19.867636 5.331831 2.287010
1.250287 19.872698 5.335402 2.286827
1.389989 19.877769 5.339238 2.286631
1.529900 19.882845 5.343340 2.286421
1.670043 19.887930 5.347710 2.286197
1.810411 19.893021 5.352347 2.285960
1.951030 19.898121 5.357254 2.285708
2.091914 19.903229 5.362430 2.285444
2.233077 19.908348 5.367878 2.285165
2.355798 19.756262 5.331177 2.287044
2.476186 19.600994 5.293814 2.288957
2.594905 19.447887 5.257228 2.290830
2.712000 19.296881 5.221398 2.292664
2.827516 19.147915 5.186306 2.294461
2.941505 19.000927 5.151930 2.296221
3.060919 18.898659 5.129870 2.297351
3.197306 18.903595 5.137144 2.296978
3.334087 18.908546 5.144689 2.296592
3.471277 18.913511 5.152508 2.296191
3.608902 18.918491 5.160603 2.295777
3.763364 19.006353 5.191610 2.294189
3.959206 19.287737 5.275893 2.289874
4.161520 19.578411 5.363219 2.285403
4.370652 19.878872 5.453752 2.280768
4.542063 19.991936 5.493336 2.278741
4.690328 19.997295 5.503672 2.278212
4.839159 20.002674 5.514316 2.277667
4.988573 20.008074 5.525271 2.277106
5.138590 20.013493 5.536540 2.276529
5.289238 20.018936 5.548126 2.275936
5.440514 20.024399 5.560031 2.275326
5.592447 20.029886 5.572260 2.274700
5.745058 20.035397 5.584815 2.274057
5.898365 20.040932 5.597699 2.273398
6.047300 20.029600 5.606191 2.272963
6.157496 19.891640 5.579472 2.274331
6.266653 19.754984 5.553277 2.275672
6.374796 19.619604 5.527597 2.276987
6.481951 19.485470 5.502421 2.278276
6.588149 19.352537 5.477739 2.279540
6.693396 19.220802 5.453545 2.280778
6.797725 19.090223 5.429828 2.281993
6.929412 19.038403 5.428716 2.282050
7.082366 19.043915 5.444254 2.281254
7.236218 19.049459 5.460150 2.280440
7.390966 19.055037 5.476404 2.279608
7.606899 19.212826 5.536881 2.276512
7.977469 19.744928 5.706137 2.267846
8.295900 20.127369 5.833254 2.261337
8.463308 20.133396 5.851984 2.260378
8.631790 20.139462 5.871119 2.259398
8.801385 20.145567 5.890668 2.258398
8.972120 20.151711 5.910636 2.257375
9.144026 20.157898 5.931030 2.256331
9.317142 20.164125 5.951857 2.255265
9.491474 20.170397 5.973122 2.254176
9.667064 20.176712 5.994832 2.253065
9.838987 20.172913 6.013965 2.252085
9.946918 20.037941 5.994283 2.253093
10.054160 19.903839 5.975020 2.254079
10.160715 19.770603 5.956172 2.255044
10.266607 19.638203 5.937734 2.255988
10.371852 19.506617 5.919697 2.256912
10.476468 19.375826 5.902058 2.257815
10.580477 19.245800 5.884809 2.258698
10.716353 19.174646 5.885785 2.258648
10.896391 19.181112 5.910976 2.257358
11.077985 19.187632 5.936674 2.256042
11.261173 19.194210 5.962888 2.254700
12.079410 20.263384 6.321084 2.236361
12.276225 20.270447 6.349869 2.234887
12.474851 20.277575 6.379228 2.233384
12.675330 20.284769 6.409173 2.231850
12.877710 20.292028 6.439716 2.230286
13.082053 20.299358 6.470871 2.228691
13.288377 20.306759 6.502644 2.227065
13.496746 20.314230 6.535050 2.225405
13.671350 20.268610 6.550919 2.224593
13.782841 20.129335 6.536845 2.225313
13.893869 19.990644 6.523149 2.226015
14.004435 19.852541 6.509829 2.226697
14.114556 19.714998 6.496881 2.227360
14.224249 19.577999 6.484300 2.228004
14.333527 19.441526 6.472085 2.228629
14.444502 19.308352 6.461166 2.229188
14.661749 19.316132 6.497864 2.227309
14.881488 19.324001 6.535300 2.225393
15.939598 20.401754 6.937258 2.204813
16.176964 20.410252 6.978379 2.202707
16.417189 20.418852 7.020339 2.200558
16.660313 20.427553 7.063148 2.198367
16.906431 20.436361 7.106830 2.196130
17.155624 20.445276 7.151407 2.193848
17.407974 20.454306 7.196898 2.191519
17.540541 20.320898 7.192873 2.191725
17.659567 20.172352 7.183757 2.192192
17.778299 20.024176 7.175015 2.192639
17.896755 19.876360 7.166644 2.193068
18.014942 19.728884 7.158643 2.193477
18.132885 19.581722 7.151008 2.193868
18.259945 19.444859 7.147407 2.194053
18.526154 19.454372 7.198269 2.191449
18.796188 19.464022 7.250216 2.188789
20.125469 20.551456 7.707427 2.165380
20.418903 20.561939 7.764634 2.162451
20.716715 20.572578 7.823076 2.159459
21.019058 20.583378 7.882791 2.156401
21.274185 20.544241 7.924489 2.154266
21.403812 20.382580 7.919577 2.154517
21.533300 20.221102 7.915058 2.154749
21.662642 20.059816 7.910931 2.154960
21.791859 19.898697 7.907195 2.155152
21.920963 19.737724 7.903849 2.155323
22.053875 19.580351 7.902292 2.155403
22.379751 19.591978 7.969851 2.151944
23.968039 20.688646 8.483828 2.125628
24.324005 20.701345 8.558462 2.121807
24.686308 20.714272 8.634847 2.117896
25.046690 20.720427 8.710092 2.114043
25.188723 20.543407 8.709394 2.114079
25.330734 20.366425 8.709121 2.114093
25.472750 20.189447 8.709275 2.114085
25.614780 20.012459 8.709855 2.114055
25.756844 19.835443 8.710862 2.114004
25.980680 19.720396 8.739786 2.112523
26.379829 19.734623 8.827496 2.108032
27.163498 20.026651 9.042729 2.097012
27.172958 19.742310 8.999777 2.099211
27.182341 19.460649 8.957668 2.101367
27.191647 19.181583 8.916385 2.103481
27.200874 18.905090 8.875916 2.105553
27.210030 18.631090 8.836245 2.107584
26.225231 17.689142 8.476130 2.126022
26.233915 17.429775 8.439402 2.127903
26.384300 17.265388 8.448795 2.127422
26.596870 17.140505 8.478339 2.125909
26.810949 17.014742 8.508509 2.124364
27.026569 16.888075 8.539312 2.122787
27.243771 16.760483 8.570760 2.121177
27.280815 16.521835 8.545916 2.122449
27.289381 16.267729 8.512815 2.124144
27.297892 16.015574 8.480385 2.125804
27.306347 15.765326 8.448613 2.127431
26.317377 14.950354 8.110134 2.144761
26.325418 14.712769 8.080760 2.146265
26.531221 14.585654 8.112477 2.144641
26.770182 14.474580 8.154448 2.142492
27.011644 14.362346 8.197257 2.140300
27.255669 14.248922 8.240922 2.138065
27.364088 14.063220 8.243815 2.137917
27.372147 13.826659 8.216962 2.139292
27.380163 13.591627 8.190684 2.140637
27.388136 13.358086 8.164972 2.141953
27.396067 13.125999 8.139820 2.143241
26.403332 12.424454 7.818898 2.159672
26.410898 12.203541 7.795719 2.160859
26.445602 11.996253 7.781053 2.161610
26.689482 11.882923 7.828209 2.159196
26.936352 11.768206 7.876329 2.156732
27.186310 11.652057 7.925436 2.154217
27.439402 11.534455 7.975549 2.151652
27.458170 11.317437 7.957845 2.152558
27.465780 11.096895 7.937405 2.153605
27.473360 10.877476 7.917457 2.154626
27.480909 10.659132 7.897993 2.155623
27.413336 10.413342 7.857487 2.157697
26.718004 9.936334 7.638115 2.168928
26.499132 9.644895 7.556110 2.173127
26.506302 9.438473 7.539182 2.173994
26.640129 9.277065 7.558640 2.172998
26.898560 9.157010 7.613640 2.170182
27.160793 9.035190 7.669825 2.167305
27.426945 8.911554 7.727225 2.164366
27.547680 8.738642 7.743864 2.163514
27.554985 8.529682 7.728988 2.164276
27.562269 8.321532 7.714548 2.165015
27.569534 8.114152 7.700539 2.165732
27.576780 7.907515 7.686956 2.166428
27.174311 7.587207 7.559819 2.172937
26.583759 7.222638 7.381321 2.182076
26.590694 7.025558 7.369448 2.182684
26.597614 6.829103 7.357973 2.183272
26.816492 6.686102 7.405430 2.180842
27.056063 6.545553 7.458787 2.178110
27.299149 6.402948 7.513294 2.175319
27.545809 6.258248 7.568971 2.172469
27.641321 6.077335 7.583373 2.171731
27.648430 5.876855 7.573882 2.172217
27.655529 5.676868 7.564786 2.172683
27.662621 5.477337 7.556081 2.173129
27.669703 5.278272 7.547766 2.173554
27.510681 5.049151 7.494590 2.176277
26.985371 4.758249 7.342254 2.184077
26.679802 4.512553 7.250365 2.188781
26.686600 4.322277 7.243835 2.189116
26.709040 4.134772 7.241915 2.189214
27.020697 3.990066 7.318686 2.185283
27.339052 3.842253 7.397469 2.181250
27.664356 3.691216 7.478335 2.177109
27.733191 3.503507 7.490148 2.176504
27.740229 3.307816 7.485630 2.176736
27.747269 3.112351 7.481483 2.176948
27.754307 2.917095 7.477708 2.177141
27.761347 2.722026 7.474302 2.177315
27.768389 2.527112 7.471266 2.177471
27.481436 2.307674 7.389544 2.181655
27.076609 2.083428 7.276601 2.187438
26.774820 1.872277 7.191811 2.191779
26.781618 1.684959 7.190301 2.191857
26.788422 1.497696 7.189146 2.191916
27.100853 1.325447 7.270331 2.187759
27.475451 1.151559 7.368488 2.182733
27.824860 0.971665 7.460193 2.178038
27.831945 0.777419 7.460456 2.178025
27.839043 0.583136 7.461085 2.177992
27.846148 0.388825 7.462080 2.177941
27.853262 0.194452 7.463441 2.177872
27.838545 -0.000000 6.427035 2.230936
27.665993 -0.193149 6.387353 2.232968
27.390617 -0.382470 6.324239 2.236199
27.120625 -0.568096 6.262663 2.239352
26.855833 -0.750152 6.202576 2.242428
26.856485 -0.937849 6.204088 2.242351
26.863409 -1.125911 6.207352 2.242183
27.141047 -1.327419 6.273494 2.238797
27.606194 -1.543426 6.383345 2.233173
27.903126 -1.755516 6.454681 2.229520
27.910376 -1.951684 6.459352 2.229281
27.917643 -2.148146 6.464347 2.229025
27.924927 -2.344922 6.469667 2.228753
27.932232 -2.542033 6.475314 2.228464
27.918114 -2.737395 6.476313 2.228413
27.619722 -2.902950 6.411639 2.231724
27.327227 -3.065240 6.348552 2.234954
27.040422 -3.224375 6.286999 2.238106
26.947805 -3.404300 6.270839 2.238933
26.954969 -3.596561 6.278196 2.238556
27.105814 -3.809474 6.319370 2.236448
27.546072 -4.067651 6.428474 2.230862
27.998959 -4.334468 6.541068 2.225097
28.006498 -4.536063 6.550068 2.224637
28.014065 -4.738225 6.559414 2.224158
28.021660 -4.940975 6.569109 2.223661
28.029285 -5.144337 6.579156 2.223147
28.036940 -5.348333 6.589557 2.222615
27.835047 -5.511488 6.550990 2.224589
27.569073 -5.659119 6.497532 2.227326
27.307398 -5.804367 6.445254 2.230003
27.049892 -5.947305 6.394120 2.232621
27.050552 -6.145735 6.404262 2.232102
27.058125 -6.346426 6.416388 2.231481
27.734753 -6.709743 6.587787 2.222705
28.099396 -7.005967 6.685855 2.217684
28.107368 -7.216746 6.699577 2.216982
28.115381 -7.428405 6.713685 2.216259
28.123436 -7.640969 6.728182 2.215517
28.131533 -7.854465 6.743073 2.214755
28.139671 -8.068921 6.758363 2.213972
27.891582 -8.208940 6.712379 2.216326
27.644238 -8.346288 6.666714 2.218664
27.400229 -8.481789 6.621987 2.220954
27.159466 -8.615491 6.578176 2.223197
27.152056 -8.822238 6.591139 2.222533
27.160172 -9.034986 6.608260 2.221657
28.197958 -9.599369 6.876899 2.207903
28.206486 -9.822538 6.895535 2.206949
28.215069 -10.046934 6.914612 2.205972
28.223705 -10.272589 6.934135 2.204972
28.232399 -10.499536 6.954111 2.203949
28.132689 -10.686606 6.947758 2.204275
27.923376 -10.830765 6.914571 2.205974
27.716047 -10.973560 6.882035 2.207640
27.510658 -11.115027 6.850136 2.209273
27.307158 -11.255198 6.818865 2.210874
27.252998 -11.456107 6.825146 2.210552
27.261795 -11.684422 6.847611 2.209402
28.304153 -12.365781 7.130941 2.194896
28.313421 -12.605947 7.155274 2.193650
28.322760 -12.847774 7.180127 2.192378
28.332170 -13.091302 7.205507 2.191078
28.273922 -13.304699 7.214140 2.190636
28.040174 -13.434601 7.178256 2.192473
27.808735 -13.563227 7.143074 2.194275
27.579544 -13.690605 7.108581 2.196041
27.352551 -13.816769 7.074764 2.197772
27.353634 -14.057859 7.100256 2.196467
27.954262 -14.614136 7.282469 2.187137
28.410313 -15.106031 7.428569 2.179657
28.420464 -15.366888 7.459094 2.178094
28.430708 -15.629915 7.490239 2.176500
28.441046 -15.895164 7.522015 2.174873
28.250546 -16.048544 7.501081 2.175945
28.019442 -16.177032 7.469524 2.177560
27.790268 -16.304455 7.438594 2.179144
27.562979 -16.430834 7.408279 2.180696
27.453794 -16.626610 7.409952 2.180610
27.464350 -16.896181 7.444457 2.178844
28.516251 -17.818932 7.763115 2.162529
28.527428 -18.104057 7.800377 2.160621
28.538723 -18.391953 7.838384 2.158675
28.550138 -18.682688 7.877151 2.156690
28.561674 -18.976334 7.916694 2.154665
28.573338 -19.272959 7.957027 2.152600
28.585127 -19.572647 7.998168 2.150494
27.577429 -19.166813 7.753464 2.163023
27.227127 -19.206627 7.692488 2.166144
27.082764 -19.389357 7.689759 2.166284
26.938505 -19.571970 7.687408 2.166405
26.794331 -19.754486 7.685435 2.166506
26.650229 -19.936918 7.683838 2.166587
26.291636 -19.956438 7.620432 2.169834
25.930731 -19.969353 7.556051 2.173130
25.575859 -19.982052 7.493112 2.176353
25.226833 -19.994543 7.431571 2.179503
23.997984 -19.294874 7.109074 2.196015
23.672152 -19.306538 7.052308 2.198922
23.407400 -19.364286 7.013538 2.200907
23.275923 -19.530819 7.014829 2.200841
23.144396 -19.697426 7.016463 2.200757
23.012808 -19.864122 7.018441 2.200656
22.881142 -20.030926 7.020764 2.200537
22.625309 -20.087692 6.985127 2.202362
22.321720 -20.098566 6.934550 2.204951
22.022478 -20.109287 6.885034 2.207486
21.727470 -20.119858 6.836551 2.209969
21.436571 -20.130281 6.789075 2.212399
21.149673 -20.140564 6.742580 2.214780
20.124111 -19.433628 6.458724 2.229313
19.854822 -19.443281 6.415707 2.231516
19.619537 -19.483044 6.383475 2.233166
19.499102 -19.635710 6.388737 2.232897
19.378466 -19.788639 6.394320 2.232611
19.257618 -19.941847 6.400227 2.232308
19.136543 -20.095350 6.406459 2.231989
18.986095 -20.218140 6.403191 2.232157
18.730686 -20.227301 6.364522 2.234137
18.478329 -20.236355 6.326626 2.236077
18.228952 -20.245304 6.289483 2.237978
17.982473 -20.254148 6.253076 2.239842
17.738823 -20.262894 6.217391 2.241669
17.497923 -20.271540 6.182410 2.243460
17.259708 -20.280092 6.148118 2.245216
16.418297 -19.566565 5.896913 2.258078
16.193544 -19.574635 5.865130 2.259705
15.971195 -19.582621 5.833972 2.261301
15.797063 -19.647585 5.820328 2.261999
15.685090 -19.789661 5.829834 2.261513
15.572750 -19.932211 5.839658 2.261009
15.460027 -20.075256 5.849802 2.260490
15.346910 -20.218807 5.860269 2.259954
15.226092 -20.353140 5.868250 2.259546
15.011318 -20.360859 5.840117 2.260986
14.798585 -20.368505 5.812536 2.262398
14.587841 -20.376081 5.785493 2.263783
14.379041 -20.383591 5.758982 2.265140
14.172134 -20.391031 5.732990 2.266471
13.967078 -20.398405 5.707509 2.267776
13.763829 -20.405716 5.682530 2.269054
13.562340 -20.412964 5.658043 2.270308
13.349790 -20.400618 5.628650 2.271813
12.696013 -19.700357 5.410857 2.282964
12.506553 -19.707176 5.388617 2.284103
12.318637 -19.713940 5.366820 2.285219
12.132224 -19.720650 5.345458 2.286312
11.989075 -19.796316 5.343150 2.286431
11.882029 -19.932289 5.357330 2.285705
11.774409 -20.068996 5.371849 2.284961
11.666203 -20.206459 5.386711 2.284200
11.557394 -20.344694 5.401921 2.283422
11.447967 -20.483725 5.417483 2.282625
11.267544 -20.495588 5.399684 2.283536
11.085469 -20.502150 5.380892 2.284498
10.904651 -20.508665 5.362491 2.285440
10.725055 -20.515139 5.344475 2.286363
10.546655 -20.521570 5.326839 2.287266
10.369419 -20.527962 5.309577 2.288150
10.193319 -20.534311 5.292684 2.289015
10.018331 -20.540623 5.276155 2.289861
9.844422 -20.546896 5.259984 2.290689
9.671568 -20.553131 5.244167 2.291499
9.425766 -20.399231 5.187982 2.294375
9.086292 -20.030619 5.077979 2.300007
8.833143 -19.839565 5.013790 2.303294
8.670261 -19.845446 4.999856 2.304007
8.508274 -19.851294 4.986243 2.304704
8.347158 -19.857111 4.972945 2.305385
8.207998 -19.914095 4.972744 2.305395
8.100864 -20.050344 4.992523 2.304383
7.992872 -20.187693 5.012706 2.303349
7.884000 -20.326168 5.033300 2.302295
7.774225 -20.465797 5.054313 2.301219
7.663529 -20.606607 5.075751 2.300121
7.509149 -20.631218 5.068777 2.300479
7.348513 -20.637024 5.057476 2.301057
7.188584 -20.642807 5.046470 2.301621
7.029343 -20.648563 5.035758 2.302169
6.870771 -20.654299 5.025336 2.302703
6.712844 -20.660011 5.015201 2.303222
6.555545 -20.665701 5.005350 2.303726
6.398856 -20.671370 4.995781 2.304216
6.242757 -20.677017 4.986492 2.304692
6.087234 -20.682646 4.977479 2.305153
5.932261 -20.688255 4.968740 2.305600
5.777824 -20.693846 4.960274 2.306034
5.557790 -20.456070 4.893860 2.309434
5.343109 -20.222864 4.829027 2.312754
5.134034 -19.995743 4.766117 2.315975
4.981283 -19.978834 4.753682 2.316612
4.834673 -19.984146 4.746799 2.316964
4.688480 -19.989443 4.740167 2.317303
4.542688 -19.994726 4.733784 2.317630
4.404729 -20.033855 4.735652 2.317534
4.290245 -20.184017 4.763951 2.316086
4.174380 -20.335999 4.792827 2.314607
4.057097 -20.489845 4.822293 2.313099
3.938359 -20.645609 4.852363 2.311559
3.811111 -20.765112 4.874078 2.310447
3.662400 -20.770506 4.869224 2.310696
3.513978 -20.775890 4.864616 2.310932
3.365829 -20.781267 4.860254 2.311155
3.217939 -20.786634 4.856137 2.311366
3.070295 -20.791992 4.852263 2.311564
2.922876 -20.797344 4.848632 2.311750
2.775671 -20.802689 4.845242 2.311924
2.628664 -20.808027 4.842093 2.312085
2.481841 -20.813358 4.839184 2.312234
2.335190 -20.818686 4.836514 2.312371
2.188691 -20.824009 4.834083 2.312495
2.042332 -20.829327 4.831890 2.312607
1.887731 -20.742689 4.808617 2.313799
1.726686 -20.562574 4.763952 2.316086
1.568600 -20.385767 4.720337 2.318319
1.413371 -20.212149 4.677737 2.320500
1.265445 -20.113693 4.652793 2.321777
1.124815 -20.118807 4.652046 2.321815
0.984222 -20.123920 4.651526 2.321842
0.843657 -20.129034 4.651234 2.321857
0.703100 -20.134148 4.651168 2.321860
0.565178 -20.233707 4.673141 2.320735
0.427511 -20.409208 4.712871 2.318701
0.287476 -20.587734 4.753516 2.316620
0.145000 -20.769377 4.795105 2.314491
-0.000000 -20.903614 4.825980 2.312910
-0.145975 -20.908930 4.827325 2.312841
-0.292038 -20.914249 4.828906 2.312760
-0.438205 -20.919575 4.830724 2.312667
-0.584485 -20.924904 4.832779 2.312562
-0.730900 -20.930239 4.835072 2.312444
-0.877462 -20.935579 4.837603 2.312315
-1.024184 -20.940928 4.840373 2.312173
-1.171081 -20.946283 4.843382 2.312019
-1.318166 -20.951645 4.846632 2.311852
-1.465458 -20.957016 4.850123 2.311674
-1.612969 -20.962397 4.853856 2.311483
-1.760715 -20.967785 4.857831 2.311279
-1.901132 -20.889908 4.842746 2.312051
-2.034092 -20.745275 4.812392 2.313605
-2.165403 -20.602430 4.782646 2.315129
-2.295107 -20.461330 4.753495 2.316621
-2.423245 -20.321928 4.724925 2.318084
-2.558555 -20.253031 4.712944 2.318697
-2.703035 -20.258307 4.718447 2.318415
-2.847863 -20.263594 4.724195 2.318121
-2.993051 -20.268898 4.730187 2.317814
-3.138616 -20.274216 4.736427 2.317495
-3.319890 -20.497608 4.793913 2.314552
-3.507372 -20.736832 4.855471 2.311400
-3.699747 -20.982306 4.918876 2.308153
-3.862395 -21.044529 4.939664 2.307089
-4.015528 -21.050127 4.947438 2.306691
-4.169152 -21.055744 4.955478 2.306279
-4.323280 -21.061380 4.963787 2.305854
-4.477937 -21.067036 4.972367 2.305415
-4.633137 -21.072712 4.981220 2.304961
-4.788899 -21.078411 4.990348 2.304494
-4.945240 -21.084131 4.999754 2.304013
-5.102177 -21.089874 5.009440 2.303517
-5.259734 -21.095640 5.019410 2.303006
-5.417927 -21.101431 5.029665 2.302481
-5.576776 -21.107244 5.040209 2.301941
-5.706915 -21.004929 5.025168 2.302711
-5.827902 -20.873201 5.003266 2.303833
-5.947846 -20.742605 4.981794 2.304932
-6.066771 -20.613115 4.960746 2.306010
-6.184699 -20.484705 4.940114 2.307066
-6.311860 -20.390318 4.927858 2.307694
-6.470028 -20.396112 4.940054 2.307069
-6.628992 -20.401939 4.952554 2.306429
-6.788771 -20.407797 4.965360 2.305773
-6.965173 -20.460058 4.989786 2.304523
-7.252852 -20.827349 5.091585 2.299311
-7.541588 -21.179241 5.190355 2.294254
-7.710873 -21.185450 5.204943 2.293507
-7.881121 -21.191694 5.219868 2.292743
-8.052357 -21.197975 5.235135 2.291961
-8.224607 -21.204296 5.250748 2.291162
-8.397892 -21.210653 5.266712 2.290344
-8.572247 -21.217052 5.283033 2.289509
-8.747693 -21.223494 5.299714 2.288655
-8.924261 -21.229975 5.316761 2.287782
-9.101977 -21.236500 5.334179 2.286890
-9.280868 -21.243069 5.351973 2.285979
-9.438119 -21.198362 5.357180 2.285712
-9.557160 -21.068642 5.341129 2.286534
-9.675495 -20.939688 5.325433 2.287338
-9.793140 -20.811478 5.310085 2.288124
-9.910111 -20.684000 5.295082 2.288892
-10.026429 -20.557226 5.280420 2.289643
-10.192543 -20.532743 5.292280 2.289035
-10.375229 -20.539459 5.312551 2.287997
-10.559329 -20.546227 5.333240 2.286938
-10.815509 -20.688160 5.389550 2.284055
-11.335283 -21.318567 5.574260 2.274598
-11.530795 -21.325758 5.597053 2.273431
-11.727922 -21.333008 5.620308 2.272240
-11.926705 -21.340321 5.644033 2.271025
-12.127179 -21.347696 5.668238 2.269786
-12.329395 -21.355137 5.692930 2.268522
-12.533390 -21.362644 5.718119 2.267232
-12.739210 -21.370220 5.743812 2.265917
-12.946898 -21.377865 5.770020 2.264575
-13.156497 -21.385582 5.796753 2.263206
-13.286097 -21.262199 5.788310 2.263638
-13.408608 -21.128586 5.777279 2.264203
-13.530659 -20.995470 5.766570 2.264751
-13.652261 -20.862837 5.756180 2.265284
-13.773426 -20.730675 5.746105 2.265799
-13.942599 -20.670753 5.756337 2.265275
-14.159021 -20.678728 5.785944 2.263760
-14.377692 -20.686785 5.816143 2.262213
-15.137345 -21.458551 6.062691 2.249590
-15.368924 -21.467087 6.095269 2.247922
-15.603022 -21.475716 6.128499 2.246221
-15.839698 -21.484442 6.162396 2.244485
-16.079020 -21.493267 6.196974 2.242715
-16.321054 -21.502192 6.232249 2.240909
-16.565870 -21.511221 6.268234 2.239066
-16.813545 -21.520355 6.304946 2.237187
-17.009237 -21.460310 6.321991 2.236314
-17.139889 -21.317719 6.315082 2.236668
-17.270256 -21.175428 6.308494 2.237005
-17.400362 -21.033419 6.302225 2.237326
-17.530207 -20.891687 6.296275 2.237631
-17.710455 -20.809708 6.308679 2.236996
-17.970755 -20.819317 6.349471 2.234907
-18.234455 -20.829052 6.391109 2.232775
-19.184353 -21.607851 6.671007 2.218445
-19.465134 -21.618219 6.715998 2.216141
-19.749752 -21.628731 6.761934 2.213789
-20.038294 -21.639387 6.808836 2.211387
-20.330883 -21.650194 6.856730 2.208935
-20.627645 -21.661158 6.905643 2.206431
-20.820776 -21.560543 6.919739 2.205709
-20.962301 -21.405989 6.916937 2.205853
-21.103708 -21.251554 6.914474 2.205979
-21.245018 -21.097218 6.912347 2.206088
-21.388927 -20.945581 6.911423 2.206135
-21.701759 -20.957144 6.965061 2.203389
-22.019512 -20.968889 7.019886 2.200582
-22.680447 -21.298355 7.183016 2.192230
-22.691763 -21.012804 7.139966 2.194434
-22.702938 -20.730625 7.097769 2.196594
-22.713974 -20.451754 7.056409 2.198712
-22.724876 -20.176083 7.015865 2.200788
-22.735649 -19.903553 6.976121 2.202823
-22.746292 -19.634073 6.937160 2.204817
-21.781717 -18.537691 6.603352 2.221908
-21.791672 -18.285383 6.567509 2.223743
-21.989193 -18.191036 6.588601 2.222664
-22.189659 -18.097441 6.610649 2.221535
-22.391478 -18.003212 6.633169 2.220382
-22.594692 -17.908329 6.656168 2.219204
-22.799322 -17.812782 6.679653 2.218002
-22.827206 -17.579308 6.651702 2.219433
-22.836830 -17.334095 6.619083 2.221103
-22.846355 -17.091259 6.587099 2.222741
-22.855783 -16.850733 6.555738 2.224346
-21.885384 -15.900661 6.245405 2.240235
-21.894226 -15.674721 6.216548 2.241713
-22.036215 -15.544838 6.225898 2.241234
-22.233515 -15.452697 6.251009 2.239948
-22.432426 -15.359799 6.276632 2.238636
-22.632977 -15.266135 6.302772 2.237298
-22.835220 -15.171679 6.329441 2.235933
-22.927956 -15.003632 6.325957 2.236111
-22.936600 -14.781631 6.299717 2.237454
-22.945169 -14.561443 6.273995 2.238771
-22.953661 -14.343039 6.248785 2.240062
-21.978191 -13.521069 5.957385 2.254982
-21.986179 -13.315302 5.934208 2.256169
-21.994102 -13.111117 5.911497 2.257331
-22.148808 -12.994624 5.928549 2.256458
-22.326115 -12.889988 5.951777 2.255269
-22.504829 -12.784518 5.975479 2.254056
-22.684975 -12.678202 5.999664 2.252817
-22.866589 -12.571015 6.024339 2.251554
-23.026968 -12.450631 6.043543 2.250571
-23.034794 -12.247816 6.023009 2.251622
-23.042561 -12.046354 6.002903 2.252651
-23.050270 -11.846228 5.983220 2.253659
-23.057924 -11.647397 5.963954 2.254645
-23.065523 -11.449821 5.945099 2.255611
-22.084423 -10.771293 5.672702 2.269557
-22.091597 -10.584515 5.655425 2.270442
-22.112801 -10.405492 5.642119 2.271123
-22.315033 -10.310994 5.675214 2.269429
-22.519667 -10.215371 5.708980 2.267700
-22.726751 -10.118601 5.743430 2.265936
-22.936365 -10.020647 5.778582 2.264137
-23.124491 -9.911168 5.808404 2.262610
-23.131651 -9.723652 5.793010 2.263398
-23.138767 -9.537108 5.777977 2.264168
-23.145842 -9.351527 5.763300 2.264919
-23.152876 -9.166867 5.748975 2.265652
-23.159868 -8.983119 5.735000 2.266368
-23.166821 -8.800251 5.721369 2.267066
-22.525383 -8.377111 5.548378 2.275923
-22.187363 -8.075540 5.451097 2.280904
-22.193911 -7.902892 5.439018 2.281522
-22.210588 -7.734544 5.429740 2.281997
-22.425285 -7.634191 5.469064 2.279984
-22.643131 -7.532364 5.509233 2.277927
-22.864201 -7.429029 5.550266 2.275826
-23.088604 -7.324132 5.592191 2.273680
-23.227783 -7.190198 5.613606 2.272583
-23.234394 -7.014878 5.603231 2.273115
-23.240973 -6.840188 5.593165 2.273630
-23.247524 -6.666120 5.583405 2.274130
-23.254047 -6.492642 5.573950 2.274614
-23.260544 -6.319748 5.564795 2.275082
-23.153690 -6.117470 5.528880 2.276921
-22.760693 -5.843950 5.425161 2.282232
-22.382156 -5.580498 5.325519 2.287333
-22.288486 -5.392148 5.294145 2.288940
-22.294584 -5.229146 5.286793 2.289316
-22.300880 -5.066637 5.279770 2.289676
-22.538689 -4.955449 5.327750 2.287219
-22.780857 -4.842220 5.376873 2.284704
-23.027552 -4.726873 5.427178 2.282129
-23.278906 -4.609346 5.478700 2.279490
-23.330400 -4.450513 5.483373 2.279251
-23.336624 -4.283069 5.477674 2.279543
-23.342829 -4.115970 5.472253 2.279821
-23.349018 -3.949187 5.467106 2.280084
-23.355188 -3.782714 5.462235 2.280334
-23.361343 -3.616528 5.457636 2.280569
-23.142355 -3.417363 5.400772 2.283480
-22.750587 -3.197386 5.304005 2.288435
-22.377934 -2.985850 5.212139 2.293139
-22.383770 -2.827726 5.208773 2.293311
-22.389593 -2.669798 5.205664 2.293470
-22.438040 -2.516827 5.212716 2.293109
-22.665739 -2.382265 5.261622 2.290605
-22.897768 -2.245142 5.311717 2.288040
-23.134254 -2.105381 5.363036 2.285413
-23.375366 -1.962885 5.415622 2.282720
-23.428160 -1.802696 5.424805 2.282250
-23.434168 -1.638676 5.423415 2.282321
-23.440168 -1.474726 5.422289 2.282379
-23.446161 -1.310842 5.421426 2.282423
-23.452147 -1.147002 5.420826 2.282454
-23.458126 -0.983184 5.420490 2.282471
-23.367006 -0.815994 5.397987 2.283623
-23.060856 -0.644144 5.326095 2.287304
-22.762743 -0.476810 5.256346 2.290875
-22.475822 -0.313843 5.189458 2.294300
-22.481522 -0.156951 5.190395 2.294252
-22.487217 0.000000 5.191583 2.294191
-22.551331 0.157444 5.206511 2.293427
-22.898291 0.319743 5.287003 2.289305
-23.256163 0.487146 5.370286 2.285041
-23.517681 0.656911 5.431602 2.281902
-23.523626 0.821463 5.434167 2.281771
-23.529572 0.986185 5.436999 2.281626
-23.535519 1.151080 5.440097 2.281467
-23.541466 1.316171 5.443463 2.281295
-23.547415 1.481481 5.447098 2.281109
-23.553368 1.647012 5.451002 2.280909
-23.543274 1.811560 5.451460 2.280885
-23.286831 1.955451 5.395110 2.283770
-23.035618 2.096405 5.340169 2.286583
-22.789444 2.234527 5.286589 2.289326
-22.572689 2.372485 5.240021 2.291711
-22.578413 2.532579 5.245327 2.291439
-22.584145 2.692998 5.250898 2.291154
-22.739477 2.872663 5.291547 2.289073
-23.222204 3.098506 5.408782 2.283070
-23.613169 3.318615 5.505105 2.278139
-23.619190 3.487783 5.512051 2.277783
-23.625219 3.657379 5.519283 2.277413
-23.631262 3.827428 5.526802 2.277028
-23.637314 3.997955 5.534610 2.276628
-23.643377 4.168966 5.542710 2.276213
-23.649454 4.340491 5.551103 2.275784
-23.462549 4.475722 5.514432 2.277661
-23.272158 4.608010 5.477111 2.279572
-23.084303 4.738530 5.440553 2.281444
-22.898933 4.867319 5.404742 2.283277
-22.715967 4.994433 5.369656 2.285074
-22.671293 5.150793 5.367465 2.285186
-22.677208 5.318890 5.377526 2.284671
-22.743437 5.502220 5.402209 2.283407
-23.513691 5.862622 5.594751 2.273549
-23.711042 6.087965 5.651684 2.270634
-23.717299 6.266382 5.663465 2.270030
-23.723576 6.445552 5.675570 2.269411
-23.729876 6.625503 5.688005 2.268774
-23.736195 6.806245 5.700771 2.268121
-23.742538 6.987813 5.713872 2.267450
-23.545622 7.108844 5.678288 2.269272
-23.339052 7.224643 5.640497 2.271207
-23.135191 7.338918 5.603475 2.273102
-22.933983 7.451703 5.567205 2.274959
-22.755920 7.569891 5.536675 2.276522
-22.762140 7.748866 5.551216 2.275778
-22.768387 7.928790 5.566103 2.275016
-23.243040 8.276478 5.696127 2.268358
-23.800789 8.662779 5.847492 2.260608
-23.807405 8.853900 5.864161 2.259755
-23.814054 9.046113 5.881212 2.258882
-23.820736 9.239453 5.898648 2.257989
-23.827452 9.433959 5.916477 2.257076
-23.834202 9.629643 5.934701 2.256143
-23.676880 9.758910 5.912349 2.257288
-23.479120 9.869715 5.880029 2.258943
-23.283495 9.979318 5.848342 2.260565
-23.089947 10.087753 5.817276 2.262155
-22.898439 10.195043 5.786818 2.263715
-22.852467 10.366343 5.793348 2.263381
-22.859188 10.562429 5.813605 2.262343
-23.889584 11.241584 6.095469 2.247912
-23.896696 11.449382 6.117529 2.246782
-23.903852 11.658688 6.140049 2.245630
-23.911057 11.869556 6.163034 2.244453
-23.918306 12.082008 6.186493 2.243252
-23.925608 12.296091 6.210434 2.242026
-23.772707 12.428074 6.193117 2.242913
-23.578428 12.536873 6.165155 2.244344
-23.385874 12.644700 6.137741 2.245748
-23.195021 12.751573 6.110866 2.247123
-23.005817 12.857515 6.084519 2.248473
-22.943424 13.033683 6.091936 2.248093
-22.950777 13.250638 6.118301 2.246743
-23.985952 14.072480 6.420297 2.231281
-23.993759 14.303153 6.448957 2.229813
-24.001629 14.535901 6.478190 2.228317
-24.009563 14.770786 6.508007 2.226790
-23.921419 14.947762 6.512242 2.226573
-23.745783 15.069537 6.492911 2.227563
-23.571178 15.190591 6.474009 2.228531
-23.397577 15.310945 6.455529 2.229477
-23.224945 15.430620 6.437465 2.230402
-23.053270 15.549627 6.419814 2.231305
-23.035847 15.772980 6.445471 2.229992
-24.075607 16.732986 6.768919 2.213431
-24.084211 16.989540 6.804519 2.211609
-24.092899 17.248827 6.840831 2.209749
-24.101675 17.510893 6.877865 2.207853
-24.110538 17.775827 6.915642 2.205919
-24.119492 18.043688 6.954172 2.203946
-24.128540 18.314558 6.993475 2.201934
-23.288252 17.934372 6.786050 2.212554
-22.970015 17.946142 6.729661 2.215441
-22.751173 18.032364 6.702267 2.216844
-22.635809 18.199661 6.705549 2.216676
-22.520323 18.367125 6.709159 2.216491
-22.404696 18.534781 6.713099 2.216289
-22.288927 18.702631 6.717371 2.216071
-22.172997 18.870705 6.721973 2.215835
-22.035778 19.020775 6.720467 2.215912
-21.739754 19.031713 6.670545 2.218468
-21.448071 19.042492 6.621677 2.220970
-21.160624 19.053112 6.573840 2.223419
-20.877275 19.063580 6.527002 2.225817
-19.517851 18.073730 6.141295 2.245566
-19.256836 18.083370 6.098741 2.247745
-19.018347 18.110931 6.063107 2.249569
-18.912792 18.263872 6.069958 2.249218
-18.806988 18.417170 6.077120 2.248852
-18.700928 18.570826 6.084594 2.248469
-18.594597 18.724865 6.092382 2.248070
-18.487980 18.879307 6.100487 2.247655
-18.381073 19.034159 6.108910 2.247224
-18.246492 19.160711 6.108492 2.247245
-18.001589 19.169748 6.071159 2.249156
-17.759649 19.178675 6.034573 2.251030
-17.520586 19.187494 5.998713 2.252866
-17.284344 19.196209 5.963567 2.254665
-17.050831 19.204821 5.929116 2.256429
-16.820000 19.213333 5.895347 2.258158
-15.721756 18.213827 5.554850 2.275592
-15.507890 18.221714 5.524100 2.277166
-15.296375 18.229511 5.493956 2.278709
-15.176518 18.345266 5.496775 2.278565
-15.078150 18.487640 5.507760 2.278003
-14.979380 18.630589 5.519057 2.277424
-14.880191 18.774134 5.530670 2.276830
-14.780581 18.918282 5.542601 2.276219
-14.680527 19.063059 5.554854 2.275591
-14.580026 19.208477 5.567432 2.274947
-14.439052 19.301077 5.564919 2.275076
-14.235504 19.308573 5.538290 2.276440
-14.033893 19.315996 5.512182 2.277776
-13.834155 19.323351 5.486585 2.279087
-13.636262 19.330635 5.461490 2.280372
-13.440160 19.337854 5.436887 2.281631
-13.245799 19.345007 5.412766 2.282866
-13.053153 19.352097 5.389121 2.284077
-12.473200 18.773682 5.203668 2.293572
-12.008294 18.350599 5.063038 2.300772
-11.830374 18.357145 5.041934 2.301853
-11.653914 18.363634 5.021247 2.302912
-11.478894 18.370071 5.000972 2.303950
-11.384244 18.504831 5.015900 2.303186
-11.289698 18.641510 5.031460 2.302389
-11.194555 18.779039 5.047364 2.301575
-11.098799 18.917450 5.063615 2.300743
-11.002420 19.056751 5.080218 2.299893
-10.905396 19.196978 5.097178 2.299024
-10.807719 19.338139 5.114501 2.298137
-10.686737 19.439100 5.121346 2.297787
-10.514108 19.445440 5.103553 2.298698
-10.342672 19.451738 5.086131 2.299590
-10.172387 19.457991 5.069073 2.300463
-10.003240 19.464201 5.052375 2.301318
-9.835193 19.470371 5.036030 2.302155
-9.668216 19.476500 5.020035 2.302974
-9.502294 19.482590 5.004384 2.303776
-9.337388 19.488642 4.989072 2.304559
-9.173487 19.494656 4.974095 2.305326
-8.801658 19.048531 4.844469 2.311963
-8.428269 18.580023 4.710237 2.318836
-8.231974 18.489317 4.672559 2.320765
-8.080212 18.494883 4.659595 2.321429
-7.929287 18.500416 4.646930 2.322077
-7.779173 18.505920 4.634558 2.322711
-7.654254 18.570618 4.637265 2.322572
-7.558734 18.708525 4.658411 2.321489
-7.462328 18.847700 4.679979 2.320385
-7.365023 18.988167 4.701976 2.319259
-7.266792 19.129963 4.724411 2.318110
-7.167609 19.273127 4.747293 2.316939
-7.067457 19.417681 4.770629 2.315744
-6.966306 19.563669 4.794430 2.314525
-6.818810 19.580961 4.786885 2.314911
-6.667786 19.586491 4.776740 2.315431
-6.517387 19.591995 4.766870 2.315936
-6.367606 19.597477 4.757272 2.316428
-6.218414 19.602938 4.747942 2.316905
-6.069805 19.608376 4.738881 2.317369
-5.921753 19.613791 4.730083 2.317820
-5.774238 19.619188 4.721547 2.318257
-5.627253 19.624563 4.713272 2.318681
-5.480769 19.629921 4.705254 2.319091
-5.313320 19.556273 4.678595 2.320456
-5.094464 19.281769 4.604302 2.324260
-4.882433 19.015833 4.532549 2.327934
-4.676910 18.758062 4.463216 2.331483
-4.506038 18.625721 4.424135 2.333484
-4.369784 18.630699 4.417963 2.333800
-4.233914 18.635662 4.412023 2.334105
-4.098402 18.640612 4.406313 2.334397
-3.963233 18.645548 4.400833 2.334677
-3.847338 18.742758 4.417330 2.333833
-3.741402 18.895493 4.447062 2.332310
-3.634032 19.050287 4.477412 2.330756
-3.525181 19.207211 4.508400 2.329170
-3.414805 19.366323 4.540041 2.327550
-3.302863 19.527687 4.572353 2.325896
-3.189301 19.691380 4.605355 2.324206
-3.052596 19.718601 4.606625 2.324141
-2.912541 19.723709 4.602956 2.324329
-2.772703 19.728807 4.599516 2.324505
-2.633066 19.733900 4.596306 2.324669
-2.493607 19.738983 4.593323 2.324822
-2.354332 19.744061 4.590568 2.324963
-2.215218 19.749130 4.588039 2.325092
-2.076249 19.754194 4.585736 2.325210
-1.937414 19.759253 4.583659 2.325316
-1.798686 19.764307 4.581807 2.325412
-1.660075 19.769356 4.580179 2.325495
-1.514109 19.677631 4.556368 2.326714
-1.362725 19.487879 4.510118 2.329082
-1.214377 19.301935 4.465014 2.331391
-1.068948 19.119658 4.421014 2.333644
-0.926363 18.940947 4.378089 2.335842
-0.786512 18.765669 4.336200 2.337986
-0.655327 18.766125 4.335142 2.338041
-0.524320 18.770891 4.335292 2.338033
-0.393288 18.775658 4.335653 2.338015
-0.262237 18.780424 4.336225 2.337985
-0.131145 18.785191 4.337009 2.337945
0.000000 18.936419 4.371817 2.336163
0.133585 19.134548 4.417666 2.333815
0.270018 19.336895 4.464709 2.331407
0.409384 19.543585 4.512982 2.328935
0.551804 19.754795 4.562533 2.326398
0.693351 19.854961 4.586673 2.325162
0.832379 19.860012 4.589070 2.325040
0.971570 19.865068 4.591694 2.324905
1.110917 19.870129 4.594544 2.324759
1.250444 19.875195 4.597622 2.324602
1.390164 19.880266 4.600929 2.324432
1.530092 19.885345 4.604465 2.324251
1.670253 19.890432 4.608230 2.324059
1.810639 19.895527 4.612226 2.323854
1.951276 19.900631 4.616455 2.323637
2.092178 19.905741 4.620916 2.323409
2.231891 19.897772 4.622571 2.323324
2.353920 19.740511 4.589743 2.325005
2.474226 19.585478 4.557602 2.326651
2.592865 19.432598 4.526129 2.328262
2.709882 19.281813 4.495306 2.329840
2.825323 19.133066 4.465117 2.331386
2.939239 18.986288 4.435544 2.332900
3.061309 18.901066 4.420519 2.333669
3.197714 18.906008 4.426788 2.333348
3.334513 18.910961 4.433291 2.333015
3.471721 18.915932 4.440030 2.332670
3.609364 18.920916 4.447007 2.332313
3.769933 19.039532 4.480961 2.330575
3.966230 19.321955 4.553836 2.326844
4.169025 19.613720 4.629346 2.322978
4.378667 19.915329 4.707634 2.318969
4.542650 19.994520 4.733735 2.317633
4.690936 19.999886 4.742643 2.317177
4.839787 20.005270 4.751817 2.316707
4.989222 20.010675 4.761258 2.316224
5.139259 20.016102 4.770970 2.315726
5.289928 20.021549 4.780955 2.315215
5.441226 20.027020 4.791215 2.314690
5.593181 20.032513 4.801754 2.314150
5.745813 20.038031 4.812575 2.313596
5.899142 20.043571 4.823679 2.313028
6.043244 20.016167 4.827121 2.312851
6.153386 19.878361 4.804130 2.314029
6.262489 19.741859 4.781590 2.315182
6.370581 19.606630 4.759493 2.316314
6.477684 19.472641 4.737830 2.317423
6.583831 19.339855 4.716591 2.318511
6.689029 19.208261 4.695773 2.319576
6.793309 19.077822 4.675365 2.320621
6.930346 19.040970 4.678077 2.320482
7.083324 19.046492 4.691468 2.319797
7.237200 19.052044 4.705167 2.319095
7.391972 19.057627 4.719176 2.318378
7.630171 19.271606 4.785237 2.314996
8.002625 19.807190 4.931978 2.307483
8.297039 20.130133 5.026690 2.302633
8.464474 20.136169 5.042833 2.301807
8.632982 20.142244 5.059325 2.300962
8.802605 20.148359 5.076173 2.300100
8.973369 20.154514 5.093382 2.299219
9.145302 20.160711 5.110959 2.298319
9.318447 20.166950 5.128909 2.297400
9.492808 20.173233 5.147236 2.296462
9.668427 20.179560 5.165946 2.295503
9.832973 20.160582 5.178536 2.294859
9.940858 20.025734 5.161599 2.295726
10.048055 19.891750 5.145021 2.296575
10.154564 19.758633 5.128802 2.297405
10.260411 19.626350 5.112934 2.298218
10.365612 19.494881 5.097412 2.299012
10.470183 19.364202 5.082232 2.299790
10.574148 19.234289 5.067389 2.300550
10.717919 19.177448 5.072003 2.300313
10.897991 19.183928 5.093715 2.299202
11.079618 19.190462 5.115863 2.298068
11.262841 19.197052 5.138456 2.296911
12.081207 20.266397 5.447132 2.281107
12.278060 20.273476 5.471940 2.279837
12.476724 20.280619 5.497243 2.278541
12.677242 20.287828 5.523053 2.277220
12.879663 20.295105 5.549376 2.275872
13.084045 20.302450 5.576228 2.274497
13.290410 20.309866 5.603612 2.273095
13.498821 20.317354 5.631542 2.271665
13.663438 20.256880 5.641082 2.271177
13.774881 20.117710 5.628970 2.271797
13.885862 19.979124 5.617183 2.272400
13.996380 19.841124 5.605720 2.272987
14.106454 19.703682 5.594576 2.273558
14.216100 19.566782 5.583749 2.274112
14.325330 19.430408 5.573236 2.274650
14.446820 19.311449 5.567910 2.274923
14.664115 19.319248 5.599540 2.273304
14.883904 19.327137 5.631806 2.271652
15.942201 20.405087 5.978199 2.253916
16.179621 20.413605 6.013642 2.252101
16.419901 20.422226 6.049806 2.250250
16.663082 20.430948 6.086703 2.248361
16.909260 20.439779 6.124353 2.246433
17.158512 20.448717 6.162774 2.244466
17.410923 20.457769 6.201983 2.242458
17.530684 20.309479 6.193982 2.242868
17.649654 20.161028 6.186136 2.243270
17.768333 20.012951 6.178612 2.243655
17.886734 19.865229 6.171408 2.244024
18.004866 19.717848 6.164521 2.244376
18.122753 19.570780 6.157950 2.244713
18.263187 19.448311 6.159383 2.244640
18.529465 19.457851 6.203223 2.242395
18.799574 19.467527 6.247997 2.240103
20.129120 20.555185 6.642015 2.219929
20.422634 20.565697 6.691323 2.217404
20.720530 20.576366 6.741696 2.214825
21.022959 20.587196 6.793166 2.212190
21.262379 20.532839 6.824044 2.210609
21.391941 20.371275 6.819817 2.210825
21.521364 20.209892 6.815927 2.211025
21.650640 20.048702 6.812375 2.211206
21.779791 19.887676 6.809160 2.211371
21.908829 19.726797 6.806280 2.211518
22.058205 19.584194 6.810044 2.211326
22.384182 19.595856 6.868277 2.208344
23.972824 20.692778 7.311225 2.185665
24.328905 20.705517 7.375558 2.182371
24.691324 20.718481 7.441398 2.179000
25.032846 20.708975 7.500570 2.175971
25.174803 20.532055 7.499969 2.176002
25.316736 20.355169 7.499735 2.176014
25.458672 20.178289 7.499867 2.176007
25.600624 20.001400 7.500367 2.175981
25.742607 19.824480 7.501233 2.175937
25.986322 19.724678 7.531938 2.174365
26.385612 19.738951 7.607542 2.170494
27.137707 20.007639 7.783925 2.161463
27.147282 19.723654 7.746987 2.163354
27.156776 19.442347 7.710774 2.165208
27.166189 19.163626 7.675270 2.167026
27.175526 18.887472 7.640467 2.168808
27.184784 18.613806 7.606349 2.170555
26.201008 17.672802 7.296387 2.186425
26.209787 17.413744 7.264801 2.188042
26.375027 17.259321 7.277023 2.187416
26.587490 17.134460 7.302461 2.186114
26.801458 17.008718 7.328437 2.184784
27.016968 16.882074 7.354959 2.183426
27.234056 16.754507 7.382035 2.182040
27.256334 16.507011 7.356655 2.183339
27.264990 16.253187 7.328186 2.184797
27.273584 16.001312 7.300293 2.186225
27.282122 15.751340 7.272967 2.187624
26.294115 14.937140 6.981611 2.202542
26.302237 14.699811 6.956347 2.203835
26.523199 14.581244 6.987693 2.202230
26.762047 14.470181 7.023833 2.200380
27.003391 14.357958 7.060696 2.198492
27.247297 14.244546 7.098295 2.196567
27.340401 14.051046 7.096820 2.196643
27.348530 13.814729 7.073723 2.197825
27.356615 13.579937 7.051121 2.198982
27.364655 13.346633 7.029006 2.200115
27.372652 13.114780 7.007370 2.201223
26.380833 12.413867 6.731114 2.215367
26.388458 12.193172 6.711177 2.216388
26.437103 11.992398 6.702092 2.216853
26.680853 11.879081 6.742697 2.214774
26.927589 11.764378 6.784130 2.212652
27.177412 11.648243 6.826415 2.210487
27.427530 11.529465 6.868855 2.208315
27.435226 11.307981 6.850844 2.209237
27.442888 11.087646 6.833261 2.210137
27.450518 10.868432 6.816103 2.211015
27.458118 10.650291 6.799360 2.211873
27.352415 10.390201 6.755058 2.214141
26.660284 9.914866 6.566872 2.223776
26.477310 9.636952 6.505073 2.226940
26.484522 9.430717 6.490510 2.227686
26.630804 9.273817 6.510333 2.226671
26.889074 9.153781 6.557689 2.224246
27.151146 9.031981 6.606064 2.221770
27.417128 8.908364 6.655486 2.219239
27.525278 8.731536 6.666779 2.218661
27.532619 8.522759 6.653983 2.219316
27.539940 8.314792 6.641561 2.219952
27.547241 8.107590 6.629510 2.220569
27.554522 7.901132 6.617826 2.221167
27.119598 7.571930 6.500515 2.227174
26.562374 7.216828 6.354717 2.234638
26.569336 7.019915 6.344503 2.235161
26.576284 6.823627 6.334633 2.235667
26.804428 6.683094 6.377736 2.233460
27.043804 6.542588 6.423667 2.231108
27.286688 6.400025 6.470588 2.228706
27.533144 6.255370 6.518516 2.226252
27.619310 6.072495 6.528720 2.225729
27.626440 5.872181 6.520556 2.226147
27.633560 5.672358 6.512731 2.226548
27.640671 5.472991 6.505243 2.226932
27.647772 5.274088 6.498090 2.227298
27.470438 5.041765 6.447981 2.229863
26.946697 4.751430 6.317106 2.236564
26.658718 4.508987 6.242064 2.240406
26.665531 4.318864 6.236446 2.240694
26.697315 4.132957 6.236980 2.240667
27.008709 3.988296 6.303069 2.237283
27.326792 3.840530 6.370888 2.233810
27.651814 3.689542 6.440501 2.230246
27.711376 3.500752 6.448524 2.229836
27.718424 3.305216 6.444637 2.230035
27.725468 3.109906 6.441070 2.230217
27.732512 2.914804 6.437822 2.230384
27.739557 2.719890 6.434893 2.230534
27.746601 2.525129 6.432280 2.230667
27.450153 2.305048 6.359672 2.234385
27.046257 2.081093 6.262578 2.239356
26.753834 1.870810 6.191692 2.242985
26.760630 1.683639 6.190393 2.243052
26.767431 1.496523 6.189399 2.243103
27.086655 1.324752 6.260921 2.239441
27.460861 1.150948 6.345405 2.235115
27.803061 0.970904 6.422755 2.231155
27.810141 0.776810 6.422981 2.231143
27.817230 0.582679 6.423522 2.231116
27.824326 0.388520 6.424378 2.231072
27.831430 0.194300 6.425549 2.231012
27.817087 -0.000000 5.407094 2.283157
27.640987 -0.192974 5.372994 2.284903
27.366104 -0.382128 5.319950 2.287618
27.096590 -0.567593 5.268199 2.290268
26.832260 -0.749493 5.217698 2.292854
26.835745 -0.937125 5.219520 2.292760
26.842653 -1.125041 5.222264 2.292620
27.123772 -1.326574 5.278629 2.289734
27.588314 -1.542427 5.370999 2.285005
27.881525 -1.754157 5.430335 2.281967
27.888754 -1.950172 5.434262 2.281766
27.895998 -2.146481 5.438461 2.281551
27.903261 -2.343103 5.442934 2.281322
27.910540 -2.540059 5.447680 2.281079
27.895552 -2.735183 5.448349 2.281044
27.597626 -2.900628 5.393984 2.283828
27.305578 -3.062812 5.340952 2.286543
27.019209 -3.221846 5.289209 2.289192
26.926771 -3.401643 5.275634 2.289887
26.933905 -3.593750 5.281819 2.289571
27.083799 -3.806380 5.316295 2.287806
27.523315 -4.064290 5.408006 2.283110
27.976995 -4.331068 5.502956 2.278249
27.984497 -4.532500 5.510521 2.277861
27.992027 -4.734498 5.518378 2.277459
27.999584 -4.937082 5.526528 2.277042
28.007170 -5.140278 5.534974 2.276609
28.014784 -5.344106 5.543717 2.276162
24.713240 -4.893353 4.897030 2.309272
24.523499 -5.033952 4.866278 2.310846
24.360575 -5.178000 4.841003 2.312140
24.605867 -5.409951 4.897135 2.309267
24.699562 -5.611603 4.923460 2.307919
27.036512 -6.341357 5.397986 2.283623
27.700886 -6.701550 5.539838 2.276360
28.076866 -7.000349 5.624666 2.272017
28.084785 -7.210948 5.636201 2.271426
28.092745 -7.422424 5.648060 2.270819
28.100742 -7.634803 5.660246 2.270195
28.108784 -7.848114 5.672764 2.269554
28.116865 -8.062382 5.685616 2.268896
27.873600 -8.203647 5.647869 2.270829
27.626535 -8.340943 5.609469 2.272795
27.382801 -8.476394 5.571860 2.274721
27.142305 -8.610046 5.535020 2.276607
27.129782 -8.815001 5.544881 2.276102
27.137831 -9.027555 5.559272 2.275365
28.174704 -9.591453 5.785255 2.263795
28.183161 -9.814416 5.800920 2.262993
28.191671 -10.038603 5.816955 2.262172
28.200235 -10.264047 5.833365 2.261332
28.208855 -10.490779 5.850156 2.260472
28.114981 -10.679880 5.846008 2.260684
27.905884 -10.823979 5.818101 2.262113
27.698767 -10.966719 5.790741 2.263514
27.493586 -11.108130 5.763918 2.264887
27.290289 -11.248245 5.737621 2.266234
27.229847 -11.446375 5.741575 2.266032
27.238560 -11.674462 5.760457 2.265064
28.279949 -12.355206 5.998787 2.252862
28.289125 -12.595131 6.019240 2.251815
28.298372 -12.836711 6.040129 2.250745
28.307690 -13.079990 6.061461 2.249653
28.257914 -13.297166 6.070533 2.249189
28.024378 -13.427032 6.040353 2.250734
27.793144 -13.555623 6.010765 2.252249
27.564157 -13.682967 5.981757 2.253734
27.337364 -13.809097 5.953316 2.255190
27.329462 -14.045436 5.972804 2.254192
27.777075 -14.521504 6.092637 2.248057
28.385004 -15.092575 6.248939 2.240054
28.395042 -15.353143 6.274593 2.238741
28.405170 -15.615876 6.300769 2.237401
28.415392 -15.880827 6.327475 2.236033
28.235344 -16.039907 6.312164 2.236817
28.004429 -16.168365 6.285624 2.238176
27.775440 -16.295753 6.259609 2.239508
27.548330 -16.422102 6.234113 2.240813
27.428476 -16.611277 6.233082 2.240866
27.438904 -16.880526 6.262080 2.239381
28.489704 -17.802343 6.530098 2.225659
28.500746 -18.087124 6.561412 2.224056
28.511900 -18.374664 6.593352 2.222420
28.523170 -18.665041 6.625931 2.220752
28.534561 -18.958319 6.659162 2.219051
28.546074 -19.254570 6.693056 2.217316
28.557713 -19.553875 6.727629 2.215545
27.571770 -19.162878 6.526718 2.225832
27.208954 -19.193808 6.472395 2.228613
27.064695 -19.376421 6.470101 2.228731
26.920536 -19.558916 6.468124 2.228832
26.776463 -19.741312 6.466465 2.228917
26.632462 -19.923628 6.465122 2.228986
26.286520 -19.952557 6.414803 2.231562
25.925728 -19.965500 6.360617 2.234336
25.570967 -19.978230 6.307646 2.237048
25.222048 -19.990749 6.255851 2.239700
23.993467 -19.291243 5.984384 2.253600
23.667732 -19.302933 5.936608 2.256046
23.391796 -19.351377 5.901138 2.257862
23.260405 -19.517797 5.902222 2.257806
23.128962 -19.684290 5.903596 2.257736
22.997456 -19.850870 5.905260 2.257651
22.865871 -20.017559 5.907213 2.257551
22.621275 -20.084110 5.880104 2.258939
22.317768 -20.095009 5.837536 2.261118
22.018608 -20.105753 5.795860 2.263252
21.723679 -20.116346 5.755054 2.265341
21.432856 -20.126793 5.715096 2.267387
21.146032 -20.137096 5.675963 2.269391
20.120670 -19.430305 5.437016 2.281625
19.851450 -19.439978 5.400810 2.283478
19.606377 -19.469975 5.370985 2.285006
19.486012 -19.622528 5.375409 2.284779
19.365444 -19.775343 5.380104 2.284539
19.244665 -19.928434 5.385070 2.284284
19.123659 -20.081823 5.390310 2.284016
18.982992 -20.214834 5.390308 2.284016
18.727642 -20.224014 5.357762 2.285683
18.475346 -20.233088 5.325865 2.287316
18.226025 -20.242052 5.294602 2.288916
17.979603 -20.250916 5.263960 2.290485
17.736006 -20.259676 5.233924 2.292023
17.495161 -20.268341 5.204481 2.293531
17.257000 -20.276909 5.175618 2.295008
16.415733 -19.563511 4.964152 2.305835
16.191031 -19.571596 4.937401 2.307205
15.968729 -19.579596 4.911175 2.308548
15.786262 -19.634150 4.897095 2.309269
15.674348 -19.776108 4.905088 2.308859
15.562066 -19.918537 4.913348 2.308436
15.449402 -20.061459 4.921877 2.308000
15.336345 -20.204887 4.930678 2.307549
15.222878 -20.348843 4.939752 2.307085
15.009080 -20.357822 4.916375 2.308282
14.796390 -20.365482 4.893159 2.309470
14.585687 -20.373074 4.870398 2.310636
14.376926 -20.380592 4.848083 2.311778
14.170060 -20.388046 4.826205 2.312898
13.965043 -20.395433 4.804758 2.313996
13.761832 -20.402756 4.783732 2.315073
13.560381 -20.410015 4.763122 2.316128
13.360651 -20.417215 4.742918 2.317163
12.713167 -19.726974 4.561846 2.326433
12.504768 -19.704365 4.536319 2.327740
12.316886 -19.711140 4.517972 2.328680
12.130507 -19.717859 4.499991 2.329600
11.980542 -19.782227 4.495483 2.329831
11.873549 -19.918066 4.507404 2.329221
11.765985 -20.054638 4.519611 2.328596
11.657833 -20.191961 4.532107 2.327956
11.549079 -20.330057 4.544894 2.327301
11.439706 -20.468943 4.557978 2.326631
11.265990 -20.492762 4.545657 2.327262
11.083946 -20.499332 4.529839 2.328072
10.903158 -20.505857 4.514350 2.328865
10.723591 -20.512341 4.499186 2.329642
10.545220 -20.518780 4.484342 2.330402
10.368013 -20.525179 4.469812 2.331146
10.191942 -20.531536 4.455592 2.331874
10.016981 -20.537855 4.441679 2.332586
9.843100 -20.544136 4.428068 2.333283
9.670273 -20.550379 4.414754 2.333965
9.441298 -20.432846 4.375238 2.335988
9.100947 -20.062925 4.282319 2.340745
8.831971 -19.836933 4.220818 2.343894
8.669113 -19.842819 4.209090 2.344495
8.507151 -19.848673 4.197631 2.345081
8.346060 -19.854496 4.186438 2.345654
8.201722 -19.898869 4.183619 2.345799
8.094646 -20.034952 4.200246 2.344947
7.986712 -20.172132 4.217213 2.344079
7.877898 -20.310436 4.234526 2.343192
7.768183 -20.449892 4.252190 2.342288
7.657548 -20.590525 4.270212 2.341365
7.508177 -20.628548 4.267123 2.341523
7.347564 -20.634359 4.257610 2.342010
7.187658 -20.640146 4.248346 2.342485
7.028439 -20.645910 4.239329 2.342946
6.869889 -20.651649 4.230557 2.343395
6.711985 -20.657366 4.222026 2.343832
6.554708 -20.663059 4.213734 2.344257
6.398040 -20.668732 4.205679 2.344669
6.241963 -20.674385 4.197860 2.345069
6.086461 -20.680017 4.190274 2.345458
5.931509 -20.685631 4.182919 2.345834
5.777093 -20.691225 4.175792 2.346199
5.563875 -20.478468 4.124915 2.348804
5.348882 -20.244713 4.070209 2.351605
5.139509 -20.017065 4.017128 2.354323
4.980656 -19.976320 4.001876 2.355104
4.834065 -19.981634 3.996082 2.355401
4.687891 -19.986935 3.990500 2.355686
4.542119 -19.992220 3.985127 2.355962
4.400853 -20.016226 3.983691 2.356035
4.286447 -20.166149 4.007475 2.354817
4.170662 -20.317886 4.031744 2.353575
4.053462 -20.471485 4.056509 2.352307
3.934808 -20.626993 4.081781 2.351013
3.810637 -20.762527 4.103237 2.349914
3.661945 -20.767925 4.099151 2.350123
3.513542 -20.773312 4.095273 2.350322
3.365412 -20.778688 4.091601 2.350510
3.217540 -20.784058 4.088135 2.350688
3.069914 -20.789417 4.084875 2.350854
2.922514 -20.794769 4.081818 2.351011
2.775327 -20.800116 4.078964 2.351157
2.628339 -20.805454 4.076313 2.351293
2.481534 -20.810787 4.073865 2.351418
2.334902 -20.816114 4.071618 2.351533
2.188421 -20.821438 4.069571 2.351638
2.042080 -20.826756 4.067725 2.351732
1.889354 -20.760515 4.052113 2.352532
1.728156 -20.580084 4.014442 2.354460
1.569923 -20.402966 3.977658 2.356344
1.414553 -20.229048 3.941730 2.358183
1.265290 -20.111216 3.916954 2.359452
1.124676 -20.116329 3.916325 2.359484
0.984101 -20.121443 3.915887 2.359507
0.843553 -20.126556 3.915641 2.359519
0.703013 -20.131670 3.915585 2.359522
0.564589 -20.212643 3.930472 2.358760
0.427062 -20.387779 3.963852 2.357051
0.287171 -20.565931 3.998002 2.355302
0.144845 -20.747190 4.032944 2.353513
-0.000000 -20.901039 4.062750 2.351987
-0.145957 -20.906353 4.063882 2.351929
-0.292002 -20.911673 4.065214 2.351861
-0.438150 -20.916994 4.066744 2.351783
-0.584413 -20.922321 4.068474 2.351694
-0.730810 -20.927654 4.070404 2.351595
-0.877353 -20.932995 4.072534 2.351486
-1.024057 -20.938339 4.074866 2.351367
-1.170936 -20.943693 4.077399 2.351237
-1.318002 -20.949053 4.080134 2.351097
-1.465276 -20.954420 4.083073 2.350947
-1.612769 -20.959799 4.086215 2.350786
-1.760497 -20.965185 4.089562 2.350614
-1.902425 -20.904116 4.080141 2.351097
-2.035466 -20.759296 4.054549 2.352407
-2.166857 -20.616268 4.029470 2.353691
-2.296639 -20.474989 4.004894 2.354949
-2.424853 -20.335413 3.980807 2.356183
-2.558235 -20.250504 3.967585 2.356859
-2.702697 -20.255775 3.972218 2.356622
-2.847507 -20.261061 3.977056 2.356375
-2.992676 -20.266359 3.982100 2.356116
-3.138222 -20.271673 3.987352 2.355848
-3.315323 -20.469412 4.030700 2.353628
-3.502486 -20.707939 4.082385 2.350982
-3.694525 -20.952690 4.135620 2.348256
-3.861908 -21.041876 4.158443 2.347088
-4.015021 -21.047468 4.164987 2.346753
-4.168624 -21.053080 4.171755 2.346406
-4.322732 -21.058710 4.178749 2.346048
-4.477368 -21.064362 4.185971 2.345678
-4.632548 -21.070032 4.193422 2.345297
-4.788289 -21.075726 4.201106 2.344903
-4.944609 -21.081440 4.209024 2.344498
-5.101524 -21.087175 4.217177 2.344080
-5.259060 -21.092936 4.225569 2.343651
-5.417232 -21.098721 4.234201 2.343209
-5.576058 -21.104528 4.243076 2.342754
-5.710312 -21.017431 4.233477 2.343246
-5.831357 -20.885572 4.215014 2.344191
-5.951357 -20.754847 4.196915 2.345118
-6.070336 -20.625229 4.179173 2.346026
-6.188318 -20.496693 4.161780 2.346917
-6.311036 -20.387657 4.148487 2.347597
-6.469182 -20.393446 4.158753 2.347072
-6.628123 -20.399263 4.169274 2.346533
-6.787879 -20.405113 4.180053 2.345981
-6.951166 -20.418911 4.192719 2.345333
-7.237969 -20.784611 4.278081 2.340962
-7.536707 -21.165535 4.367210 2.336399
-7.709848 -21.182634 4.381738 2.335655
-7.880071 -21.188869 4.394301 2.335012
-8.051281 -21.195143 4.407152 2.334354
-8.223504 -21.201452 4.420294 2.333681
-8.396763 -21.207802 4.433731 2.332993
-8.571090 -21.214191 4.447469 2.332290
-8.746510 -21.220621 4.461510 2.331571
-8.923050 -21.227093 4.475859 2.330836
-9.100739 -21.233608 4.490520 2.330085
-9.279600 -21.240166 4.505497 2.329319
-9.443298 -21.209995 4.512972 2.328936
-9.562389 -21.080168 4.499444 2.329628
-9.680774 -20.951109 4.486213 2.330306
-9.798468 -20.822798 4.473277 2.330968
-9.915486 -20.695219 4.460632 2.331615
-10.031853 -20.568346 4.448273 2.332248
-10.191115 -20.529867 4.455230 2.331892
-10.373770 -20.536570 4.472292 2.331018
-10.557838 -20.543325 4.489707 2.330127
-10.776062 -20.612705 4.521201 2.328514
-11.333671 -21.315533 4.692600 2.319739
-11.529147 -21.322710 4.711785 2.318757
-11.726239 -21.329947 4.731359 2.317754
-11.924986 -21.337246 4.751330 2.316732
-12.125424 -21.344608 4.771703 2.315689
-12.327603 -21.352034 4.792486 2.314625
-12.531561 -21.359526 4.813688 2.313539
-12.737342 -21.367086 4.835314 2.312432
-12.944991 -21.374716 4.857374 2.311302
-13.154551 -21.382418 4.879875 2.310150
-13.293036 -21.273304 4.876034 2.310347
-13.415599 -21.139599 4.866737 2.310823
-13.537699 -21.006393 4.857711 2.311285
-13.659351 -20.873672 4.848953 2.311733
-13.780567 -20.741423 4.840463 2.312168
-13.940475 -20.667603 4.845830 2.311893
-14.156853 -20.675560 4.870750 2.310617
-14.375479 -20.683599 4.896168 2.309316
-15.135002 -21.455229 5.103715 2.298690
-15.366532 -21.463747 5.131135 2.297286
-15.600580 -21.472357 5.159105 2.295854
-15.837206 -21.481062 5.187635 2.294393
-16.076475 -21.489866 5.216740 2.292903
-16.318459 -21.498770 5.246429 2.291383
-16.563219 -21.507778 5.276717 2.289832
-16.810839 -21.516891 5.307618 2.288250
-17.017908 -21.471249 5.325537 2.287332
-17.148615 -21.328571 5.319714 2.287631
-17.279041 -21.186199 5.314161 2.287915
-17.409203 -21.044106 5.308877 2.288186
-17.539106 -20.902292 5.303862 2.288442
-17.707499 -20.806232 5.310728 2.288091
-17.967733 -20.815817 5.345062 2.286333
-18.231369 -20.825527 5.380106 2.284539
-19.181086 -21.604172 5.615722 2.272475
-19.461796 -21.614513 5.653589 2.270536
-19.746342 -21.624996 5.692252 2.268557
-20.034811 -21.635626 5.731728 2.266536
-20.327326 -21.646404 5.772038 2.264472
-20.624008 -21.657337 5.813206 2.262364
-20.831274 -21.571415 5.829037 2.261553
-20.972866 -21.416779 5.826676 2.261674
-21.114342 -21.262260 5.824599 2.261781
-21.255720 -21.107843 5.822807 2.261872
-21.397020 -20.953505 5.821299 2.261950
-21.697758 -20.953279 5.863177 2.259805
-22.015419 -20.964994 5.909320 2.257443
-22.703417 -21.319923 6.053891 2.250041
-22.714605 -21.033957 6.017572 2.251900
-22.725657 -20.751371 5.981973 2.253723
-22.736570 -20.472099 5.947080 2.255510
-22.747355 -20.196039 5.912876 2.257261
-22.758009 -19.923128 5.879347 2.258977
-22.768538 -19.653276 5.846479 2.260660
-21.802902 -18.555721 5.565124 2.275066
-21.812750 -18.303070 5.534887 2.276614
-21.995018 -18.195854 5.548766 2.275903
-22.195555 -18.102251 5.567339 2.274952
-22.397449 -18.008013 5.586309 2.273981
-22.600739 -17.913120 5.605684 2.272989
-22.805445 -17.817566 5.625468 2.271976
-22.848610 -17.595793 5.605677 2.272990
-22.858141 -17.350271 5.578161 2.274398
-22.867571 -17.107130 5.551182 2.275779
-22.876907 -16.866306 5.524729 2.277134
-21.905514 -15.915287 5.263178 2.290525
-21.914274 -15.689073 5.238837 2.291771
-22.042292 -15.549124 5.243363 2.291540
-22.239670 -15.456974 5.264517 2.290457
-22.438663 -15.364069 5.286102 2.289351
-22.639296 -15.270397 5.308123 2.288224
-22.841621 -15.175932 5.330589 2.287074
-22.948402 -15.017012 5.330913 2.287057
-22.956970 -14.794759 5.308780 2.288190
-22.965462 -14.574322 5.287085 2.289301
-22.973881 -14.355674 5.265821 2.290390
-22.982227 -14.138755 5.244981 2.291457
-22.005396 -13.326940 5.000695 2.303964
-22.013250 -13.122532 4.981539 2.304945
-22.156633 -12.999216 4.993327 2.304342
-22.334036 -12.894561 5.012897 2.303339
-22.512846 -12.789072 5.032868 2.302317
-22.693089 -12.682736 5.053245 2.301274
-22.874802 -12.575529 5.074035 2.300209
-23.046585 -12.461239 5.092718 2.299253
-23.054350 -12.258215 5.075399 2.300139
-23.062059 -12.056548 5.058443 2.301008
-23.069712 -11.856219 5.041843 2.301857
-23.077309 -11.657188 5.025595 2.302689
-23.084854 -11.459417 5.009693 2.303504
-22.102873 -10.780292 4.780142 2.315257
-22.109997 -10.593330 4.765572 2.316003
-22.119686 -10.408732 4.751882 2.316704
-22.322021 -10.314223 4.779763 2.315276
-22.526762 -10.218590 4.808210 2.313819
-22.733955 -10.121809 4.837234 2.312334
-22.943680 -10.023843 4.866849 2.310817
-23.143425 -9.919283 4.894411 2.309406
-23.150539 -9.731592 4.881429 2.310071
-23.157614 -9.544876 4.868751 2.310720
-23.164646 -9.359124 4.856373 2.311354
-23.171638 -9.174295 4.844293 2.311972
-23.178591 -8.990381 4.832507 2.312576
-23.185505 -8.807348 4.821012 2.313164
-22.592169 -8.401949 4.685327 2.320111
-22.205173 -8.082022 4.593256 2.324825
-22.211687 -7.909222 4.583069 2.325347
-22.218208 -7.737197 4.573158 2.325854
-22.433035 -7.636829 4.606289 2.324158
-22.651014 -7.534986 4.640133 2.322425
-22.872219 -7.431634 4.674706 2.320655
-23.096764 -7.326720 4.710029 2.318846
-23.246162 -7.195888 4.730136 2.317817
-23.252745 -7.020418 4.721387 2.318265
-23.259296 -6.845580 4.712898 2.318700
-23.265821 -6.671366 4.704668 2.319121
-23.272318 -6.497744 4.696694 2.319529
-23.278788 -6.324705 4.688975 2.319924
-23.188623 -6.126699 4.662084 2.321301
-22.794388 -5.852602 4.574496 2.325786
-22.414682 -5.588608 4.490355 2.330094
-22.305864 -5.396352 4.460900 2.331602
-22.311943 -5.233217 4.454700 2.331919
-22.317999 -5.070526 4.448733 2.332225
-22.547562 -4.957400 4.487485 2.330241
-22.789909 -4.844144 4.528876 2.328121
-23.036787 -4.728769 4.571265 2.325951
-23.288332 -4.611212 4.614679 2.323729
-23.348433 -4.453953 4.620314 2.323440
-23.354643 -4.286376 4.615509 2.323686
-23.360834 -4.119145 4.610937 2.323920
-23.367010 -3.952230 4.606597 2.324142
-23.373171 -3.785626 4.602489 2.324353
-23.379316 -3.619310 4.598612 2.324551
-23.172104 -3.421756 4.553044 2.326884
-22.779308 -3.201423 4.471364 2.331066
-22.400318 -2.988837 4.392769 2.335090
-22.400940 -2.829895 4.388909 2.335288
-22.406757 -2.671845 4.386288 2.335422
-22.449572 -2.518120 4.391120 2.335175
-22.677496 -2.383501 4.432340 2.333064
-22.909760 -2.246317 4.474561 2.330903
-23.146488 -2.106494 4.517815 2.328688
-23.387846 -1.963933 4.562137 2.326418
-23.446074 -1.804074 4.570927 2.325969
-23.452082 -1.639929 4.569755 2.326028
-23.458082 -1.475853 4.568805 2.326077
-23.464077 -1.311844 4.568077 2.326114
-23.470066 -1.147879 4.567572 2.326140
-23.476048 -0.983935 4.567288 2.326155
-23.390366 -0.816809 4.549398 2.327071
-23.083601 -0.644779 4.488748 2.330176
-22.784899 -0.477274 4.429907 2.333189
-22.493908 -0.314096 4.372799 2.336113
-22.498705 -0.157070 4.373412 2.336081
-22.504410 0.000000 4.374414 2.336030
-22.564276 0.157535 4.386158 2.335429
-22.911638 0.319929 4.454006 2.331955
-23.269932 0.487435 4.524209 2.328361
-23.535686 0.657414 4.576658 2.325675
-23.541645 0.822093 4.578822 2.325564
-23.547604 0.986941 4.581209 2.325442
-23.553566 1.151963 4.583822 2.325308
-23.559528 1.317181 4.586660 2.325163
-23.565495 1.482618 4.589725 2.325006
-23.571465 1.648278 4.593017 2.324837
-23.562725 1.813057 4.593668 2.324804
-23.305872 1.957050 4.546146 2.327237
-23.054262 2.098101 4.499814 2.329609
-22.807703 2.236318 4.454628 2.331923
-22.590107 2.374316 4.415259 2.333939
-22.595854 2.534535 4.419733 2.333710
-22.601608 2.695080 4.424431 2.333469
-22.757236 2.874907 4.458717 2.331714
-23.240740 3.100980 4.557578 2.326652
-23.631493 3.321190 4.638639 2.322501
-23.637541 3.490492 4.644497 2.322202
-23.643600 3.660224 4.650595 2.321889
-23.649672 3.830410 4.656936 2.321565
-23.655754 4.001074 4.663521 2.321228
-23.661850 4.172223 4.670351 2.320878
-23.667959 4.343887 4.677429 2.320516
-23.479494 4.478955 4.646249 2.322112
-23.288851 4.611316 4.614782 2.323723
-23.100750 4.741906 4.583957 2.325301
-22.915142 4.870764 4.553763 2.326847
-22.731941 4.997945 4.524181 2.328362
-22.689213 5.154864 4.522729 2.328436
-22.695168 5.323102 4.531213 2.328002
-22.770853 5.508852 4.553892 2.326841
-23.543047 5.869941 4.716402 2.318520
-23.729933 6.092815 4.762247 2.316173
-23.736233 6.271385 4.772181 2.315664
-23.742556 6.450708 4.782390 2.315141
-23.748901 6.630816 4.792876 2.314605
-23.755268 6.811714 4.803641 2.314054
-23.761662 6.993442 4.814690 2.313488
-23.560598 7.113366 4.783895 2.315064
-23.353798 7.229207 4.752037 2.316696
-23.149712 7.343524 4.720827 2.318294
-22.948284 7.456349 4.690252 2.319859
-22.774475 7.576064 4.665425 2.321130
-22.780748 7.755201 4.677687 2.320502
-22.787050 7.935289 4.690242 2.319860
-23.280764 8.289910 4.803658 2.314053
-23.820408 8.669920 4.927375 2.307718
-23.827085 8.861218 4.941433 2.306998
-23.833797 9.053612 4.955812 2.306262
-23.840542 9.247136 4.970518 2.305510
-23.847324 9.441827 4.985553 2.304739
-23.854141 9.637699 5.000923 2.303953
-23.690704 9.764608 4.980830 2.304981
-23.492754 9.875446 4.953587 2.306376
-23.296942 9.985082 4.926877 2.307744
-23.103212 10.093549 4.900690 2.309085
-22.911526 10.200869 4.875017 2.310399
-22.871964 10.375188 4.881893 2.310047
-22.878761 10.571473 4.898977 2.309172
-23.910110 11.251243 5.136512 2.297010
-23.917303 11.459255 5.155118 2.296058
-23.924541 11.668779 5.174110 2.295085
-23.931829 11.879869 5.193498 2.294093
-23.939167 12.092545 5.213283 2.293080
-23.946554 12.306856 5.233475 2.292046
-23.785707 12.434871 5.217168 2.292881
-23.591265 12.543698 5.193601 2.294088
-23.398550 12.651554 5.170494 2.295271
-23.207537 12.758453 5.147842 2.296430
-23.018179 12.864424 5.125636 2.297567
-22.964010 13.045377 5.133729 2.297153
-22.971458 13.262579 5.155968 2.296014
-24.007662 14.085217 5.410485 2.282983
-24.015572 14.316156 5.434659 2.281745
-24.023548 14.549176 5.459317 2.280483
-24.031591 14.784338 5.484468 2.279195
-23.934841 14.956149 5.486083 2.279112
-23.759068 15.077968 5.469789 2.279947
-23.584328 15.199064 5.453856 2.280762
-23.410591 15.319461 5.438279 2.281560
-23.237827 15.439179 5.423053 2.282340
-23.066023 15.558228 5.408175 2.283101
-23.057716 15.787953 5.431940 2.281885
-24.098583 16.748953 5.704554 2.267927
-24.107315 17.005838 5.734585 2.266389
-24.116137 17.265461 5.765217 2.264821
-24.125044 17.527872 5.796459 2.263221
-24.134045 17.793159 5.828326 2.261590
-24.143139 18.061378 5.860831 2.259925
-24.152330 18.332615 5.893987 2.258228
-23.292734 17.937824 5.714639 2.267411
-22.974400 17.949568 5.667144 2.269842
-22.766825 18.044769 5.646880 2.270880
-22.651388 18.212187 5.649647 2.270738
-22.535830 18.379772 5.652690 2.270582
-22.420134 18.547552 5.656013 2.270412
-22.304295 18.715525 5.659614 2.270228
-22.188293 18.883724 5.663495 2.270029
-22.039759 19.024212 5.659344 2.270241
-21.743652 19.035128 5.617297 2.272394
-21.451887 19.045881 5.576138 2.274502
-21.164364 19.056479 5.535846 2.276565
-20.880939 19.066925 5.496397 2.278584
-19.521252 18.076880 5.171586 2.295215
-19.260168 18.086500 5.135745 2.297050
-19.031563 18.123518 5.108403 2.298450
-18.925951 18.276579 5.114179 2.298154
-18.820087 18.429998 5.120217 2.297845
-18.713970 18.583778 5.126518 2.297522
-18.607582 18.737940 5.133085 2.297186
-18.500908 18.892509 5.139918 2.296836
-18.393944 19.047487 5.147020 2.296473
-18.249489 19.163858 5.143911 2.296632
-18.004528 19.172876 5.112469 2.298242
-17.762529 19.181786 5.081654 2.299819
-17.523411 19.190588 5.051452 2.301366
-17.287113 19.199286 5.021852 2.302881
-17.053549 19.207882 4.992836 2.304367
-16.822664 19.216377 4.964396 2.305823
-15.724233 18.216698 4.677663 2.320504
-15.510320 18.224569 4.651764 2.321830
-15.298759 18.232351 4.626377 2.323129
-15.187345 18.358353 4.631330 2.322876
-15.088927 18.500854 4.640593 2.322402
-14.990108 18.643932 4.650118 2.321914
-14.890871 18.787609 4.659910 2.321413
-14.791212 18.931889 4.669970 2.320898
-14.691110 19.076801 4.680301 2.320369
-14.590559 19.222355 4.690906 2.319825
-14.441212 19.303965 4.686104 2.320071
-14.237623 19.311447 4.663677 2.321220
-14.035973 19.318859 4.641690 2.322345
-13.836196 19.326200 4.620131 2.323449
-13.638264 19.333473 4.598996 2.324531
-13.442123 19.340679 4.578276 2.325592
-13.247726 19.347822 4.557961 2.326632
-13.055044 19.354898 4.538047 2.327652
-12.395308 18.656445 4.353887 2.337081
-12.010019 18.353235 4.263455 2.341711
-11.832066 18.359770 4.245681 2.342621
-11.655574 18.366251 4.228259 2.343513
-11.486796 18.382717 4.213486 2.344270
-11.392783 18.518713 4.226322 2.343612
-11.298192 18.655535 4.239444 2.342940
-11.203005 18.793215 4.252854 2.342254
-11.107203 18.931774 4.266557 2.341552
-11.010778 19.071228 4.280557 2.340836
-10.913709 19.211609 4.294859 2.340103
-10.815985 19.352930 4.309466 2.339355
-10.688208 19.441776 4.312530 2.339198
-10.515550 19.448109 4.297545 2.339966
-10.344086 19.454397 4.282872 2.340717
-10.173774 19.460642 4.268506 2.341453
-10.004598 19.466845 4.254443 2.342172
-9.836524 19.473007 4.240678 2.342877
-9.669520 19.479128 4.227207 2.343567
-9.503572 19.485210 4.214026 2.344242
-9.338640 19.491255 4.201130 2.344902
-9.174713 19.497263 4.188517 2.345548
-8.781624 19.005175 4.069534 2.351640
-8.409616 18.538900 3.957024 2.357400
-8.233065 18.491768 3.934599 2.358548
-8.081280 18.497326 3.923682 2.359107
-7.930332 18.502855 3.913015 2.359654
-7.780196 18.508352 3.902596 2.360187
-7.660516 18.585812 3.907556 2.359933
-7.564946 18.723900 3.925389 2.359020
-7.468490 18.863262 3.943578 2.358089
-7.371133 19.003918 3.962129 2.357139
-7.272849 19.145908 3.981050 2.356170
-7.173612 19.289268 4.000348 2.355182
-7.073406 19.434023 4.020029 2.354175
-6.971384 19.577930 4.039630 2.353171
-6.819688 19.583481 4.030854 2.353620
-6.668642 19.589005 4.022310 2.354058
-6.518222 19.594505 4.013998 2.354483
-6.368421 19.599983 4.005914 2.354897
-6.219208 19.605438 3.998057 2.355299
-6.070578 19.610872 3.990426 2.355690
-5.922506 19.616285 3.983017 2.356070
-5.774971 19.621677 3.975828 2.356437
-5.627965 19.627050 3.968859 2.356794
-5.481462 19.632402 3.962106 2.357140
-5.306059 19.529549 3.933777 2.358591
-5.087613 19.255838 3.871396 2.361784
-4.875970 18.990658 3.811144 2.364869
-4.670813 18.733608 3.752922 2.367850
-4.506603 18.628057 3.725384 2.369260
-4.370332 18.633034 3.720186 2.369526
-4.234444 18.637995 3.715184 2.369782
-4.098914 18.642942 3.710375 2.370029
-3.963728 18.647875 3.705760 2.370265
-3.850993 18.760565 3.722720 2.369397
-3.744980 18.913567 3.747801 2.368112
-3.637532 19.068632 3.773404 2.366802
-3.528599 19.225836 3.799545 2.365463
-3.418140 19.385235 3.826237 2.364097
-3.306111 19.546892 3.853495 2.362701
-3.192460 19.710884 3.881336 2.361275
-3.052974 19.721043 3.879045 2.361393
-2.912902 19.726149 3.875955 2.361551
-2.773046 19.731247 3.873058 2.361699
-2.633392 19.736338 3.870354 2.361838
-2.493915 19.741421 3.867842 2.361966
-2.354623 19.746496 3.865522 2.362085
-2.215491 19.751566 3.863392 2.362194
-2.076505 19.756630 3.861453 2.362293
-1.937652 19.761688 3.859704 2.362383
-1.798908 19.766741 3.858144 2.362463
-1.660279 19.771790 3.856773 2.362533
-1.512647 19.658634 3.832547 2.363774
-1.361423 19.469254 3.793681 2.365763
-1.213228 19.283672 3.755777 2.367704
-1.067947 19.101744 3.718801 2.369597
-0.925503 18.923374 3.682728 2.371444
-0.786428 18.763666 3.650489 2.373095
-0.655408 18.768433 3.650437 2.373098
-0.524385 18.773199 3.650563 2.373091
-0.393336 18.777966 3.650867 2.373075
-0.262269 18.782734 3.651350 2.373051
-0.131161 18.787502 3.652009 2.373017
0.000000 18.959890 3.685430 2.371306
0.133752 19.158516 3.724129 2.369324
0.270360 19.361374 3.763837 2.367291
0.409908 19.568594 3.804584 2.365205
0.552518 19.780354 3.846411 2.363064
0.693436 19.857410 3.862242 2.362253
0.832482 19.862461 3.864261 2.362150
0.971690 19.867519 3.866471 2.362037
1.111054 19.872581 3.868871 2.361914
1.250598 19.877651 3.871463 2.361781
1.390336 19.882725 3.874248 2.361638
1.530281 19.887808 3.877225 2.361486
1.670460 19.892897 3.880397 2.361324
1.810864 19.897993 3.883762 2.361151
1.951518 19.903099 3.887323 2.360969
2.092438 19.908215 3.891081 2.360777
2.230129 19.882063 3.888918 2.360888
2.352075 19.725039 3.861322 2.362300
2.472300 19.570234 3.834303 2.363683
2.590860 19.417578 3.807845 2.365038
2.707802 19.267010 3.781933 2.366365
2.823169 19.118475 3.756554 2.367664
2.937012 18.971905 3.731693 2.368937
3.061693 18.903437 3.722339 2.369416
3.198116 18.908381 3.727618 2.369146
3.334932 18.913340 3.733095 2.368865
3.472158 18.918314 3.738770 2.368575
3.609820 18.923304 3.744646 2.368274
3.776420 19.072292 3.779253 2.366502
3.973166 19.355743 3.840823 2.363350
4.176436 19.648588 3.904624 2.360083
4.386583 19.951334 3.970776 2.356696
4.543228 19.997065 3.986093 2.355912
4.691534 20.002434 3.993595 2.355528
4.840405 20.007824 4.001320 2.355132
4.989861 20.013235 4.009272 2.354725
5.139918 20.018667 4.017450 2.354307
5.290608 20.024122 4.025860 2.353876
5.441926 20.029598 4.034501 2.353434
5.593903 20.035099 4.043376 2.352979
5.746556 20.040623 4.052489 2.352512
5.899907 20.046169 4.061841 2.352034
6.039258 20.002966 4.061531 2.352050
6.149346 19.865313 4.042200 2.353040
6.258398 19.728962 4.023247 2.354010
6.366437 19.593880 4.004667 2.354961
6.473490 19.460035 3.986451 2.355894
6.579588 19.327393 3.968592 2.356808
6.684738 19.195938 3.951086 2.357704
6.788970 19.065634 3.933926 2.358583
6.931266 19.043497 3.939246 2.358310
7.084267 19.049025 3.950524 2.357733
7.238165 19.054586 3.962061 2.357142
7.392961 19.060179 3.973859 2.356539
7.653211 19.329798 4.041113 2.353095
8.027532 19.868837 4.165421 2.346730
8.298161 20.132853 4.232812 2.343280
8.465621 20.138899 4.246407 2.342584
8.634156 20.144983 4.260296 2.341873
8.803805 20.151108 4.274485 2.341146
8.974597 20.157274 4.288979 2.340404
9.146558 20.163481 4.303782 2.339646
9.319732 20.169731 4.318899 2.338872
9.494122 20.176023 4.334333 2.338082
9.669770 20.182362 4.350091 2.337275
9.827063 20.148464 4.357466 2.336898
9.934902 20.013735 4.343223 2.337627
10.042053 19.879871 4.329282 2.338341
10.148519 19.746870 4.315642 2.339039
10.254321 19.614702 4.302298 2.339722
10.359478 19.483345 4.289245 2.340391
10.464006 19.352779 4.276479 2.341044
10.567928 19.222975 4.263996 2.341683
10.719461 19.180208 4.271006 2.341325
10.899566 19.186699 4.289291 2.340388
11.081226 19.193247 4.307944 2.339433
11.269559 19.208502 4.328922 2.338359
12.082975 20.269365 4.586904 2.325150
12.279866 20.276459 4.607797 2.324081
12.478567 20.283615 4.629108 2.322990
12.679124 20.290840 4.650845 2.321877
12.881583 20.298132 4.673015 2.320742
13.086007 20.305492 4.695629 2.319584
13.292412 20.312925 4.718692 2.318403
13.500865 20.320431 4.742215 2.317199
13.655662 20.245350 4.746826 2.316962
13.767057 20.106283 4.736640 2.317484
13.877993 19.967800 4.726727 2.317991
13.988462 19.829901 4.717086 2.318485
14.098492 19.692558 4.707714 2.318965
14.208091 19.555759 4.698609 2.319431
14.317274 19.419483 4.689767 2.319884
14.449101 19.314499 4.688663 2.319940
14.666444 19.322317 4.715302 2.318577
14.886281 19.330225 4.742477 2.317185
15.944762 20.408365 5.034175 2.302250
16.182236 20.416904 5.064026 2.300722
16.422571 20.425547 5.094484 2.299162
16.665810 20.434292 5.125560 2.297571
16.912043 20.443144 5.157270 2.295948
17.161354 20.452105 5.189629 2.294291
17.401762 20.447004 5.219035 2.292785
17.520994 20.298252 5.212163 2.293137
17.639912 20.149900 5.205564 2.293475
17.758537 20.001917 5.199237 2.293799
17.876884 19.854290 5.193178 2.294109
17.994963 19.707003 5.187386 2.294406
18.112795 19.560026 5.181859 2.294689
18.266378 19.451708 5.186821 2.294435
18.532726 19.461275 5.223745 2.292544
18.802906 19.470978 5.261456 2.290613
20.132713 20.558855 5.593266 2.273625
20.426308 20.569397 5.634797 2.271498
20.724285 20.580095 5.677224 2.269326
21.026796 20.590956 5.720575 2.267107
21.250772 20.521633 5.742393 2.265989
21.380272 20.360163 5.738837 2.266171
21.509632 20.198875 5.735566 2.266339
21.638844 20.037779 5.732579 2.266492
21.767929 19.876846 5.729874 2.266630
21.896902 19.716059 5.727452 2.266754
22.062466 19.587976 5.734849 2.266376
22.388542 19.599674 5.783897 2.263864
23.977535 20.696844 6.156922 2.244766
24.333729 20.709621 6.211109 2.241991
24.696262 20.722624 6.266565 2.239152
25.019239 20.697718 6.311699 2.236841
25.161119 20.520895 6.311194 2.236867
25.302977 20.344107 6.310997 2.236877
25.444836 20.167322 6.311109 2.236871
25.586710 19.990528 6.311529 2.236850
25.728613 19.813704 6.312257 2.236812
25.991875 19.728893 6.342897 2.235244
26.391308 19.743212 6.406580 2.231983
27.112377 19.988964 6.547586 2.224764
27.122065 19.705332 6.516544 2.226353
27.131666 19.424370 6.486111 2.227911
27.141188 19.145988 6.456274 2.229439
27.150627 18.870169 6.427025 2.230936
27.159988 18.596827 6.398352 2.232404
26.177214 17.656754 6.137641 2.245753
26.186089 17.397999 6.111094 2.247112
26.365908 17.253353 6.124797 2.246410
26.578266 17.128515 6.146200 2.245314
26.792128 17.002796 6.168056 2.244195
27.007528 16.876175 6.190370 2.243053
27.223486 16.748005 6.212918 2.241899
27.232288 16.492449 6.188498 2.243149
27.241030 16.238903 6.164570 2.244374
27.249708 15.987305 6.141127 2.245574
27.258327 15.737602 6.118160 2.246750
26.271267 14.924160 5.873085 2.259298
26.279463 14.687084 5.851850 2.260385
26.515310 14.576908 5.881564 2.258864
26.754045 14.465855 5.911974 2.257307
26.995275 14.353642 5.942992 2.255719
27.239065 14.240243 5.974630 2.254099
27.317133 14.039088 5.970108 2.254330
27.325331 13.803010 5.950695 2.255324
27.333481 13.568454 5.931696 2.256297
27.341587 13.335382 5.913108 2.257249
27.349649 13.103759 5.894923 2.258180
26.358730 12.403466 5.662538 2.270078
26.366415 12.182987 5.645780 2.270936
26.428745 11.988606 5.641067 2.271177
26.672367 11.875302 5.675232 2.269428
26.918972 11.760612 5.710095 2.267643
27.168659 11.644492 5.745674 2.265821
27.404938 11.519967 5.778493 2.264141
27.412685 11.298690 5.763354 2.264916
27.420399 11.078560 5.748575 2.265673
27.428080 10.859548 5.734151 2.266412
27.435728 10.641607 5.720078 2.267132
27.292732 10.367530 5.675036 2.269438
26.603727 9.893834 5.517273 2.277516
26.455872 9.629149 5.472535 2.279806
26.463125 9.423098 5.460294 2.280433
26.621634 9.270623 5.479511 2.279449
26.879747 9.150605 5.519355 2.277409
27.141659 9.028825 5.560056 2.275325
27.407476 8.905229 5.601637 2.273196
27.503271 8.724554 5.608631 2.272838
27.510649 8.515959 5.597874 2.273389
27.518005 8.308168 5.587432 2.273923
27.525339 8.101144 5.577302 2.274442
27.532652 7.894861 5.567480 2.274945
27.065975 7.556959 5.462310 2.280330
26.541363 7.211119 5.346145 2.286277
26.548353 7.014371 5.337559 2.286717
26.556770 6.818616 5.329551 2.287127
26.792568 6.680137 5.367382 2.285190
27.031752 6.539672 5.406020 2.283212
27.274439 6.397152 5.445489 2.281191
27.520693 6.252541 5.485806 2.279127
27.597685 6.067741 5.492576 2.278780
27.604837 5.867589 5.485713 2.279131
27.611977 5.667928 5.479135 2.279468
27.619106 5.468721 5.472839 2.279791
27.626225 5.269978 5.466826 2.280098
27.430952 5.034518 5.421097 2.282440
26.908749 4.744738 5.311220 2.288066
26.638004 4.505484 5.251445 2.291126
26.644831 4.315512 5.246723 2.291368
26.685787 4.131172 5.248981 2.291252
26.996923 3.986555 5.304576 2.288406
27.314739 3.838836 5.361626 2.285485
27.639484 3.687897 5.420185 2.282486
27.689945 3.498044 5.425159 2.282232
27.696999 3.302661 5.421891 2.282399
27.704050 3.107504 5.418893 2.282553
27.711100 2.912554 5.416162 2.282692
27.718149 2.717791 5.413700 2.282819
27.725197 2.523181 5.411504 2.282931
27.419441 2.302469 5.348557 2.286154
27.016459 2.078800 5.266991 2.290330
26.733213 1.869368 5.209099 2.293294
26.740009 1.682341 5.208008 2.293350
26.746809 1.495370 5.207172 2.293393
27.072697 1.324070 5.268689 2.290243
27.446520 1.150347 5.339746 2.286605
27.781645 0.970156 5.403496 2.283341
27.788719 0.776212 5.403687 2.283331
27.795799 0.582230 5.404141 2.283308
27.802887 0.388221 5.404861 2.283271
27.809984 0.194150 5.405845 2.283221
27.795952 -0.000000 4.402446 2.334595
27.616362 -0.192802 4.374108 2.336046
27.341965 -0.381791 4.330964 2.338255
27.072920 -0.567097 4.288870 2.340410
26.809046 -0.748845 4.247792 2.342513
26.815315 -0.936412 4.249718 2.342414
26.822208 -1.124184 4.251950 2.342300
27.106749 -1.325742 4.298419 2.339921
27.570698 -1.541442 4.373589 2.336072
27.860249 -1.752819 4.421354 2.333627
27.867456 -1.948683 4.424550 2.333463
27.874680 -2.144840 4.427966 2.333288
27.881918 -2.341311 4.431604 2.333102
27.889174 -2.538114 4.435466 2.332904
27.873331 -2.733004 4.435873 2.332883
27.575863 -2.898340 4.391645 2.335148
27.284256 -3.060420 4.348502 2.337357
26.998316 -3.219355 4.306406 2.339512
26.906052 -3.399025 4.295370 2.340077
26.913157 -3.590982 4.300402 2.339819
27.062117 -3.803333 4.328341 2.338389
25.187449 -3.719359 4.032560 2.353533
24.711512 -3.825545 3.960541 2.357220
24.385553 -3.949598 3.912623 2.359674
24.073809 -4.071781 3.867071 2.362006
23.859859 -4.207138 3.837328 2.363529
23.647974 -4.340216 3.808032 2.365029
23.492311 -4.481399 3.787911 2.366059
23.332159 -4.619892 3.767197 2.367120
23.190762 -4.760380 3.749641 2.368018
23.068033 -4.903262 3.735242 2.368756
22.980694 -5.052634 3.726720 2.369192
22.906677 -5.204270 3.720519 2.369509
22.840338 -5.357153 3.715728 2.369755
22.793579 -5.514348 3.714293 2.369828
22.777937 -5.679178 3.718115 2.369632
22.765829 -5.845272 3.722709 2.369397
22.763464 -6.014367 3.729097 2.369070
22.913254 -6.225393 3.760664 2.367454
23.037022 -6.432053 3.788255 2.366041
23.386683 -6.706024 3.853359 2.362708
23.546452 -6.930098 3.887561 2.360957
24.266125 -7.326376 4.014727 2.354446
27.365629 -8.471078 4.537201 2.327695
27.125397 -8.604683 4.507221 2.329230
27.107841 -8.807872 4.514411 2.328862
27.115829 -9.020236 4.526119 2.328263
28.151800 -9.583655 4.710094 2.318843
28.160189 -9.806416 4.722837 2.318191
28.168629 -10.030398 4.735881 2.317523
28.177120 -10.255633 4.749231 2.316839
25.534302 -9.496121 4.314855 2.339079
25.158428 -9.556791 4.262510 2.341759
24.821758 -9.627727 4.216754 2.344102
24.652212 -9.760502 4.199425 2.344989
24.531572 -9.911399 4.190560 2.345443
24.406027 -10.059439 4.181009 2.345932
24.276196 -10.204774 4.170870 2.346451
24.174166 -10.361062 4.165667 2.346718
24.058084 -10.510719 4.158207 2.347100
23.962646 -10.668858 4.154484 2.347290
23.894571 -10.839059 4.155700 2.347228
23.825739 -11.009038 4.156995 2.347162
23.748430 -11.175163 4.157017 2.347161
23.682444 -11.346726 4.159232 2.347047
23.633533 -11.526845 4.164674 2.346769
23.560848 -11.695706 4.166152 2.346693
23.487848 -11.864567 4.167789 2.346609
23.442902 -12.048016 4.174637 2.346259
23.360481 -12.212565 4.175042 2.346238
23.496080 -12.493089 4.214762 2.344204
28.370008 -15.339606 5.108140 2.298463
28.380024 -15.602052 5.129431 2.297373
23.015118 -12.862715 4.175901 2.346194
22.881495 -12.998499 4.168021 2.346597
22.675987 -13.091988 4.147134 2.347667
22.489864 -13.194726 4.129841 2.348552
22.326035 -13.308989 4.116719 2.349224
22.176991 -13.430863 4.106426 2.349751
22.075451 -13.580909 4.105081 2.349820
21.989229 -13.740396 4.106786 2.349733
21.946169 -13.927464 4.116803 2.349220
21.964825 -14.155364 4.138740 2.348096
22.205778 -14.531054 4.203155 2.344798
28.507864 -18.940582 5.420923 2.282449
28.519230 -19.236464 5.448489 2.281037
28.530720 -19.535393 5.476607 2.279598
27.566187 -19.159000 5.317006 2.287769
27.191051 -19.181177 5.270350 2.290158
27.046892 -19.363676 5.268483 2.290254
26.902834 -19.546055 5.266874 2.290336
26.758860 -19.728334 5.265523 2.290405
26.614958 -19.910532 5.264431 2.290461
26.281477 -19.948729 5.225889 2.292434
25.920795 -19.961702 5.181755 2.294694
25.566143 -19.974461 5.138609 2.296903
25.217327 -19.987009 5.096422 2.299063
23.989014 -19.287663 4.875275 2.310386
23.663376 -19.299379 4.836360 2.312378
23.376423 -19.338661 4.805189 2.313974
23.245115 -19.504967 4.806072 2.313929
23.113754 -19.671349 4.807190 2.313872
22.982330 -19.837816 4.808543 2.313802
22.850828 -20.004389 4.810133 2.313721
22.617296 -20.080578 4.790368 2.314733
22.313871 -20.091499 4.755695 2.316508
22.014790 -20.102266 4.721748 2.318246
21.719938 -20.112883 4.688510 2.319948
21.429192 -20.123352 4.655962 2.321615
21.142443 -20.133678 4.624087 2.323247
20.117277 -19.427029 4.429428 2.333213
19.848125 -19.436722 4.399936 2.334723
19.593410 -19.457098 4.373477 2.336078
19.473114 -19.609541 4.377077 2.335894
19.352615 -19.762243 4.380898 2.335698
19.231905 -19.915222 4.384939 2.335491
19.110968 -20.068495 4.389203 2.335273
18.979931 -20.211575 4.391408 2.335160
18.724640 -20.220774 4.364898 2.336517
18.472401 -20.229862 4.338916 2.337847
18.223139 -20.238846 4.313450 2.339151
17.976770 -20.247726 4.288490 2.340429
17.733229 -20.256504 4.264024 2.341682
17.492437 -20.265184 4.240041 2.342910
17.254328 -20.273769 4.216530 2.344114
16.413206 -19.560497 4.044254 2.352934
16.188551 -19.568598 4.022464 2.354050
15.966296 -19.576614 4.001101 2.355144
15.775620 -19.620914 3.987548 2.355837
15.663764 -19.762754 3.994052 2.355505
15.551540 -19.905066 4.000773 2.355160
15.438935 -20.047867 4.007714 2.354805
15.325935 -20.191174 4.014875 2.354438
15.212527 -20.335005 4.022258 2.354060
15.006872 -20.354830 4.005358 2.354926
14.794224 -20.362503 3.986447 2.355894
14.583561 -20.370104 3.967906 2.356843
14.374842 -20.377638 3.949729 2.357774
14.168015 -20.385103 3.931908 2.358686
13.963036 -20.392502 3.914437 2.359581
13.759863 -20.399836 3.897310 2.360458
13.558449 -20.407108 3.880521 2.361317
13.358755 -20.414318 3.864063 2.362160
12.750360 -19.784689 3.727946 2.369129
12.503009 -19.701593 3.695751 2.370777
12.315161 -19.708378 3.680806 2.371543
12.128814 -19.715107 3.666159 2.372293
11.972136 -19.768347 3.660427 2.372586
11.865196 -19.904055 3.670128 2.372089
11.757685 -20.040491 3.680060 2.371581
11.649588 -20.177679 3.690227 2.371060
11.540887 -20.315636 3.700632 2.370528
11.431568 -20.454382 3.711277 2.369982
11.264459 -20.489975 3.703376 2.370387
11.082444 -20.496555 3.690491 2.371047
10.901686 -20.503088 3.677874 2.371693
10.722148 -20.509579 3.665521 2.372325
10.543806 -20.516027 3.653429 2.372944
10.366627 -20.522434 3.641593 2.373550
10.190583 -20.528801 3.630010 2.374144
10.015651 -20.535128 3.618676 2.374724
9.841796 -20.541414 3.607588 2.375291
9.668996 -20.547667 3.596743 2.375847
9.456672 -20.466118 3.570825 2.377174
9.115451 -20.094900 3.494868 2.381063
8.830815 -19.834335 3.438745 2.383936
8.667982 -19.840229 3.429192 2.384425
8.506043 -19.846088 3.419857 2.384903
8.344975 -19.851917 3.410739 2.385370
8.195539 -19.883869 3.406315 2.385597
8.088520 -20.019791 3.419843 2.384904
7.980643 -20.156805 3.433647 2.384197
7.871888 -20.294941 3.447732 2.383476
7.762232 -20.434225 3.462104 2.382740
7.651657 -20.574684 3.476766 2.381989
7.507219 -20.625916 3.476481 2.382004
7.346628 -20.631731 3.468732 2.382401
7.186745 -20.637524 3.461186 2.382787
7.027547 -20.643291 3.453841 2.383163
6.869020 -20.649035 3.446695 2.383529
6.711137 -20.654757 3.439745 2.383885
6.553882 -20.660456 3.432991 2.384231
6.397235 -20.666132 3.426429 2.384567
6.241179 -20.671789 3.420059 2.384893
6.085698 -20.677425 3.413880 2.385209
5.930767 -20.683043 3.407888 2.385516
5.776371 -20.688641 3.402083 2.385813
5.569891 -20.500612 3.364686 2.387728
5.354589 -20.266314 3.320015 2.390015
5.144921 -20.038143 3.276673 2.392234
4.980038 -19.973841 3.260393 2.393068
4.833466 -19.979158 3.255673 2.393310
4.687311 -19.984461 3.251126 2.393542
4.541558 -19.989748 3.246749 2.393766
4.397036 -19.998865 3.243165 2.393950
4.282707 -20.148554 3.262511 2.392959
4.167001 -20.300051 3.282251 2.391949
4.049881 -20.453403 3.302394 2.390917
3.931311 -20.608662 3.322950 2.389865
3.810169 -20.759979 3.342978 2.388839
3.661496 -20.765377 3.339649 2.389010
3.513111 -20.770765 3.336490 2.389172
3.365000 -20.776144 3.333499 2.389325
3.217147 -20.781515 3.330676 2.389469
3.069539 -20.786877 3.328020 2.389606
2.922157 -20.792231 3.325530 2.389733
2.774988 -20.797577 3.323205 2.389852
2.628018 -20.802917 3.321046 2.389962
2.481232 -20.808252 3.319051 2.390064
2.334617 -20.813580 3.317220 2.390158
2.188155 -20.818903 3.315553 2.390244
2.041832 -20.824223 3.314049 2.390321
1.890957 -20.778133 3.304533 2.390808
1.729609 -20.597385 3.273787 2.392382
1.571231 -20.419960 3.243764 2.393919
1.415720 -20.245745 3.214441 2.395421
1.265136 -20.108772 3.191214 2.396610
1.124539 -20.113886 3.190701 2.396636
0.983981 -20.118998 3.190345 2.396654
0.843450 -20.124111 3.190144 2.396665
0.702928 -20.129225 3.190099 2.396667
0.564010 -20.191904 3.199331 2.396194
0.426620 -20.366684 3.226474 2.394804
0.286872 -20.544468 3.254241 2.393383
0.144693 -20.725349 3.282653 2.391928
-0.000000 -20.898499 3.309997 2.390528
-0.145939 -20.903812 3.310919 2.390481
-0.291967 -20.909128 3.312004 2.390425
-0.438097 -20.914450 3.313250 2.390362
-0.584342 -20.919775 3.314659 2.390289
-0.730721 -20.925106 3.316231 2.390209
-0.877246 -20.930445 3.317967 2.390120
-1.023932 -20.935787 3.319866 2.390023
-1.170793 -20.941137 3.321930 2.389917
-1.317842 -20.946495 3.324158 2.389803
-1.465097 -20.951862 3.326552 2.389680
-1.612572 -20.957235 3.329112 2.389549
-1.760282 -20.962620 3.331838 2.389410
-1.903703 -20.918150 3.326801 2.389668
-2.036824 -20.773146 3.305921 2.390737
-2.168294 -20.629938 3.285459 2.391784
-2.298152 -20.488483 3.265407 2.392811
-2.426441 -20.348734 3.245755 2.393817
-2.557921 -20.248011 3.232459 2.394498
-2.702364 -20.253279 3.236233 2.394305
-2.847155 -20.258560 3.240174 2.394103
-2.992307 -20.263857 3.244283 2.393893
-3.137834 -20.269165 3.248561 2.393674
-3.310830 -20.441669 3.279833 2.392072
-3.497678 -20.679516 3.321832 2.389922
-3.689388 -20.923555 3.365089 2.387707
-3.861427 -21.039257 3.387950 2.386537
-4.014521 -21.044846 3.393281 2.386264
-4.168104 -21.050453 3.398794 2.385982
-4.322192 -21.056078 3.404491 2.385690
-4.476808 -21.061724 3.410374 2.385389
-4.631967 -21.067389 3.416445 2.385078
-4.787687 -21.073076 3.422704 2.384758
-4.943986 -21.078785 3.429154 2.384427
-5.100881 -21.084517 3.435796 2.384087
-5.258395 -21.090269 3.442631 2.383737
-5.416545 -21.096048 3.449663 2.383377
-5.575351 -21.101851 3.456893 2.383007
-5.713667 -21.029783 3.451537 2.383281
-5.834768 -20.897793 3.436476 2.384052
-5.954823 -20.766937 3.421711 2.384808
-6.073857 -20.637194 3.407237 2.385549
-6.191893 -20.508533 3.393050 2.386276
-6.310224 -20.385035 3.379824 2.386953
-6.468348 -20.390816 3.388187 2.386525
-6.627266 -20.396626 3.396757 2.386086
-6.786999 -20.402468 3.405538 2.385637
-6.947567 -20.408340 3.414531 2.385176
-7.223347 -20.742620 3.478813 2.381885
-7.521165 -21.121885 3.551140 2.378182
-7.708838 -21.179857 3.569848 2.377224
-7.879035 -21.186085 3.580082 2.376700
-8.050220 -21.192348 3.590550 2.376164
-8.222417 -21.198648 3.601256 2.375616
-8.395649 -21.204988 3.612202 2.375055
-8.569949 -21.211369 3.623392 2.374482
-8.745342 -21.217789 3.634830 2.373897
-8.921855 -21.224251 3.646519 2.373298
-9.099516 -21.230755 3.658462 2.372687
-9.278349 -21.237303 3.670663 2.372062
-9.448413 -21.221483 3.679240 2.371623
-9.567554 -21.091553 3.668204 2.372188
-9.685986 -20.962391 3.657413 2.372740
-9.803728 -20.833979 3.646861 2.373281
-9.920795 -20.706297 3.636546 2.373809
-10.037209 -20.579327 3.626465 2.374325
-10.189707 -20.527031 3.629697 2.374160
-10.372331 -20.533722 3.643596 2.373448
-10.556368 -20.540464 3.657781 2.372722
-10.741849 -20.547262 3.672256 2.371980
-11.305234 -21.262053 3.814018 2.364722
-11.527522 -21.319704 3.838703 2.363458
-11.724580 -21.326929 3.854648 2.362642
-11.923291 -21.334213 3.870915 2.361809
-12.123693 -21.341560 3.887511 2.360959
-12.325835 -21.348972 3.904441 2.360092
-12.529757 -21.356451 3.921711 2.359208
-12.735499 -21.363997 3.939328 2.358306
-12.943110 -21.371611 3.957297 2.357386
-13.152630 -21.379295 3.975626 2.356448
-13.299889 -21.284269 3.975125 2.356474
-13.422501 -21.150475 3.967542 2.356862
-13.544651 -21.017181 3.960180 2.357239
-13.666353 -20.884373 3.953037 2.357605
-13.787620 -20.752035 3.946111 2.357959
-13.938379 -20.664495 3.947873 2.357869
-14.154714 -20.672436 3.968172 2.356830
-14.373296 -20.680458 3.988877 2.355769
-15.132692 -21.451954 4.157960 2.347112
-15.364174 -21.460451 4.180295 2.345969
-15.598173 -21.469042 4.203079 2.344802
-15.834748 -21.477728 4.226319 2.343612
-16.073967 -21.486513 4.250026 2.342399
-16.315897 -21.495396 4.274210 2.341160
-16.560604 -21.504383 4.298882 2.339897
-16.808170 -21.513475 4.324052 2.338609
-17.026468 -21.482050 4.341523 2.337714
-17.157232 -21.339291 4.336773 2.337957
-17.287714 -21.196835 4.332244 2.338189
-17.417934 -21.054661 4.327935 2.338410
-17.547894 -20.912766 4.323844 2.338619
-17.704580 -20.802805 4.326560 2.338480
-17.964754 -20.812366 4.354527 2.337048
-18.228327 -20.822052 4.383072 2.335587
-19.177864 -21.600542 4.575018 2.325759
-17.048782 -18.934591 4.035478 2.353384
-17.059095 -18.682087 4.006948 2.354844
-17.064556 -18.428041 3.977915 2.356331
-17.079594 -18.187922 3.951725 2.357672
-17.196701 -18.058311 3.949554 2.357783
-17.280979 -17.894978 3.940121 2.358266
-17.400900 -17.769207 3.939082 2.358319
-17.525394 -17.648172 3.939277 2.358309
-17.625944 -17.503321 3.934316 2.358563
-17.748650 -17.380758 3.934524 2.358552
-17.875391 -17.262064 3.935809 2.358486
-18.001783 -17.142860 3.937189 2.358416
-18.143312 -17.037703 3.942033 2.358168
-18.260256 -16.909184 3.941697 2.358185
-18.374559 -16.778275 3.940988 2.358222
-18.502220 -16.659473 3.943328 2.358102
-18.626789 -16.537632 3.945174 2.358007
-18.775534 -16.436735 3.952277 2.357643
-18.883108 -16.299463 3.950872 2.357715
-19.030388 -16.196125 3.957932 2.357354
-19.222025 -16.129192 3.974273 2.356517
-19.316874 -15.980302 3.970719 2.356699
-19.475523 -15.883847 3.980440 2.356201
-19.709381 -15.846750 4.005527 2.354917
-20.090553 -15.923573 4.060300 2.352113
-20.693300 -16.167377 4.159203 2.347049
-22.869768 -17.612085 4.571832 2.325922
-22.879202 -17.366257 4.549370 2.327072
-22.888540 -17.122816 4.527347 2.328200
-22.897785 -16.881699 4.505753 2.329305
-21.925411 -15.929743 4.292424 2.340228
-21.934086 -15.703258 4.272554 2.341245
-22.048288 -15.553354 4.273545 2.341194
-22.245745 -15.461197 4.290792 2.340312
-22.444818 -15.368283 4.308389 2.339411
-22.645531 -15.274603 4.326342 2.338491
-22.847940 -15.180129 4.344658 2.337554
-22.968609 -15.030234 4.347545 2.337406
-22.977100 -14.807732 4.329479 2.338331
-22.985518 -14.587049 4.311770 2.339237
-22.993862 -14.368159 4.294415 2.340126
-23.002136 -14.151004 4.277404 2.340997
-22.024385 -13.338440 4.078169 2.351197
-22.032173 -13.133813 4.062534 2.351998
-22.164362 -13.003750 4.070068 2.351612
-22.341856 -12.899076 4.086026 2.350796
-22.520760 -12.793568 4.102310 2.349962
-22.701097 -12.687212 4.118925 2.349111
-22.882908 -12.579987 4.135877 2.348243
-23.065971 -12.471720 4.153125 2.347360
-23.073677 -12.268491 4.138990 2.348084
-23.081327 -12.066621 4.125150 2.348792
-23.088923 -11.866093 4.111602 2.349486
-23.096464 -11.666865 4.098341 2.350165
-23.103954 -11.468899 4.085362 2.350829
-22.121105 -10.789184 3.898155 2.360415
-22.128178 -10.602041 3.886263 2.361023
-22.135204 -10.416035 3.874632 2.361619
-22.328920 -10.317411 3.895838 2.360533
-22.533766 -10.221766 3.919031 2.359345
-22.741066 -10.124974 3.942695 2.358134
-22.950901 -10.026998 3.966841 2.356898
-23.162134 -9.927301 3.991274 2.355647
-23.169205 -9.739438 3.980679 2.356189
-23.176235 -9.552551 3.970332 2.356719
-23.183226 -9.366631 3.960231 2.357236
-23.190178 -9.181636 3.950372 2.357741
-23.197090 -8.997557 3.940753 2.358233
-23.203966 -8.814361 3.931372 2.358714
-22.658443 -8.426597 3.828885 2.363961
-22.222773 -8.088428 3.745631 2.368224
-22.229252 -7.915476 3.737317 2.368649
-22.235699 -7.743288 3.729222 2.369064
-22.440685 -7.639433 3.754564 2.367766
-22.658794 -7.537575 3.782160 2.366354
-22.880135 -7.434206 3.810349 2.364910
-23.104816 -7.329276 3.839151 2.363436
-23.264324 -7.201509 3.857208 2.362511
-23.270876 -7.025893 3.850068 2.362876
-23.277401 -6.850909 3.843140 2.363231
-23.283899 -6.676550 3.836424 2.363575
-23.290369 -6.502784 3.829916 2.363908
-23.296816 -6.329603 3.823617 2.364231
-23.223188 -6.135832 3.804409 2.365214
-22.827728 -5.861161 3.732831 2.368879
-22.446863 -5.596631 3.664072 2.372399
-22.323034 -5.400506 3.637616 2.373754
-22.329092 -5.237240 3.632557 2.374013
-22.335131 -5.074418 3.627688 2.374262
-22.556324 -4.959327 3.657901 2.372715
-22.798847 -4.846044 3.691654 2.370987
-23.045906 -4.730641 3.726220 2.369218
-23.297638 -4.613055 3.761623 2.367405
-23.366249 -4.457351 3.767585 2.367100
-23.372444 -4.289643 3.763663 2.367300
-23.378624 -4.122282 3.759932 2.367491
-23.384789 -3.955237 3.756391 2.367673
-23.390938 -3.788504 3.753039 2.367844
-23.397072 -3.622059 3.749874 2.368006
-23.201525 -3.426100 3.714610 2.369812
-22.807711 -3.205415 3.647887 2.373228
-22.427757 -2.992498 3.583688 2.376515
-22.417904 -2.832038 3.578867 2.376762
-22.423716 -2.673867 3.576728 2.376871
-22.460958 -2.519397 3.579776 2.376715
-22.689108 -2.384721 3.613396 2.374994
-22.921600 -2.247478 3.647835 2.373231
-23.158567 -2.107593 3.683115 2.371424
-23.400173 -1.964968 3.719267 2.369573
-23.463772 -1.805436 3.727282 2.369163
-23.469782 -1.641167 3.726325 2.369212
-23.475784 -1.476967 3.725550 2.369252
-23.481779 -1.312834 3.724957 2.369282
-23.487770 -1.148745 3.724544 2.369303
-23.493755 -0.984677 3.724312 2.369315
-23.413454 -0.817616 3.710587 2.370018
-23.106083 -0.645407 3.661072 2.372553
-22.806801 -0.477733 3.613035 2.375013
-22.515249 -0.314394 3.566413 2.377399
-22.515684 -0.157189 3.566221 2.377409
-22.521397 0.000000 3.567039 2.377367
-22.577061 0.157624 3.575942 2.376912
-22.924822 0.320113 3.631289 2.374078
-23.283531 0.487720 3.688558 2.371146
-23.553476 0.657911 3.731959 2.368924
-23.559446 0.822714 3.733724 2.368833
-23.565420 0.987688 3.735673 2.368734
-23.571396 1.152835 3.737805 2.368624
-23.577375 1.318179 3.740121 2.368506
-23.583359 1.483742 3.742622 2.368378
-23.589346 1.649528 3.745309 2.368240
-23.581945 1.814536 3.746054 2.368202
-23.324686 1.958630 3.707269 2.370188
-23.072683 2.099778 3.669456 2.372124
-22.825745 2.238086 3.632580 2.374012
-22.607317 2.376125 3.600370 2.375661
-22.613085 2.536468 3.604021 2.375474
-22.618862 2.697138 3.607855 2.375278
-22.774782 2.877123 3.635841 2.373845
-23.259056 3.103424 3.716520 2.369714
-23.649595 3.323734 3.782539 2.366334
-23.655672 3.493170 3.787320 2.366089
-23.661760 3.663036 3.792296 2.365834
-23.667860 3.833356 3.797470 2.365569
-23.673973 4.004156 3.802844 2.365294
-23.680101 4.175441 3.808418 2.365009
-23.686243 4.347243 3.814194 2.364713
-23.496235 4.482148 3.788543 2.366026
-23.305342 4.614581 3.762867 2.367341
-23.117001 4.745242 3.737715 2.368629
-22.931154 4.874167 3.713078 2.369890
-22.747723 5.001415 3.688940 2.371126
-22.706921 5.158887 3.688074 2.371171
-22.712912 5.327264 3.694998 2.370816
-22.797966 5.515411 3.715008 2.369792
-23.572079 5.877180 3.847745 2.362995
-23.748596 6.097608 3.883413 2.361169
-23.754940 6.276328 3.891521 2.360754
-23.761309 6.455803 3.899852 2.360327
-23.767700 6.636064 3.908410 2.359890
-23.774115 6.817118 3.917196 2.359440
-23.780556 6.999003 3.926212 2.358978
-23.575390 7.117832 3.900448 2.360297
-23.368362 7.233716 3.874457 2.361628
-23.164055 7.348074 3.848995 2.362931
-22.962408 7.460939 3.824051 2.364208
-22.792810 7.582163 3.804529 2.365208
-22.799137 7.761461 3.814537 2.364696
-22.805492 7.941712 3.824784 2.364171
-23.318100 8.303205 3.920381 2.359277
-23.839792 8.676975 4.018178 2.354269
-23.846533 8.868450 4.029652 2.353682
-23.853306 9.061023 4.041387 2.353081
-23.860115 9.254727 4.053389 2.352466
-23.866961 9.449601 4.065660 2.351838
-23.873844 9.645659 4.078205 2.351196
-23.704357 9.770236 4.060806 2.352087
-23.506218 9.881106 4.038581 2.353225
-23.310225 9.990773 4.016793 2.354340
-23.116312 10.099272 3.995431 2.355434
-22.924448 10.206622 3.974488 2.356506
-22.891232 10.383928 3.981202 2.356163
-22.898102 10.580410 3.995146 2.355448
-23.930397 11.260789 4.188869 2.345530
-23.937668 11.469012 4.204056 2.344752
-23.944988 11.678751 4.219558 2.343959
-23.952358 11.890059 4.235382 2.343148
-23.959780 12.102958 4.251531 2.342322
-23.967255 12.317494 4.268012 2.341478
-23.798546 12.441584 4.253334 2.342229
-23.603941 12.550439 4.234110 2.343214
-23.411068 12.658322 4.215262 2.344178
-23.219898 12.765249 4.196785 2.345124
-23.030386 12.871246 4.178671 2.346052
-22.984354 13.056934 4.186758 2.345638
-22.991898 13.274379 4.204910 2.344708
-24.029116 14.097804 4.412497 2.334080
-24.037130 14.329007 4.432230 2.333070
-24.045212 14.562296 4.452357 2.332039
-24.053362 14.797731 4.472887 2.330988
-23.948097 14.964433 4.472631 2.331001
-23.772186 15.086294 4.459340 2.331682
-23.597313 15.207433 4.446343 2.332347
-23.423445 15.327871 4.433637 2.332998
-23.250549 15.447632 4.421217 2.333633
-23.078615 15.566724 4.409081 2.334255
-23.079332 15.802753 4.430187 2.333174
-24.121290 16.764736 4.652549 2.321790
-24.130152 17.021948 4.677066 2.320534
-24.139103 17.281904 4.702072 2.319254
-24.148144 17.544655 4.727577 2.317948
-24.157280 17.810289 4.753593 2.316616
-24.166513 18.078865 4.780130 2.315257
-24.175846 18.350464 4.807199 2.313871
-23.297159 17.941233 4.657271 2.321548
-22.978725 17.952950 4.618557 2.323530
-22.782286 18.057024 4.604300 2.324260
-22.666779 18.224560 4.606557 2.324144
-22.551149 18.392267 4.609041 2.324017
-22.435383 18.560167 4.611752 2.323878
-22.319475 18.728264 4.614690 2.323728
-22.203405 18.896587 4.617857 2.323566
-22.043686 19.027601 4.612153 2.323858
-21.747499 19.038494 4.577880 2.325613
-21.455654 19.049227 4.544331 2.327330
-21.168053 19.059801 4.511490 2.329012
-20.884554 19.070225 4.479335 2.330658
-19.524607 18.079987 4.214622 2.344211
-19.263454 18.089586 4.185409 2.345707
-19.044621 18.135950 4.165271 2.346738
-18.938951 18.289133 4.169983 2.346497
-18.833029 18.442671 4.174910 2.346245
-18.726854 18.596573 4.180052 2.345981
-18.620409 18.750858 4.185410 2.345707
-18.513678 18.905550 4.190986 2.345421
-18.406658 19.060654 4.196780 2.345125
-18.252445 19.166962 4.192027 2.345368
-18.007425 19.175964 4.166399 2.346680
-17.765373 19.184855 4.141283 2.347966
-17.526197 19.193640 4.116665 2.349227
-17.289848 19.202322 4.092539 2.350462
-17.056231 19.210901 4.068889 2.351673
-15.943035 18.211586 3.833565 2.363721
-15.726678 18.219530 3.812033 2.364824
-15.512718 18.227386 3.790924 2.365905
-15.301112 18.235155 3.770231 2.366964
-15.198039 18.371281 3.776346 2.366651
-15.099574 18.513910 3.783903 2.366264
-15.000707 18.657116 3.791676 2.365866
-14.901423 18.800920 3.799665 2.365457
-14.801715 18.945332 3.807874 2.365037
-14.701564 19.090378 3.816304 2.364605
-14.600966 19.236065 3.824958 2.364162
-14.443343 19.306814 3.818882 2.364473
-14.239715 19.314283 3.800603 2.365409
-14.038024 19.321684 3.782682 2.366327
-13.838209 19.329012 3.765111 2.367226
-13.640239 19.336273 3.747885 2.368108
-13.444062 19.343468 3.730996 2.368973
-13.249628 19.350599 3.714439 2.369821
-13.056910 19.357666 3.698208 2.370652
-12.319414 18.542217 3.525902 2.379474
-12.011721 18.355835 3.474430 2.382109
-11.833735 18.362360 3.459943 2.382851
-11.657212 18.368832 3.445743 2.383578
-11.495277 18.396290 3.435755 2.384089
-11.401220 18.532425 3.446231 2.383553
-11.306584 18.669394 3.456938 2.383005
-11.211353 18.807219 3.467881 2.382444
-11.115506 18.945927 3.479064 2.381872
-11.019037 19.085533 3.490488 2.381287
-10.921922 19.226067 3.502159 2.380689
-10.824152 19.367542 3.514079 2.380079
-10.689659 19.444416 3.514401 2.380063
-10.516973 19.450741 3.502188 2.380688
-10.345481 19.457022 3.490229 2.381300
-10.175141 19.463259 3.478520 2.381900
-10.005939 19.469454 3.467058 2.382487
-9.837838 19.475607 3.455839 2.383061
-9.670808 19.481722 3.444860 2.383623
-9.504833 19.487797 3.434117 2.384173
-9.339876 19.493834 3.423607 2.384711
-9.154258 19.453793 3.405267 2.385650
-8.761950 18.962595 3.308498 2.390605
-8.391295 18.498512 3.217227 2.395278
-8.234141 18.494184 3.206399 2.395832
-8.082334 18.499739 3.197501 2.396288
-7.931364 18.505262 3.188807 2.396733
-7.781205 18.510754 3.180315 2.397168
-7.666703 18.600822 3.186516 2.396850
-7.571084 18.739092 3.201070 2.396105
-7.474578 18.878637 3.215915 2.395345
-7.377170 19.019484 3.231056 2.394570
-7.278834 19.161663 3.246498 2.393779
-7.179544 19.305220 3.262248 2.392973
-7.079284 19.450172 3.278311 2.392150
-6.972271 19.580421 3.291980 2.391451
-6.820554 19.585966 3.284826 2.391817
-6.669487 19.591486 3.277863 2.392173
-6.519046 19.596983 3.271088 2.392520
-6.369224 19.602457 3.264500 2.392858
-6.219991 19.607908 3.258097 2.393185
-6.071341 19.613337 3.251877 2.393504
-5.923249 19.618746 3.245838 2.393813
-5.775694 19.624134 3.239979 2.394113
-5.628669 19.629503 3.234299 2.394404
-5.482146 19.634853 3.228796 2.394686
-5.298916 19.503256 3.200994 2.396109
-5.080872 19.230326 3.150301 2.398705
-4.869610 18.965887 3.101336 2.401212
-4.664814 18.709545 3.054018 2.403634
-4.507162 18.630365 3.035883 2.404563
-4.370872 18.635338 3.031647 2.404780
-4.234967 18.640297 3.027570 2.404989
-4.099420 18.645241 3.023651 2.405189
-3.964216 18.650173 3.019889 2.405382
-3.854606 18.778166 3.036183 2.404547
-3.748518 18.931429 3.056657 2.403499
-3.640991 19.086765 3.077559 2.402429
-3.531978 19.244246 3.098899 2.401336
-3.421436 19.403927 3.120691 2.400221
-3.309322 19.565874 3.142944 2.399081
-3.193667 19.718336 3.163775 2.398015
-3.053347 19.723452 3.161099 2.398152
-2.913257 19.728558 3.158581 2.398281
-2.773384 19.733654 3.156220 2.398401
-2.633713 19.738743 3.154016 2.398515
-2.494219 19.743826 3.151969 2.398619
-2.354909 19.748901 3.150078 2.398716
-2.215760 19.753969 3.148342 2.398805
-2.076758 19.759033 3.146762 2.398886
-1.937888 19.764090 3.145336 2.398959
-1.799126 19.769142 3.144064 2.399024
-1.660481 19.774191 3.142947 2.399081
-1.511208 19.639927 3.119854 2.400263
-1.360140 19.450914 3.088245 2.401882
-1.212096 19.265688 3.057418 2.403460
-1.066961 19.084106 3.027346 2.405000
-0.924657 18.906069 2.998006 2.406502
-0.786524 18.765942 2.974843 2.407688
-0.655487 18.770710 2.974801 2.407690
-0.524448 18.775476 2.974903 2.407685
-0.393384 18.780245 2.975151 2.407672
-0.262301 18.785013 2.975544 2.407652
-0.131177 18.789783 2.976082 2.407624
0.000000 18.983105 3.006629 2.406060
0.133918 19.182219 3.038239 2.404442
0.270698 19.385586 3.070674 2.402781
0.410426 19.593328 3.103959 2.401077
0.553224 19.805632 3.138127 2.399328
0.693521 19.859825 3.147405 2.398853
0.832583 19.864880 3.149050 2.398768
0.971809 19.869938 3.150851 2.398676
1.111190 19.875004 3.152807 2.398576
1.250751 19.880074 3.154920 2.398468
1.390505 19.885151 3.157189 2.398352
1.530468 19.890236 3.159616 2.398228
1.670664 19.895329 3.162201 2.398095
1.811085 19.900427 3.164944 2.397955
1.951757 19.905537 3.167846 2.397806
2.092694 19.910654 3.170908 2.397649
2.228393 19.866590 3.166291 2.397886
2.350258 19.709797 3.143841 2.399035
2.470403 19.555218 3.121859 2.400161
2.588886 19.402781 3.100333 2.401263
2.705753 19.252428 3.079252 2.402342
2.821047 19.104103 3.058604 2.403399
2.934819 18.957737 3.038378 2.404435
3.062072 18.905775 3.033401 2.404690
3.198512 18.910723 3.037704 2.404469
3.335346 18.915686 3.042168 2.404241
3.472590 18.920664 3.046793 2.404004
3.610269 18.925657 3.051582 2.403759
3.782841 19.104721 3.084637 2.402066
3.980032 19.389193 3.134978 2.399489
4.183774 19.683109 3.187145 2.396818
4.394421 19.986980 3.241237 2.394049
4.543799 19.999575 3.248345 2.393685
4.692123 20.004950 3.254459 2.393372
4.841015 20.010345 3.260756 2.393049
4.990490 20.015762 3.267236 2.392718
5.140569 20.021200 3.273902 2.392376
5.291279 20.026661 3.280756 2.392025
5.442618 20.032145 3.287799 2.391665
5.594615 20.037649 3.295033 2.391294
5.747290 20.043180 3.302459 2.390914
5.900661 20.048735 3.310081 2.390524
6.035332 19.989960 3.307254 2.390668
6.145367 19.852457 3.291523 2.391474
6.254367 19.716253 3.276100 2.392264
6.362356 19.581318 3.260980 2.393038
6.469359 19.447617 3.246156 2.393797
6.575408 19.315111 3.231623 2.394541
6.680509 19.183794 3.217377 2.395270
6.784694 19.053627 3.203412 2.395985
6.932174 19.045990 3.210186 2.395638
7.085197 19.051527 3.219378 2.395168
7.239119 19.057095 3.228781 2.394686
7.393938 19.062696 3.238397 2.394194
7.676077 19.387550 3.302607 2.390906
8.052256 19.930033 3.404510 2.385689
8.299267 20.135536 3.449429 2.383389
8.466754 20.141592 3.460509 2.382822
8.635315 20.147686 3.471829 2.382242
8.804991 20.153822 3.483393 2.381650
8.975809 20.159996 3.495206 2.381045
9.147798 20.166214 3.507271 2.380428
9.321000 20.172474 3.519592 2.379797
9.495418 20.178778 3.532172 2.379153
9.671095 20.185125 3.545015 2.378495
9.821239 20.136522 3.548434 2.378320
9.929033 20.001913 3.536843 2.378914
10.036140 19.868166 3.525497 2.379494
10.142561 19.735279 3.514396 2.380063
10.248321 19.603224 3.503536 2.380619
10.353435 19.471977 3.492912 2.381163
10.457920 19.341522 3.482522 2.381695
10.561799 19.211826 3.472363 2.382215
10.720984 19.182930 3.480583 2.381794
10.901119 19.189434 3.495487 2.381031
11.082813 19.195995 3.510690 2.380253
11.370678 19.380856 3.558930 2.377783
12.084722 20.272293 3.738028 2.368613
12.281648 20.279400 3.755058 2.367741
12.480387 20.286573 3.772427 2.366852
12.680982 20.293812 3.790143 2.365945
12.883479 20.301119 3.808214 2.365020
13.087942 20.308496 3.826646 2.364076
13.294388 20.315943 3.845443 2.363113
13.502881 20.323465 3.864616 2.362132
13.647998 20.233988 3.865626 2.362080
13.759348 20.095024 3.857335 2.362504
13.870236 19.956642 3.849267 2.362917
13.980661 19.818842 3.841420 2.363319
14.090644 19.681599 3.833792 2.363710
14.200198 19.544895 3.826381 2.364089
14.309336 19.408714 3.819185 2.364458
14.451353 19.317509 3.820999 2.364365
14.668743 19.325346 3.842711 2.363253
14.888627 19.333271 3.864861 2.362119
15.947290 20.411600 4.102583 2.349948
16.184816 20.420160 4.126914 2.348702
16.425207 20.428823 4.151740 2.347431
16.668499 20.437590 4.177069 2.346134
16.914789 20.446465 4.202916 2.344811
17.164160 20.455448 4.229291 2.343460
17.392265 20.435846 4.250239 2.342388
17.511446 20.287191 4.244647 2.342674
17.630312 20.138933 4.239276 2.342949
17.748884 19.991045 4.234125 2.343213
17.867178 19.843510 4.229194 2.343465
17.985203 19.696314 4.224479 2.343707
18.102982 19.549429 4.219981 2.343937
18.269527 19.455061 4.227040 2.343575
18.535944 19.464653 4.257137 2.342035
18.806192 19.474382 4.287875 2.340461
20.136261 20.562475 4.558293 2.326615
20.429932 20.573048 4.592145 2.324882
20.727989 20.583775 4.626728 2.323112
21.030584 20.594666 4.662064 2.321302
21.239336 20.510588 4.676483 2.320564
21.368774 20.349213 4.673589 2.320712
21.498070 20.188019 4.670926 2.320848
21.627218 20.027014 4.668495 2.320973
21.756241 19.866173 4.666294 2.321086
21.885149 19.705477 4.664322 2.321187
22.066669 19.591711 4.673745 2.320704
22.392847 19.603441 4.713726 2.318657
23.982185 20.700857 5.017740 2.303092
24.338488 20.713673 5.061909 2.300830
24.701138 20.726715 5.107113 2.298516
25.005831 20.686626 5.140125 2.296825
25.147636 20.509897 5.139714 2.296847
25.289417 20.333204 5.139554 2.296855
25.431200 20.156515 5.139645 2.296850
25.572996 19.979815 5.139987 2.296833
25.714823 19.803083 5.140580 2.296802
25.997355 19.733051 5.169392 2.295327
26.396927 19.747416 5.221304 2.292669
27.087435 19.970573 5.330179 2.287095
27.097231 19.687290 5.304932 2.288388
27.106941 19.406668 5.280180 2.289655
27.116566 19.128620 5.255911 2.290897
27.126108 18.853128 5.232122 2.292115
27.135571 18.580109 5.208801 2.293309
26.153784 17.640949 4.996580 2.304175
26.162752 17.382494 4.974988 2.305281
26.356916 17.247471 4.988890 2.304569
26.569172 17.122654 5.006317 2.303677
26.782928 16.996958 5.024113 2.302765
26.998220 16.870359 5.042283 2.301835
27.199720 16.733383 5.057974 2.301032
27.208609 16.478107 5.038110 2.302049
27.217432 16.224838 5.018648 2.303045
27.226194 15.973509 4.999579 2.304021
27.234894 15.724073 4.980897 2.304978
26.248766 14.911377 4.781392 2.315193
26.271341 14.682545 4.766715 2.315944
26.507534 14.572632 4.790994 2.314701
26.746159 14.461590 4.815758 2.313433
26.987276 14.349388 4.841017 2.312140
27.230949 14.235999 4.866781 2.310821
27.294216 14.027310 4.860466 2.311144
27.302483 13.791469 4.844675 2.311953
27.310699 13.557145 4.829220 2.312744
27.318871 13.324303 4.814099 2.313518
27.326994 13.092905 4.799307 2.314275
26.336962 12.393223 4.610124 2.323962
26.344706 12.172956 4.596491 2.324660
26.420506 11.984869 4.595006 2.324736
26.664001 11.871577 4.622827 2.323311
26.910477 11.756902 4.651216 2.321858
27.160032 11.640794 4.680188 2.320374
27.382685 11.510613 4.704593 2.319125
27.390486 11.289539 4.692277 2.319755
27.398249 11.069611 4.680254 2.320371
23.677618 9.374635 4.033406 2.353490
23.359285 9.060461 3.968307 2.356822
23.228287 8.823592 3.935492 2.358503
23.131199 8.602412 3.908772 2.359871
23.019659 8.378470 3.879945 2.361347
22.965240 8.177557 3.861056 2.362314
22.905989 7.976701 3.841638 2.363308
22.863501 7.783365 3.825305 2.364144
22.821560 7.591720 3.809328 2.364962
22.794167 7.406273 3.796032 2.365643
22.767756 7.222360 3.783145 2.366303
22.757595 7.044644 3.773192 2.366812
22.753147 6.869575 3.764411 2.367262
22.752899 6.696540 3.756544 2.367665
22.765759 6.527976 3.751051 2.367946
22.782745 6.361059 3.746442 2.368182
22.799688 6.194530 3.742025 2.368408
22.838573 6.034206 3.741402 2.368440
22.884331 5.875695 3.742086 2.368405
22.926394 5.716191 3.742347 2.368392
22.997995 5.563803 3.747604 2.368123
23.087687 5.415160 3.755967 2.367694
23.188969 5.268399 3.766368 2.367162
23.317257 5.126628 3.781300 2.366397
23.596884 5.015672 3.820874 2.364371
27.590717 5.663564 4.461056 2.331594
27.597866 5.464515 4.455935 2.331856
27.605001 5.265929 4.451043 2.332107
27.392109 5.027390 4.410949 2.334159
26.871416 4.738155 4.321670 2.338730
26.617601 4.502033 4.275691 2.341084
26.624441 4.312210 4.271849 2.341281
26.674425 4.129413 4.275139 2.341113
26.985306 3.984840 4.320400 2.338795
27.302858 3.837166 4.366846 2.336417
27.627333 3.686276 4.414519 2.333977
27.668835 3.495378 4.417143 2.333842
27.675896 3.300144 4.414485 2.333978
27.682955 3.105138 4.412045 2.334103
27.690010 2.910337 4.409824 2.334217
27.697062 2.715723 4.407820 2.334319
27.704113 2.521263 4.406034 2.334411
27.389210 2.299930 4.353292 2.337111
26.987125 2.076543 4.286975 2.340507
26.712904 1.867948 4.241240 2.342848
26.719698 1.681063 4.240352 2.342894
26.726496 1.494234 4.239672 2.342929
27.058941 1.323397 4.290838 2.340309
27.432384 1.149754 4.348678 2.337348
27.760550 0.969419 4.399519 2.334744
27.767618 0.775622 4.399674 2.334737
27.774691 0.581788 4.400044 2.334718
27.781771 0.387926 4.400629 2.334688
27.788857 0.194003 4.401430 2.334647
21.412241 -0.000000 2.629093 2.425390
21.559624 -0.150517 2.647253 2.424460
21.749413 -0.303699 2.670753 2.423257
21.948452 -0.459755 2.695522 2.421989
22.192924 -0.619905 2.726012 2.420428
22.303692 -0.778862 2.740218 2.419701
22.654858 -0.949520 2.784109 2.417454
23.090805 -1.129329 2.838583 2.414665
26.817781 -1.499347 3.297952 2.391145
26.820118 -1.687379 3.299608 2.391060
26.774296 -1.872241 3.295498 2.391270
26.751928 -2.058449 3.294433 2.391325
26.649961 -2.237860 3.283720 2.391873
26.411953 -2.403677 3.256382 2.393273
26.232544 -2.572124 3.236398 2.394296
25.800182 -2.711709 3.185313 2.396912
25.335373 -2.841818 3.130301 2.399729
24.858463 -2.964193 3.073858 2.402618
24.524809 -3.098204 3.035201 2.404598
24.142708 -3.221325 2.990623 2.406880
23.872723 -3.355093 2.960008 2.408448
23.614643 -3.487108 2.930956 2.409935
23.355946 -3.615692 2.901910 2.411422
23.173641 -3.753311 2.882444 2.412419
23.012129 -3.892210 2.865665 2.413278
22.869932 -4.032587 2.851394 2.414009
22.678158 -4.162221 2.831038 2.415051
22.573095 -4.306048 2.821606 2.415534
22.470951 -4.449368 2.812652 2.415992
22.372643 -4.592444 2.804292 2.416420
22.269445 -4.733517 2.795431 2.416874
22.184393 -4.877555 2.788961 2.417205
22.111269 -5.023558 2.784109 2.417454
22.057566 -5.173556 2.781827 2.417570
22.013161 -5.325545 2.780849 2.417620
21.953405 -5.473599 2.778059 2.417763
21.904938 -5.624233 2.776827 2.417826
21.866734 -5.777441 2.777030 2.417816
21.837130 -5.933017 2.778463 2.417743
21.799438 -6.086513 2.779006 2.417715
21.793062 -6.249060 2.783687 2.417475
21.802670 -6.416875 2.790568 2.417123
21.790438 -6.578922 2.794813 2.416905
21.789829 -6.745079 2.800707 2.416604
21.798883 -6.915013 2.808007 2.416230
21.760256 -7.070336 2.809322 2.416163
21.789085 -7.248264 2.819508 2.415641
21.860790 -7.442021 2.835440 2.414825
21.873096 -7.617019 2.843865 2.414394
22.015106 -7.839227 2.869374 2.413088
22.103022 -8.044842 2.888083 2.412130
22.319527 -8.300557 2.923873 2.410298
22.601746 -8.585599 2.968623 2.408006
22.911917 -8.886948 3.017438 2.405507
23.062708 -9.131173 3.045619 2.404064
23.135876 -9.347501 3.063824 2.403132
23.115168 -9.527385 3.069816 2.402825
23.067266 -9.696587 3.072370 2.402695
23.037363 -9.873827 3.077493 2.402432
22.989693 -10.043950 3.080417 2.402282
22.943127 -10.214938 3.083658 2.402117
22.900770 -10.388249 3.087637 2.401913
22.847298 -10.556935 3.090290 2.401777
22.781435 -10.720131 3.091429 2.401719
22.711529 -10.881542 3.092176 2.401681
22.637428 -11.041012 3.092507 2.401664
22.543242 -11.190562 3.090237 2.401780
22.466284 -11.348537 3.090474 2.401768
22.405807 -11.515022 3.093138 2.401631
22.314659 -11.665822 3.091722 2.401704
22.211142 -11.809874 3.088728 2.401857
22.105793 -11.952558 3.085607 2.402017
21.998684 -12.093880 3.082367 2.402183
21.902719 -12.241017 3.080820 2.402262
21.791412 -12.379246 3.077245 2.402445
21.679996 -12.516953 3.073777 2.402623
21.595505 -12.670008 3.074264 2.402598
21.489536 -12.810335 3.071835 2.402722
21.385330 -12.951417 3.069790 2.402827
21.291277 -13.098481 3.069341 2.402850
21.197128 -13.245437 3.069024 2.402866
21.111841 -13.397983 3.070144 2.402808
21.028318 -13.551826 3.071681 2.402730
20.947891 -13.707917 3.073838 2.402619
20.869146 -13.865429 3.076412 2.402488
20.800819 -14.030330 3.080704 2.402268
20.734379 -14.197126 3.085468 2.402024
20.672543 -14.367791 3.091118 2.401735
20.647682 -14.565338 3.102530 2.401150
20.615355 -14.759146 3.113080 2.400610
20.700853 -15.040051 3.141770 2.399141
21.066696 -15.531710 3.213673 2.395460
26.597668 -19.897598 4.078500 2.351181
26.276491 -19.944942 4.050504 2.352614
25.915918 -19.957947 4.016303 2.354365
25.561373 -19.970734 3.982867 2.356077
25.212662 -19.983311 3.950174 2.357751
23.984610 -19.284122 3.778771 2.366527
23.659067 -19.295866 3.748615 2.368071
23.361238 -19.326099 3.722713 2.369397
23.230013 -19.492296 3.723396 2.369362
23.098734 -19.658566 3.724262 2.369318
22.967392 -19.824921 3.725310 2.369264
22.835970 -19.991383 3.726541 2.369201
22.613361 -20.077085 3.712997 2.369895
22.310019 -20.088032 3.686126 2.371270
22.011017 -20.098822 3.659819 2.372617
21.716240 -20.109459 3.634061 2.373936
21.425570 -20.119949 3.608837 2.375227
21.138893 -20.130297 3.584135 2.376492
20.113922 -19.423788 3.433258 2.384217
19.844837 -19.433502 3.410403 2.385387
19.580605 -19.444382 3.388240 2.386522
19.460377 -19.596712 3.391027 2.386379
19.339947 -19.749304 3.393985 2.386228
19.219303 -19.902170 3.397114 2.386068
19.098433 -20.055330 3.400415 2.385899
18.976906 -20.208351 3.403814 2.385725
18.721672 -20.217569 3.383269 2.386776
18.469492 -20.226677 3.363133 2.387808
18.220285 -20.235678 3.343398 2.388818
17.973972 -20.244574 3.324054 2.389808
17.730484 -20.253368 3.305093 2.390779
17.489744 -20.262066 3.286506 2.391731
17.251686 -20.270666 3.268286 2.392664
16.410707 -19.557520 3.134755 2.399501
16.186100 -19.565636 3.117867 2.400365
15.963891 -19.573664 3.101311 2.401213
15.765109 -19.607843 3.089212 2.401832
15.653311 -19.749565 3.094248 2.401575
15.541145 -19.891760 3.099451 2.401308
15.428596 -20.034443 3.104824 2.401033
15.315655 -20.177629 3.110368 2.400749
15.202304 -20.321339 3.116085 2.400456
15.004690 -20.351870 3.104627 2.401043
14.792082 -20.359554 3.089971 2.401793
14.581460 -20.367170 3.075602 2.402529
14.372781 -20.374716 3.061514 2.403250
14.165992 -20.382193 3.047703 2.403958
13.961051 -20.389603 3.034163 2.404651
13.757915 -20.396950 3.020889 2.405330
13.556539 -20.404232 3.007877 2.405997
13.356881 -20.411453 2.995122 2.406650
12.787359 -19.842100 2.898406 2.411602
12.501269 -19.698851 2.864663 2.413329
12.313454 -19.705647 2.853080 2.413922
12.127140 -19.712387 2.841728 2.414503
11.963835 -19.754639 2.835710 2.414812
11.856948 -19.890215 2.843219 2.414427
11.749489 -20.026522 2.850909 2.414033
11.641444 -20.163572 2.858779 2.413630
11.532796 -20.301395 2.866834 2.413218
11.423532 -20.440002 2.875075 2.412796
11.262944 -20.487221 2.870587 2.413026
11.080959 -20.493809 2.860600 2.413537
10.900229 -20.500351 2.850822 2.414038
10.720721 -20.506849 2.841249 2.414528
10.542407 -20.513306 2.831877 2.415008
10.365256 -20.519720 2.822703 2.415478
10.189240 -20.526094 2.813726 2.415937
10.014335 -20.532429 2.804942 2.416387
9.840507 -20.538725 2.796349 2.416827
9.667733 -20.544983 2.787943 2.417257
9.471926 -20.499130 2.772680 2.418039
9.129841 -20.126623 2.713608 2.421063
8.829672 -19.831768 2.665478 2.423527
8.666862 -19.837667 2.658073 2.423907
8.504948 -19.843534 2.650839 2.424277
8.343904 -19.849369 2.643772 2.424639
8.189435 -19.869057 2.638715 2.424898
8.082471 -20.004818 2.649186 2.424362
7.974650 -20.141670 2.659872 2.423815
7.865952 -20.279640 2.670774 2.423256
7.756355 -20.418755 2.681899 2.422687
7.645839 -20.559040 2.693248 2.422106
7.506271 -20.623312 2.694737 2.422029
7.345703 -20.629133 2.688731 2.422337
7.185842 -20.634930 2.682883 2.422636
7.026666 -20.640703 2.677190 2.422928
6.868160 -20.646450 2.671651 2.423212
6.710299 -20.652176 2.666265 2.423487
6.553064 -20.657879 2.661030 2.423755
6.396439 -20.663561 2.655944 2.424016
6.240404 -20.669222 2.651008 2.424268
6.084943 -20.674862 2.646218 2.424514
5.930033 -20.680483 2.641574 2.424751
5.775658 -20.686085 2.637075 2.424982
5.575854 -20.522560 2.611202 2.426306
5.360245 -20.287722 2.576499 2.428083
5.150285 -20.059034 2.542827 2.429807
4.979426 -19.971390 2.527248 2.430605
4.832874 -19.976709 2.523590 2.430792
4.686738 -19.982014 2.520066 2.430973
4.541002 -19.987305 2.516673 2.431146
4.395655 -19.992582 2.513413 2.431313
4.279015 -20.131182 2.527020 2.430617
4.163387 -20.282442 2.542296 2.429834
4.046347 -20.435553 2.557885 2.429036
3.927858 -20.590565 2.573792 2.428222
3.807883 -20.747522 2.590026 2.427391
3.661052 -20.762859 2.588687 2.427459
3.512686 -20.768250 2.586238 2.427584
3.364593 -20.773630 2.583920 2.427703
3.216758 -20.779001 2.581732 2.427815
3.069168 -20.784365 2.579673 2.427921
2.921804 -20.789721 2.577743 2.428020
2.774654 -20.795069 2.575942 2.428112
2.627701 -20.800409 2.574268 2.428197
2.480933 -20.805744 2.572722 2.428277
2.334336 -20.811073 2.571303 2.428349
2.187891 -20.816397 2.570011 2.428415
2.041586 -20.821716 2.568845 2.428475
1.892545 -20.795586 2.563929 2.428727
1.731048 -20.614525 2.540054 2.429949
1.572526 -20.436796 2.516741 2.431143
1.416877 -20.262287 2.493971 2.432308
1.264984 -20.106356 2.473631 2.433350
1.124404 -20.111469 2.473234 2.433370
0.983863 -20.116583 2.472958 2.433384
0.843349 -20.121695 2.472802 2.433393
0.702843 -20.126806 2.472767 2.433394
0.563438 -20.171436 2.477707 2.433141
0.426184 -20.345863 2.498706 2.432066
0.286576 -20.523285 2.520188 2.430966
0.144542 -20.703793 2.542168 2.429841
-0.000000 -20.887493 2.564662 2.428689
-0.145922 -20.901299 2.566419 2.428599
-0.291932 -20.906614 2.567260 2.428556
-0.438044 -20.911934 2.568226 2.428507
-0.584272 -20.917257 2.569318 2.428451
-0.730633 -20.922586 2.570537 2.428388
-0.877141 -20.927923 2.571882 2.428320
-1.023809 -20.933264 2.573354 2.428244
-1.170652 -20.938612 2.574953 2.428162
-1.317682 -20.943968 2.576680 2.428074
-1.464920 -20.949331 2.578536 2.427979
-1.612377 -20.954702 2.580519 2.427877
-1.760069 -20.960083 2.582632 2.427769
-1.904968 -20.932049 2.580754 2.427865
-2.038169 -20.786861 2.564545 2.428695
-2.169717 -20.643475 2.548662 2.429508
-2.299651 -20.501844 2.533097 2.430305
-2.428014 -20.361925 2.517842 2.431087
-2.557609 -20.245548 2.505598 2.431713
-2.702035 -20.250813 2.508523 2.431564
-2.846808 -20.256090 2.511578 2.431407
-2.991941 -20.261381 2.514762 2.431244
-3.137450 -20.266685 2.518078 2.431074
-3.306398 -20.414309 2.539226 2.429991
-3.492936 -20.651482 2.571697 2.428329
-3.684321 -20.894821 2.605139 2.426617
-3.860952 -21.036669 2.626122 2.425543
-4.014026 -21.042253 2.630253 2.425331
-4.167590 -21.047855 2.634526 2.425112
-4.321658 -21.053474 2.638942 2.424886
-4.476254 -21.059116 2.643501 2.424653
-4.631392 -21.064775 2.648206 2.424412
-4.787092 -21.070457 2.653057 2.424163
-4.943371 -21.076160 2.658056 2.423908
-5.100245 -21.081886 2.663204 2.423644
-5.257738 -21.087633 2.668502 2.423373
-5.415867 -21.093405 2.673952 2.423094
-5.574651 -21.099201 2.679555 2.422807
-5.716990 -21.042011 2.677295 2.422922
-5.838146 -20.909891 2.665606 2.423521
-5.958256 -20.778908 2.654146 2.424108
-6.077343 -20.649038 2.642913 2.424683
-6.195432 -20.520256 2.631902 2.425247
-6.312546 -20.392534 2.621109 2.425799
-6.467522 -20.388214 2.626293 2.425534
-6.626419 -20.394018 2.632936 2.425194
-6.786129 -20.399853 2.639741 2.424845
-6.946674 -20.405716 2.646711 2.424488
-7.208943 -20.701260 2.691506 2.422195
-7.505856 -21.078894 2.747351 2.419336
-7.707839 -21.177113 2.767099 2.418324
-7.878011 -21.183331 2.775030 2.417918
-8.049170 -21.189585 2.783144 2.417503
-8.221341 -21.195877 2.791441 2.417078
-8.394547 -21.202208 2.799924 2.416644
-8.568822 -21.208578 2.808597 2.416200
-8.744188 -21.214989 2.817462 2.415746
-8.920674 -21.221441 2.826521 2.415282
-9.098307 -21.227936 2.835777 2.414808
-9.277113 -21.234472 2.845233 2.414324
-9.453478 -21.232857 2.853790 2.413886
-9.572666 -21.102823 2.845226 2.414324
-9.691147 -20.973560 2.836851 2.414753
-9.808936 -20.845047 2.828662 2.415172
-9.926051 -20.717268 2.820657 2.415582
-10.042511 -20.590199 2.812834 2.415983
-10.188314 -20.524225 2.813470 2.415950
-10.370908 -20.530905 2.824242 2.415399
-10.554914 -20.537636 2.835235 2.414836
-10.740364 -20.544422 2.846454 2.414262
-11.263737 -21.184008 2.945893 2.409170
-11.525916 -21.316732 2.975468 2.407656
-11.722939 -21.323944 2.987825 2.407023
-11.921616 -21.331215 3.000433 2.406378
-12.121983 -21.338549 3.013294 2.405719
-12.324088 -21.345945 3.026415 2.405047
-12.527972 -21.353409 3.039800 2.404362
-12.733678 -21.360941 3.053453 2.403663
-12.941250 -21.368540 3.067380 2.402950
-13.150731 -21.376209 3.081584 2.402223
-13.306672 -21.295126 3.083213 2.402139
-13.429335 -21.161243 3.077328 2.402441
-13.551534 -21.027863 3.071615 2.402733
-13.673285 -20.894966 3.066072 2.403017
-13.794600 -20.762545 3.060697 2.403292
-13.936308 -20.661425 3.060059 2.403325
-14.152599 -20.669348 3.075791 2.402519
-14.371137 -20.677353 3.091837 2.401698
-14.995742 -21.257816 3.194209 2.396456
-15.361842 -21.457195 3.240204 2.394102
-15.595793 -21.465767 3.257861 2.393197
-15.832318 -21.474432 3.275872 2.392275
-16.071487 -21.483196 3.294245 2.391335
-16.313366 -21.492060 3.312987 2.390375
-16.558020 -21.501026 3.332107 2.389396
-16.805531 -21.510098 3.351614 2.388397
-17.034945 -21.492743 3.367359 2.387591
-17.165764 -21.349901 3.363673 2.387780
-15.970467 -19.581728 3.102588 2.401147
-15.890935 -19.208836 3.061010 2.403276
-15.861563 -18.903074 3.029858 2.404871
-15.869612 -18.646725 3.006454 2.406070
-15.906861 -18.428274 2.989065 2.406960
-15.954267 -18.224413 2.973993 2.407732
-16.014130 -18.037144 2.961606 2.408366
-16.086117 -17.865440 2.951781 2.408869
-16.156734 -17.693876 2.941999 2.409370
-16.256235 -17.555136 2.937729 2.409588
-16.346111 -17.406843 2.931939 2.409885
-16.431993 -17.255289 2.925664 2.410206
-16.555912 -17.144148 2.926345 2.410171
-16.675438 -17.028391 2.926387 2.410169
-16.804234 -16.921957 2.928186 2.410077
-16.921858 -16.804132 2.928169 2.410078
-17.054005 -16.700512 2.930789 2.409944
-17.182444 -16.592894 2.932882 2.409837
-17.311676 -16.485680 2.935223 2.409717
-17.431328 -16.369104 2.936063 2.409674
-17.532084 -16.234890 2.933872 2.409786
-17.619600 -16.088903 2.929649 2.410002
-17.725224 -15.959863 2.928613 2.410055
-17.811182 -15.813501 2.924503 2.410265
-17.873066 -15.646684 2.916657 2.410667
-17.932426 -15.478857 2.908639 2.411078
-17.942883 -15.270586 2.892972 2.411880
-17.966799 -15.075933 2.879788 2.412555
-17.982874 -14.876721 2.865647 2.413279
-17.998928 -14.679565 2.851805 2.413987
-18.002748 -14.474583 2.836330 2.414780
-18.006687 -14.271921 2.821183 2.415555
-18.053608 -14.105023 2.813038 2.415972
-18.082626 -13.925492 2.802343 2.416520
-18.130905 -13.762104 2.794867 2.416903
-18.189280 -13.607321 2.789154 2.417195
-18.270395 -13.470094 2.787103 2.417300
-18.412062 -13.377146 2.794400 2.416927
-18.501583 -13.245829 2.793883 2.416953
-18.635204 -13.145688 2.800134 2.416633
-18.763542 -13.041002 2.805670 2.416350
-18.940508 -12.968834 2.818524 2.415692
-19.124615 -12.899714 2.832450 2.414979
-19.322960 -12.838140 2.848482 2.414158
-19.520075 -12.773578 2.864324 2.413347
-19.785267 -12.750736 2.890105 2.412026
-20.083755 -12.745536 2.920636 2.410463
-20.219496 -12.634542 2.927478 2.410113
-21.910814 -13.479618 3.158653 2.398277
-22.017635 -13.334352 3.160555 2.398180
-22.050920 -13.144988 3.152083 2.398613
-22.172009 -13.008237 3.156333 2.398396
-22.349594 -12.903544 3.168712 2.397762
-22.528593 -12.798017 3.181345 2.397115
-22.709024 -12.691643 3.194234 2.396455
-22.890930 -12.584397 3.207385 2.395782
-23.074356 -12.476254 3.220803 2.395095
-23.092823 -12.278671 3.211337 2.395579
-23.100414 -12.076600 3.200590 2.396130
-23.107954 -11.875874 3.190069 2.396668
-23.115440 -11.676451 3.179772 2.397196
-23.122877 -11.478292 3.169694 2.397712
-22.139166 -10.797993 3.024439 2.405149
-22.146189 -10.610671 3.015205 2.405622
-22.153168 -10.424487 3.006173 2.406084
-19.871923 -9.182119 2.687845 2.422382
-19.757587 -8.962437 2.663852 2.423611
-19.608263 -8.730161 2.635437 2.425066
-19.529560 -8.532251 2.616790 2.426020
-19.638624 -8.417124 2.623466 2.425678
-19.563814 -8.223871 2.605738 2.426586
-19.564623 -8.063953 2.598284 2.426968
-19.536240 -7.893153 2.587134 2.427539
-19.860762 -7.863428 2.622775 2.425714
-19.976810 -7.748493 2.630893 2.425298
-19.913454 -7.564413 2.615530 2.426085
-19.441286 -7.230146 2.546821 2.429603
-19.441483 -7.076121 2.540313 2.429936
-19.388142 -6.903803 2.526984 2.430618
-19.222502 -6.693982 2.499243 2.432039
-19.135641 -6.514305 2.481977 2.432923
-19.085411 -6.348869 2.469652 2.433554
-19.041754 -6.187040 2.458354 2.434132
-18.947365 -6.010454 2.440691 2.435037
-18.892698 -5.848266 2.428330 2.435669
-18.804319 -5.677360 2.411818 2.436515
-18.714304 -5.507916 2.395282 2.437361
-18.640537 -5.345088 2.381006 2.438092
-18.549759 -5.179182 2.364735 2.438926
-18.541458 -5.037601 2.359136 2.439212
-18.542967 -4.899264 2.354918 2.439428
-18.569239 -4.767768 2.353970 2.439477
-18.567017 -4.629277 2.349534 2.439704
-18.559172 -4.489933 2.344518 2.439961
-18.549652 -4.350780 2.339421 2.440222
-18.563898 -4.217615 2.337447 2.440323
-18.572680 -4.083466 2.334906 2.440453
-18.591295 -3.951702 2.333721 2.440513
-18.604561 -3.818965 2.331983 2.440603
-18.610668 -3.685010 2.329467 2.440731
-18.629025 -3.553677 2.328603 2.440776
-18.713694 -3.434603 2.336132 2.440390
-18.755562 -3.307112 2.338419 2.440273
-18.783100 -3.176920 2.339030 2.440242
-18.826979 -3.049304 2.341786 2.440100
-18.904879 -2.926630 2.348877 2.439737
-18.954363 -2.798934 2.352540 2.439550
-19.006218 -2.671149 2.356604 2.439342
-19.066872 -2.544060 2.361865 2.439072
-19.149998 -2.419206 2.370012 2.438655
-19.236183 -2.293777 2.378639 2.438214
-19.332788 -2.168517 2.388654 2.437701
-19.455235 -2.044827 2.401961 2.437020
-19.551853 -1.917073 2.412178 2.436496
-19.696249 -1.792498 2.428390 2.435666
-19.832911 -1.665417 2.443746 2.434880
-19.998003 -1.538760 2.462704 2.433909
-20.138733 -1.408237 2.478764 2.433087
-20.371643 -1.281672 2.506269 2.431679
-23.499313 -1.313814 2.889859 2.412039
-23.505306 -1.149602 2.889539 2.412055
-23.511295 -0.985412 2.889359 2.412065
-23.436335 -0.818415 2.879374 2.412576
-23.128363 -0.646030 2.840913 2.414545
-22.828501 -0.478187 2.803602 2.416456
-22.536396 -0.314689 2.767391 2.418309
-22.532499 -0.157306 2.766711 2.418344
-22.538221 0.000000 2.767345 2.418312
-22.589718 0.157712 2.773736 2.417985
-22.937874 0.320295 2.816691 2.415785
-23.296997 0.488002 2.861139 2.413510
-23.571096 0.658403 2.895296 2.411761
-23.577080 0.823330 2.896666 2.411690
-23.583067 0.988427 2.898179 2.411613
-23.589058 1.153699 2.899834 2.411528
-23.595051 1.319167 2.901632 2.411436
-23.601051 1.484855 2.903574 2.411337
-23.607056 1.650766 2.905660 2.411230
-23.600986 1.816001 2.906403 2.411192
-23.343323 1.960195 2.876287 2.412734
-23.090931 2.101438 2.846927 2.414237
-22.843615 2.239839 2.818294 2.415703
-22.624363 2.377917 2.793224 2.416987
-22.630154 2.538382 2.796059 2.416842
-22.635952 2.699175 2.799035 2.416689
-22.792160 2.879318 2.820768 2.415577
-23.277201 3.105844 2.883410 2.412369
-23.667528 3.326254 2.934566 2.409750
-23.673632 3.495822 2.938277 2.409560
-23.679747 3.665820 2.942141 2.409362
-23.685877 3.836274 2.946159 2.409157
-23.692020 4.007208 2.950331 2.408943
-23.698179 4.178628 2.954658 2.408721
-23.704353 4.350567 2.959143 2.408492
-23.512814 4.485311 2.939070 2.409520
-23.321674 4.617815 2.919136 2.410540
-23.133093 4.748545 2.899611 2.411540
-22.947012 4.877538 2.880484 2.412519
-22.763351 5.004851 2.861746 2.413478
-22.724459 5.162872 2.861318 2.413501
-22.730490 5.331387 2.866694 2.413225
-22.824842 5.521913 2.883385 2.412371
-23.600861 5.884356 2.986534 2.407089
-23.767084 6.102354 3.012887 2.405740
-23.773472 6.281224 3.019181 2.405418
-23.779884 6.460851 3.025651 2.405087
-23.786322 6.641263 3.032295 2.404747
-23.792784 6.822471 3.039117 2.404397
-23.799273 7.004511 3.046118 2.404039
-23.590036 7.122254 3.025628 2.405088
-23.382784 7.238180 3.005454 2.406121
-23.178255 7.352579 2.985690 2.407133
-22.976395 7.465484 2.966329 2.408124
-22.810972 7.588205 2.951740 2.408871
-22.817350 7.767662 2.959511 2.408473
-22.823761 7.948074 2.967467 2.408066
-23.355143 8.316395 3.044030 2.404146
-23.858995 8.683965 3.117526 2.400383
-23.865795 8.875614 3.126435 2.399926
-23.872631 9.068363 3.135548 2.399460
-23.879503 9.262247 3.144867 2.398983
-23.886414 9.457303 3.154396 2.398495
-23.893362 9.653545 3.164136 2.397996
-23.717876 9.775808 3.149859 2.398727
-23.519550 9.886710 3.132610 2.399610
-23.323374 9.996409 3.115700 2.400476
-23.129284 10.104939 3.099121 2.401325
-22.937244 10.212319 3.082867 2.402157
-22.910320 10.392587 3.088925 2.401847
-22.917263 10.589264 3.099753 2.401293
-23.950491 11.270245 3.250069 2.393596
-23.957842 11.478679 3.261862 2.392992
-23.965242 11.688630 3.273900 2.392376
-23.972696 11.900155 3.286188 2.391747
-23.980202 12.113274 3.298729 2.391105
-23.987761 12.328033 3.311527 2.390450
-23.811258 12.448229 3.299078 2.391087
-23.616491 12.557112 3.284159 2.391851
-23.423460 12.665023 3.269532 2.392600
-23.232136 12.771976 3.255193 2.393334
-23.042471 12.878001 3.241137 2.394054
-23.004511 13.068384 3.248551 2.393674
-23.012148 13.286071 3.262649 2.392952
-23.157696 13.586545 3.296652 2.391211
-23.107437 13.774799 3.303107 2.390881
-23.055399 13.962845 3.309522 2.390553
-23.006649 14.153789 3.316628 2.390189
-22.955950 14.344470 3.323675 2.389828
-22.892479 14.528015 3.329090 2.389550
-22.834845 14.716055 3.335567 2.389219
-22.799173 14.919359 3.345490 2.388711
-22.751738 15.116222 3.353934 2.388278
-22.709757 15.317924 3.363427 2.387793
-22.662861 15.517591 3.372445 2.387331
-22.636047 15.732465 3.384716 2.386703
-22.619175 15.956072 3.398767 2.385983
-22.599188 16.179434 3.412654 2.385272
-22.620287 16.434601 3.433082 2.384226
-22.638601 16.690622 3.453463 2.383183
-22.703991 16.984756 3.481442 2.381750
-22.772005 17.284891 3.510289 2.380273
-22.888399 17.626444 3.547115 2.378388
-22.939447 17.922262 3.574329 2.376994
-22.797596 18.069159 3.571796 2.377124
-22.682020 18.236814 3.573549 2.377034
-22.566320 18.404640 3.575476 2.376935
-22.450485 18.572660 3.577581 2.376828
-22.334509 18.740879 3.579861 2.376711
-22.218372 18.909325 3.582319 2.376585
-22.047573 19.030956 3.576115 2.376903
-21.751305 19.041826 3.549537 2.378264
-21.459381 19.052536 3.523519 2.379596
-21.171703 19.063087 3.498051 2.380900
-20.888130 19.073490 3.473115 2.382176
-19.527927 18.083061 3.267862 2.392685
-19.266708 18.092642 3.245207 2.393845
-19.057550 18.148264 3.231240 2.394561
-18.951824 18.301565 3.234899 2.394373
-18.845846 18.455223 3.238723 2.394177
-18.739614 18.609243 3.242715 2.393973
-18.633112 18.763651 3.246874 2.393760
-18.526327 18.918467 3.251202 2.393538
-18.419250 19.073694 3.255701 2.393308
-18.255369 19.170034 3.250311 2.393584
-18.010294 19.179018 3.230437 2.394602
-17.768185 19.187893 3.210960 2.395599
-17.528955 19.196661 3.191870 2.396576
-17.292553 19.205326 3.173160 2.397534
-17.058884 19.213890 3.154820 2.398473
-15.945501 18.214401 2.972359 2.407815
-15.729096 18.222332 2.955662 2.408670
-15.515090 18.230173 2.939292 2.409508
-15.306758 18.241884 2.923880 2.410297
-15.208632 18.384083 2.929581 2.410005
-15.110119 18.526838 2.935448 2.409705
-15.011204 18.670172 2.941482 2.409396
-14.911872 18.814104 2.947685 2.409078
-14.812117 18.958645 2.954057 2.408752
-14.711919 19.103823 2.960602 2.408417
-14.611274 19.249645 2.967320 2.408073
-14.445452 19.309631 2.960949 2.408399
-14.241784 19.317091 2.946774 2.409125
-14.040054 19.324476 2.932877 2.409837
-13.840200 19.331795 2.919251 2.410534
-13.642193 19.339045 2.905893 2.411218
-13.445979 19.346228 2.892797 2.411889
-13.251510 19.353346 2.879958 2.412546
-13.058756 19.360401 2.867371 2.413191
-12.245264 18.430613 2.716937 2.420893
-12.013404 18.358408 2.693864 2.422074
-11.835387 18.364923 2.682630 2.422649
-11.658833 18.371386 2.671619 2.423213
-11.503676 18.409731 2.665451 2.423529
-11.409575 18.546007 2.673584 2.423112
-11.314897 18.683119 2.681896 2.422687
-11.219622 18.821089 2.690392 2.422252
-11.123731 18.959946 2.699074 2.421807
-11.027217 19.099701 2.707944 2.421353
-10.930057 19.240387 2.717005 2.420889
-10.832241 19.382017 2.726260 2.420415
-10.691095 19.447029 2.724839 2.420488
-10.518381 19.453344 2.715369 2.420973
-10.346862 19.459618 2.706095 2.421448
-10.176495 19.465847 2.697016 2.421913
-10.007264 19.472034 2.688128 2.422368
-9.839138 19.478180 2.679428 2.422813
-9.672081 19.484287 2.670914 2.423249
-9.506081 19.490355 2.662584 2.423676
-9.341099 19.496386 2.654434 2.424093
-9.133430 19.409529 2.633863 2.425146
-8.742579 18.920673 2.559180 2.428970
-8.387886 18.490999 2.493082 2.432354
-8.235207 18.496578 2.486022 2.432716
-8.083376 18.502125 2.479122 2.433069
-7.932384 18.507643 2.472381 2.433414
-7.782204 18.513128 2.465796 2.433751
-7.672832 18.615694 2.472262 2.433420
-7.577165 18.754141 2.483562 2.432842
-7.480609 18.893871 2.495089 2.432251
-7.383150 19.034901 2.506846 2.431649
-7.284763 19.177271 2.518836 2.431036
-7.185421 19.321020 2.531066 2.430409
-7.085106 19.466171 2.543540 2.429771
-6.973148 19.582886 2.552366 2.429319
-6.821410 19.588427 2.546819 2.429603
-6.670322 19.593941 2.541420 2.429879
-6.519861 19.599434 2.536167 2.430148
-6.370018 19.604902 2.531058 2.430410
-6.220766 19.610350 2.526093 2.430664
-6.072095 19.615776 2.521270 2.430911
-5.923985 19.621180 2.516587 2.431151
-5.776410 19.626564 2.512044 2.431383
-5.629365 19.631929 2.507640 2.431609
-5.482822 19.637276 2.503372 2.431827
-5.291870 19.477324 2.478211 2.433115
-5.074223 19.205160 2.439015 2.435122
-4.863336 18.941452 2.401155 2.437061
-4.658895 18.685808 2.364567 2.438934
-4.507713 18.632647 2.353800 2.439486
-4.371407 18.637617 2.350515 2.439654
-4.235484 18.642572 2.347353 2.439815
-4.099920 18.647514 2.344314 2.439971
-3.964699 18.652445 2.341397 2.440120
-3.858186 18.795605 2.355929 2.439376
-3.752022 18.949129 2.371832 2.438562
-3.644418 19.104734 2.388065 2.437731
-3.535326 19.262487 2.404641 2.436882
-3.424702 19.422449 2.421566 2.436016
-3.312503 19.584684 2.438851 2.435131
-3.194053 19.720722 2.452954 2.434409
-3.053716 19.725834 2.450879 2.434515
-2.913609 19.730940 2.448926 2.434615
-2.773719 19.736034 2.447095 2.434709
-2.634030 19.741123 2.445387 2.434796
-2.494519 19.746204 2.443799 2.434877
-2.355193 19.751278 2.442333 2.434952
-2.216027 19.756348 2.440987 2.435021
-2.077008 19.761410 2.439761 2.435084
-1.938121 19.766466 2.438656 2.435141
-1.799343 19.771519 2.437670 2.435191
-1.660680 19.776567 2.436803 2.435236
-1.509787 19.621460 2.416334 2.436284
-1.358874 19.432812 2.391876 2.437536
-1.210979 19.247936 2.368022 2.438757
-1.065987 19.066694 2.344752 2.439949
-0.923821 18.888987 2.322048 2.441111
-0.786618 18.768194 2.306468 2.441909
-0.655566 18.772963 2.306435 2.441911
-0.524511 18.777729 2.306515 2.441906
-0.393431 18.782499 2.306707 2.441897
-0.262333 18.787268 2.307011 2.441881
-0.131323 18.810621 2.309710 2.441743
0.000000 19.006121 2.333658 2.440517
0.134082 19.205721 2.358223 2.439259
0.271033 19.409590 2.383430 2.437968
0.410940 19.617853 2.409298 2.436644
0.553924 19.830694 2.435853 2.435284
0.693604 19.862215 2.440260 2.435059
0.832683 19.867270 2.441536 2.434993
0.971926 19.872332 2.442932 2.434922
1.111324 19.877399 2.444449 2.434844
1.250901 19.882471 2.446087 2.434760
1.390673 19.887550 2.447847 2.434670
1.530653 19.892637 2.449729 2.434574
1.670866 19.897732 2.451733 2.434471
1.811304 19.902836 2.453860 2.434362
1.951994 19.907946 2.456110 2.434247
2.092948 19.913067 2.458485 2.434125
2.226680 19.851313 2.452720 2.434421
2.348463 19.694746 2.435342 2.435311
2.468530 19.540390 2.418328 2.436182
2.586936 19.388170 2.401665 2.437035
2.703729 19.238029 2.385347 2.437870
2.818951 19.089911 2.369364 2.438689
2.932653 18.943747 2.353707 2.439490
3.062446 18.908087 2.351875 2.439584
3.198904 18.913040 2.355212 2.439413
3.335755 18.918007 2.358673 2.439236
3.473017 18.922991 2.362259 2.439052
3.610713 18.927988 2.365973 2.438862
3.789213 19.136904 2.395335 2.437359
3.986846 19.422386 2.434493 2.435354
4.191056 19.717367 2.475075 2.433276
4.396556 19.996695 2.513930 2.431287
4.544363 20.002058 2.518531 2.431051
4.692707 20.007439 2.523272 2.430808
4.841618 20.012840 2.528155 2.430558
4.991114 20.018263 2.533180 2.430301
5.141212 20.023706 2.538349 2.430037
5.291943 20.029173 2.543664 2.429765
5.443302 20.034662 2.549124 2.429485
5.595320 20.040174 2.554734 2.429198
5.748015 20.045710 2.560493 2.428903
5.901408 20.051271 2.566403 2.428600
6.031453 19.977112 2.562239 2.428813
6.141437 19.839760 2.550059 2.429437
6.250385 19.703703 2.538118 2.430048
6.358325 19.568909 2.526411 2.430648
6.465278 19.435349 2.514934 2.431235
6.571279 19.302982 2.503682 2.431812
6.676332 19.171801 2.492652 2.432376
6.780890 19.042942 2.481992 2.432922
6.933071 19.048456 2.488959 2.432565
7.086117 19.054001 2.496087 2.432200
7.240061 19.059578 2.503378 2.431827
7.394903 19.065186 2.510834 2.431445
7.698826 19.445007 2.567872 2.428525
8.076859 19.990925 2.647346 2.424456
8.300361 20.138191 2.674457 2.423068
8.467874 20.144257 2.683049 2.422628
8.636461 20.150360 2.691827 2.422179
8.806164 20.156506 2.700795 2.421719
8.977009 20.162691 2.709955 2.421250
9.149024 20.168917 2.719311 2.420771
9.322254 20.175188 2.728865 2.420282
9.496699 20.181501 2.738620 2.419783
9.672405 20.187862 2.748579 2.419273
9.815485 20.124727 2.749246 2.419239
9.923236 19.990234 2.740270 2.419698
10.030299 19.856602 2.731485 2.420148
10.136677 19.723829 2.722889 2.420588
10.242393 19.591885 2.714479 2.421019
10.347465 19.460751 2.706253 2.421440
10.451907 19.330402 2.698208 2.421852
10.555744 19.200813 2.690341 2.422254
10.722488 19.185625 2.698636 2.421830
10.902657 19.192141 2.710193 2.421238
11.084382 19.198713 2.721982 2.420635
11.472486 19.554382 2.783696 2.417475
12.086448 20.275190 2.898250 2.411609
12.283411 20.282312 2.911456 2.410933
12.482186 20.289499 2.924925 2.410244
12.682818 20.296753 2.938663 2.409540
12.885354 20.304073 2.952676 2.408823
13.089856 20.311466 2.966969 2.408091
13.296342 20.318930 2.981546 2.407345
13.504876 20.326468 2.996414 2.406584
13.640427 20.222763 2.995091 2.406651
13.751732 20.083902 2.988671 2.406980
13.862576 19.945618 2.982423 2.407300
13.972955 19.807917 2.976347 2.407611
14.082892 19.670771 2.970440 2.407913
14.192401 19.534163 2.964701 2.408207
14.301494 19.398079 2.959129 2.408493
14.453581 19.320486 2.962614 2.408314
14.671017 19.328342 2.979452 2.407452
14.890948 19.336287 2.996628 2.406573
15.949791 20.414801 3.180949 2.397135
16.187370 20.423382 3.199817 2.396169
16.427813 20.432066 3.219069 2.395184
16.671162 20.440853 3.238712 2.394178
16.917507 20.449749 3.258755 2.393152
17.166935 20.458755 3.279208 2.392104
17.382885 20.424826 3.293141 2.391391
17.502012 20.276264 3.288810 2.391613
17.620827 20.128099 3.284651 2.391826
17.739347 19.980303 3.280662 2.392030
17.857588 19.832859 3.276843 2.392226
17.975561 19.685755 3.273193 2.392412
18.093287 19.538960 3.269709 2.392591
18.272642 19.458380 3.277492 2.392192
18.539127 19.467997 3.300832 2.390997
18.809446 19.477751 3.324670 2.389777
20.139769 20.566059 3.534347 2.379041
20.433519 20.576658 3.560599 2.377697
20.731655 20.587416 3.587418 2.376324
21.034332 20.598335 3.614821 2.374921
21.228039 20.499678 3.623427 2.374480
21.357414 20.338394 3.621186 2.374595
21.486649 20.177292 3.619124 2.374701
21.615732 20.016378 3.617241 2.374797
21.744692 19.855627 3.615536 2.374885
21.873537 19.695021 3.614010 2.374963
22.070831 19.595404 3.623916 2.374455
22.397104 19.607170 3.654922 2.372868
23.986786 20.704828 3.890655 2.360798
24.343199 20.717680 3.924909 2.359045
24.705959 20.730761 3.959967 2.357249
24.992582 20.675667 3.982675 2.356087
25.134314 20.499033 3.982356 2.356103
25.276022 20.322433 3.982232 2.356110
25.417728 20.145838 3.982302 2.356106
25.559450 19.969231 3.982567 2.356092
25.701199 19.792591 3.983027 2.356069
26.002775 19.737167 4.008310 2.354774
26.402489 19.751575 4.048571 2.352713
27.062813 19.952421 4.128365 2.348628
27.072716 19.669479 4.108828 2.349628
27.082531 19.389191 4.089674 2.350609
27.092260 19.111473 4.070894 2.351570
27.101904 18.836306 4.052485 2.352513
27.111465 18.563602 4.034438 2.353437
26.130653 17.625347 3.870079 2.361852
26.139713 17.367188 3.853369 2.362707
26.348032 17.241657 3.866239 2.362049
26.560184 17.116863 3.879740 2.361357
26.773836 16.991188 3.893527 2.360651
26.989023 16.864613 3.907603 2.359931
27.176258 16.718948 3.917717 2.359413
27.185230 16.463949 3.902344 2.360200
27.194138 16.210951 3.887282 2.360971
27.202978 15.959888 3.872525 2.361727
26.218149 15.137055 3.717193 2.369680
26.226549 14.898757 3.703547 2.370378
26.263762 14.678308 3.694240 2.370855
26.499846 14.568406 3.713051 2.369892
26.738361 14.457374 3.732238 2.368909
26.979366 14.345183 3.751808 2.367907
21.673361 11.330562 3.002870 2.406253
21.372747 10.984092 2.950522 2.408933
21.163752 10.690575 2.911296 2.410942
21.025417 10.437104 2.882173 2.412433
21.004524 10.244591 2.869435 2.413085
21.014032 10.068240 2.861062 2.413514
20.994093 9.879062 2.848887 2.414137
20.970118 9.689548 2.836385 2.414777
20.932781 9.495528 2.822300 2.415498
20.896217 9.303596 2.808544 2.416203
20.870369 9.118043 2.796447 2.416822
20.842722 8.933193 2.784317 2.417443
20.813446 8.749162 2.772179 2.418064
20.779743 8.564790 2.759659 2.418705
20.750662 8.383811 2.747957 2.419305
20.722237 8.204516 2.736540 2.419889
20.694427 8.026832 2.725401 2.420460
20.677227 7.854537 2.715847 2.420949
20.660641 7.683621 2.706558 2.421424
20.634520 7.510351 2.696201 2.421954
20.608929 7.338512 2.686098 2.422472
20.594406 7.171723 2.677613 2.422906
20.581064 7.006361 2.669454 2.423324
20.571774 6.843316 2.661988 2.423706
20.551643 6.677633 2.653286 2.424152
20.544310 6.517041 2.646400 2.424504
20.537607 6.357444 2.639755 2.424845
20.531261 6.198748 2.633313 2.425174
20.525269 6.040913 2.627071 2.425494
20.519627 5.883908 2.621027 2.425803
20.514332 5.727706 2.615180 2.426103
20.511961 5.572969 2.609854 2.426375
20.511955 5.419487 2.604975 2.426625
20.522415 5.269258 2.601569 2.426800
20.517441 5.115572 2.596348 2.427067
20.535563 4.968077 2.594188 2.427177
20.548050 4.819494 2.591452 2.427318
20.547934 4.668371 2.587264 2.427532
20.544434 4.516984 2.582790 2.427761
20.552547 4.368579 2.579913 2.427908
20.565628 4.221519 2.577793 2.428017
20.579008 4.074746 2.575841 2.428117
20.592712 3.928265 2.574061 2.428208
20.606844 3.782061 2.572464 2.428290
20.617023 3.635337 2.570504 2.428390
20.621065 3.487794 2.567909 2.428523
20.637222 3.342494 2.566953 2.428572
20.653809 3.197374 2.566177 2.428612
20.670731 3.052386 2.565569 2.428643
20.687962 2.907503 2.565126 2.428666
20.705698 2.762732 2.564871 2.428679
20.723820 2.618020 2.564789 2.428683
20.727060 2.471548 2.562992 2.428775
20.744495 2.326865 2.563077 2.428771
20.762280 2.182203 2.563329 2.428758
20.780403 2.037538 2.563748 2.428736
20.798676 1.892821 2.564310 2.428707
20.817484 1.748088 2.565062 2.428669
20.846685 1.604063 2.567217 2.428558
20.875221 1.459737 2.569414 2.428446
20.880209 1.313673 2.568836 2.428476
20.916241 1.169392 2.572202 2.428303
20.945341 1.024393 2.574838 2.428168
20.982849 0.879439 2.578632 2.427974
21.035965 0.734592 2.584466 2.427675
21.077923 0.588762 2.589053 2.427440
21.127678 0.442555 2.594722 2.427150
21.198795 0.296005 2.603138 2.426719
21.303473 0.148726 2.615801 2.426071
19.300423 -0.000000 1.688568 2.473545
19.374670 -0.135263 1.695105 2.473211
19.443420 -0.271499 1.701245 2.472896
19.507507 -0.408624 1.707060 2.472598
19.609453 -0.547742 1.716274 2.472127
19.713629 -0.688415 1.725770 2.471641
19.776804 -0.828894 1.731765 2.471334
19.853863 -0.971016 1.739064 2.470960
20.166607 -1.127489 1.767105 2.469524
20.384188 -1.282465 1.786911 2.468510
20.627256 -1.442399 1.809058 2.467376
20.831835 -1.602923 1.827937 2.466409
21.295237 -1.788211 1.869649 2.464274
21.438839 -1.951088 1.883407 2.463569
21.777447 -2.135298 1.914417 2.461982
21.994225 -2.311687 1.934845 2.460936
22.117363 -2.480860 1.947153 2.460306
22.274391 -2.656061 1.962562 2.459517
22.260675 -2.812178 1.963036 2.459492
22.333195 -2.979885 1.971217 2.459074
22.307552 -3.135122 1.970838 2.459093
22.250322 -3.285642 1.967760 2.459250
22.129210 -3.425783 1.959117 2.459693
22.068497 -3.574317 1.955903 2.459858
22.010691 -3.722830 1.953036 2.460004
21.920738 -3.865218 1.947401 2.460293
21.818094 -4.004370 1.940719 2.460635
21.736200 -4.146402 1.935962 2.460879
21.674347 -4.291636 1.933075 2.461026
21.627174 -4.439422 1.931585 2.461103
21.563934 -4.583556 1.928748 2.461248
21.498985 -4.726859 1.925843 2.461397
21.454165 -4.874267 1.924829 2.461449
21.393383 -5.017773 1.922472 2.461569
21.333338 -5.161078 1.920268 2.461682
21.282253 -5.306262 1.918957 2.461749
21.245739 -5.454979 1.919052 2.461745
21.198172 -5.600799 1.918240 2.461786
21.132879 -5.741676 1.915913 2.461905
21.068920 -5.882548 1.913791 2.462014
21.006031 -6.023383 1.911852 2.462113
20.955969 -6.167677 1.911168 2.462148
20.920994 -6.316422 1.911953 2.462108
20.865881 -6.459070 1.910991 2.462157
20.809645 -6.601209 1.910015 2.462207
20.755114 -6.743746 1.909284 2.462245
20.720644 -6.892841 1.910494 2.462183
20.664768 -7.034862 1.909824 2.462217
20.617174 -7.179660 1.910011 2.462207
20.614517 -7.340500 1.914466 2.461979
20.594994 -7.495965 1.917466 2.461826
20.542368 -7.639638 1.917485 2.461825
20.499546 -7.787048 1.918516 2.461772
20.515936 -7.957608 1.925202 2.461430
20.507338 -8.119430 1.929668 2.461201
20.539171 -8.298365 1.938067 2.460771
20.568039 -8.477534 1.946329 2.460348
20.632647 -8.673166 1.958124 2.459744
20.772434 -8.903077 1.977241 2.458765
21.015741 -9.181552 2.006453 2.457269
21.271379 -9.470628 2.037123 2.455699
21.412867 -9.713307 2.057117 2.454675
21.560991 -9.962578 2.077979 2.453607
21.631998 -10.179247 2.091620 2.452909
21.655251 -10.375458 2.100821 2.452438
21.648695 -10.558775 2.107285 2.452107
21.653145 -10.748714 2.114971 2.451713
21.621231 -10.921670 2.119250 2.451494
21.597794 -11.099758 2.124497 2.451226
21.529224 -11.255207 2.125429 2.451178
21.456615 -11.408686 2.126073 2.451145
21.376554 -11.558260 2.126083 2.451144
21.294394 -11.706693 2.125989 2.451149
21.216572 -11.857541 2.126432 2.451127
21.144846 -12.011945 2.127596 2.451067
21.065229 -12.162016 2.128077 2.451042
20.974745 -12.305810 2.127563 2.451069
20.901678 -12.459902 2.128924 2.450999
20.812109 -12.604261 2.128711 2.451010
20.720116 -12.747101 2.128353 2.451028
20.651897 -12.904738 2.130548 2.450916
20.573257 -13.056187 2.131786 2.450852
20.494566 -13.207846 2.133135 2.450783
20.416302 -13.360055 2.134645 2.450706
20.336271 -13.511388 2.136088 2.450632
20.248529 -13.657805 2.136835 2.450594
20.163729 -13.806395 2.138006 2.450534
20.087660 -13.961287 2.140223 2.450420
19.984535 -14.097540 2.139670 2.450449
19.884012 -14.235557 2.139496 2.450458
19.777208 -14.368983 2.138746 2.450496
19.681261 -14.510279 2.139273 2.450469
19.580070 -14.647763 2.139337 2.450466
19.474396 -14.781872 2.139014 2.450482
19.349792 -14.901347 2.136703 2.450601
19.229139 -15.023451 2.134910 2.450692
19.119627 -15.154032 2.134445 2.450716
19.018471 -15.291244 2.135018 2.450687
18.914984 -15.426685 2.135439 2.450665
18.804367 -15.556327 2.135160 2.450680
18.704617 -15.695037 2.136223 2.450625
18.597307 -15.827551 2.136536 2.450609
18.471083 -15.943810 2.134770 2.450700
18.362467 -16.075125 2.135135 2.450681
18.255564 -16.208050 2.135810 2.450646
18.137197 -16.330805 2.135249 2.450675
18.017241 -16.452003 2.134597 2.450709
17.899017 -16.574673 2.134248 2.450727
17.769390 -16.686569 2.132630 2.450809
17.644001 -16.802156 2.131608 2.450862
17.526962 -16.925592 2.131692 2.450857
17.395538 -17.034971 2.130120 2.450938
17.266428 -17.146305 2.128917 2.450999
17.142696 -17.262796 2.128469 2.451022
17.008682 -17.368696 2.126833 2.451106
16.875582 -17.475178 2.125393 2.451180
16.753796 -17.593220 2.125472 2.451176
16.620937 -17.699501 2.124242 2.451239
16.482252 -17.799215 2.122347 2.451336
16.334234 -17.888271 2.119317 2.451491
16.205143 -17.997635 2.118819 2.451516
16.071894 -18.102211 2.117869 2.451565
15.960412 -18.231432 2.119899 2.451461
15.804509 -18.309700 2.116118 2.451655
15.656650 -18.396502 2.113466 2.451791
15.504203 -18.477190 2.110249 2.451955
15.341578 -18.544783 2.105685 2.452189
15.961508 -19.570742 2.209472 2.446875
15.754703 -19.594898 2.199728 2.447374
15.642962 -19.736507 2.203311 2.447190
15.530852 -19.878584 2.207014 2.447001
15.418361 -20.021151 2.210838 2.446805
15.305475 -20.164219 2.214782 2.446603
15.192181 -20.307808 2.218850 2.446395
15.002527 -20.348934 2.211846 2.446754
14.789960 -20.356634 2.201406 2.447288
14.579378 -20.364262 2.191170 2.447812
14.370737 -20.371819 2.181135 2.448326
14.163987 -20.379307 2.171296 2.448830
13.959085 -20.386730 2.161651 2.449323
13.755986 -20.394089 2.152196 2.449808
13.554645 -20.401382 2.142927 2.450282
13.355023 -20.408615 2.133842 2.450747
12.824255 -19.899349 2.071183 2.453955
12.499545 -19.696135 2.040900 2.455506
12.311762 -19.702938 2.032649 2.455928
12.125481 -19.709688 2.024562 2.456342
11.955616 -19.741068 2.019163 2.456619
11.848780 -19.876514 2.024506 2.456345
11.741373 -20.012688 2.029978 2.456065
11.633381 -20.149609 2.035578 2.455778
11.524786 -20.287294 2.041309 2.455485
11.415574 -20.425766 2.047174 2.455185
11.261443 -20.484489 2.045130 2.455289
11.079488 -20.491085 2.038016 2.455653
10.898787 -20.497637 2.031050 2.456010
10.719307 -20.504145 2.024230 2.456359
10.541021 -20.510609 2.017554 2.456701
10.363897 -20.517031 2.011020 2.457036
10.187909 -20.523413 2.004625 2.457363
10.013030 -20.529755 1.998367 2.457684
9.839230 -20.536057 1.992246 2.457997
9.666482 -20.542322 1.986258 2.458303
9.487098 -20.531965 1.978804 2.458685
9.144154 -20.158173 1.936580 2.460847
8.828539 -19.829222 1.899010 2.462771
8.665753 -19.835129 1.893736 2.463041
8.503862 -19.841002 1.888582 2.463305
8.342842 -19.846842 1.883548 2.463562
8.183391 -19.854393 1.878797 2.463806
8.076482 -19.989996 1.886247 2.463424
7.968718 -20.126686 1.893850 2.463035
7.860077 -20.264492 1.901607 2.462638
7.750537 -20.403439 1.909521 2.462232
7.640079 -20.543554 1.917596 2.461819
7.505332 -20.620731 1.919862 2.461703
7.344786 -20.626558 1.915584 2.461922
7.184946 -20.632359 1.911417 2.462135
7.025793 -20.638136 1.907362 2.462343
6.867308 -20.643888 1.903417 2.462545
6.709468 -20.649620 1.899580 2.462742
6.552255 -20.655327 1.895850 2.462932
6.395650 -20.661013 1.892228 2.463118
6.239635 -20.666677 1.888711 2.463298
6.084195 -20.672321 1.885299 2.463473
5.929305 -20.677946 1.881991 2.463642
5.774951 -20.683552 1.878786 2.463806
5.581779 -20.544367 1.862558 2.464637
5.365865 -20.308992 1.837778 2.465906
5.155614 -20.079790 1.813736 2.467137
4.978820 -19.968960 1.800541 2.467812
4.832286 -19.974281 1.797935 2.467946
4.686169 -19.979589 1.795425 2.468074
4.540452 -19.984882 1.793008 2.468198
4.395123 -19.990164 1.790685 2.468317
4.275360 -20.113987 1.799060 2.467888
4.159809 -20.265015 1.809926 2.467332
4.042849 -20.417885 1.821014 2.466764
3.924441 -20.572653 1.832329 2.466185
3.804550 -20.729361 1.843876 2.465594
3.660612 -20.760365 1.844316 2.465571
3.512264 -20.765755 1.842571 2.465660
3.364189 -20.771137 1.840920 2.465745
3.216372 -20.776510 1.839361 2.465825
3.068801 -20.781876 1.837895 2.465900
2.921455 -20.787231 1.836520 2.465970
2.774322 -20.792580 1.835237 2.466036
2.627387 -20.797922 1.834044 2.466097
2.480636 -20.803259 1.832943 2.466153
2.334057 -20.808588 1.831932 2.466205
2.187630 -20.813913 1.831012 2.466252
2.041343 -20.819233 1.830181 2.466295
1.894122 -20.812918 1.828419 2.466385
1.732477 -20.631546 1.811379 2.467257
1.573813 -20.453516 1.794740 2.468109
1.418025 -20.278713 1.778490 2.468941
1.265027 -20.107038 1.762616 2.469754
1.124271 -20.109076 1.762064 2.469782
0.983746 -20.114187 1.761867 2.469792
0.843249 -20.119299 1.761756 2.469798
0.702760 -20.124411 1.761731 2.469799
0.562873 -20.151182 1.763688 2.469699
0.425752 -20.325262 1.778620 2.468935
0.286283 -20.502325 1.793896 2.468153
0.144393 -20.682465 1.809525 2.467352
-0.000000 -20.865788 1.825520 2.466533
-0.145904 -20.898808 1.828453 2.466383
-0.291897 -20.904121 1.829052 2.466352
-0.437992 -20.909439 1.829740 2.466317
-0.584202 -20.914762 1.830518 2.466277
-0.730546 -20.920090 1.831386 2.466233
-0.877036 -20.925423 1.832345 2.466184
-1.023686 -20.930763 1.833393 2.466130
-1.170512 -20.936108 1.834533 2.466072
-1.317525 -20.941462 1.835763 2.466009
-1.464745 -20.946823 1.837085 2.465941
-1.612184 -20.952192 1.838498 2.465869
-1.759858 -20.957569 1.840003 2.465792
-1.906223 -20.945847 1.840097 2.465787
-2.039505 -20.800478 1.828533 2.466379
-2.171129 -20.656914 1.817201 2.466959
-2.301139 -20.515110 1.806095 2.467528
-2.429575 -20.375019 1.795212 2.468085
-2.557301 -20.243105 1.785118 2.468602
-2.701709 -20.248365 1.787202 2.468495
-2.846464 -20.253639 1.789378 2.468384
-2.991579 -20.258928 1.791647 2.468268
-3.137070 -20.264229 1.794009 2.468147
-3.302016 -20.387251 1.806897 2.467487
-3.488248 -20.623760 1.829972 2.466305
-3.679311 -20.866409 1.853737 2.465089
-3.860481 -21.034103 1.870983 2.464206
-4.013535 -21.039682 1.873926 2.464055
-4.167079 -21.045280 1.876970 2.463899
-4.321128 -21.050896 1.880116 2.463738
-4.475704 -21.056530 1.883364 2.463572
-4.630823 -21.062185 1.886715 2.463400
-4.786502 -21.067862 1.890171 2.463223
-4.942760 -21.073559 1.893732 2.463041
-5.099614 -21.079279 1.897399 2.462853
-5.257086 -21.085020 1.901173 2.462660
-5.415195 -21.090786 1.905056 2.462461
-5.573957 -21.096577 1.909047 2.462257
-5.720288 -21.054150 1.908775 2.462271
-5.841499 -20.921900 1.900436 2.462698
-5.961664 -20.790791 1.892262 2.463116
-6.080804 -20.660797 1.884248 2.463526
-6.198946 -20.531893 1.876393 2.463929
-6.316111 -20.404051 1.868694 2.464323
-6.466704 -20.385635 1.871097 2.464200
-6.625578 -20.391432 1.875829 2.463958
-6.785266 -20.397259 1.880677 2.463709
-6.945789 -20.403116 1.885642 2.463455
-7.194719 -20.660414 1.914016 2.462002
-7.490739 -21.036442 1.953650 2.459973
-7.706848 -21.174391 1.971410 2.459064
-7.876996 -21.180601 1.977060 2.458775
-8.048130 -21.186846 1.982839 2.458479
-8.220276 -21.193130 1.988750 2.458176
-8.393456 -21.199451 1.994793 2.457866
-8.567704 -21.205812 2.000971 2.457550
-8.743044 -21.212214 2.007286 2.457227
-8.919503 -21.218655 2.013739 2.456896
-9.097109 -21.225140 2.020333 2.456559
-9.275887 -21.231667 2.027069 2.456214
-9.455873 -21.238239 2.033949 2.455862
-9.577741 -21.114010 2.028406 2.456146
-9.696269 -20.984644 2.022432 2.456451
-9.814106 -20.856031 2.016591 2.456751
-9.931267 -20.728155 2.010882 2.457043
-10.047774 -20.600988 2.005301 2.457329
-10.186934 -20.521444 2.004432 2.457373
-10.369497 -20.528112 2.012106 2.456980
-10.553473 -20.534832 2.019937 2.456579
-10.738892 -20.541607 2.027929 2.456170
-11.222894 -21.107193 2.091449 2.452918
-11.524323 -21.313787 2.119841 2.451464
-11.721313 -21.320986 2.128644 2.451013
-11.919954 -21.328243 2.137625 2.450554
-12.120286 -21.335562 2.146786 2.450084
-12.322356 -21.342947 2.156133 2.449606
-12.526204 -21.350395 2.165667 2.449118
-12.731873 -21.357912 2.175393 2.448620
-12.939407 -21.365496 2.185313 2.448112
-13.148849 -21.373150 2.195432 2.447594
-13.313405 -21.305901 2.198018 2.447461
-13.436116 -21.171930 2.193820 2.447676
-13.558365 -21.038462 2.189745 2.447885
-13.680165 -20.905479 2.185792 2.448087
-13.801530 -20.772972 2.181958 2.448284
-13.934254 -20.658381 2.180087 2.448380
-14.150503 -20.666286 2.191293 2.447806
-14.368998 -20.674274 2.202724 2.447221
-14.812031 -20.997387 2.248112 2.444897
-14.685772 -20.512871 2.207160 2.446993
-14.528749 -19.997108 2.162526 2.449279
-14.528379 -19.705812 2.141941 2.450333
-14.506522 -19.391266 2.118708 2.451522
-14.518727 -19.127714 2.100936 2.452432
-14.572747 -18.923100 2.089585 2.453013
-14.583717 -18.666307 2.072421 2.453892
-14.671709 -18.511084 2.066510 2.454195
-14.741691 -18.334963 2.058287 2.454616
-14.810766 -18.159796 2.050181 2.455031
-14.875589 -17.981495 2.041726 2.455464
-14.943405 -17.808857 2.033920 2.455863
-15.025698 -17.655128 2.028294 2.456151
-15.114375 -17.510170 2.023714 2.456386
-15.185910 -17.346727 2.017028 2.456728
-15.257036 -17.184408 2.010491 2.457063
-15.333302 -17.029356 2.004825 2.457353
-15.402146 -16.867496 1.998381 2.457683
-15.486148 -16.723516 1.994083 2.457903
-15.579924 -16.590935 1.991195 2.458051
-15.685710 -16.471615 1.989969 2.458114
-15.753092 -16.312803 1.984021 2.458418
-15.902293 -16.238882 1.988485 2.458189
-15.990370 -16.102394 1.985393 2.458348
-16.093496 -15.981534 1.984296 2.458404
-16.229235 -15.892837 1.987303 2.458250
-16.353813 -15.792694 1.989009 2.458163
-16.499460 -15.712217 1.993333 2.457941
-16.572763 -15.562859 1.989014 2.458163
-16.696663 -15.461281 1.990881 2.458067
-16.764135 -15.307756 1.986135 2.458310
-16.798937 -15.125830 1.977699 2.458742
-16.866117 -14.974435 1.973252 2.458969
-16.906176 -14.800237 1.965802 2.459351
-16.945164 -14.626674 1.958414 2.459729
-16.956156 -14.430817 1.947993 2.460263
-16.980520 -14.248348 1.939317 2.460707
-17.006708 -14.069167 1.931043 2.461131
-17.044025 -13.900766 1.924214 2.461480
-17.097551 -13.746785 1.919375 2.461728
-17.126652 -13.574413 1.911956 2.462108
-17.147621 -13.397189 1.903810 2.462525
-17.164587 -13.218506 1.895401 2.462955
-17.231609 -13.079502 1.892673 2.463095
-17.306246 -12.946727 1.890897 2.463186
-17.331188 -12.777651 1.883829 2.463548
-17.323923 -12.586567 1.873443 2.464080
-17.366594 -12.433256 1.868624 2.464326
-17.364487 -12.249296 1.859151 2.464812
-17.323143 -12.039899 1.845680 2.465501
-17.288179 -11.837461 1.833105 2.466145
-17.255470 -11.638962 1.820977 2.466766
-17.197159 -11.425761 1.806361 2.467514
-17.211634 -11.262976 1.799578 2.467861
-17.185080 -11.075029 1.788674 2.468420
-17.146284 -10.881360 1.776686 2.469033
-17.150682 -10.716935 1.769346 2.469409
-17.233721 -10.602251 1.770233 2.469364
-17.222616 -10.430386 1.761569 2.469808
-17.207748 -10.257878 1.752681 2.470263
-17.178024 -10.078284 1.742445 2.470787
-17.123030 -9.885985 1.729823 2.471433
-17.128086 -9.730103 1.723430 2.471760
-17.070644 -9.540460 1.710906 2.472402
-17.042061 -9.368954 1.701445 2.472886
-17.028145 -9.207081 1.693596 2.473288
-17.014750 -9.046903 1.685941 2.473680
-16.995438 -8.884996 1.677840 2.474094
-16.988335 -8.730817 1.671081 2.474441
-17.004341 -8.589512 1.666716 2.474664
-17.007788 -8.442737 1.661236 2.474945
-16.997923 -8.290441 1.654579 2.475286
-16.978138 -8.134558 1.647085 2.475669
-16.992285 -7.995961 1.643002 2.475878
-17.023380 -7.865907 1.640658 2.475998
-17.045753 -7.732294 1.637572 2.476156
-17.075150 -7.602346 1.635257 2.476275
-17.106005 -7.473426 1.633176 2.476381
-17.141039 -7.346657 1.631584 2.476463
-17.162935 -7.214635 1.628834 2.476604
-17.183294 -7.082440 1.626034 2.476747
-17.204300 -6.950988 1.623390 2.476882
-17.258461 -6.833105 1.623960 2.476853
-17.285545 -6.704620 1.622064 2.476950
-17.314793 -6.577274 1.620461 2.477032
-17.365128 -6.458031 1.620912 2.477009
-17.413155 -6.337870 1.621226 2.476993
-17.443020 -6.211176 1.619929 2.477060
-17.479605 -6.087041 1.619341 2.477090
-17.507175 -5.959929 1.618001 2.477158
-17.531212 -5.831856 1.616420 2.477239
-17.571655 -5.709377 1.616435 2.477238
-17.625401 -5.591103 1.617748 2.477171
-17.646902 -5.462627 1.616182 2.477252
-17.668278 -5.334368 1.614690 2.477328
-17.699062 -5.209116 1.614140 2.477356
-17.712414 -5.078953 1.612085 2.477461
-17.749884 -4.955853 1.612307 2.477450
-17.787367 -4.832719 1.612608 2.477434
-17.819689 -4.708166 1.612519 2.477439
-17.849791 -4.583045 1.612308 2.477450
-17.882830 -4.458690 1.612441 2.477443
-17.910257 -4.332944 1.612147 2.477458
-17.930725 -4.205613 1.611308 2.477501
-17.957857 -4.079926 1.611147 2.477509
-17.985777 -3.954427 1.611136 2.477510
-18.034498 -3.833351 1.613063 2.477411
-18.068922 -3.709014 1.613787 2.477374
-18.098488 -3.583596 1.614154 2.477355
-18.137417 -3.459898 1.615432 2.477290
-18.160160 -3.333011 1.615346 2.477294
-18.218130 -3.212348 1.618468 2.477134
-18.265972 -3.089455 1.620763 2.477017
-18.300249 -2.963993 1.621928 2.476957
-18.344702 -2.839911 1.624071 2.476847
-18.375488 -2.713454 1.625080 2.476796
-18.432741 -2.590553 1.628504 2.476620
-18.488285 -2.466861 1.631850 2.476449
-18.547098 -2.343042 1.635558 2.476259
-18.613155 -2.219485 1.639977 2.476033
-18.674839 -2.094717 1.644083 2.475823
-18.741350 -1.969795 1.648687 2.475587
-18.825830 -1.845886 1.654945 2.475267
-18.921799 -1.722017 1.662284 2.474891
-19.016708 -1.596879 1.669602 2.474516
-19.078613 -1.468017 1.674096 2.474286
-19.164005 -1.340078 1.680727 2.473947
-19.265671 -1.212090 1.688860 2.473530
-19.365250 -1.082684 1.696886 2.473119
-19.451023 -0.951315 1.703778 2.472767
-19.536428 -0.818817 1.710716 2.472411
-19.634686 -0.685658 1.718860 2.471994
-19.716585 -0.550731 1.725651 2.471647
-19.817614 -0.415119 1.734197 2.471209
-19.906996 -0.277973 1.741806 2.470819
-20.012142 -0.139711 1.750878 2.470355
-20.098661 0.000000 1.758405 2.469970
-20.192554 0.140976 1.766663 2.469547
-20.294632 0.283386 1.775723 2.469083
-20.401814 0.427356 1.785319 2.468591
-20.535997 0.573625 1.797368 2.467975
-20.639484 0.720747 1.806822 2.467491
-20.767759 0.870431 1.818539 2.466891
-20.918861 1.023104 1.832351 2.466183
-21.090963 1.179167 1.848102 2.465377
-21.369080 1.344431 1.873249 2.464090
-23.624641 1.651996 2.071935 2.453917
-23.619894 1.817456 2.072581 2.453884
-23.361832 1.961749 2.051089 2.454984
-23.109051 2.103087 2.030135 2.456057
-22.861361 2.241579 2.009701 2.457103
-22.641291 2.379696 1.991767 2.458021
-22.647100 2.540283 1.993790 2.457918
-22.652924 2.701199 1.995914 2.457809
-22.809418 2.881499 2.011426 2.457015
-23.295216 3.108248 2.056129 2.454726
-23.685333 3.328757 2.092563 2.452861
-23.691463 3.498455 2.095211 2.452725
-23.697609 3.668585 2.097969 2.452584
-23.703768 3.839171 2.100836 2.452437
-23.709940 4.010239 2.103813 2.452285
-23.716129 4.181794 2.106901 2.452127
-23.722336 4.353868 2.110101 2.451963
-23.529274 4.488451 2.095665 2.452702
-23.337891 4.621026 2.081442 2.453430
-23.149071 4.751824 2.067510 2.454144
-22.962755 4.880885 2.053863 2.454842
-22.778868 5.008263 2.040493 2.455527
-22.741875 5.166829 2.040360 2.455534
-22.747942 5.335481 2.044197 2.455337
-22.851551 5.528375 2.056926 2.454685
-23.142992 5.770196 2.086735 2.453159
-23.123514 5.937114 2.088665 2.453060
-23.070002 6.095359 2.087624 2.453114
-23.022121 6.254971 2.087192 2.453136
-22.977562 6.415453 2.087162 2.453137
-22.952240 6.581449 2.088984 2.453044
-22.930204 6.748730 2.091216 2.452930
-22.909208 6.916699 2.093654 2.452805
-22.879059 7.082251 2.095366 2.452717
-22.878611 7.257525 2.099915 2.452484
-22.895432 7.439177 2.106174 2.452164
-22.829006 7.594204 2.104890 2.452230
-22.835440 7.773819 2.110435 2.451946
-22.841904 7.954391 2.116113 2.451655
-22.997217 8.188944 2.135746 2.450650
-23.023684 8.379935 2.143585 2.450248
-23.058487 8.575379 2.152347 2.449800
-23.107693 8.777790 2.162608 2.449274
-23.159933 8.983145 2.173313 2.448726
-23.224892 9.195388 2.185380 2.448108
-23.269173 9.401357 2.195669 2.447582
-23.295767 9.601827 2.204450 2.447132
-23.307949 9.797761 2.212022 2.446744
-23.336426 10.002004 2.221297 2.446270
-23.142159 10.110564 2.209471 2.446875
-22.949945 10.217975 2.197876 2.447469
-22.929276 10.401186 2.202798 2.447217
-22.936291 10.598056 2.210526 2.446821
-23.290537 10.959694 2.251986 2.444698
-23.246519 11.137869 2.255194 2.444534
-23.202694 11.316710 2.258552 2.444362
-23.163849 11.498639 2.262530 2.444158
-23.107641 11.672511 2.264944 2.444035
-23.040443 11.841178 2.266405 2.443960
-22.975899 12.011513 2.268250 2.443866
-22.927502 12.190769 2.271818 2.443683
-22.870829 12.366217 2.274702 2.443535
-22.808834 12.539264 2.277187 2.443408
-22.752974 12.716206 2.280418 2.443243
-22.699654 12.895202 2.284041 2.443057
-22.657986 13.081594 2.288982 2.442804
-22.621683 13.272068 2.294620 2.442515
-22.572227 13.455750 2.299076 2.442287
-22.540781 13.651181 2.305524 2.441957
-22.520435 13.854668 2.313280 2.441560
-22.472969 14.042670 2.318418 2.441297
-22.419077 14.227584 2.323049 2.441060
-22.361639 14.411096 2.327466 2.440834
-22.309998 14.599253 2.332642 2.440569
-22.257721 14.787998 2.337914 2.440299
-22.199806 14.973958 2.342754 2.440051
-22.141678 15.160729 2.347733 2.439796
-22.086971 15.350847 2.353238 2.439514
-22.011255 15.527231 2.356663 2.439339
-21.959263 15.721292 2.362791 2.439025
-21.913652 15.921200 2.369785 2.438667
-21.870832 16.124575 2.377270 2.438284
-21.818331 16.322199 2.383891 2.437945
-21.752539 16.511074 2.389239 2.437671
-21.677425 16.693869 2.393732 2.437441
-21.624746 16.895103 2.400881 2.437075
-21.510536 17.049047 2.401358 2.437050
-21.347515 17.163845 2.396477 2.437300
-21.211065 17.299320 2.394659 2.437393
-20.913385 17.301062 2.374631 2.438419
-20.479067 17.183977 2.338880 2.440249
-19.975046 17.000103 2.294816 2.442505
-19.588232 16.908110 2.263883 2.444089
-19.569973 17.132215 2.275541 2.443492
-19.668221 17.462269 2.301085 2.442184
-19.810726 17.837658 2.332269 2.440588
-19.757282 18.040884 2.340749 2.440154
-19.531219 18.086109 2.328868 2.440762
-19.269934 18.095671 2.312721 2.441589
-19.070389 18.160490 2.303932 2.442039
-18.964605 18.313908 2.306543 2.441905
-18.858570 18.467684 2.309272 2.441765
-18.752283 18.621824 2.312119 2.441619
-18.645725 18.776352 2.315087 2.441468
-18.538883 18.931290 2.318175 2.441309
-18.431753 19.086639 2.321385 2.441145
-18.258270 19.173080 2.316338 2.441403
-18.013138 19.182047 2.302172 2.442129
-17.770973 19.190905 2.288290 2.442840
-17.531691 19.199657 2.274683 2.443536
-17.295235 19.208305 2.261348 2.444219
-17.061514 19.216852 2.248276 2.444888
-15.947947 18.217196 2.118243 2.451546
-15.731495 18.225111 2.106342 2.452155
-15.517444 18.232939 2.094675 2.452753
-15.317321 18.254473 2.084813 2.453258
-15.219148 18.396795 2.088881 2.453049
-15.120587 18.539675 2.093068 2.452835
-15.021626 18.683134 2.097373 2.452614
-14.922247 18.827194 2.101799 2.452388
-14.822444 18.971865 2.106346 2.452155
-14.722199 19.117172 2.111015 2.451916
-14.621507 19.263126 2.115809 2.451670
-14.447542 19.312428 2.110094 2.451963
-14.243835 19.319874 2.099991 2.452480
-14.042068 19.327248 2.090086 2.452987
-13.842175 19.334553 2.080374 2.453485
-13.644131 19.341791 2.070853 2.453972
-13.447881 19.348963 2.061519 2.454450
-13.253375 19.356071 2.052368 2.454919
-13.060586 19.363115 2.043397 2.455378
-12.194630 18.354399 1.927915 2.461291
-12.015074 18.360960 1.919747 2.461709
-11.837025 18.367466 1.911740 2.462119
-11.660439 18.373917 1.903892 2.462521
-11.512016 18.423077 1.900612 2.462689
-11.417872 18.559494 1.906415 2.462392
-11.323151 18.696747 1.912347 2.462088
-11.227832 18.834860 1.918409 2.461777
-11.131897 18.973864 1.924605 2.461460
-11.035338 19.113768 1.930934 2.461136
-10.938133 19.254604 1.937400 2.460805
-10.840274 19.396389 1.944004 2.460467
-10.692520 19.449619 1.941810 2.460579
-10.519777 19.455927 1.935060 2.460925
-10.348230 19.462191 1.928451 2.461263
-10.177836 19.468412 1.921980 2.461595
-10.008579 19.474592 1.915645 2.461919
-9.840426 19.480732 1.909445 2.462236
-9.673345 19.486832 1.903376 2.462547
-9.507318 19.492891 1.897439 2.462851
-9.342311 19.498915 1.891631 2.463148
-9.112871 19.365841 1.872503 2.464128
-8.723457 18.879290 1.819525 2.466840
-8.388966 18.493378 1.776644 2.469036
-8.236263 18.498951 1.771612 2.469293
-8.084410 18.504492 1.766695 2.469545
-7.933396 18.510002 1.761890 2.469791
-7.783194 18.515484 1.757197 2.470031
-7.678919 18.630461 1.762978 2.469735
-7.583203 18.769087 1.771043 2.469323
-7.486598 18.908997 1.779269 2.468901
-7.389089 19.050213 1.787660 2.468472
-7.290651 19.192772 1.796217 2.468034
-7.191256 19.336712 1.804946 2.467587
-7.090889 19.482058 1.813848 2.467131
-6.974019 19.585329 1.818885 2.466873
-6.822259 19.590864 1.814932 2.467076
-6.671151 19.596376 1.811083 2.467272
-6.520669 19.601864 1.807339 2.467464
-6.370807 19.607328 1.803698 2.467650
-6.221534 19.612772 1.800159 2.467832
-6.072844 19.618193 1.796722 2.468008
-5.924713 19.623594 1.793385 2.468179
-5.777119 19.628975 1.790147 2.468344
-5.630055 19.634336 1.787007 2.468505
-5.483493 19.639679 1.783966 2.468661
-5.284903 19.451679 1.763495 2.469709
-5.067648 19.180275 1.735639 2.471135
-4.857132 18.917290 1.708731 2.472513
-4.653042 18.662334 1.682727 2.473844
-4.508261 18.634909 1.677375 2.474118
-4.371937 18.639877 1.675034 2.474238
-4.235997 18.644831 1.672781 2.474354
-4.100416 18.649771 1.670615 2.474464
-3.966559 18.661196 1.669117 2.474541
-3.861741 18.812927 1.680236 2.473972
-3.755503 18.966711 1.691588 2.473391
-3.647823 19.122581 1.703177 2.472797
-3.538651 19.280607 1.715010 2.472192
-3.427946 19.440849 1.727092 2.471573
-3.315664 19.603371 1.739432 2.470941
-3.194436 19.723087 1.748033 2.470501
-3.054082 19.728199 1.746553 2.470577
-2.913958 19.733301 1.745162 2.470648
-2.774050 19.738396 1.743857 2.470714
-2.634345 19.743483 1.742639 2.470777
-2.494817 19.748564 1.741508 2.470835
-2.355474 19.753637 1.740463 2.470888
-2.216291 19.758705 1.739503 2.470937
-2.077255 19.763765 1.738630 2.470982
-1.938352 19.768824 1.737842 2.471022
-1.799557 19.773874 1.737139 2.471058
-1.660878 19.778923 1.736522 2.471090
-1.508381 19.603186 1.720126 2.471929
-1.357622 19.414896 1.702731 2.472820
-1.209874 19.230368 1.685766 2.473689
-1.065024 19.049461 1.669215 2.474536
-0.922994 18.872080 1.653067 2.475363
-0.786712 18.770428 1.643641 2.475845
-0.655644 18.775196 1.643618 2.475847
-0.524574 18.779964 1.643675 2.475844
-0.393478 18.784735 1.643812 2.475837
-0.262364 18.789505 1.644029 2.475826
-0.131479 18.833027 1.647717 2.475637
0.000000 19.028994 1.664821 2.474761
0.134245 19.229076 1.682367 2.473863
0.271366 19.433447 1.700372 2.472941
0.411450 19.642229 1.718849 2.471995
0.554620 19.855606 1.737818 2.471024
0.693687 19.864584 1.738985 2.470964
0.832783 19.869642 1.739895 2.470917
0.972042 19.874704 1.740890 2.470866
1.111456 19.879774 1.741971 2.470811
1.251051 19.884850 1.743139 2.470751
1.390840 19.889931 1.744393 2.470687
1.530836 19.895020 1.745734 2.470618
1.671066 19.900118 1.747162 2.470545
1.811522 19.905224 1.748678 2.470468
1.952228 19.910337 1.750282 2.470386
2.093199 19.915461 1.751974 2.470299
2.224983 19.836189 1.746325 2.470588
2.346686 19.679848 1.733961 2.471221
2.466675 19.525711 1.721856 2.471841
2.585007 19.373705 1.710001 2.472448
2.701725 19.223774 1.698391 2.473042
2.816876 19.075859 1.687019 2.473624
2.930509 18.929895 1.675879 2.474195
3.062818 18.910381 1.676004 2.474189
3.199292 18.915339 1.678382 2.474067
3.336161 18.920309 1.680848 2.473941
3.473440 18.925297 1.683405 2.473810
3.611154 18.930298 1.686051 2.473674
3.795552 19.168917 1.709623 2.472467
3.993625 19.455410 1.737618 2.471034
4.198301 19.751453 1.766633 2.469548
4.397097 19.999153 1.791491 2.468276
4.544922 20.004520 1.794770 2.468108
4.693286 20.009907 1.798149 2.467935
4.842216 20.015314 1.801629 2.467757
4.991732 20.020742 1.805210 2.467573
5.141850 20.026192 1.808894 2.467385
5.292601 20.031664 1.812682 2.467191
5.443980 20.037159 1.816574 2.466991
5.596018 20.042677 1.820572 2.466787
5.748734 20.048220 1.824677 2.466577
5.902148 20.053787 1.828889 2.466361
6.027612 19.964392 1.824530 2.466584
6.137545 19.827187 1.815863 2.467028
6.246443 19.691275 1.807365 2.467463
6.354332 19.556623 1.799034 2.467889
6.461237 19.423203 1.790866 2.468307
6.567190 19.290972 1.782858 2.468718
6.672196 19.159924 1.775009 2.469120
6.781757 19.045382 1.768740 2.469440
6.933961 19.050901 1.773705 2.469186
7.087030 19.056454 1.778786 2.468926
7.240996 19.062038 1.783982 2.468660
7.395861 19.067656 1.789297 2.468388
7.721514 19.502312 1.835098 2.466043
8.101399 20.051666 1.892067 2.463126
8.301446 20.140823 1.905902 2.462418
8.468985 20.146898 1.912025 2.462104
8.637598 20.153013 1.918282 2.461784
8.807326 20.159166 1.924673 2.461457
8.978198 20.165361 1.931202 2.461123
9.150241 20.171598 1.937870 2.460781
9.323498 20.177879 1.944679 2.460432
9.497972 20.184204 1.951632 2.460076
9.673705 20.190575 1.958730 2.459713
9.809788 20.113045 1.957805 2.459760
9.917495 19.978668 1.951417 2.460088
10.024515 19.845150 1.945164 2.460407
10.130849 19.712490 1.939046 2.460721
10.236523 19.580656 1.933061 2.461027
10.341552 19.449631 1.927206 2.461327
10.445952 19.319389 1.921480 2.461620
10.549748 19.189907 1.915881 2.461907
10.723982 19.188295 1.923148 2.461535
10.904181 19.194824 1.931385 2.461113
11.085939 19.201408 1.939788 2.460683
11.575239 19.729521 2.001255 2.457536
12.088161 20.278063 2.065406 2.454251
12.285159 20.285198 2.074818 2.453769
12.483971 20.292400 2.084418 2.453278
12.684641 20.299667 2.094210 2.452776
12.887215 20.307005 2.104197 2.452265
13.091755 20.314413 2.114385 2.451744
13.298280 20.321892 2.124774 2.451211
13.506854 20.329445 2.135371 2.450669
13.632929 20.211647 2.132943 2.450793
13.744188 20.072886 2.128374 2.451027
13.854987 19.934700 2.123927 2.451255
13.965322 19.797096 2.119602 2.451476
14.075214 19.660048 2.115398 2.451692
14.184679 19.523535 2.111313 2.451901
14.293727 19.387543 2.107347 2.452104
14.455791 19.323441 2.111298 2.451901
14.673272 19.331312 2.123299 2.451287
14.893250 19.339275 2.135542 2.450660
15.952271 20.417976 2.266900 2.443935
16.189901 20.426577 2.280348 2.443246
16.430399 20.435282 2.294070 2.442544
16.673800 20.444090 2.308070 2.441827
16.920202 20.453007 2.322356 2.441095
17.169685 20.462034 2.336935 2.440349
17.373594 20.413908 2.345234 2.439924
17.492670 20.265440 2.342151 2.440082
17.611433 20.117369 2.339191 2.440233
17.729902 19.969664 2.336352 2.440379
17.848091 19.822311 2.333633 2.440518
17.966011 19.675297 2.331035 2.440651
18.083685 19.528591 2.328556 2.440778
18.275732 19.461670 2.335733 2.440410
18.542284 19.471312 2.352369 2.439559
19.853731 20.559141 2.500476 2.431976
20.143250 20.569613 2.518791 2.431038
20.437077 20.580240 2.537504 2.430080
20.735292 20.591026 2.556620 2.429101
21.038050 20.601976 2.576153 2.428101
21.216848 20.488873 2.580468 2.427880
21.346163 20.327681 2.578873 2.427962
21.475336 20.166668 2.577405 2.428037
21.604359 20.005846 2.576065 2.428105
21.733255 19.845184 2.574852 2.428168
21.862038 19.684668 2.573766 2.428223
22.074957 19.599068 2.582661 2.427768
22.401329 19.610868 2.604762 2.426636
23.991348 20.708767 2.772767 2.418034
24.347870 20.721657 2.797184 2.416784
24.710743 20.734776 2.822173 2.415505
24.979464 20.664812 2.836317 2.414780
25.121120 20.488272 2.836091 2.414792
25.262754 20.311766 2.836002 2.414797
25.404387 20.135263 2.836052 2.414794
22.804754 17.817026 2.531891 2.430367
22.313248 17.183517 2.463943 2.433846
22.125381 16.794067 2.430191 2.435574
22.001934 16.459541 2.403952 2.436918
21.940159 16.175676 2.384805 2.437898
21.873926 15.892337 2.365489 2.438887
21.801327 15.608219 2.345797 2.439895
21.687775 15.299031 2.322029 2.441112
21.550930 14.978280 2.296126 2.442438
21.050215 14.413380 2.232002 2.445721
20.353615 13.728686 2.147925 2.450026
19.930012 13.241471 2.093415 2.452817
19.655027 12.861880 2.055049 2.454781
19.457542 12.539524 2.025198 2.456310
19.314816 12.257551 2.001387 2.457529
19.183155 11.986965 1.979025 2.458674
19.109829 11.756448 1.962945 2.459497
19.063259 11.545112 1.949835 2.460169
19.044664 11.352893 1.939779 2.460683
19.041567 11.171618 1.931472 2.461108
19.010656 10.975807 1.920517 2.461669
18.980345 10.782339 1.909804 2.462218
18.961081 10.596981 1.900375 2.462701
18.942669 10.413815 1.891197 2.463171
18.932390 10.236702 1.882990 2.463591
18.922432 10.061235 1.874968 2.464001
18.924963 9.893734 1.868329 2.464342
18.923145 9.725168 1.861401 2.464696
18.914097 9.554193 1.853904 2.465080
18.905350 9.384694 1.846580 2.465455
18.896900 9.216634 1.839425 2.465822
18.888742 9.049971 1.832437 2.466179
18.880873 8.884656 1.825611 2.466529
18.873287 8.720677 1.818946 2.466870
18.865982 8.557986 1.812440 2.467203
18.858952 8.396546 1.806089 2.467528
18.852196 8.236323 1.799891 2.467845
18.831833 8.071326 1.792524 2.468223
18.819870 7.911140 1.786084 2.468553
18.808077 7.752128 1.779785 2.468875
18.788616 7.591094 1.772886 2.469228
18.783178 7.436789 1.767430 2.469507
18.765137 7.278510 1.760908 2.469841
18.744785 7.120471 1.754291 2.470180
18.729086 6.965282 1.748228 2.470490
18.724655 6.815217 1.743331 2.470741
18.720465 6.666059 1.738565 2.470985
18.707371 6.514589 1.733083 2.471266
18.693104 6.363647 1.727603 2.471547
18.689610 6.217203 1.723227 2.471771
18.686346 6.071562 1.718976 2.471988
18.683311 5.926697 1.714849 2.472200
18.680502 5.782575 1.710844 2.472405
18.677916 5.639191 1.706960 2.472604
18.675552 5.496512 1.703195 2.472796
18.673410 5.354514 1.699549 2.472983
18.670851 5.212997 1.695963 2.473167
18.669790 5.072463 1.692608 2.473338
18.668304 4.932374 1.689311 2.473507
18.667032 4.792877 1.686126 2.473670
18.665974 4.653950 1.683055 2.473827
18.665125 4.515571 1.680095 2.473979
18.667013 4.378302 1.677473 2.474113
18.679857 4.243955 1.675923 2.474193
18.683514 4.107835 1.673638 2.474310
18.683495 3.971299 1.671112 2.474439
18.696989 3.837943 1.669882 2.474502
18.703600 3.703406 1.668122 2.474592
18.707758 3.568691 1.666230 2.474689
18.721552 3.436045 1.665282 2.474737
18.734402 3.303380 1.664333 2.474786
18.746437 3.170724 1.663395 2.474834
18.747849 3.036483 1.661599 2.474926
18.759520 2.904123 1.660795 2.474967
18.775038 2.772454 1.660415 2.474987
18.790918 2.640891 1.660149 2.475000
18.807194 2.509417 1.659999 2.475008
18.823713 2.377982 1.659951 2.475010
18.840458 2.246584 1.660004 2.475008
18.867554 2.116333 1.661049 2.474954
18.886494 1.985050 1.661456 2.474933
18.902712 1.853429 1.661704 2.474921
18.919138 1.721770 1.662050 2.474903
18.937757 1.590244 1.662670 2.474871
18.967453 1.459464 1.664342 2.474786
18.989059 1.327844 1.665384 2.474732
19.006369 1.195781 1.666129 2.474694
19.023901 1.063595 1.666975 2.474651
19.041111 0.931261 1.667873 2.474605
19.061337 0.798904 1.669115 2.474541
19.092505 0.666725 1.671396 2.474425
19.124071 0.534185 1.673792 2.474302
19.169052 0.401528 1.677443 2.474115
19.208027 0.268208 1.680648 2.473951
19.249266 0.134385 1.684134 2.473772
17.841278 -0.000000 0.935022 2.512127
17.906067 -0.125010 0.938440 2.511952
17.973183 -0.250969 0.942026 2.511768
18.043421 -0.377956 0.945823 2.511574
18.123650 -0.506240 0.950191 2.511350
18.197689 -0.635478 0.954282 2.511141
18.285114 -0.766374 0.959124 2.510893
18.367783 -0.898335 0.963765 2.510655
18.397457 -1.028578 0.965676 2.510557
18.552940 -1.167252 0.974241 2.510119
18.606808 -1.301115 0.977523 2.509951
18.690619 -1.438165 0.982429 2.509700
18.768223 -1.576012 0.987063 2.509462
18.899525 -1.719992 0.994575 2.509078
19.009396 -1.863888 1.001018 2.508748
19.096622 -2.007136 1.006324 2.508476
19.278883 -2.162474 1.016700 2.507945
19.373419 -2.310141 1.022511 2.507648
19.531246 -2.467371 1.031725 2.507176
19.771811 -2.638123 1.045380 2.506476
19.973137 -2.807042 1.057035 2.505880
20.182100 -2.980234 1.069169 2.505259
20.259094 -3.136274 1.074381 2.504992
20.290171 -3.286291 1.077220 2.504846
20.324766 -3.437677 1.080304 2.504689
20.362257 -3.590415 1.083603 2.504519
20.361067 -3.736956 1.084902 2.504453
20.491091 -3.908885 1.093257 2.504025
20.526991 -4.064454 1.096660 2.503851
20.503479 -4.208760 1.096947 2.503836
20.514702 -4.360535 1.099149 2.503724
20.490355 -4.505097 1.099503 2.503706
20.431276 -4.641872 1.098045 2.503780
20.363970 -4.776326 1.096193 2.503875
20.360704 -4.925773 1.097842 2.503790
20.346741 -5.073012 1.098972 2.503732
20.317255 -5.216585 1.099319 2.503715
20.292805 -5.361591 1.099995 2.503680
20.210680 -5.491120 1.097595 2.503803
20.160692 -5.628967 1.096987 2.503834
20.125393 -5.770864 1.097232 2.503822
20.051840 -5.901578 1.095442 2.503913
19.983374 -6.033337 1.093976 2.503989
19.922949 -6.167183 1.092998 2.504038
19.870628 -6.303335 1.092515 2.504063
19.843512 -6.447548 1.093473 2.504014
19.834482 -6.598054 1.095487 2.503911
19.806732 -6.742762 1.096527 2.503858
19.801399 -6.895577 1.098871 2.503738
19.779037 -7.042999 1.100331 2.503663
19.753395 -7.189648 1.101670 2.503594
19.756958 -7.347547 1.104703 2.503439
19.739904 -7.498487 1.106650 2.503339
19.754938 -7.662436 1.110464 2.503144
19.763567 -7.824951 1.113993 2.502963
19.740799 -7.975801 1.115821 2.502870
19.744299 -8.138013 1.119203 2.502697
19.743176 -8.299268 1.122396 2.502533
19.764893 -8.471245 1.126966 2.502299
19.809101 -8.654384 1.132904 2.501995
19.833155 -8.830290 1.137778 2.501746
19.856089 -9.007121 1.142673 2.501495
19.889807 -9.190382 1.148278 2.501208
19.949440 -9.387495 1.155476 2.500839
20.007299 -9.585893 1.162675 2.500471
20.088146 -9.797645 1.171320 2.500028
20.184572 -10.019709 1.180992 2.499533
20.305944 -10.257271 1.192254 2.498957
20.416481 -10.492646 1.203016 2.498405
20.490761 -10.712311 1.211770 2.497957
20.496029 -10.897932 1.216552 2.497712
20.575041 -11.124883 1.225821 2.497238
20.567846 -11.307270 1.230066 2.497021
20.554882 -11.487736 1.234057 2.496816
20.514233 -11.653708 1.236471 2.496692
20.464790 -11.815353 1.238433 2.496592
20.413549 -11.976559 1.240362 2.496494
20.366251 -12.140722 1.242607 2.496378
20.316458 -12.304085 1.244780 2.496267
20.249275 -12.457438 1.245962 2.496207
20.176416 -12.607624 1.246865 2.496161
20.107958 -12.760900 1.248109 2.496097
20.043217 -12.916971 1.249658 2.496017
19.974302 -13.070818 1.251020 2.495948
19.903309 -13.223729 1.252325 2.495881
19.827269 -13.373662 1.253385 2.495827
19.739853 -13.516161 1.253793 2.495806
19.651020 -13.657815 1.254177 2.495786
19.559715 -13.797862 1.254467 2.495771
19.454576 -13.928110 1.253930 2.495799
19.349350 -14.058126 1.253443 2.495824
19.246008 -14.189383 1.253135 2.495839
19.137491 -14.316672 1.252547 2.495869
19.031618 -14.445786 1.252188 2.495888
18.931314 -14.579076 1.252254 2.495884
18.816628 -14.701160 1.251427 2.495927
18.705687 -14.825946 1.250902 2.495954
18.591900 -14.948271 1.250241 2.495988
18.475323 -15.068106 1.249445 2.496028
18.357950 -15.187018 1.248647 2.496069
18.239885 -15.305081 1.247854 2.496110
18.104937 -15.408510 1.245951 2.496207
17.973866 -15.514625 1.244355 2.496289
17.845558 -15.622606 1.242993 2.496359
17.725216 -15.737185 1.242233 2.496397
17.605490 -15.852054 1.241568 2.496432
17.489866 -15.970444 1.241246 2.496448
17.369646 -16.084469 1.240654 2.496479
17.246353 -16.195404 1.239893 2.496517
17.127317 -16.310125 1.239491 2.496538
17.004288 -16.420851 1.238854 2.496571
16.874458 -16.524693 1.237770 2.496626
16.746910 -16.630400 1.236900 2.496671
16.618416 -16.734842 1.236009 2.496716
16.489927 -16.838961 1.235166 2.496759
16.363255 -16.944647 1.234509 2.496793
16.238483 -17.052088 1.234047 2.496817
16.109629 -17.155012 1.233326 2.496854
15.967539 -17.243374 1.231634 2.496940
15.827399 -17.333216 1.230129 2.497017
15.690994 -17.426615 1.228953 2.497077
15.541259 -17.504541 1.226767 2.497189
15.398712 -17.589808 1.225179 2.497271
15.253983 -17.671911 1.223450 2.497359
15.102545 -17.745432 1.221211 2.497474
14.957314 -17.825434 1.219500 2.497561
14.802105 -17.892673 1.217001 2.497689
14.647157 -17.959188 1.214540 2.497816
14.493491 -18.026268 1.212204 2.497935
14.330019 -18.079987 1.209059 2.498096
14.161666 -18.126106 1.205503 2.498278
14.005134 -18.186039 1.202956 2.498409
13.848686 -18.244970 1.200430 2.498538
13.687891 -18.296984 1.197536 2.498686
13.524833 -18.344639 1.194445 2.498844
13.368294 -18.399878 1.191936 2.498973
13.214649 -18.458029 1.189698 2.499087
13.058952 -18.512245 1.187287 2.499211
12.904256 -18.566792 1.184979 2.499329
12.760904 -18.636833 1.183734 2.499393
12.611635 -18.697519 1.181967 2.499483
12.469313 -18.767826 1.180880 2.499539
12.333230 -18.847151 1.180425 2.499562
12.203230 -18.935707 1.180606 2.499553
12.078053 -19.031969 1.181322 2.499516
11.964256 -19.146812 1.183237 2.499418
11.856081 -19.271786 1.185816 2.499286
11.773393 -19.440182 1.191091 2.499016
11.685775 -19.603071 1.196043 2.498762
11.614846 -19.797029 1.202901 2.498411
11.561604 -20.025286 1.211836 2.497954
11.516836 -20.273298 1.221949 2.497436
11.407677 -20.411634 1.225457 2.497257
11.259951 -20.481775 1.224919 2.497284
11.078025 -20.488380 1.220659 2.497502
10.897353 -20.494940 1.216487 2.497716
10.717901 -20.501455 1.212403 2.497925
10.539643 -20.507929 1.208405 2.498130
10.362548 -20.514359 1.204491 2.498330
10.186586 -20.520748 1.200662 2.498526
10.011734 -20.527098 1.196914 2.498718
9.837959 -20.533407 1.193249 2.498906
9.665238 -20.539680 1.189663 2.499089
9.493543 -20.545916 1.186156 2.499269
9.158422 -20.189631 1.161867 2.500512
8.828985 -19.830227 1.137610 2.501754
8.664651 -19.832605 1.134248 2.501926
8.502784 -19.838484 1.131162 2.502084
8.341786 -19.844332 1.128147 2.502239
8.181641 -19.850149 1.125203 2.502390
8.070539 -19.975285 1.129075 2.502191
7.962830 -20.111816 1.133623 2.501959
7.854246 -20.249458 1.138262 2.501721
7.744763 -20.388239 1.142996 2.501478
7.634364 -20.528185 1.147826 2.501231
7.504398 -20.618166 1.149900 2.501125
7.343874 -20.623999 1.147338 2.501256
7.184057 -20.629805 1.144843 2.501384
7.024925 -20.635586 1.142414 2.501508
6.866462 -20.641344 1.140051 2.501629
6.708642 -20.647079 1.137753 2.501747
6.551450 -20.652790 1.135520 2.501861
6.394866 -20.658480 1.133350 2.501972
6.238873 -20.664148 1.131244 2.502080
6.083452 -20.669796 1.129201 2.502185
5.928583 -20.675425 1.127220 2.502286
5.774248 -20.681034 1.125300 2.502384
5.587680 -20.566086 1.116896 2.502815
5.371462 -20.330177 1.102021 2.503577
5.160922 -20.100462 1.087589 2.504315
4.978219 -19.966545 1.078436 2.504784
4.831703 -19.971870 1.076876 2.504864
4.685604 -19.977180 1.075372 2.504941
4.539906 -19.982477 1.073925 2.505015
4.394594 -19.987759 1.072534 2.505086
4.271733 -20.096928 1.076765 2.504869
4.156260 -20.247721 1.083264 2.504537
4.039378 -20.400356 1.089894 2.504197
3.921051 -20.554880 1.096660 2.503851
3.801243 -20.711340 1.103565 2.503497
3.660175 -20.757883 1.104657 2.503442
3.511845 -20.763277 1.103612 2.503495
3.363788 -20.768661 1.102623 2.503546
3.215989 -20.774035 1.101690 2.503593
3.068435 -20.779402 1.100811 2.503639
2.921107 -20.784758 1.099988 2.503681
2.773992 -20.790108 1.099219 2.503720
2.627075 -20.795452 1.098505 2.503756
2.480342 -20.800789 1.097846 2.503790
2.333781 -20.806118 1.097241 2.503821
2.187371 -20.811443 1.096689 2.503849
2.041101 -20.816765 1.096192 2.503875
1.894956 -20.822081 1.095749 2.503898
1.733900 -20.648491 1.085950 2.504399
1.575093 -20.470161 1.075967 2.504910
1.419169 -20.295067 1.066217 2.505410
1.266038 -20.123108 1.056692 2.505897
1.124137 -20.106695 1.055393 2.505964
0.983630 -20.111807 1.055275 2.505970
0.843149 -20.116917 1.055209 2.505973
0.702676 -20.122028 1.055194 2.505974
0.562312 -20.131094 1.055437 2.505961
0.425324 -20.304829 1.064364 2.505504
0.285993 -20.481537 1.073496 2.505037
0.144246 -20.661310 1.082840 2.504559
-0.000000 -20.844257 1.092401 2.504069
-0.145887 -20.896334 1.095157 2.503928
-0.291862 -20.901646 1.095516 2.503910
-0.437940 -20.906961 1.095928 2.503888
-0.584133 -20.912283 1.096394 2.503865
-0.730459 -20.917608 1.096914 2.503838
-0.876932 -20.922939 1.097487 2.503808
-1.023565 -20.928276 1.098116 2.503777
-1.170373 -20.933620 1.098798 2.503742
-1.317368 -20.938971 1.099535 2.503704
-1.464571 -20.944330 1.100326 2.503663
-1.611992 -20.949696 1.101172 2.503620
-1.759648 -20.955072 1.102074 2.503574
-1.907473 -20.959579 1.102984 2.503527
-2.040833 -20.814030 1.096048 2.503882
-2.172535 -20.670288 1.089251 2.504230
-2.302620 -20.528311 1.082590 2.504571
-2.431129 -20.388052 1.076062 2.504906
-2.558104 -20.249466 1.069664 2.505233
-2.701384 -20.245935 1.070448 2.505193
-2.846122 -20.251205 1.071751 2.505126
-2.991219 -20.256489 1.073110 2.505057
-3.136692 -20.261787 1.074524 2.504984
-3.297672 -20.360432 1.080950 2.504655
-3.483600 -20.596283 1.094736 2.503950
-3.674346 -20.838249 1.108934 2.503223
-3.860013 -21.031555 1.120627 2.502624
-4.013049 -21.037128 1.122390 2.502533
-4.166573 -21.042721 1.124213 2.502440
-4.320601 -21.048332 1.126097 2.502344
-4.475158 -21.053961 1.128042 2.502244
-4.630257 -21.059612 1.130049 2.502141
-4.785916 -21.065283 1.132119 2.502035
-4.942154 -21.070974 1.134251 2.501926
-5.098987 -21.076687 1.136447 2.501814
-5.256439 -21.082424 1.138708 2.501698
-5.414526 -21.088184 1.141033 2.501579
-5.573268 -21.093967 1.143423 2.501457
-5.723569 -21.066227 1.144057 2.501424
-5.844836 -20.933849 1.139056 2.501680
-5.965054 -20.802614 1.134154 2.501931
-6.084248 -20.672497 1.129348 2.502177
-6.202441 -20.543472 1.124638 2.502419
-6.319658 -20.415510 1.120021 2.502655
-6.465892 -20.383074 1.120690 2.502621
-6.624743 -20.388863 1.123524 2.502476
-6.784409 -20.394682 1.126428 2.502327
-6.944909 -20.400532 1.129401 2.502175
-7.180637 -20.619976 1.144297 2.501412
-7.475775 -20.994417 1.167944 2.500201
-7.705864 -21.171686 1.180770 2.499544
-7.875987 -21.177889 1.184154 2.499371
-8.047096 -21.184126 1.187615 2.499194
-8.219216 -21.190399 1.191155 2.499013
-8.392372 -21.196712 1.194774 2.498827
-8.566594 -21.203064 1.198474 2.498638
-8.741907 -21.209455 1.202255 2.498445
-8.918340 -21.215887 1.206120 2.498247
-9.095919 -21.222363 1.210069 2.498044
-9.274669 -21.228880 1.214103 2.497838
-9.454628 -21.235441 1.218223 2.497627
-9.582789 -21.125139 1.215704 2.497756
-9.701365 -20.995674 1.212122 2.497939
-9.819249 -20.866962 1.208619 2.498119
-9.936458 -20.738987 1.205195 2.498294
-10.053010 -20.611725 1.201849 2.498465
-10.185563 -20.518682 1.200541 2.498532
-10.368096 -20.525339 1.205136 2.498297
-10.552041 -20.532047 1.209826 2.498057
-10.737430 -20.538809 1.214612 2.497812
-11.182591 -21.031395 1.248329 2.496085
-11.522741 -21.310862 1.269660 2.494993
-11.675285 -21.237263 1.270101 2.494971
-11.777015 -21.072481 1.265132 2.495225
-11.905319 -20.957153 1.263168 2.495326
-12.024383 -20.826841 1.260342 2.495471
-12.131930 -20.678371 1.256453 2.495669
-12.240561 -20.533728 1.252826 2.495855
-12.344697 -20.383514 1.248889 2.496057
-12.453735 -20.243259 1.245592 2.496226
-12.536807 -20.063086 1.239861 2.496519
-12.616751 -19.880817 1.234010 2.496819
-12.701231 -19.708450 1.228786 2.497086
-12.760863 -19.500639 1.221354 2.497467
-12.814448 -19.287294 1.213565 2.497865
-12.864107 -19.071823 1.205629 2.498272
-12.915774 -18.863012 1.198100 2.498657
-12.970045 -18.661446 1.191020 2.499020
-13.022985 -18.461256 1.184017 2.499378
-13.061078 -18.243523 1.175872 2.499795
-13.113306 -18.048918 1.169201 2.500137
-13.168755 -17.861662 1.162998 2.500454
-13.236676 -17.693827 1.158059 2.500707
-13.291508 -17.510912 1.152133 2.501011
-13.359149 -17.347210 1.147470 2.501250
-13.434796 -17.195755 1.143628 2.501446
-13.490812 -17.021164 1.138253 2.501721
-13.573249 -16.881714 1.135237 2.501876
-13.642037 -16.726791 1.131196 2.502083
-13.719329 -16.583817 1.127977 2.502248
-13.813929 -16.462799 1.126278 2.502335
-13.929180 -16.366726 1.126331 2.502332
-14.022044 -16.244692 1.124642 2.502418
-14.113123 -16.121292 1.122892 2.502508
-14.217525 -16.013580 1.122277 2.502539
-14.334357 -15.919916 1.122698 2.502518
-14.435586 -15.808979 1.121955 2.502556
-14.553118 -15.715936 1.122535 2.502526
-14.663847 -15.615412 1.122640 2.502521
-14.758080 -15.497506 1.121543 2.502577
-14.868444 -15.396724 1.121734 2.502567
-14.973450 -15.290378 1.121575 2.502575
-15.080723 -15.186373 1.121642 2.502572
-15.192372 -15.086679 1.122085 2.502549
-15.297708 -14.980618 1.122113 2.502548
-15.394200 -14.866006 1.121550 2.502577
-15.494177 -14.754900 1.121302 2.502589
-15.589741 -14.639739 1.120794 2.502615
-15.683202 -14.522805 1.120197 2.502646
-15.763206 -14.393781 1.118706 2.502722
-15.829888 -14.253295 1.116349 2.502843
-15.921301 -14.135588 1.115809 2.502871
-15.986382 -13.995018 1.113496 2.502989
-16.067335 -13.868953 1.112363 2.503047
-16.127958 -13.725965 1.109899 2.503173
-16.183874 -13.579883 1.107195 2.503311
-16.230314 -13.426879 1.103932 2.503479
-16.276657 -13.274916 1.100754 2.503641
-16.313587 -13.116462 1.097032 2.503832
-16.342394 -12.952819 1.092862 2.504045
-16.359882 -12.781741 1.088037 2.504292
-16.364847 -12.602624 1.082489 2.504576
-16.379076 -12.432393 1.077663 2.504824
-16.361057 -12.239635 1.070829 2.505173
-16.320396 -12.032432 1.062644 2.505593
-16.295422 -11.839316 1.055611 2.505953
-16.249964 -11.633828 1.047379 2.506374
-16.243460 -11.458499 1.041778 2.506661
-16.228802 -11.279312 1.035762 2.506969
-16.198282 -11.091192 1.028847 2.507323
-16.182665 -10.915345 1.022990 2.507623
-16.157080 -10.734734 1.016611 2.507950
-16.129942 -10.555138 1.010242 2.508276
-16.098618 -10.374852 1.003719 2.508610
-16.082666 -10.206367 0.998258 2.508889
-16.061188 -10.036144 0.992551 2.509181
-16.036625 -9.865794 0.986753 2.509478
-16.029699 -9.707930 0.982132 2.509715
-16.034317 -9.558372 0.978303 2.509911
-16.035004 -9.407679 0.974314 2.510115
-16.027872 -9.253695 0.969931 2.510339
-16.011242 -9.095648 0.965059 2.510589
-16.036486 -8.962488 0.962785 2.510705
-16.050604 -8.823895 0.959911 2.510853
-16.048882 -8.677595 0.956162 2.511045
-16.066612 -8.542768 0.953641 2.511173
-16.081736 -8.407325 0.951032 2.511307
-16.098394 -8.273449 0.948578 2.511433
-16.142649 -8.154240 0.947808 2.511472
-16.163239 -8.023499 0.945705 2.511580
-16.168592 -7.885949 0.942774 2.511730
-16.194735 -7.759213 0.941117 2.511815
-16.220346 -7.632714 0.939486 2.511898
-16.255831 -7.511249 0.938481 2.511950
-16.289948 -7.389445 0.937449 2.512002
-16.322838 -7.267395 0.936400 2.512056
-16.360903 -7.147900 0.935698 2.512092
-16.417629 -7.036604 0.936110 2.512071
-16.457237 -6.917986 0.935591 2.512098
-16.494658 -6.798605 0.934998 2.512128
-16.538031 -6.681798 0.934789 2.512139
-16.583389 -6.565825 0.934739 2.512141
-16.634346 -6.452036 0.935050 2.512125
-16.687263 -6.338898 0.935514 2.512102
-16.728178 -6.221151 0.935350 2.512110
-16.766966 -6.102676 0.935114 2.512122
-16.823425 -5.990549 0.935907 2.512082
-16.865282 -5.873111 0.935932 2.512080
-16.911753 -5.757231 0.936257 2.512064
-16.962509 -5.642673 0.936864 2.512033
-17.017483 -5.529315 0.937745 2.511987
-17.064230 -5.413090 0.938216 2.511963
-17.122007 -5.300146 0.939335 2.511906
-17.159294 -5.180697 0.939373 2.511904
-17.200655 -5.062426 0.939680 2.511889
-17.249849 -4.946314 0.940458 2.511849
-17.281757 -4.825150 0.940338 2.511855
-17.332001 -4.708999 0.941260 2.511807
-17.377548 -4.591347 0.941970 2.511771
-17.413397 -4.470998 0.942198 2.511759
-17.449594 -4.350672 0.942490 2.511744
-17.496012 -4.232728 0.943378 2.511699
-17.529783 -4.111572 0.943629 2.511686
-17.563036 -3.990225 0.943896 2.511672
-17.604433 -3.870583 0.944646 2.511634
-17.647875 -3.751172 0.945548 2.511588
-17.686762 -3.630568 0.946251 2.511552
-17.717371 -3.508133 0.946555 2.511536
-17.748920 -3.385788 0.946955 2.511516
-17.793346 -3.265688 0.948085 2.511458
-17.826878 -3.143359 0.948680 2.511427
-17.865576 -3.021733 0.949593 2.511381
-17.901445 -2.899400 0.950401 2.511339
-17.935974 -2.776636 0.951182 2.511299
-17.979902 -2.655039 0.952505 2.511232
-18.030041 -2.533957 0.954201 2.511145
-18.083773 -2.412887 0.956129 2.511046
-18.134211 -2.290882 0.957927 2.510954
-18.185232 -2.168458 0.959799 2.510858
-18.243546 -2.046339 0.962100 2.510740
-18.298225 -1.923221 0.964252 2.510630
-18.360657 -1.800275 0.966856 2.510497
-18.434082 -1.677632 0.970082 2.510332
-18.506031 -1.553996 0.973273 2.510168
-18.556753 -1.427862 0.975393 2.510060
-18.628893 -1.302659 0.978683 2.509891
-18.720154 -1.177769 0.983021 2.509669
-18.786034 -1.050301 0.986072 2.509513
-18.862820 -0.922547 0.989740 2.509325
-18.940384 -0.793835 0.993495 2.509133
-19.027554 -0.664457 0.997800 2.508913
-19.104780 -0.533642 1.001630 2.508717
-19.185606 -0.401880 1.005695 2.508508
-19.270878 -0.269091 1.010042 2.508286
-19.347157 -0.135069 1.013966 2.508085
-19.427839 0.000000 1.018170 2.507870
-19.506277 0.136185 1.022306 2.507658
-19.585806 0.273488 1.026549 2.507441
-19.669863 0.412024 1.031080 2.507209
-19.747427 0.551598 1.035322 2.506991
-19.830412 0.692493 1.039901 2.506757
-19.910921 0.834518 1.044403 2.506526
-19.987852 0.977570 1.048771 2.506303
-20.055660 1.121285 1.052714 2.506101
-20.151171 1.267807 1.058166 2.505822
-20.230745 1.414672 1.062837 2.505583
-20.320477 1.563579 1.068099 2.505313
-20.415722 1.714357 1.073708 2.505026
-20.530500 1.868421 1.080404 2.504683
-20.640305 2.023802 1.086900 2.504351
-20.744738 2.180360 1.093174 2.504030
-20.846344 2.338296 1.099362 2.503713
-20.966808 2.500142 1.106608 2.503341
-21.076721 2.662608 1.113363 2.502996
-21.213194 2.830447 1.121589 2.502574
-21.348795 3.000378 1.129838 2.502152
-21.475559 3.171238 1.137691 2.501750
-21.613285 3.345915 1.146197 2.501315
-21.718281 3.517593 1.153039 2.500964
-21.796345 3.686578 1.158522 2.500684
-21.861925 3.854847 1.163410 2.500433
-21.891388 4.017826 1.166442 2.500278
-21.917849 4.181055 1.169379 2.500128
-21.952145 4.346641 1.172799 2.499953
-21.952190 4.506140 1.174453 2.499868
-21.961626 4.668088 1.176673 2.499754
-22.000965 4.837230 1.180562 2.499555
-21.997807 4.997780 1.182235 2.499470
-21.980467 5.155471 1.183209 2.499420
-21.983559 5.318385 1.185345 2.499310
-22.000193 5.485264 1.188278 2.499160
-21.977562 5.642883 1.189155 2.499115
-21.969698 5.804646 1.190893 2.499026
-21.973656 5.970109 1.193338 2.498901
-21.974562 6.135410 1.195684 2.498781
-21.970583 6.299963 1.197831 2.498671
-21.979227 6.468843 1.200736 2.498522
-21.994337 6.640483 1.204064 2.498352
-22.003162 6.811115 1.207121 2.498195
-22.005487 6.980555 1.209893 2.498054
-22.011690 7.152032 1.212950 2.497897
-22.031637 7.328955 1.216839 2.497698
-22.049198 7.506161 1.220673 2.497502
-22.059004 7.681757 1.224155 2.497323
-22.103157 7.870584 1.229625 2.497043
-22.135260 8.056576 1.234510 2.496793
-22.171568 8.245537 1.239715 2.496526
-22.244808 8.450011 1.247079 2.496150
-22.280281 8.641951 1.252419 2.495876
-22.337507 8.844048 1.259076 2.495535
-22.412199 9.055117 1.266818 2.495139
-22.451168 9.253708 1.272642 2.494841
-22.482077 9.450596 1.278103 2.494561
-22.538445 9.659988 1.285110 2.494202
-22.574350 9.862494 1.291052 2.493898
-22.608578 10.065988 1.296997 2.493594
-22.573616 10.239851 1.299060 2.493488
-22.567522 10.427661 1.302867 2.493293
-22.533621 10.603516 1.305152 2.493176
-22.498392 10.779427 1.307439 2.493059
-22.455776 10.952414 1.309374 2.492960
-22.395426 11.117190 1.310349 2.492910
-22.346519 11.288041 1.312066 2.492822
-22.312721 11.467179 1.314750 2.492685
-22.275499 11.645353 1.317315 2.492553
-22.230705 11.820276 1.319514 2.492441
-22.188324 11.997188 1.321938 2.492317
-22.154238 12.179397 1.324941 2.492163
-22.121862 12.363489 1.328134 2.492000
-22.085247 12.546169 1.331162 2.491844
-22.060835 12.736829 1.335018 2.491647
-22.000996 12.907913 1.336818 2.491555
-21.965584 13.094118 1.340188 2.491382
-21.950560 13.293731 1.344901 2.491141
-21.934568 13.494240 1.349660 2.490897
-21.893642 13.680667 1.352986 2.490727
-21.869238 13.878645 1.357433 2.490499
-21.821850 14.063225 1.360552 2.490340
-21.753500 14.235090 1.362454 2.490242
-21.685783 14.408004 1.364479 2.490139
-21.619898 14.582806 1.366706 2.490025
-21.542830 14.750689 1.368311 2.489942
-21.433918 14.896963 1.367966 2.489960
-21.314911 15.036015 1.367037 2.490008
-21.186359 15.167948 1.365551 2.490084
-21.027912 15.277673 1.362179 2.490256
-20.794699 15.331181 1.353973 2.490676
-20.493000 15.330725 1.341265 2.491327
-20.168465 15.308697 1.326986 2.492058
-19.787453 15.238395 1.308886 2.492985
-19.088398 14.913491 1.269501 2.495002
-18.377434 14.565780 1.228951 2.497078
-17.999088 14.471640 1.210376 2.498029
-17.844309 14.553462 1.206771 2.498213
-17.701374 14.643853 1.203989 2.498356
-17.676731 14.832539 1.209327 2.498082
-17.693987 15.058769 1.217670 2.497655
-17.689651 15.269299 1.224678 2.497296
-17.736313 15.526967 1.235383 2.496748
-17.764450 15.772020 1.244982 2.496257
-17.790768 16.018879 1.254634 2.495763
-17.832949 16.283726 1.265595 2.495202
-17.890448 16.566738 1.277853 2.494574
-17.976778 16.881315 1.292405 2.493829
-17.947418 17.091099 1.298841 2.493499
-17.972019 17.355377 1.309358 2.492961
-17.935015 17.563269 1.315564 2.492643
-17.911530 17.786921 1.322918 2.492267
-17.885855 18.011158 1.330276 2.491890
-17.854130 18.232042 1.337351 2.491528
-17.858652 18.493177 1.347327 2.491017
-17.861168 18.756081 1.357363 2.490503
-17.855217 19.013878 1.366966 2.490011
-17.773746 19.193899 1.370954 2.489807
-17.534410 19.202635 1.362800 2.490225
-17.297901 19.211267 1.354810 2.490634
-17.064131 19.219799 1.346977 2.491035
-15.950377 18.219973 1.269071 2.495023
-15.733880 18.227873 1.261940 2.495389
-15.519783 18.235687 1.254949 2.495747
-15.327835 18.267002 1.249709 2.496015
-15.229614 18.409447 1.252150 2.495890
-15.131007 18.552450 1.254661 2.495761
-15.031999 18.696033 1.257244 2.495629
-14.932572 18.840221 1.259898 2.495493
-14.832724 18.985022 1.262626 2.495353
-14.732431 19.130459 1.265427 2.495210
-14.631692 19.276545 1.268302 2.495063
-14.449621 19.315207 1.264178 2.495274
-14.245875 19.322639 1.258124 2.495584
-14.044068 19.330002 1.252189 2.495888
-13.844139 19.337296 1.246370 2.496186
-13.646058 19.344522 1.240665 2.496478
-13.449772 19.351683 1.235072 2.496764
-13.255230 19.358780 1.229589 2.497045
-13.062407 19.365814 1.224214 2.497320
-12.196321 18.356947 1.155027 2.500863
-12.016734 18.363497 1.150133 2.501113
-11.838654 18.369993 1.145335 2.501359
-11.662037 18.376434 1.140633 2.501600
-11.520317 18.436361 1.139333 2.501666
-11.426130 18.572918 1.142814 2.501488
-11.331366 18.710312 1.146372 2.501306
-11.236003 18.848570 1.150009 2.501119
-11.140025 18.987719 1.153726 2.500929
-11.043423 19.127769 1.157523 2.500735
-10.946174 19.268757 1.161402 2.500536
-10.848269 19.410694 1.165363 2.500333
-10.693935 19.452194 1.163344 2.500437
-10.521166 19.458494 1.159300 2.500644
-10.349591 19.464750 1.155340 2.500847
-10.179170 19.470964 1.151462 2.501045
-10.009887 19.477137 1.147667 2.501239
-9.841708 19.483269 1.143951 2.501430
-9.674600 19.489361 1.140316 2.501616
-9.508549 19.495415 1.136758 2.501798
-9.343516 19.501431 1.133278 2.501976
-9.092530 19.322613 1.119170 2.502698
-8.704535 18.838339 1.087574 2.504316
-8.390038 18.495741 1.064388 2.505503
-8.237313 18.501308 1.061373 2.505658
-8.085438 18.506845 1.058426 2.505809
-7.934402 18.512350 1.055548 2.505956
-7.784178 18.517826 1.052736 2.506100
-7.684978 18.645163 1.056899 2.505887
-7.589214 18.783964 1.061738 2.505639
-7.492560 18.924055 1.066673 2.505386
-7.395001 19.065454 1.071707 2.505128
-7.296512 19.208200 1.076842 2.504866
-7.197066 19.352333 1.082079 2.504598
-7.096646 19.497875 1.087420 2.504324
-6.974884 19.587759 1.089690 2.504208
-6.823104 19.593290 1.087322 2.504329
-6.671975 19.598797 1.085016 2.504447
-6.521473 19.604279 1.082772 2.504562
-6.371591 19.609739 1.080591 2.504674
-6.222298 19.615179 1.078470 2.504782
-6.073588 19.620598 1.076411 2.504888
-5.925438 19.625994 1.074411 2.504990
-5.777824 19.631371 1.072471 2.505089
-5.630741 19.636728 1.070590 2.505186
-5.484160 19.642069 1.068768 2.505279
-5.277997 19.426258 1.054994 2.505984
-5.061130 19.155603 1.038352 2.506836
-4.850981 18.893333 1.022274 2.507659
-4.647239 18.639061 1.006736 2.508455
-4.508805 18.637159 1.004909 2.508548
-4.372464 18.642124 1.003506 2.508621
-4.236507 18.647076 1.002156 2.508690
-4.100909 18.652012 1.000858 2.508756
-3.970172 18.678192 1.000751 2.508761
-3.865282 18.830175 1.007424 2.508420
-3.758970 18.984219 1.014237 2.508071
-3.651213 19.140352 1.021191 2.507715
-3.541963 19.298651 1.028293 2.507351
-3.431176 19.459171 1.035544 2.506980
-3.318811 19.621977 1.042950 2.506601
-3.194817 19.725437 1.047238 2.506381
-3.054446 19.730549 1.046351 2.506427
-2.914305 19.735649 1.045518 2.506469
-2.774380 19.740744 1.044736 2.506510
-2.634658 19.745829 1.044006 2.506547
-2.495113 19.750910 1.043328 2.506582
-2.355754 19.755981 1.042702 2.506613
-2.216554 19.761049 1.042127 2.506643
-2.077502 19.766109 1.041604 2.506670
-1.938582 19.771166 1.041132 2.506694
-1.799770 19.776218 1.040711 2.506716
-1.660706 19.776878 1.040110 2.506746
-1.506986 19.585056 1.029443 2.507293
-1.356379 19.397121 1.019042 2.507825
-1.208777 19.212938 1.008898 2.508344
-1.064068 19.032366 0.999002 2.508851
-0.922174 18.855307 0.989346 2.509346
-0.786805 18.772648 0.984697 2.509583
-0.655722 18.777416 0.984683 2.509584
-0.524636 18.782187 0.984717 2.509582
-0.393524 18.786957 0.984799 2.509578
-0.262395 18.791727 0.984929 2.509572
-0.131635 18.855349 0.988191 2.509405
0.000000 19.051781 0.998462 2.508879
0.134407 19.252348 1.008997 2.508339
0.271698 19.457216 1.019809 2.507786
0.411959 19.666515 1.030905 2.507218
0.554795 19.861885 1.041323 2.506684
0.693769 19.866940 1.041817 2.506659
0.832882 19.872000 1.042362 2.506631
0.972157 19.877066 1.042958 2.506601
1.111588 19.882135 1.043606 2.506567
1.251200 19.887213 1.044305 2.506531
1.391005 19.892298 1.045057 2.506493
1.531019 19.897388 1.045860 2.506452
1.671265 19.902489 1.046716 2.506408
1.811738 19.907597 1.047625 2.506362
1.952461 19.912714 1.048586 2.506312
2.093450 19.917839 1.049600 2.506260
2.223300 19.821178 1.045298 2.506481
2.344923 19.665062 1.037903 2.506859
2.464835 19.511143 1.030663 2.507230
2.583091 19.359350 1.023572 2.507593
2.699737 19.209627 1.016628 2.507949
2.814817 19.061914 1.009826 2.508297
2.928381 18.916149 1.003162 2.508638
3.063187 18.912663 1.004087 2.508591
3.199679 18.917622 1.005512 2.508518
3.336565 18.922598 1.006990 2.508442
3.473861 18.927589 1.008521 2.508364
3.611592 18.932596 1.010107 2.508282
3.801874 19.200842 1.025810 2.507478
4.000385 19.488344 1.042636 2.506617
4.205527 19.785448 1.060077 2.505724
4.397634 20.001596 1.073276 2.505048
4.545479 20.006969 1.075241 2.504948
4.693861 20.012362 1.077266 2.504844
4.842812 20.017773 1.079351 2.504737
4.992346 20.023207 1.081497 2.504627
5.142484 20.028662 1.083704 2.504514
5.293255 20.034140 1.085974 2.504398
5.444654 20.039640 1.088306 2.504279
5.596713 20.045164 1.090701 2.504156
5.749450 20.050714 1.093161 2.504030
5.902884 20.056288 1.095685 2.503901
6.023800 19.951765 1.092245 2.504077
6.133681 19.814705 1.087060 2.504343
6.242529 19.678936 1.081976 2.504603
6.350369 19.544426 1.076992 2.504858
6.457226 19.411144 1.072105 2.505108
6.563131 19.279049 1.067314 2.505353
6.668091 19.148134 1.062618 2.505594
6.782621 19.047806 1.059652 2.505746
6.934846 19.053333 1.062627 2.505594
7.087937 19.058893 1.065671 2.505438
7.241926 19.064486 1.068785 2.505278
7.396813 19.070110 1.071969 2.505115
7.744197 19.559603 1.102497 2.503552
8.125939 20.112406 1.136826 2.501795
8.302526 20.143442 1.141829 2.501538
8.470089 20.149527 1.145498 2.501351
8.638727 20.155649 1.149246 2.501158
8.808482 20.161812 1.153076 2.500962
8.979381 20.168016 1.156988 2.500762
9.151450 20.174265 1.160983 2.500558
9.324734 20.180555 1.165063 2.500349
9.499235 20.186892 1.169229 2.500135
9.674997 20.193272 1.173482 2.499918
9.804132 20.101448 1.172095 2.499989
9.911795 19.967186 1.168273 2.500184
10.018772 19.833782 1.164532 2.500376
10.125064 19.701233 1.160871 2.500563
10.230695 19.569510 1.157290 2.500747
10.335683 19.438591 1.153787 2.500926
10.440042 19.308456 1.150361 2.501101
10.546757 19.184465 1.147333 2.501256
10.725466 19.190950 1.152171 2.501009
10.905697 19.197493 1.157106 2.500756
11.087486 19.204090 1.162141 2.500498
11.679207 19.906731 1.209566 2.498070
12.089863 20.280918 1.237401 2.496645
12.286898 20.288069 1.243041 2.496356
12.485745 20.295284 1.248793 2.496062
12.686452 20.302567 1.254660 2.495761
12.889064 20.309919 1.260645 2.495455
13.093642 20.317341 1.266749 2.495142
13.300207 20.324837 1.272975 2.494823
13.508821 20.332405 1.279324 2.494498
13.625485 20.200611 1.276986 2.494618
13.736700 20.061949 1.274251 2.494758
13.847454 19.923861 1.271591 2.494895
13.957745 19.786354 1.269003 2.495027
14.067593 19.649401 1.266487 2.495156
14.177011 19.512981 1.264043 2.495281
14.286016 19.377085 1.261669 2.495403
14.457987 19.326376 1.264910 2.495237
14.675514 19.334267 1.272101 2.494868
14.895539 19.342247 1.279437 2.494493
15.954738 20.421133 1.358137 2.490463
16.192419 20.429752 1.366195 2.490051
16.432970 20.438478 1.374417 2.489630
16.676424 20.447308 1.382806 2.489200
16.922882 20.456245 1.391367 2.488762
17.172422 20.465296 1.400102 2.488315
17.364370 20.403070 1.404105 2.488110
17.483395 20.254696 1.402260 2.488204
17.602106 20.106714 1.400489 2.488295
17.720524 19.959101 1.398790 2.488382
17.838661 19.811840 1.397163 2.488465
17.956530 19.664913 1.395608 2.488545
18.074152 19.518297 1.394125 2.488621
18.278805 19.464941 1.399394 2.488351
18.545424 19.474607 1.409363 2.487841
19.857117 20.562647 1.498100 2.483297
20.146709 20.573145 1.509075 2.482735
20.440613 20.583801 1.520288 2.482161
20.738907 20.594616 1.531743 2.481575
21.041746 20.605595 1.543447 2.480975
21.205738 20.478144 1.544952 2.480898
21.334991 20.317043 1.543998 2.480947
21.464104 20.156120 1.543119 2.480992
21.593065 19.995388 1.542317 2.481033
21.721899 19.834814 1.541591 2.481071
21.850620 19.674385 1.540941 2.481104
22.079060 19.602711 1.547362 2.480775
22.405529 19.614544 1.560607 2.480097
23.995884 20.712683 1.661267 2.474943
24.352514 20.725609 1.675899 2.474194
21.479557 18.023487 1.469492 2.484762
21.128836 17.479296 1.437114 2.486420
20.890604 17.037951 1.412785 2.487665
20.685757 16.631767 1.391045 2.488778
20.426439 16.189791 1.365973 2.490062
19.732302 15.416563 1.312325 2.492809
18.359846 14.138988 1.214453 2.497820
17.965906 13.636855 1.182069 2.499478
17.721209 13.257152 1.159851 2.500616
17.634417 13.001210 1.148202 2.501212
17.476145 12.697162 1.132097 2.502037
17.351589 12.422520 1.118383 2.502739
17.286066 12.193970 1.108646 2.503237
17.252171 11.990565 1.101076 2.503625
17.232224 11.799147 1.094519 2.503960
17.210175 11.608409 1.087945 2.504297
17.182446 11.415992 1.081127 2.504646
17.155062 11.225949 1.074446 2.504988
17.128239 11.038391 1.067914 2.505323
17.112728 10.860065 1.062194 2.505615
17.106882 10.689567 1.057173 2.505872
17.101238 10.520755 1.052260 2.506124
17.095791 10.353571 1.047451 2.506371
17.090538 10.188000 1.042746 2.506611
17.085474 10.023985 1.038142 2.506847
17.089720 9.866754 1.034189 2.507049
17.101709 9.715126 1.030785 2.507224
17.113884 9.564619 1.027469 2.507394
17.124052 9.414022 1.024109 2.507565
17.128803 9.261507 1.020501 2.507750
17.124804 9.105420 1.016451 2.507957
17.121145 8.950720 1.012500 2.508160
17.118397 8.797653 1.008681 2.508355
17.115793 8.645804 1.004946 2.508547
17.113335 8.495131 1.001295 2.508734
17.111017 8.345601 0.997726 2.508916
17.108841 8.197185 0.994238 2.509095
17.106802 8.049843 0.990830 2.509269
17.104898 7.903568 0.987499 2.509440
17.103132 7.758322 0.984246 2.509607
17.101498 7.614077 0.981069 2.509769
17.099995 7.470806 0.977967 2.509928
17.098623 7.328473 0.974939 2.510083
17.097382 7.187073 0.971983 2.510234
17.096266 7.046570 0.969100 2.510382
17.095278 6.906940 0.966287 2.510526
17.094416 6.768159 0.963544 2.510667
17.081686 6.625543 0.960195 2.510838
17.079258 6.487797 0.957490 2.510977
17.085850 6.354168 0.955349 2.511086
17.085955 6.218779 0.952904 2.511211
17.086164 6.084112 0.950524 2.511333
17.086483 5.950137 0.948207 2.511452
17.086906 5.816853 0.945954 2.511567
17.091894 5.685714 0.944010 2.511667
17.092112 5.553564 0.941857 2.511777
17.092445 5.422045 0.939767 2.511884
17.092894 5.291129 0.937738 2.511988
17.093458 5.160815 0.935769 2.512089
17.094135 5.031075 0.933861 2.512186
17.094925 4.901890 0.932012 2.512281
17.095827 4.773242 0.930221 2.512372
17.096840 4.645103 0.928489 2.512461
17.100779 4.518217 0.926967 2.512539
17.114250 4.394190 0.926012 2.512588
17.120214 4.268548 0.924700 2.512655
17.121674 4.142170 0.923194 2.512732
17.123241 4.016214 0.921744 2.512807
17.130384 3.891924 0.920644 2.512863
17.144266 3.769409 0.919953 2.512898
17.148277 3.644979 0.918781 2.512958
17.152977 3.521002 0.917693 2.513014
17.167248 3.399201 0.917165 2.513041
17.170570 3.275457 0.916098 2.513096
17.176476 3.152471 0.915217 2.513141
17.190796 3.031201 0.914830 2.513161
17.196280 2.908535 0.914019 2.513202
17.200478 2.785864 0.913186 2.513245
17.215248 2.665057 0.912960 2.513256
17.230124 2.544321 0.912785 2.513265
17.245108 2.423642 0.912660 2.513272
17.260202 2.303004 0.912585 2.513276
17.275408 2.182386 0.912561 2.513277
17.299517 2.062839 0.913052 2.513252
17.325640 1.943380 0.913693 2.513219
17.341192 1.822632 0.913819 2.513212
17.359709 1.702136 0.914147 2.513196
17.374502 1.581198 0.914322 2.513187
17.397907 1.460939 0.914995 2.513152
17.425922 1.340850 0.915953 2.513103
17.454111 1.220510 0.916965 2.513051
17.482317 1.099896 0.918021 2.512997
17.503992 0.978619 0.918778 2.512959
17.529892 0.857351 0.919801 2.512906
17.570936 0.736438 0.921662 2.512811
17.612101 0.615028 0.923574 2.512713
17.651880 0.493063 0.925457 2.512617
17.690407 0.370555 0.927318 2.512521
17.739964 0.247709 0.929803 2.512394
17.790379 0.124200 0.932377 2.512262
16.302345 -0.000000 0.284559 2.545431
16.356520 -0.114192 0.285511 2.545382
16.420086 -0.229283 0.286642 2.545324
16.491041 -0.345438 0.287915 2.545259
16.568043 -0.462788 0.289309 2.545187
16.668913 -0.582091 0.291134 2.545094
16.777828 -0.703200 0.293115 2.544992
16.921705 -0.827610 0.295723 2.544859
17.074568 -0.954617 0.298503 2.544717
17.186672 -1.081294 0.300588 2.544610
17.277145 -1.208136 0.302310 2.544522
17.420391 -1.340426 0.304973 2.544385
17.542141 -1.473055 0.307277 2.544267
17.654896 -1.606722 0.309441 2.544157
17.728691 -1.738314 0.310939 2.544080
17.814453 -1.872375 0.312665 2.543992
17.897499 -2.007526 0.314361 2.543905
17.999945 -2.146364 0.316416 2.543799
18.023594 -2.276910 0.317103 2.543764
18.123785 -2.418230 0.319155 2.543659
18.140631 -2.549500 0.319758 2.543628
18.158100 -2.681355 0.320388 2.543596
18.182903 -2.814862 0.321164 2.543556
18.172503 -2.943303 0.321336 2.543548
18.178822 -3.074718 0.321819 2.543523
18.188444 -3.207114 0.322378 2.543494
18.176704 -3.336050 0.322575 2.543484
18.160061 -3.464217 0.322701 2.543478
18.125139 -3.588874 0.322518 2.543487
18.120176 -3.719538 0.322884 2.543468
18.092402 -3.845659 0.322859 2.543469
18.038742 -3.966075 0.322388 2.543494
18.003363 -4.090264 0.322258 2.543500
17.983753 -4.218051 0.322426 2.543492
17.979025 -4.349584 0.322878 2.543468
17.986580 -4.484559 0.323568 2.543433
18.025507 -4.628164 0.324842 2.543368
18.031879 -4.764229 0.325548 2.543332
18.049402 -4.903914 0.326475 2.543284
18.066526 -5.044265 0.327413 2.543236
18.093687 -5.188282 0.328554 2.543178
18.126955 -5.335053 0.329827 2.543113
18.147312 -5.478997 0.330885 2.543059
18.251299 -5.649721 0.333492 2.542925
18.275053 -5.797188 0.334657 2.542866
18.372921 -5.969724 0.337205 2.542735
18.488646 -6.150354 0.340108 2.542587
18.542419 -6.312355 0.341900 2.542495
18.609367 -6.480468 0.343960 2.542389
18.650766 -6.641240 0.345574 2.542307
18.664272 -6.793240 0.346694 2.542249
18.787949 -6.987176 0.349889 2.542086
18.773144 -7.131249 0.350532 2.542053
18.833860 -7.305173 0.352610 2.541946
18.863865 -7.468732 0.354139 2.541868
18.881056 -7.628442 0.355453 2.541801
18.910383 -7.794297 0.357021 2.541720
18.940510 -7.961858 0.358630 2.541638
18.982494 -8.135908 0.360492 2.541543
18.989866 -8.296469 0.361723 2.541480
19.009264 -8.463470 0.363209 2.541404
19.049534 -8.641252 0.365122 2.541306
19.059851 -8.806889 0.366490 2.541236
19.090012 -8.983079 0.368266 2.541145
19.144754 -9.172630 0.370549 2.541028
19.170202 -9.349933 0.372296 2.540938
19.208395 -9.535131 0.374321 2.540835
19.248840 -9.723289 0.376423 2.540727
19.287979 -9.912676 0.378532 2.540619
19.351292 -10.116611 0.381152 2.540485
19.427004 -10.329521 0.384054 2.540336
19.473591 -10.529331 0.386419 2.540215
19.549654 -10.747514 0.389408 2.540062
19.645409 -10.979448 0.392832 2.539887
19.704185 -11.193536 0.395561 2.539747
19.742451 -11.398310 0.397916 2.539627
19.767107 -11.597293 0.400036 2.539518
19.765739 -11.782746 0.401663 2.539435
19.737036 -11.953174 0.402766 2.539378
19.717722 -12.130424 0.404090 2.539310
19.686012 -12.301186 0.405190 2.539254
19.644291 -12.466646 0.406113 2.539207
19.591644 -12.625953 0.406837 2.539170
19.542994 -12.788577 0.407671 2.539127
19.471842 -12.937061 0.408061 2.539107
19.392395 -13.080337 0.408299 2.539095
19.310144 -13.221932 0.408501 2.539085
19.229637 -13.364946 0.408762 2.539071
19.142584 -13.503608 0.408906 2.539064
19.047930 -13.636980 0.408907 2.539064
18.954943 -13.771572 0.408965 2.539061
18.850416 -13.897727 0.408793 2.539070
18.745388 -14.023342 0.408629 2.539078
18.651106 -14.156960 0.408718 2.539073
18.545849 -14.282228 0.408587 2.539080
18.430750 -14.399680 0.408256 2.539097
18.314175 -14.515637 0.407908 2.539115
18.199900 -14.633095 0.407629 2.539129
18.082224 -14.747502 0.407289 2.539147
17.963337 -14.860567 0.406938 2.539165
17.842672 -14.971780 0.406563 2.539184
17.717031 -15.078377 0.406089 2.539208
17.588299 -15.181811 0.405557 2.539236
17.462923 -15.287635 0.405118 2.539258
17.334181 -15.390007 0.404614 2.539284
17.206333 -15.492652 0.404144 2.539308
17.073866 -15.590583 0.403580 2.539337
16.947248 -15.693323 0.403167 2.539358
16.829136 -15.803612 0.402972 2.539368
16.702372 -15.905455 0.402585 2.539388
16.573814 -16.005146 0.402170 2.539409
16.447634 -16.106714 0.401827 2.539426
16.329668 -16.216061 0.401701 2.539433
16.209005 -16.322563 0.401526 2.539442
16.079285 -16.419626 0.401143 2.539461
15.953871 -16.520718 0.400882 2.539475
15.828844 -16.621925 0.400646 2.539487
15.699749 -16.718534 0.400323 2.539503
15.569005 -16.812998 0.399973 2.539521
15.438165 -16.906950 0.399634 2.539539
15.303506 -16.996265 0.399210 2.539560
15.165288 -17.081076 0.398706 2.539586
15.023480 -17.161182 0.398118 2.539616
14.875926 -17.233927 0.397386 2.539654
14.737095 -17.316031 0.396897 2.539679
14.591117 -17.389017 0.396226 2.539713
14.439394 -17.454229 0.395405 2.539755
14.289882 -17.521126 0.394651 2.539794
14.135246 -17.580702 0.393760 2.539840
13.984857 -17.644499 0.392993 2.539879
13.836241 -17.709581 0.392281 2.539915
13.684071 -17.769129 0.391475 2.539956
13.530994 -17.826427 0.390646 2.539999
13.376010 -17.880081 0.389766 2.540044
13.221224 -17.932833 0.388894 2.540089
13.068083 -17.986673 0.388074 2.540131
12.916941 -18.042192 0.387317 2.540169
12.768786 -18.100908 0.386654 2.540203
12.620857 -18.159035 0.386004 2.540236
12.474764 -18.218935 0.385417 2.540267
12.330203 -18.280277 0.384884 2.540294
12.187955 -18.344349 0.384432 2.540317
12.046967 -18.409695 0.384030 2.540338
11.909141 -18.479370 0.383740 2.540353
11.776043 -18.556076 0.383616 2.540359
11.645091 -18.636042 0.383579 2.540361
11.518990 -18.723852 0.383722 2.540354
11.398630 -18.821375 0.384080 2.540335
11.280199 -18.922710 0.384532 2.540312
11.165083 -19.030426 0.385127 2.540281
11.052704 -19.143847 0.385851 2.540244
10.943831 -19.264629 0.386736 2.540199
10.839119 -19.394320 0.387811 2.540144
10.736084 -19.528866 0.388994 2.540084
10.634899 -19.668837 0.390293 2.540017
10.537135 -19.817469 0.391773 2.539941
10.441475 -19.972700 0.393391 2.539858
10.346359 -20.131838 0.395093 2.539771
10.249660 -20.290878 0.396801 2.539684
10.150737 -20.448530 0.398488 2.539598
10.010443 -20.524450 0.398596 2.539592
9.836695 -20.530767 0.397375 2.539654
9.664000 -20.537046 0.396181 2.539715
9.492330 -20.543289 0.395014 2.539775
9.172685 -20.221069 0.387577 2.540156
8.842446 -19.860460 0.379473 2.540571
8.663553 -19.830091 0.377728 2.540660
8.501709 -19.835978 0.376700 2.540713
8.340735 -19.841831 0.375696 2.540764
8.180613 -19.847652 0.374716 2.540814
8.064626 -19.960649 0.375777 2.540760
7.956973 -20.097021 0.377289 2.540683
7.848444 -20.234501 0.378832 2.540604
7.739019 -20.373117 0.380407 2.540523
7.628678 -20.512896 0.382013 2.540441
7.503469 -20.615612 0.382941 2.540393
7.342967 -20.621449 0.382088 2.540437
7.183170 -20.627260 0.381257 2.540480
7.024060 -20.633047 0.380448 2.540521
6.865618 -20.638809 0.379662 2.540561
6.707820 -20.644548 0.378896 2.540601
6.550649 -20.650263 0.378153 2.540639
6.394085 -20.655958 0.377430 2.540676
6.238112 -20.661631 0.376729 2.540711
6.082712 -20.667282 0.376049 2.540746
5.927863 -20.672915 0.375389 2.540780
5.773548 -20.678526 0.374750 2.540813
5.593573 -20.587772 0.372388 2.540934
5.377051 -20.351328 0.367424 2.541188
5.166221 -20.121099 0.362607 2.541435
4.977619 -19.964140 0.359143 2.541612
4.831122 -19.969467 0.358624 2.541638
4.685041 -19.974781 0.358123 2.541664
4.539361 -19.980080 0.357641 2.541689
4.394068 -19.985365 0.357178 2.541713
4.268126 -20.079958 0.358327 2.541654
4.152729 -20.230522 0.360488 2.541543
4.035925 -20.382921 0.362693 2.541430
3.917679 -20.537203 0.364942 2.541315
3.797953 -20.693419 0.367238 2.541197
3.659739 -20.755413 0.367876 2.541165
3.511427 -20.760809 0.367528 2.541183
3.363388 -20.766193 0.367199 2.541199
3.215607 -20.771570 0.366888 2.541215
3.068071 -20.776936 0.366596 2.541230
2.920761 -20.782295 0.366321 2.541244
2.773664 -20.787647 0.366065 2.541257
2.626764 -20.792990 0.365828 2.541270
2.480048 -20.798328 0.365608 2.541281
2.333505 -20.803659 0.365406 2.541291
2.187112 -20.808985 0.365223 2.541301
2.040860 -20.814306 0.365057 2.541309
1.894733 -20.819622 0.364910 2.541317
1.735320 -20.665403 0.361986 2.541466
1.576372 -20.486773 0.358655 2.541637
1.420310 -20.311386 0.355402 2.541803
1.267047 -20.139145 0.352225 2.541966
1.124005 -20.104324 0.351470 2.542005
0.983514 -20.109436 0.351431 2.542006
0.843050 -20.114546 0.351409 2.542008
0.702594 -20.119658 0.351404 2.542008
0.562135 -20.124767 0.351416 2.542007
0.424899 -20.284510 0.354145 2.541868
0.285704 -20.460865 0.357181 2.541712
0.144099 -20.640278 0.360286 2.541553
-0.000000 -20.822849 0.363464 2.541391
-0.145870 -20.893867 0.364713 2.541327
-0.291828 -20.899178 0.364832 2.541321
-0.437889 -20.904493 0.364969 2.541313
-0.584064 -20.909813 0.365124 2.541306
-0.730373 -20.915136 0.365298 2.541297
-0.876828 -20.920465 0.365489 2.541287
-1.023444 -20.925800 0.365698 2.541276
-1.170234 -20.931143 0.365925 2.541265
-1.317212 -20.936491 0.366170 2.541252
-1.464397 -20.941847 0.366434 2.541239
-1.611801 -20.947210 0.366716 2.541224
-1.759439 -20.952583 0.367016 2.541209
-1.907326 -20.957966 0.367334 2.541192
-2.042159 -20.827549 0.365290 2.541297
-2.173938 -20.683632 0.363023 2.541413
-2.304097 -20.541481 0.360801 2.541527
-2.432680 -20.401052 0.358624 2.541638
-2.559726 -20.262302 0.356491 2.541748
-2.701061 -20.243515 0.356483 2.541748
-2.845781 -20.248781 0.356917 2.541726
-2.990860 -20.254061 0.357370 2.541703
-3.136315 -20.259356 0.357841 2.541678
-3.293355 -20.333778 0.359553 2.541591
-3.478982 -20.568979 0.364132 2.541356
-3.669412 -20.810266 0.368848 2.541115
-3.859547 -21.029016 0.373194 2.540892
-4.012563 -21.034586 0.373781 2.540862
-4.166069 -21.040173 0.374388 2.540831
-4.320077 -21.045778 0.375015 2.540799
-4.474614 -21.051403 0.375663 2.540766
-4.629693 -21.057047 0.376331 2.540732
-4.785332 -21.062714 0.377020 2.540696
-4.941550 -21.068399 0.377730 2.540660
-5.098363 -21.074106 0.378462 2.540623
-5.255794 -21.079838 0.379214 2.540584
-5.413861 -21.085592 0.379988 2.540545
-5.572582 -21.091370 0.380784 2.540504
-5.726843 -21.078276 0.381261 2.540479
-5.848164 -20.945770 0.379593 2.540565
-5.968436 -20.814409 0.377958 2.540648
-6.087683 -20.684168 0.376356 2.540731
-6.205928 -20.555021 0.374785 2.540811
-6.323196 -20.426941 0.373246 2.540890
-6.465082 -20.380522 0.373213 2.540891
-6.623912 -20.386305 0.374157 2.540843
-6.783555 -20.392117 0.375124 2.540794
-6.944033 -20.397959 0.376114 2.540743
-7.166662 -20.579844 0.380381 2.540524
-7.460925 -20.952713 0.388226 2.540123
-7.704884 -21.168993 0.393220 2.539867
-7.874982 -21.175186 0.394347 2.539809
-8.046066 -21.181416 0.395499 2.539750
-8.218162 -21.187681 0.396678 2.539690
-8.391292 -21.193983 0.397883 2.539628
-8.565488 -21.200325 0.399115 2.539565
-8.740775 -21.206707 0.400374 2.539501
-8.917181 -21.213131 0.401661 2.539435
-9.094732 -21.219595 0.402976 2.539367
-9.273456 -21.226103 0.404319 2.539299
-9.453387 -21.232655 0.405691 2.539228
-9.587825 -21.136242 0.405118 2.539258
-9.706449 -21.006676 0.403924 2.539319
-9.824379 -20.877863 0.402756 2.539379
-9.941633 -20.749790 0.401614 2.539437
-10.058233 -20.622433 0.400499 2.539495
-10.184197 -20.515930 0.399801 2.539530
-10.366700 -20.522575 0.401332 2.539452
-10.550615 -20.529272 0.402893 2.539372
-10.735972 -20.536022 0.404487 2.539290
-10.917941 -20.533661 0.405932 2.539216
-11.042693 -20.423033 0.405259 2.539251
-11.164207 -20.307615 0.404505 2.539289
-11.282800 -20.188189 0.403686 2.539331
-11.386130 -20.043215 0.402366 2.539399
-11.498135 -19.915354 0.401401 2.539448
-11.607050 -19.783735 0.400372 2.539501
-11.702377 -19.630917 0.398923 2.539575
-11.796303 -19.478006 0.397480 2.539649
-11.887004 -19.322050 0.395981 2.539726
-11.978927 -19.170288 0.394575 2.539798
-12.063789 -19.009489 0.392989 2.539879
-12.137808 -18.834188 0.391108 2.539975
-12.207303 -18.654711 0.389141 2.540076
-12.275185 -18.475639 0.387184 2.540176
-12.339428 -18.293953 0.385172 2.540279
-12.404835 -18.116802 0.383256 2.540377
-12.465694 -17.935781 0.381259 2.540479
-12.520796 -17.749355 0.379145 2.540588
-12.587875 -17.582560 0.377450 2.540674
-12.653587 -17.416168 0.375765 2.540761
-12.714292 -17.245243 0.373983 2.540852
-12.777995 -17.080696 0.372340 2.540936
-12.843435 -16.920597 0.370796 2.541015
-12.904034 -16.756229 0.369159 2.541099
-12.983453 -16.618061 0.368103 2.541153
-13.048937 -16.463655 0.366692 2.541225
-13.118064 -16.315578 0.365425 2.541290
-13.185877 -16.167482 0.364161 2.541355
-13.261204 -16.030037 0.363142 2.541407
-13.328555 -15.884353 0.361940 2.541469
-13.389191 -15.732240 0.360596 2.541538
-13.466867 -15.601514 0.359745 2.541581
-13.530572 -15.455850 0.358556 2.541642
-13.595363 -15.312822 0.357431 2.541700
-13.668221 -15.180096 0.356552 2.541744
-13.732272 -15.038752 0.355475 2.541800
-13.814775 -14.918598 0.354906 2.541829
-13.908282 -14.810817 0.354643 2.541842
-13.974975 -14.675165 0.353723 2.541889
-14.067910 -14.567747 0.353492 2.541901
-14.163822 -14.463614 0.353356 2.541908
-14.243691 -14.343477 0.352842 2.541934
-14.348380 -14.248559 0.352963 2.541928
-14.442805 -14.143436 0.352848 2.541934
-14.535846 -14.037103 0.352718 2.541941
-14.635974 -13.937644 0.352778 2.541938
-14.732054 -13.834317 0.352757 2.541939
-14.827431 -13.730352 0.352737 2.541940
-14.928679 -13.631753 0.352873 2.541933
-15.010818 -13.515801 0.352576 2.541948
-15.106480 -13.412155 0.352615 2.541946
-15.188635 -13.296643 0.352357 2.541959
-15.265335 -13.176684 0.351994 2.541978
-15.329967 -13.046822 0.351375 2.542010
-15.363846 -12.891797 0.350080 2.542076
-15.379841 -12.723307 0.348412 2.542161
-15.398259 -12.558513 0.346835 2.542242
-15.418618 -12.396888 0.345335 2.542319
-15.406567 -12.211092 0.343148 2.542431
-15.409215 -12.038999 0.341326 2.542524
-15.399583 -11.859271 0.339271 2.542629
-15.397456 -11.687304 0.337418 2.542724
-15.403383 -11.523204 0.335777 2.542808
-15.383399 -11.341617 0.333607 2.542919
-15.362935 -11.161825 0.331465 2.543029
-15.350200 -10.989659 0.329527 2.543128
-15.341742 -10.822407 0.327716 2.543221
-15.313717 -10.643312 0.325522 2.543333
-15.317423 -10.488055 0.324036 2.543409
-15.306971 -10.324681 0.322282 2.543499
-15.299218 -10.164772 0.320617 2.543584
-15.297620 -10.010480 0.319111 2.543661
-15.297588 -9.858624 0.317667 2.543735
-15.301317 -9.710508 0.316329 2.543804
-15.318250 -9.571904 0.315290 2.543857
-15.329812 -9.430960 0.314165 2.543915
-15.353743 -9.298556 0.313317 2.543958
-15.362454 -9.157862 0.312183 2.544016
-15.362785 -9.013290 0.310903 2.544082
-15.385924 -8.883067 0.310109 2.544122
-15.412556 -8.755547 0.309406 2.544158
-15.435441 -8.626575 0.308649 2.544197
-15.459522 -8.498945 0.307937 2.544234
-15.479963 -8.369983 0.307172 2.544273
-15.500941 -8.241997 0.306439 2.544310
-15.531779 -8.119815 0.305921 2.544337
-15.547797 -7.990481 0.305130 2.544377
-15.570249 -7.865099 0.304486 2.544410
-15.619946 -7.753806 0.304392 2.544415
-15.652100 -7.634038 0.303972 2.544437
-15.693492 -7.519058 0.303749 2.544448
-15.734356 -7.404025 0.303532 2.544459
-15.769419 -7.286495 0.303220 2.544475
-15.807124 -7.170427 0.302975 2.544488
-15.851581 -7.057578 0.302875 2.544493
-15.903556 -6.948090 0.302934 2.544490
-15.953526 -6.837689 0.302969 2.544488
-15.999804 -6.725699 0.302949 2.544489
-16.040640 -6.611473 0.302841 2.544494
-16.089199 -6.500459 0.302894 2.544492
-16.148396 -6.393599 0.303160 2.544478
-16.201910 -6.284306 0.303334 2.544469
-16.248260 -6.172136 0.303387 2.544466
-16.308111 -6.064930 0.303707 2.544450
-16.355450 -5.952897 0.303807 2.544445
-16.407175 -5.842329 0.304003 2.544435
-16.465757 -5.733982 0.304339 2.544418
-16.525492 -5.625737 0.304710 2.544399
-16.566946 -5.511087 0.304758 2.544396
-16.627411 -5.402573 0.305169 2.544375
-16.681507 -5.291682 0.305476 2.544359
-16.738106 -5.181308 0.305842 2.544341
-16.791359 -5.069611 0.306161 2.544325
-16.843447 -4.957294 0.306473 2.544308
-16.897104 -4.845167 0.306826 2.544290
-16.938978 -4.729445 0.306979 2.544282
-16.987877 -4.615503 0.307274 2.544267
-17.040497 -4.502294 0.307650 2.544248
-17.094793 -4.389194 0.308069 2.544227
-17.127583 -4.270386 0.308115 2.544224
-17.167583 -4.153272 0.308306 2.544214
-17.213991 -4.037504 0.308626 2.544198
-17.258146 -3.920955 0.308919 2.544183
-17.305407 -3.804838 0.309282 2.544165
-17.340662 -3.685871 0.309444 2.544156
-17.369955 -3.565537 0.309515 2.544153
-17.407816 -3.446839 0.309754 2.544141
-17.444748 -3.327764 0.309990 2.544128
-17.483414 -3.208805 0.310271 2.544114
-17.518675 -3.089015 0.310507 2.544102
-17.550470 -2.968437 0.310696 2.544092
-17.591722 -2.849236 0.311066 2.544073
-17.631794 -2.729547 0.311430 2.544055
-17.669815 -2.609249 0.311772 2.544037
-17.708849 -2.488816 0.312147 2.544018
-17.750288 -2.368391 0.312578 2.543996
-17.804495 -2.249229 0.313249 2.543962
-17.851046 -2.128609 0.313799 2.543934
-17.895397 -2.007288 0.314324 2.543907
-17.944065 -1.885997 0.314940 2.543875
-17.999889 -1.764902 0.315696 2.543836
-18.047688 -1.642467 0.316325 2.543804
-18.097441 -1.519685 0.317004 2.543769
-18.154095 -1.396879 0.317818 2.543728
-18.219881 -1.274058 0.318806 2.543677
-18.272306 -1.149593 0.319575 2.543638
-18.331110 -1.024867 0.320470 2.543592
-18.392649 -0.899551 0.321429 2.543543
-18.453682 -0.773436 0.322393 2.543494
-18.532015 -0.647152 0.323675 2.543428
-18.606915 -0.519735 0.324912 2.543364
-18.672396 -0.391130 0.325999 2.543309
-18.755461 -0.261893 0.327410 2.543237
-18.825842 -0.131429 0.328614 2.543175
-18.902130 0.000000 0.329938 2.543107
-18.989679 0.132578 0.331474 2.543028
-19.059542 0.266140 0.332718 2.542965
-19.139156 0.400907 0.334148 2.542892
-19.213642 0.536688 0.335506 2.542822
-19.283865 0.673408 0.336806 2.542755
-19.360075 0.811431 0.338228 2.542683
-19.436863 0.950622 0.339677 2.542608
-19.512463 1.090915 0.341123 2.542535
-19.585598 1.232224 0.342544 2.542462
-19.656294 1.374502 0.343940 2.542390
-19.724121 1.517692 0.345304 2.542320
-19.807796 1.663308 0.346963 2.542235
-19.885504 1.809722 0.348537 2.542155
-19.964458 1.957535 0.350152 2.542072
-20.034111 2.105670 0.351623 2.541997
-20.106926 2.255357 0.353169 2.541918
-20.186359 2.407079 0.354850 2.541831
-20.278894 2.561819 0.356783 2.541733
-20.365833 2.717385 0.358637 2.541638
-20.450766 2.874168 0.360478 2.541543
-20.543736 3.033638 0.362481 2.541441
-20.616457 3.191597 0.364148 2.541356
-20.703930 3.353304 0.366098 2.541256
-20.787655 3.515971 0.368003 2.541158
-20.871984 3.680294 0.369942 2.541059
-20.944241 3.843991 0.371689 2.540969
-21.006384 4.007184 0.373280 2.540888
-21.077557 4.173468 0.375053 2.540797
-21.122028 4.335732 0.376374 2.540730
-21.154650 4.496560 0.377505 2.540672
-21.185106 4.657852 0.378620 2.540615
-21.204214 4.817481 0.379553 2.540567
-21.227270 4.978810 0.380579 2.540514
-21.240786 5.138690 0.381455 2.540469
-21.246399 5.297323 0.382211 2.540431
-21.260574 5.458791 0.383142 2.540383
-21.271748 5.620240 0.384041 2.540337
-21.267389 5.778221 0.384681 2.540304
-21.261099 5.936208 0.385308 2.540272
-21.257677 6.095541 0.386007 2.540236
-21.246607 6.253221 0.386590 2.540207
-21.239609 6.412618 0.387268 2.540172
-21.236250 6.573716 0.388034 2.540133
-21.236534 6.736628 0.388889 2.540089
-21.220671 6.895014 0.389470 2.540059
-21.205559 7.054154 0.390087 2.540027
-21.188463 7.213143 0.390690 2.539997
-21.173773 7.373487 0.391358 2.539963
-21.161442 7.535254 0.392093 2.539925
-21.157827 7.700820 0.393013 2.539878
-21.139679 7.861780 0.393686 2.539843
-21.117804 8.021903 0.394312 2.539811
-21.084768 8.178242 0.394751 2.539789
-21.036497 8.328941 0.394927 2.539780
-20.997692 8.483619 0.395300 2.539761
-20.958248 8.638371 0.395683 2.539741
-20.910585 8.790003 0.395933 2.539728
-20.854271 8.938151 0.396038 2.539723
-20.808924 9.091198 0.396373 2.539706
-20.760841 9.243322 0.396676 2.539690
-20.706900 9.393070 0.396889 2.539679
-20.660887 9.546672 0.397275 2.539660
-20.598055 9.692708 0.397358 2.539655
-20.540321 9.841275 0.397560 2.539645
-20.483490 9.990466 0.397800 2.539633
-20.411898 10.132559 0.397774 2.539634
-20.354794 10.281947 0.398051 2.539620
-20.292929 10.429148 0.398255 2.539609
-20.222763 10.572207 0.398317 2.539606
-20.147907 10.712832 0.398306 2.539607
-20.075466 10.854768 0.398362 2.539604
-20.003370 10.996948 0.398445 2.539600
-19.930601 11.138835 0.398535 2.539595
-19.852367 11.277717 0.398535 2.539595
-19.770494 11.414500 0.398482 2.539598
-19.690815 11.552538 0.398492 2.539597
-19.603271 11.685897 0.398361 2.539604
-19.510414 11.815926 0.398141 2.539615
-19.423643 11.949508 0.398063 2.539619
-19.326916 12.076797 0.397799 2.539633
-19.228168 12.202572 0.397510 2.539647
-19.127916 12.327103 0.397207 2.539663
-19.017370 12.444616 0.396706 2.539689
-18.882360 12.545414 0.395707 2.539740
-18.747131 12.645101 0.394714 2.539791
-18.592302 12.730419 0.393315 2.539862
-18.441166 12.816947 0.392002 2.539929
-18.330299 12.930602 0.391554 2.539952
-18.216671 13.041859 0.391062 2.539978
-18.090498 13.143517 0.390314 2.540016
-17.960037 13.241286 0.389484 2.540058
-17.821379 13.332096 0.388487 2.540109
-17.683468 13.422482 0.387513 2.540159
-17.539490 13.507229 0.386415 2.540215
-17.393530 13.589315 0.385281 2.540274
-17.241951 13.665807 0.384027 2.540338
-17.092619 13.742820 0.382829 2.540399
-17.010948 13.873789 0.383159 2.540382
-16.937860 14.012220 0.383707 2.540354
-16.867682 14.153666 0.384346 2.540321
-16.801077 14.298842 0.385094 2.540283
-16.738335 14.448145 0.385959 2.540239
-16.675982 14.598717 0.386861 2.540193
-16.618835 14.754897 0.387916 2.540139
-16.567921 14.917824 0.389149 2.540076
-16.519436 15.084324 0.390474 2.540008
-16.477865 15.258672 0.392000 2.539930
-16.439020 15.437266 0.393630 2.539846
-16.405212 15.622478 0.395423 2.539754
-16.389961 15.827602 0.397709 2.539637
-16.383432 16.043848 0.400259 2.539507
-16.387539 16.273531 0.403125 2.539360
-16.389961 16.504784 0.406009 2.539212
-16.388676 16.735569 0.408862 2.539066
-16.386065 16.968267 0.411742 2.538919
-16.387266 17.208330 0.414781 2.538763
-16.388992 17.452507 0.417898 2.538604
-16.377972 17.686598 0.420755 2.538457
-16.369560 17.926960 0.423744 2.538304
-16.369612 18.180298 0.427021 2.538136
-16.378798 18.447891 0.430610 2.537953
-15.952801 18.222740 0.422744 2.538355
-15.736257 18.230627 0.420368 2.538477
-15.522114 18.238426 0.418039 2.538596
-15.338325 18.279503 0.416516 2.538674
-15.240057 18.422071 0.417330 2.538633
-15.141403 18.565197 0.418168 2.538590
-15.042348 18.708906 0.419029 2.538546
-14.942875 18.853220 0.419914 2.538500
-14.842979 18.998148 0.420824 2.538454
-14.742640 19.143715 0.421758 2.538406
-14.641854 19.289934 0.422717 2.538357
-14.451694 19.317976 0.421111 2.538439
-14.247908 19.325397 0.419094 2.538542
-14.046063 19.332748 0.417117 2.538644
-13.846096 19.340031 0.415178 2.538743
-13.647978 19.347244 0.413277 2.538840
-13.451655 19.354395 0.411414 2.538935
-13.257078 19.361481 0.409587 2.539029
-13.064219 19.368504 0.407796 2.539121
-12.198008 18.359484 0.384749 2.540301
-12.018389 18.366026 0.383119 2.540384
-11.840277 18.372511 0.381520 2.540466
-11.663630 18.378944 0.379954 2.540546
-11.528600 18.449615 0.379742 2.540557
-11.434371 18.586311 0.380903 2.540498
-11.339562 18.723846 0.382090 2.540437
-11.244157 18.862247 0.383303 2.540375
-11.148135 19.001541 0.384542 2.540312
-11.051489 19.141741 0.385809 2.540247
-10.954196 19.282879 0.387103 2.540180
-10.856246 19.424969 0.388424 2.540113
-10.695347 19.454762 0.387517 2.540159
-10.522550 19.461054 0.386170 2.540228
-10.350947 19.467302 0.384851 2.540296
-10.180499 19.473507 0.383559 2.540362
-10.011190 19.479671 0.382294 2.540426
-9.842985 19.485796 0.381057 2.540490
-9.675851 19.491882 0.379845 2.540552
-9.509774 19.497929 0.378660 2.540612
-9.344717 19.503937 0.377501 2.540672
-9.072353 19.279736 0.371926 2.540957
-8.685764 18.797714 0.361449 2.541494
-8.391107 18.498098 0.354553 2.541847
-8.238359 18.503658 0.353548 2.541898
-8.086462 18.509190 0.352567 2.541949
-7.935404 18.514688 0.351608 2.541998
-7.785975 18.522102 0.350708 2.542044
-7.691025 18.659832 0.352290 2.541963
-7.595212 18.798811 0.353904 2.541880
-7.498509 18.939083 0.355551 2.541796
-7.400901 19.080666 0.357230 2.541710
-7.302361 19.223600 0.358943 2.541622
-7.202863 19.367924 0.360690 2.541533
-7.102391 19.513659 0.362472 2.541441
-6.975746 19.590179 0.362980 2.541415
-6.823946 19.595705 0.362191 2.541456
-6.672796 19.601208 0.361423 2.541495
-6.522274 19.606688 0.360675 2.541533
-6.372372 19.612144 0.359948 2.541571
-6.223059 19.617579 0.359242 2.541607
-6.074329 19.622992 0.358556 2.541642
-5.926160 19.628386 0.357890 2.541676
-5.778527 19.633759 0.357243 2.541709
-5.631425 19.639114 0.356617 2.541741
-5.484825 19.644449 0.356010 2.541772
-5.271133 19.400997 0.350922 2.542033
-5.054652 19.131086 0.345393 2.542316
-4.844868 18.869526 0.340052 2.542589
-4.646083 18.634424 0.335223 2.542836
-4.509347 18.639400 0.334738 2.542861
-4.372989 18.644363 0.334270 2.542885
-4.237015 18.649311 0.333821 2.542908
-4.101400 18.654247 0.333388 2.542930
-3.973778 18.695156 0.333615 2.542919
-3.868816 18.847393 0.335842 2.542805
-3.762430 19.001694 0.338115 2.542688
-3.654597 19.158092 0.340436 2.542570
-3.545268 19.316662 0.342805 2.542448
-3.434402 19.477459 0.345225 2.542324
-3.321953 19.640553 0.347696 2.542198
-3.195197 19.727781 0.348837 2.542139
-3.054808 19.732889 0.348542 2.542155
-2.914650 19.737989 0.348264 2.542169
-2.774709 19.743082 0.348004 2.542182
-2.634970 19.748167 0.347760 2.542195
-2.495409 19.753246 0.347535 2.542206
-2.356032 19.758318 0.347326 2.542217
-2.216816 19.763384 0.347135 2.542227
-2.077747 19.768444 0.346960 2.542235
-1.938811 19.773500 0.346803 2.542244
-1.799983 19.778551 0.346663 2.542251
-1.659162 19.758484 0.346099 2.542280
-1.505598 19.567028 0.342553 2.542461
-1.355143 19.379446 0.339096 2.542638
-1.207687 19.195604 0.335723 2.542811
-1.063118 19.015364 0.332433 2.542979
-0.921358 18.838625 0.329222 2.543144
-0.786898 18.774860 0.328004 2.543206
-0.655799 18.779629 0.327999 2.543206
-0.524698 18.784399 0.328011 2.543206
-0.393571 18.789171 0.328038 2.543205
-0.262426 18.793943 0.328081 2.543202
-0.131791 18.877642 0.329518 2.543129
0.000000 19.074541 0.332947 2.542953
0.134569 19.275591 0.336465 2.542773
0.272030 19.480959 0.340075 2.542588
0.412467 19.690775 0.343779 2.542398
0.554861 19.864231 0.346867 2.542240
0.693851 19.869287 0.347031 2.542232
0.832980 19.874350 0.347213 2.542222
0.972272 19.879416 0.347411 2.542212
1.111720 19.884489 0.347627 2.542202
1.251348 19.889568 0.347860 2.542190
1.391170 19.894655 0.348110 2.542177
1.531200 19.899750 0.348378 2.542163
1.671464 19.904852 0.348663 2.542148
1.811953 19.909962 0.348966 2.542133
1.952693 19.915081 0.349286 2.542117
2.093699 19.920212 0.349624 2.542099
2.221625 19.806246 0.347887 2.542188
2.343169 19.650351 0.345428 2.542314
2.463004 19.496651 0.343020 2.542437
2.581186 19.345070 0.340662 2.542558
2.697759 19.195553 0.338352 2.542676
2.812768 19.048042 0.336090 2.542792
2.927427 18.909985 0.334007 2.542899
3.063555 18.914934 0.334464 2.542875
3.200064 18.919899 0.334939 2.542851
3.336967 18.924879 0.335431 2.542826
3.474280 18.929874 0.335941 2.542800
3.615563 18.953411 0.336799 2.542756
3.808193 19.232758 0.342227 2.542478
4.007143 19.521269 0.347850 2.542190
4.212751 19.819435 0.353678 2.541892
4.398170 20.004030 0.357512 2.541695
4.546033 20.009409 0.358166 2.541662
4.694435 20.014807 0.358841 2.541627
4.843404 20.020224 0.359535 2.541592
4.992959 20.025663 0.360250 2.541555
5.143116 20.031124 0.360986 2.541517
5.293907 20.036608 0.361742 2.541479
5.445327 20.042114 0.362519 2.541439
5.597405 20.047646 0.363317 2.541398
5.750163 20.053200 0.364136 2.541356
5.903618 20.058781 0.364977 2.541313
6.020006 19.939199 0.363557 2.541386
6.129837 19.802286 0.361832 2.541474
6.238635 19.666660 0.360141 2.541561
6.346426 19.532290 0.358483 2.541646
6.453234 19.399143 0.356857 2.541729
6.559092 19.267185 0.355264 2.541811
6.664005 19.136402 0.353701 2.541890
6.783481 19.050220 0.352975 2.541928
6.935729 19.055758 0.353966 2.541877
7.088841 19.061325 0.354980 2.541825
7.242853 19.066925 0.356018 2.541772
7.405857 19.093428 0.357469 2.541698
7.766930 19.617020 0.368278 2.541144
8.137087 20.139996 0.379153 2.540587
8.303600 20.146051 0.380349 2.540526
8.471189 20.152143 0.381572 2.540463
8.639853 20.158276 0.382821 2.540400
8.809634 20.164450 0.384097 2.540334
8.980558 20.170664 0.385400 2.540267
9.152655 20.176922 0.386731 2.540199
9.325966 20.183222 0.388090 2.540130
9.500495 20.189568 0.389478 2.540059
9.676285 20.195959 0.390895 2.539986
9.798503 20.089907 0.390157 2.540024
9.906122 19.955759 0.388885 2.540089
10.013057 19.822468 0.387641 2.540153
10.119307 19.690029 0.386423 2.540215
10.224895 19.558414 0.385231 2.540276
10.329841 19.427605 0.384066 2.540336
10.434158 19.297577 0.382926 2.540394
10.548205 19.187099 0.382186 2.540432
10.726945 19.193598 0.383798 2.540349
10.907207 19.200151 0.385442 2.540265
11.089029 19.206760 0.387119 2.540179
11.784669 20.086485 0.406499 2.539187
12.091560 20.283766 0.412190 2.538896
12.288630 20.290930 0.414069 2.538800
12.487514 20.298159 0.415985 2.538702
12.688258 20.305456 0.417940 2.538601
12.890906 20.312822 0.419934 2.538499
13.095524 20.320261 0.421967 2.538395
13.302127 20.327770 0.424041 2.538289
13.506422 20.328794 0.426019 2.538188
13.618076 20.189629 0.425085 2.538236
13.729247 20.051064 0.424175 2.538282
13.839956 19.913074 0.423290 2.538327
13.950202 19.775663 0.422429 2.538372
14.060006 19.638803 0.421592 2.538414
14.169381 19.502480 0.420779 2.538456
14.278340 19.366674 0.419989 2.538496
14.460176 19.329302 0.421358 2.538426
14.677749 19.337212 0.423753 2.538304
14.897820 19.345209 0.426198 2.538179
15.957195 20.424278 0.452414 2.536836
16.194929 20.432919 0.455099 2.536699
16.435532 20.441664 0.457838 2.536559
16.679041 20.450514 0.460633 2.536416
16.925552 20.459475 0.463485 2.536269
17.175150 20.468546 0.466396 2.536120
17.355188 20.392282 0.467407 2.536069
17.474163 20.243999 0.466794 2.536100
17.592823 20.096111 0.466204 2.536130
17.711189 19.948589 0.465639 2.536159
17.829275 19.801416 0.465098 2.536187
17.947094 19.654579 0.464580 2.536213
18.064665 19.508049 0.464087 2.536239
18.281866 19.468201 0.466164 2.536132
18.548552 19.477894 0.469485 2.535962
19.860491 20.566141 0.499046 2.534449
20.150158 20.576668 0.502702 2.534262
20.444138 20.587351 0.506438 2.534070
20.742510 20.598194 0.510255 2.533875
21.045429 20.609203 0.514154 2.533675
21.194681 20.467464 0.514297 2.533668
21.323874 20.306454 0.513980 2.533684
21.452925 20.145622 0.513687 2.533699
20.564459 19.042891 0.489218 2.534952
20.083122 18.338406 0.474710 2.535695
19.697308 17.735535 0.462652 2.536312
15.785381 14.014920 0.368462 2.541135
15.546494 13.609918 0.360659 2.541534
15.424006 13.313639 0.355652 2.541790
15.276543 13.001354 0.350150 2.542072
15.119357 12.686646 0.344509 2.542361
15.061574 12.460020 0.341202 2.542530
15.074491 12.294446 0.339542 2.542615
15.075468 12.120982 0.337650 2.542712
15.076488 11.949473 0.335796 2.542807
15.077547 11.779870 0.333980 2.542900
15.085987 11.617777 0.332362 2.542983
15.094385 11.457254 0.330777 2.543064
15.096096 11.293317 0.329078 2.543151
15.097834 11.131081 0.327414 2.543236
15.099600 10.970501 0.325784 2.543320
15.119130 10.824236 0.324567 2.543382
15.154187 10.690095 0.323709 2.543426
15.177608 10.548707 0.322628 2.543481
15.202425 10.409315 0.321603 2.543534
15.220034 10.266042 0.320452 2.543593
15.224460 10.115108 0.319051 2.543665
15.226784 9.964121 0.317634 2.543737
15.235344 9.818504 0.316375 2.543802
15.251130 9.678658 0.315292 2.543857
15.265972 9.539238 0.314214 2.543912
15.283147 9.402257 0.313209 2.543964
15.297844 9.264697 0.312177 2.544017
15.300290 9.120799 0.310920 2.544081
15.312609 8.983852 0.309888 2.544134
15.324900 8.847835 0.308879 2.544185
15.327406 8.707180 0.307697 2.544246
15.340862 8.573711 0.306758 2.544294
15.356461 8.442281 0.305884 2.544339
15.372056 8.311637 0.305031 2.544382
15.377182 8.176192 0.303993 2.544436
15.379791 8.040362 0.302927 2.544490
15.384356 7.906478 0.301923 2.544542
15.400704 7.779451 0.301170 2.544580
15.407424 7.648310 0.300250 2.544627
15.410114 7.516015 0.299273 2.544677
15.412825 7.384590 0.298317 2.544726
15.415555 7.254004 0.297382 2.544774
15.418305 7.124253 0.296469 2.544821
15.421076 6.995308 0.295576 2.544867
15.423865 6.867147 0.294703 2.544911
15.426676 6.739751 0.293851 2.544955
15.429507 6.613089 0.293018 2.544997
15.432359 6.487162 0.292205 2.545039
15.435231 6.361941 0.291411 2.545080
15.442834 6.239310 0.290725 2.545115
15.456227 6.119555 0.290166 2.545144
15.459310 5.996265 0.289431 2.545181
15.462410 5.873614 0.288714 2.545218
15.465528 5.751576 0.288016 2.545254
15.468662 5.630132 0.287335 2.545288
15.473488 5.509863 0.286703 2.545321
15.478724 5.390256 0.286096 2.545352
15.481791 5.270428 0.285465 2.545384
15.484882 5.151133 0.284852 2.545416
15.487995 5.032354 0.284256 2.545446
15.491130 4.914078 0.283677 2.545476
15.494288 4.796278 0.283115 2.545504
15.498343 4.679222 0.282585 2.545532
15.512824 4.565670 0.282261 2.545548
15.519022 4.450008 0.281802 2.545572
15.522468 4.333952 0.281308 2.545597
15.530275 4.219477 0.280909 2.545617
15.533577 4.104145 0.280444 2.545641
15.546686 3.991709 0.280170 2.545655
15.554165 3.878089 0.279811 2.545674
15.557621 3.763786 0.279393 2.545695
15.570768 3.652085 0.279165 2.545707
15.582621 3.540281 0.278927 2.545719
15.586145 3.426834 0.278555 2.545738
15.594820 3.314781 0.278290 2.545752
15.609372 3.204145 0.278144 2.545759
15.623954 3.093621 0.278012 2.545766
15.638581 2.983215 0.277895 2.545772
15.653233 2.872904 0.277792 2.545777
15.662112 2.761653 0.277601 2.545787
15.669684 2.650330 0.277400 2.545797
15.683448 2.540159 0.277323 2.545801
15.697218 2.430054 0.277260 2.545804
15.710893 2.319981 0.277208 2.545807
15.730031 2.210711 0.277267 2.545804
15.755667 2.102256 0.277453 2.545794
15.770446 1.992265 0.277462 2.545794
15.786112 1.882376 0.277500 2.545792
15.801073 1.772372 0.277538 2.545790
15.819512 1.662698 0.277652 2.545784
15.845461 1.553663 0.277910 2.545771
15.871427 1.444408 0.278182 2.545757
15.890649 1.334371 0.278349 2.545748
15.904845 1.223809 0.278441 2.545744
15.930173 1.113946 0.278741 2.545728
15.956497 1.003899 0.279072 2.545712
15.982837 0.893574 0.279417 2.545694
16.009277 0.782981 0.279777 2.545675
16.036938 0.672145 0.280172 2.545655
16.071905 0.561243 0.280707 2.545628
16.106876 0.449907 0.281256 2.545599
16.151041 0.338311 0.281979 2.545563
16.201147 0.226222 0.282820 2.545520
16.251480 0.113457 0.283678 2.545476
14.836203 -0.000000 -0.258967 2.573259
14.874263 -0.103844 -0.259638 2.573293
14.906618 -0.208149 -0.260221 2.573323
14.942670 -0.313004 -0.260882 2.573357
14.981452 -0.418470 -0.261604 2.573394
15.033949 -0.524997 -0.262578 2.573444
15.087011 -0.632333 -0.263576 2.573495
15.132181 -0.740087 -0.264449 2.573540
15.208704 -0.850299 -0.265883 2.573613
15.300035 -0.962597 -0.267591 2.573700
15.376478 -1.075228 -0.269053 2.573776
15.470450 -1.190387 -0.270836 2.573867
15.580051 -1.308294 -0.272908 2.573973
15.771755 -1.435342 -0.276435 2.574153
15.913101 -1.560293 -0.279096 2.574290
15.990417 -1.680661 -0.280651 2.574369
16.247021 -1.822396 -0.285371 2.574611
16.389444 -1.954323 -0.288105 2.574751
16.593691 -2.096271 -0.291946 2.574948
16.675642 -2.225006 -0.293654 2.575035
16.766827 -2.356424 -0.295542 2.575132
16.815836 -2.483147 -0.296704 2.575191
16.869600 -2.611552 -0.297968 2.575256
16.915840 -2.739768 -0.299115 2.575315
16.935160 -2.864368 -0.299803 2.575350
16.885710 -2.977407 -0.299288 2.575324
16.846310 -3.091877 -0.298965 2.575307
16.854065 -3.215085 -0.299494 2.575334
16.860767 -3.338522 -0.300020 2.575361
16.837418 -3.456226 -0.300026 2.575361
16.795401 -3.569973 -0.299714 2.575345
16.757574 -3.684392 -0.299491 2.575334
16.799610 -3.816778 -0.300711 2.575397
16.783405 -3.936512 -0.300906 2.575406
16.768051 -4.056619 -0.301131 2.575418
16.763250 -4.179548 -0.301561 2.575440
16.761534 -4.303631 -0.302064 2.575465
16.765167 -4.429548 -0.302679 2.575497
16.787682 -4.561112 -0.303653 2.575547
16.823940 -4.697329 -0.304895 2.575610
16.858311 -4.834043 -0.306122 2.575673
16.874041 -4.966300 -0.307029 2.575720
16.905312 -5.104015 -0.308239 2.575782
16.967899 -5.252443 -0.310041 2.575874
17.008371 -5.395374 -0.311462 2.575947
17.044437 -5.538074 -0.312822 2.576016
17.073942 -5.679745 -0.314084 2.576081
17.098190 -5.820700 -0.315270 2.576142
17.149290 -5.972015 -0.316973 2.576229
17.181105 -6.117917 -0.318343 2.576299
17.239912 -6.274815 -0.320236 2.576396
17.322947 -6.442346 -0.322606 2.576517
17.397943 -6.608860 -0.324854 2.576632
17.441332 -6.765047 -0.326538 2.576719
17.484577 -6.922634 -0.328245 2.576806
17.519009 -7.078139 -0.329811 2.576886
17.543348 -7.230846 -0.331212 2.576958
17.599438 -7.398123 -0.333237 2.577062
17.615791 -7.550138 -0.334537 2.577128
17.624607 -7.700002 -0.335717 2.577188
17.646908 -7.856910 -0.337179 2.577263
17.685820 -8.022644 -0.338984 2.577356
17.699697 -8.178409 -0.340336 2.577425
17.735065 -8.345489 -0.342128 2.577517
17.794271 -8.525586 -0.344410 2.577634
17.862310 -8.712031 -0.346896 2.577761
17.929279 -8.900172 -0.349394 2.577889
17.995752 -9.090310 -0.351918 2.578018
18.064466 -9.283875 -0.354521 2.578151
18.150188 -9.488689 -0.357494 2.578304
18.226339 -9.691116 -0.360318 2.578448
18.290079 -9.889409 -0.362934 2.578582
18.393936 -10.112153 -0.366387 2.578759
18.476463 -10.326147 -0.369458 2.578916
18.544516 -10.534752 -0.372280 2.579061
18.643841 -10.764027 -0.375774 2.579240
18.718431 -10.982038 -0.378813 2.579395
18.830103 -11.224996 -0.382650 2.579592
18.846228 -11.413682 -0.384587 2.579691
18.893229 -11.623192 -0.387193 2.579824
18.899248 -11.809561 -0.388996 2.579916
18.924519 -12.009866 -0.391233 2.580031
18.901678 -12.181300 -0.392509 2.580096
18.882530 -12.356382 -0.393893 2.580167
18.850695 -12.524374 -0.395043 2.580226
18.804771 -12.683979 -0.395927 2.580271
18.744253 -12.834458 -0.396530 2.580302
18.681496 -12.983977 -0.397110 2.580332
18.603060 -13.123016 -0.397381 2.580346
18.520733 -13.259543 -0.397590 2.580357
18.442978 -13.399608 -0.397919 2.580373
18.352434 -13.530581 -0.397994 2.580377
18.258289 -13.658945 -0.398011 2.580378
18.163372 -13.786750 -0.398030 2.580379
18.062000 -13.909614 -0.397927 2.580374
17.957848 -14.030209 -0.397781 2.580366
17.848818 -14.146799 -0.397544 2.580354
17.737038 -14.260943 -0.397262 2.580340
17.617664 -14.368616 -0.396825 2.580317
17.497051 -14.474820 -0.396375 2.580294
17.372595 -14.577338 -0.395851 2.580267
17.247465 -14.678744 -0.395326 2.580240
17.120012 -14.777598 -0.394759 2.580212
16.995049 -14.878040 -0.394263 2.580186
16.872528 -14.980133 -0.393838 2.580164
16.745888 -15.078065 -0.393329 2.580138
16.608969 -15.166074 -0.392591 2.580101
16.478554 -15.259308 -0.392017 2.580071
16.349155 -15.352880 -0.391479 2.580044
16.214724 -15.441074 -0.390831 2.580010
16.088911 -15.536880 -0.390404 2.579989
15.962462 -15.631599 -0.389974 2.579967
15.834134 -15.723975 -0.389511 2.579943
15.708167 -15.818216 -0.389120 2.579923
15.582919 -15.912755 -0.388760 2.579904
15.468225 -16.017817 -0.388679 2.579900
15.352219 -16.121418 -0.388582 2.579895
15.225641 -16.213661 -0.388234 2.579877
15.101450 -16.308084 -0.387961 2.579864
14.978058 -16.403069 -0.387724 2.579851
14.852901 -16.495819 -0.387456 2.579838
14.728274 -16.588856 -0.387216 2.579825
14.603785 -16.681768 -0.386996 2.579814
14.478050 -16.772984 -0.386757 2.579802
14.344102 -16.854265 -0.386313 2.579779
14.210071 -16.934902 -0.385878 2.579757
14.074718 -17.013412 -0.385419 2.579733
13.933275 -17.083883 -0.384802 2.579702
13.791876 -17.153635 -0.384195 2.579671
13.650181 -17.222244 -0.383588 2.579640
13.503946 -17.284264 -0.382860 2.579602
13.360040 -17.348368 -0.382205 2.579569
13.212638 -17.407007 -0.381455 2.579530
13.059376 -17.456829 -0.380540 2.579484
12.918189 -17.521807 -0.379981 2.579455
12.774705 -17.582874 -0.379362 2.579423
12.628719 -17.639610 -0.378675 2.579388
12.478786 -17.689806 -0.377873 2.579347
12.335504 -17.748465 -0.377277 2.579317
12.193319 -17.807896 -0.376721 2.579288
12.052223 -17.868156 -0.376207 2.579262
11.910921 -17.927380 -0.375694 2.579236
11.771599 -17.988888 -0.375252 2.579213
11.633199 -18.051191 -0.374848 2.579192
11.499779 -18.120754 -0.374616 2.579180
11.368896 -18.194038 -0.374481 2.579173
11.238255 -18.267525 -0.374370 2.579168
11.110905 -18.346285 -0.374385 2.579169
10.989759 -18.435495 -0.374631 2.579181
10.868938 -18.525658 -0.374912 2.579195
10.747469 -18.615164 -0.375196 2.579210
10.627053 -18.706999 -0.375542 2.579228
10.511213 -18.807602 -0.376079 2.579255
10.396891 -18.911875 -0.376704 2.579287
10.285874 -19.023329 -0.377484 2.579327
10.176230 -19.138706 -0.378355 2.579372
10.067239 -19.256853 -0.379292 2.579420
9.956654 -19.373552 -0.380212 2.579467
9.851342 -19.502344 -0.381380 2.579527
9.746490 -19.634178 -0.382618 2.579590
9.635849 -19.756420 -0.383680 2.579644
9.527400 -19.885220 -0.384881 2.579706
9.416025 -20.010075 -0.386015 2.579764
9.304100 -20.135923 -0.387181 2.579823
9.186973 -20.252569 -0.388181 2.579875
8.855932 -19.890749 -0.380051 2.579458
8.662457 -19.827583 -0.377680 2.579337
8.500636 -19.833475 -0.376652 2.579284
8.339685 -19.839334 -0.375649 2.579233
8.179585 -19.845161 -0.374669 2.579183
8.058729 -19.946054 -0.375502 2.579226
7.951131 -20.082266 -0.377012 2.579303
7.842659 -20.219585 -0.378553 2.579382
7.733291 -20.358036 -0.380125 2.579463
7.623007 -20.497646 -0.381729 2.579545
7.502541 -20.613062 -0.382894 2.579604
7.342060 -20.618904 -0.382041 2.579561
7.182286 -20.624720 -0.381210 2.579518
7.023197 -20.630510 -0.380402 2.579477
6.864776 -20.636278 -0.379615 2.579436
6.706999 -20.642021 -0.378850 2.579397
6.549848 -20.647741 -0.378107 2.579359
6.393306 -20.653439 -0.377384 2.579322
6.237353 -20.659115 -0.376683 2.579286
6.081973 -20.664772 -0.376003 2.579251
5.927144 -20.670406 -0.375343 2.579217
5.772849 -20.676023 -0.374704 2.579185
5.599470 -20.609478 -0.372781 2.579086
5.382644 -20.372499 -0.367806 2.578832
5.171524 -20.141756 -0.362979 2.578584
4.977020 -19.961737 -0.359100 2.578386
4.830541 -19.967068 -0.358581 2.578359
4.684479 -19.972383 -0.358080 2.578334
4.538817 -19.977686 -0.357598 2.578309
4.393542 -19.982973 -0.357135 2.578285
4.264530 -20.063038 -0.358025 2.578331
4.149209 -20.213371 -0.360182 2.578441
4.032484 -20.365536 -0.362383 2.578554
3.914317 -20.519579 -0.364629 2.578669
3.794673 -20.675547 -0.366921 2.578786
3.659304 -20.752947 -0.367832 2.578833
3.511010 -20.758343 -0.367484 2.578815
3.362989 -20.763729 -0.367155 2.578798
3.215226 -20.769108 -0.366844 2.578782
3.067708 -20.774475 -0.366552 2.578767
2.920415 -20.779835 -0.366278 2.578753
2.773335 -20.785189 -0.366022 2.578740
2.626454 -20.790533 -0.365784 2.578728
2.479756 -20.795872 -0.365565 2.578717
2.333229 -20.801203 -0.365363 2.578707
2.186854 -20.806530 -0.365180 2.578697
2.040619 -20.811852 -0.365014 2.578689
1.894509 -20.817167 -0.364867 2.578681
1.736741 -20.682322 -0.362282 2.578549
1.577650 -20.503389 -0.358946 2.578378
1.421452 -20.327713 -0.355688 2.578211
1.268056 -20.155188 -0.352506 2.578048
1.123873 -20.101957 -0.351429 2.577993
0.983398 -20.107069 -0.351390 2.577991
0.842950 -20.112179 -0.351368 2.577990
0.702511 -20.117289 -0.351363 2.577990
0.562069 -20.122398 -0.351375 2.577990
0.424474 -20.264256 -0.353792 2.578114
0.285417 -20.440262 -0.356821 2.578269
0.143953 -20.619312 -0.359920 2.578428
-0.000000 -20.801512 -0.363092 2.578590
-0.145853 -20.891405 -0.364670 2.578671
-0.291794 -20.896715 -0.364789 2.578677
-0.437837 -20.902029 -0.364926 2.578684
-0.583995 -20.907345 -0.365081 2.578692
-0.730287 -20.912668 -0.365254 2.578701
-0.876725 -20.917995 -0.365446 2.578711
-1.023323 -20.923328 -0.365655 2.578722
-1.170096 -20.928667 -0.365882 2.578733
-1.317056 -20.934013 -0.366127 2.578746
-1.464224 -20.939367 -0.366391 2.578759
-1.611610 -20.944729 -0.366672 2.578773
-1.759230 -20.950100 -0.366972 2.578789
-1.907100 -20.955479 -0.367291 2.578805
-2.043484 -20.841070 -0.365527 2.578715
-2.175340 -20.696976 -0.363257 2.578599
-2.305574 -20.554651 -0.361033 2.578485
-2.434230 -20.414055 -0.358853 2.578373
-2.561347 -20.275139 -0.356717 2.578264
-2.700739 -20.241096 -0.356441 2.578250
-2.845441 -20.246361 -0.356875 2.578272
-2.990502 -20.251637 -0.357327 2.578295
-3.135939 -20.256926 -0.357798 2.578319
-3.289055 -20.307228 -0.359083 2.578385
-3.474382 -20.541780 -0.363651 2.578619
-3.664497 -20.782393 -0.368354 2.578860
-3.859082 -21.026480 -0.373149 2.579105
-4.012079 -21.032045 -0.373736 2.579135
-4.165565 -21.037628 -0.374342 2.579166
-4.319554 -21.043228 -0.374970 2.579198
-4.474071 -21.048847 -0.375617 2.579232
-4.629130 -21.054487 -0.376285 2.579266
-4.784750 -21.060146 -0.376974 2.579301
-4.940948 -21.065828 -0.377684 2.579337
-5.097739 -21.071529 -0.378415 2.579375
-5.255150 -21.077255 -0.379168 2.579413
-5.413196 -21.083002 -0.379942 2.579453
-5.571896 -21.088774 -0.380738 2.579494
-5.730116 -21.090322 -0.381478 2.579532
-5.851491 -20.957687 -0.379809 2.579446
-5.971817 -20.826202 -0.378172 2.579362
-6.091117 -20.695837 -0.376568 2.579280
-6.209414 -20.566568 -0.374996 2.579200
-6.326734 -20.438370 -0.373455 2.579121
-6.464274 -20.377975 -0.373167 2.579106
-6.623082 -20.383749 -0.374110 2.579154
-6.782702 -20.389553 -0.375076 2.579204
-6.943158 -20.395388 -0.376066 2.579255
-7.152757 -20.539915 -0.379643 2.579438
-7.446152 -20.911224 -0.387457 2.579838
-7.703905 -21.166304 -0.393170 2.580130
-7.873979 -21.172489 -0.394297 2.580188
-8.045038 -21.178709 -0.395449 2.580247
-8.217109 -21.184965 -0.396627 2.580307
-8.390213 -21.191259 -0.397832 2.580369
-8.564384 -21.197592 -0.399064 2.580432
-8.739645 -21.203964 -0.400322 2.580496
-8.916023 -21.210379 -0.401609 2.580562
-9.093549 -21.216833 -0.402923 2.580630
-9.233849 -21.135445 -0.402592 2.580613
-9.341848 -20.982136 -0.400905 2.580526
-9.450463 -20.833429 -0.399314 2.580445
-9.554823 -20.678528 -0.397614 2.580358
-9.670345 -20.550524 -0.396441 2.580298
-9.782138 -20.416899 -0.395171 2.580233
-9.896735 -20.291315 -0.394068 2.580176
-10.027017 -20.199293 -0.393631 2.580154
-10.146884 -20.087414 -0.392822 2.580112
-10.263053 -19.969738 -0.391912 2.580066
-10.387085 -19.868662 -0.391342 2.580037
-10.513555 -19.773119 -0.390896 2.580014
-10.647268 -19.691708 -0.390747 2.580006
-10.760290 -19.572893 -0.389870 2.579961
-10.883804 -19.474272 -0.389410 2.579938
-10.998931 -19.361622 -0.388684 2.579901
-11.111082 -19.244959 -0.387889 2.579860
-11.208858 -19.105036 -0.386637 2.579796
-11.316216 -18.983128 -0.385759 2.579751
-11.409705 -18.839659 -0.384453 2.579684
-11.492969 -18.681555 -0.382855 2.579602
-11.582382 -18.535686 -0.381513 2.579533
-11.659065 -18.371746 -0.379805 2.579446
-11.732192 -18.204796 -0.378038 2.579355
-11.802209 -18.035664 -0.376227 2.579263
-11.876114 -17.874990 -0.374596 2.579179
-11.942672 -17.705738 -0.372787 2.579087
-11.999862 -17.525354 -0.370744 2.578982
-12.066924 -17.362026 -0.369062 2.578896
-12.137653 -17.206217 -0.367543 2.578818
-12.206116 -17.049322 -0.366003 2.578739
-12.279800 -16.901695 -0.364665 2.578671
-12.352491 -16.754511 -0.363341 2.578603
-12.426128 -16.610348 -0.362087 2.578539
-12.490837 -16.456066 -0.360616 2.578463
-12.569283 -16.321548 -0.359583 2.578410
-12.634163 -16.170992 -0.358200 2.578340
-12.710164 -16.036230 -0.357172 2.578287
-12.779390 -15.894354 -0.355991 2.578227
-12.845619 -15.750286 -0.354764 2.578164
-12.900825 -15.594414 -0.353273 2.578087
-12.957844 -15.442556 -0.351874 2.578016
-13.010170 -15.286893 -0.350388 2.577940
-13.060344 -15.130552 -0.348886 2.577863
-13.106081 -14.970957 -0.347307 2.577782
-13.150150 -14.811367 -0.345726 2.577701
-13.193771 -14.653168 -0.344175 2.577622
-13.237604 -14.497022 -0.342670 2.577545
-13.274599 -14.335261 -0.341029 2.577461
-13.299223 -14.162235 -0.339113 2.577363
-13.310369 -13.977262 -0.336901 2.577249
-13.327107 -13.800624 -0.334878 2.577146
-13.350350 -13.632924 -0.333062 2.577053
-13.360520 -13.454120 -0.330964 2.576945
-13.378941 -13.285864 -0.329115 2.576850
-13.389384 -13.111851 -0.327112 2.576748
-13.418083 -12.957692 -0.325595 2.576670
-13.431926 -12.791045 -0.323756 2.576576
-13.443995 -12.624750 -0.321915 2.576482
-13.454416 -12.458927 -0.320074 2.576388
-13.471455 -12.301126 -0.318428 2.576303
-13.489591 -12.146082 -0.316845 2.576222
-13.507774 -11.992759 -0.315298 2.576143
-13.533833 -11.847973 -0.313968 2.576075
-13.552232 -11.697973 -0.312492 2.575999
-13.570880 -11.549722 -0.311055 2.575926
-13.591260 -11.404421 -0.309690 2.575856
-13.601914 -11.252479 -0.308135 2.575777
-13.611039 -11.100891 -0.306579 2.575697
-13.639366 -10.966332 -0.305485 2.575641
-13.696980 -10.856091 -0.305070 2.575619
-13.743725 -10.737775 -0.304434 2.575587
-13.780160 -10.612148 -0.303593 2.575544
-13.816518 -10.487307 -0.302774 2.575502
-13.868035 -10.374617 -0.302308 2.575478
-13.934918 -10.273705 -0.302195 2.575472
-14.005915 -10.175892 -0.302187 2.575472
-14.065164 -10.069664 -0.301941 2.575459
-14.143648 -9.977244 -0.302123 2.575469
-14.208097 -9.874885 -0.302020 2.575463
-14.264973 -9.767428 -0.301772 2.575451
-14.321278 -9.659823 -0.301529 2.575438
-14.385992 -9.558027 -0.301479 2.575436
-14.426401 -9.440372 -0.300938 2.575408
-14.477444 -9.330076 -0.300636 2.575392
-14.524107 -9.217277 -0.300262 2.575373
-14.569823 -9.104236 -0.299885 2.575354
-14.628873 -8.999740 -0.299800 2.575350
-14.656908 -8.876537 -0.299097 2.575314
-14.696012 -8.760582 -0.298640 2.575290
-14.735012 -8.644978 -0.298199 2.575268
-14.783335 -8.535162 -0.297964 2.575256
-14.817774 -8.417664 -0.297466 2.575230
-14.866043 -8.308350 -0.297263 2.575220
-14.909654 -8.196652 -0.296984 2.575206
-14.943428 -8.079879 -0.296526 2.575182
-14.987833 -7.969172 -0.296296 2.575170
-15.023467 -7.854075 -0.295909 2.575150
-15.074054 -7.747010 -0.295833 2.575147
-15.126647 -7.641020 -0.295811 2.575145
-15.167945 -7.529431 -0.295583 2.575134
-15.208093 -7.417482 -0.295349 2.575122
-15.249831 -7.306492 -0.295162 2.575112
-15.304109 -7.201565 -0.295232 2.575116
-15.361421 -7.097974 -0.295375 2.575123
-15.413173 -6.991723 -0.295424 2.575126
-15.465019 -6.885470 -0.295489 2.575129
-15.520023 -6.780528 -0.295629 2.575136
-15.572464 -6.674366 -0.295733 2.575141
-15.618418 -6.565379 -0.295728 2.575141
-15.676150 -6.461241 -0.295960 2.575153
-15.729803 -6.355253 -0.296128 2.575162
-15.782252 -6.248632 -0.296286 2.575170
-15.853413 -6.149132 -0.296809 2.575197
-15.900203 -6.039921 -0.296889 2.575201
-15.955832 -5.933918 -0.297147 2.575214
-16.014814 -5.828916 -0.297480 2.575231
-16.070879 -5.722579 -0.297772 2.575246
-16.124475 -5.615135 -0.298031 2.575259
-16.181675 -5.508693 -0.298370 2.575277
-16.238997 -5.401993 -0.298725 2.575295
-16.296440 -5.295034 -0.299094 2.575314
-16.353786 -5.187723 -0.299475 2.575333
-16.414312 -5.081078 -0.299926 2.575356
-16.456875 -4.968624 -0.300063 2.575363
-16.513479 -4.860179 -0.300469 2.575384
-16.565523 -4.750087 -0.300805 2.575401
-16.617626 -4.639721 -0.301156 2.575419
-16.676535 -4.530913 -0.301643 2.575444
-16.728643 -4.419899 -0.302020 2.575463
-16.787514 -4.310299 -0.302532 2.575490
-16.827665 -4.195608 -0.302720 2.575499
-16.865685 -4.080235 -0.302884 2.575508
-16.911875 -3.966643 -0.303209 2.575524
-16.953209 -3.851676 -0.303461 2.575537
-16.990627 -3.735630 -0.303656 2.575547
-17.030762 -3.620000 -0.303914 2.575560
-17.069113 -3.503783 -0.304155 2.575572
-17.117849 -3.389424 -0.304594 2.575595
-17.152372 -3.271991 -0.304795 2.575605
-17.184994 -3.154034 -0.304975 2.575615
-17.225790 -3.037371 -0.305316 2.575632
-17.266344 -2.920380 -0.305666 2.575650
-17.295900 -2.801323 -0.305835 2.575659
-17.332851 -2.683268 -0.306150 2.575675
-17.377491 -2.566082 -0.306614 2.575699
-17.410955 -2.446950 -0.306896 2.575713
-17.451342 -2.328503 -0.307314 2.575734
-17.491774 -2.209724 -0.307747 2.575757
-17.532038 -2.090570 -0.308191 2.575779
-17.564445 -1.970166 -0.308511 2.575796
-17.612141 -1.851110 -0.309114 2.575826
-17.651855 -1.730776 -0.309592 2.575851
-17.688858 -1.609811 -0.310036 2.575874
-17.734608 -1.489217 -0.310648 2.575905
-17.786127 -1.368566 -0.311376 2.575942
-17.835644 -1.247190 -0.312083 2.575979
-17.876123 -1.124667 -0.312646 2.576007
-17.922960 -1.002048 -0.313335 2.576043
-17.976273 -0.879187 -0.314152 2.576085
-18.034098 -0.755850 -0.315063 2.576131
-18.091455 -0.631767 -0.315980 2.576178
-18.159565 -0.507239 -0.317100 2.576236
-18.206594 -0.381373 -0.317867 2.576275
-18.269722 -0.255111 -0.318930 2.576329
-18.334223 -0.127997 -0.320033 2.576386
-18.399052 0.000000 -0.321157 2.576443
-18.468170 0.128937 -0.322371 2.576505
-18.531731 0.258770 -0.323504 2.576563
-18.602819 0.389673 -0.324785 2.576629
-18.668772 0.521468 -0.325992 2.576691
-18.736145 0.654281 -0.327240 2.576755
-18.818430 0.788729 -0.328765 2.576833
-18.883221 0.923545 -0.330002 2.576896
-18.960930 1.060080 -0.331481 2.576972
-19.038586 1.197809 -0.332977 2.577048
-19.108948 1.336228 -0.334362 2.577119
-19.186293 1.476308 -0.335888 2.577197
-19.248985 1.616384 -0.337175 2.577263
-19.318253 1.758098 -0.338595 2.577336
-19.399866 1.902176 -0.340250 2.577421
-19.465904 2.045949 -0.341650 2.577492
-19.532293 2.190901 -0.343076 2.577565
-19.613264 2.338741 -0.344776 2.577652
-19.684843 2.486773 -0.346331 2.577732
-19.757610 2.636230 -0.347927 2.577814
-19.831751 2.787171 -0.349566 2.577898
-19.896202 2.938019 -0.351056 2.577974
-19.957737 3.089622 -0.352513 2.578048
-20.034475 3.244876 -0.354260 2.578138
-20.096148 3.399011 -0.355762 2.578215
-20.159142 3.554601 -0.357307 2.578294
-20.231100 3.713105 -0.359034 2.578382
-20.285110 3.869593 -0.360463 2.578456
-20.355536 4.030504 -0.362205 2.578545
-20.406839 4.188925 -0.363630 2.578618
-20.456097 4.348078 -0.365039 2.578690
-20.496998 4.506561 -0.366322 2.578756
-20.527639 4.663767 -0.367442 2.578813
-20.556919 4.821581 -0.368560 2.578870
-20.590099 4.981272 -0.369770 2.578932
-20.616947 5.140383 -0.370887 2.578990
-20.626951 5.296105 -0.371723 2.579032
-20.640196 5.453377 -0.372639 2.579079
-20.654522 5.611708 -0.373596 2.579128
-20.662325 5.769027 -0.374456 2.579172
-20.662291 5.924817 -0.375196 2.579210
-20.654074 6.078828 -0.375808 2.579241
-20.642706 6.232402 -0.376384 2.579271
-20.627691 6.385336 -0.376914 2.579298
-20.616621 6.539980 -0.377537 2.579330
-20.595806 6.691983 -0.378002 2.579354
-20.568802 6.842334 -0.378374 2.579373
-20.544317 6.993857 -0.378812 2.579395
-20.513081 7.143409 -0.379147 2.579412
-20.490557 7.296362 -0.379663 2.579439
-20.456728 7.445640 -0.379990 2.579455
-20.416594 7.592867 -0.380220 2.579467
-20.381735 7.742296 -0.380568 2.579485
-20.341513 7.889952 -0.380836 2.579499
-20.298723 8.036836 -0.381076 2.579511
-20.253923 8.183117 -0.381298 2.579522
-20.204069 8.327520 -0.381445 2.579530
-20.156950 8.473203 -0.381663 2.579541
-20.107002 8.617871 -0.381847 2.579551
-20.051044 8.760089 -0.381936 2.579555
-19.995045 8.902369 -0.382044 2.579561
-19.937124 9.043884 -0.382135 2.579565
-19.876904 9.184421 -0.382200 2.579568
-19.812639 9.323119 -0.382207 2.579569
-19.749939 9.462588 -0.382262 2.579572
-19.684937 9.600986 -0.382292 2.579573
-19.612421 9.735695 -0.382195 2.579568
-19.540043 9.870388 -0.382118 2.579564
-19.467043 10.004700 -0.382047 2.579561
-19.398121 10.141095 -0.382074 2.579562
-19.324718 10.275136 -0.382032 2.579560
-19.248940 10.407867 -0.381961 2.579556
-19.172321 10.540074 -0.381892 2.579553
-19.091970 10.670140 -0.381766 2.579546
-19.009377 10.798832 -0.381612 2.579538
-18.923883 10.925710 -0.381418 2.579528
-18.839500 11.053073 -0.381263 2.579521
-18.756079 11.180869 -0.381145 2.579515
-18.671968 11.308145 -0.381031 2.579509
-18.587759 11.435268 -0.380933 2.579504
-18.499481 11.559758 -0.380768 2.579495
-18.408661 11.682496 -0.380568 2.579485
-18.313265 11.802095 -0.380290 2.579471
-18.217987 11.921515 -0.380031 2.579458
-18.122816 12.040773 -0.379790 2.579445
-18.013350 12.150157 -0.379264 2.579418
-17.900961 12.257049 -0.378690 2.579389
-17.797754 12.369763 -0.378325 2.579370
-17.694908 12.482383 -0.377982 2.579353
-17.589321 12.592721 -0.377595 2.579333
-17.482208 12.701569 -0.377190 2.579312
-17.362787 12.800955 -0.376532 2.579278
-17.241423 12.898234 -0.375844 2.579243
-17.114063 12.990280 -0.375036 2.579202
-16.990015 13.084076 -0.374310 2.579165
-16.854280 13.168008 -0.373336 2.579115
-16.703583 13.239101 -0.372036 2.579048
-16.599979 13.346727 -0.371795 2.579036
-16.516874 13.470833 -0.372031 2.579048
-16.437803 13.598536 -0.372379 2.579066
-16.359875 13.727565 -0.372776 2.579086
-16.282757 13.857717 -0.373214 2.579108
-16.208294 13.990626 -0.373737 2.579135
-16.135529 14.125586 -0.374324 2.579165
-16.070665 14.268209 -0.375121 2.579206
-16.003859 14.409940 -0.375900 2.579246
-15.936571 14.552094 -0.376697 2.579287
-15.877287 14.702531 -0.377713 2.579339
-15.817618 14.853731 -0.378751 2.579392
-15.759452 15.007527 -0.379858 2.579448
-15.702198 15.163437 -0.381020 2.579508
-15.648539 15.324187 -0.382305 2.579574
-15.590435 15.481974 -0.383516 2.579636
-15.538677 15.647537 -0.384921 2.579708
-15.492403 15.820325 -0.386502 2.579789
-15.454620 16.003729 -0.388337 2.579883
-15.417690 16.190174 -0.390240 2.579980
-15.393772 16.392704 -0.392521 2.580097
-15.370041 16.598133 -0.394861 2.580217
-15.353380 16.814102 -0.397439 2.580349
-15.335860 17.032200 -0.400054 2.580483
-15.328856 17.265312 -0.403006 2.580634
-15.315204 17.494419 -0.405848 2.580779
-15.308118 17.734623 -0.408931 2.580937
-15.302954 17.980915 -0.412137 2.581101
-15.300054 18.233894 -0.415477 2.581272
-15.250501 18.434696 -0.417616 2.581382
-15.151801 18.577946 -0.418455 2.581425
-15.052699 18.721781 -0.419317 2.581469
-14.953178 18.866220 -0.420204 2.581514
-14.853236 19.011276 -0.421115 2.581561
-14.752851 19.156975 -0.422050 2.581609
-14.652019 19.303324 -0.423011 2.581658
-14.453763 19.320742 -0.421171 2.581564
-14.249939 19.328152 -0.419154 2.581461
-14.048056 19.335491 -0.417176 2.581359
-13.848052 19.342762 -0.415237 2.581260
-13.649897 19.349964 -0.413335 2.581163
-13.453538 19.357103 -0.411472 2.581067
-13.258925 19.364178 -0.409644 2.580974
-13.066032 19.371189 -0.407853 2.580882
-12.199693 18.362020 -0.384803 2.579702
-12.020041 18.368551 -0.383171 2.579618
-11.841898 18.375027 -0.381573 2.579536
-11.665220 18.381451 -0.380006 2.579456
-11.536883 18.462873 -0.380015 2.579457
-11.442613 18.599709 -0.381177 2.579516
-11.347761 18.737385 -0.382366 2.579577
-11.252313 18.875929 -0.383581 2.579639
-11.156247 19.015369 -0.384822 2.579703
-11.059557 19.155716 -0.386091 2.579768
-10.962220 19.297005 -0.387386 2.579834
-10.864225 19.439247 -0.388710 2.579902
-10.696756 19.457327 -0.387569 2.579844
-10.523932 19.463610 -0.386221 2.579774
-10.352303 19.469851 -0.384901 2.579707
-10.181828 19.476048 -0.383609 2.579641
-10.012492 19.482204 -0.382344 2.579576
-9.844261 19.488321 -0.381106 2.579513
-9.677101 19.494400 -0.379895 2.579451
-9.511000 19.500439 -0.378709 2.579390
-9.345917 19.506441 -0.377549 2.579330
-9.052291 19.237101 -0.371104 2.579000
-8.667096 18.757313 -0.360672 2.578466
-8.392175 18.500452 -0.354598 2.578156
-8.239405 18.506008 -0.353593 2.578104
-8.087485 18.511532 -0.352611 2.578054
-7.936406 18.517025 -0.351652 2.578004
-7.792071 18.536604 -0.350982 2.577970
-7.697074 18.674507 -0.352567 2.578051
-7.601213 18.813663 -0.354184 2.578134
-7.504461 18.954115 -0.355833 2.578219
-7.406803 19.095882 -0.357515 2.578305
-7.308213 19.239004 -0.359231 2.578393
-7.208663 19.383518 -0.360981 2.578482
-7.108138 19.529449 -0.362765 2.578573
-6.976607 19.592598 -0.363025 2.578587
-6.824786 19.598120 -0.362235 2.578547
-6.673617 19.603617 -0.361467 2.578507
-6.523074 19.609093 -0.360719 2.578469
-6.373152 19.614544 -0.359992 2.578432
-6.223819 19.619976 -0.359286 2.578395
-6.075070 19.625385 -0.358600 2.578360
-5.926881 19.630775 -0.357933 2.578326
-5.779229 19.636145 -0.357287 2.578293
-5.632108 19.641497 -0.356660 2.578261
-5.485489 19.646828 -0.356053 2.578230
-5.264296 19.375832 -0.350467 2.577944
-5.048199 19.106661 -0.344952 2.577662
-4.838778 18.845806 -0.339625 2.577389
-4.646643 18.636665 -0.335263 2.577165
-4.509889 18.641640 -0.334778 2.577141
-4.373514 18.646601 -0.334310 2.577116
-4.237523 18.651546 -0.333861 2.577094
-4.101891 18.656479 -0.333428 2.577071
-3.977386 18.712132 -0.333918 2.577097
-3.872352 18.864620 -0.336149 2.577211
-3.765893 19.019180 -0.338426 2.577327
-3.657983 19.175844 -0.340751 2.577446
-3.548576 19.334684 -0.343125 2.577568
-3.437628 19.495760 -0.345549 2.577692
-3.325096 19.659138 -0.348025 2.577819
-3.195576 19.730122 -0.348878 2.577863
-3.055170 19.735229 -0.348583 2.577847
-2.914996 19.740328 -0.348305 2.577833
-2.775038 19.745420 -0.348045 2.577820
-2.635282 19.750504 -0.347802 2.577807
-2.495704 19.755581 -0.347576 2.577796
-2.356311 19.760653 -0.347367 2.577785
-2.217078 19.765718 -0.347176 2.577775
-2.077992 19.770777 -0.347001 2.577766
-1.939039 19.775833 -0.346844 2.577758
-1.800195 19.780884 -0.346703 2.577751
-1.657622 19.740147 -0.345778 2.577704
-1.504215 19.549053 -0.342239 2.577523
-1.353910 19.361822 -0.338787 2.577346
-1.206600 19.178322 -0.335421 2.577173
-1.062170 18.998411 -0.332136 2.577005
-0.920545 18.821993 -0.328932 2.576841
-0.786990 18.777071 -0.328043 2.576796
-0.655876 18.781841 -0.328038 2.576795
-0.524759 18.786612 -0.328049 2.576796
-0.393617 18.791384 -0.328077 2.576797
-0.262457 18.796156 -0.328120 2.576800
-0.131947 18.899961 -0.329908 2.576891
0.000000 19.097328 -0.333345 2.577067
0.134732 19.298861 -0.336871 2.577248
0.272362 19.504728 -0.340490 2.577433
0.412976 19.715063 -0.344203 2.577623
0.554926 19.866575 -0.346908 2.577762
0.693933 19.871634 -0.347072 2.577770
0.833079 19.876696 -0.347254 2.577779
0.972387 19.881765 -0.347452 2.577790
1.111851 19.886841 -0.347668 2.577801
1.251496 19.891922 -0.347901 2.577812
1.391335 19.897011 -0.348152 2.577825
1.531382 19.902107 -0.348419 2.577839
1.671662 19.907211 -0.348705 2.577854
1.812168 19.912325 -0.349007 2.577869
1.952925 19.917448 -0.349328 2.577885
2.093948 19.922581 -0.349665 2.577903
2.219954 19.791355 -0.347626 2.577798
2.341420 19.635681 -0.345170 2.577672
2.461178 19.482197 -0.342766 2.577549
2.579285 19.330826 -0.340411 2.577429
2.695786 19.181515 -0.338105 2.577311
2.810725 19.034204 -0.335846 2.577195
2.927778 18.912251 -0.334047 2.577103
3.063923 18.917206 -0.334504 2.577127
3.200449 18.922174 -0.334979 2.577151
3.337369 18.927158 -0.335471 2.577176
3.474699 18.932158 -0.335982 2.577202
3.621480 18.984428 -0.337350 2.577272
3.814526 19.264740 -0.342796 2.577551
4.013916 19.554264 -0.348438 2.577840
4.219991 19.853497 -0.354286 2.578139
4.398705 20.006464 -0.357555 2.578307
4.546587 20.011847 -0.358210 2.578340
4.695008 20.017248 -0.358885 2.578375
4.843997 20.022673 -0.359579 2.578410
4.993571 20.028116 -0.360294 2.578447
5.143748 20.033583 -0.361030 2.578485
5.294559 20.039072 -0.361786 2.578523
5.445998 20.044586 -0.362563 2.578563
5.598097 20.050123 -0.363362 2.578604
5.750875 20.055683 -0.364181 2.578646
5.904351 20.061272 -0.365022 2.578689
6.016222 19.926664 -0.363328 2.578602
6.126001 19.789898 -0.361606 2.578514
6.234750 19.654413 -0.359917 2.578428
6.342492 19.520182 -0.358261 2.578343
6.449253 19.387175 -0.356637 2.578260
6.555063 19.255350 -0.355045 2.578178
6.659930 19.124699 -0.353485 2.578098
6.784340 19.052635 -0.353020 2.578074
6.936610 19.058178 -0.354011 2.578125
7.089745 19.063753 -0.355026 2.578177
7.243778 19.069361 -0.356063 2.578230
7.426993 19.147919 -0.358489 2.578355
7.789769 19.674704 -0.369361 2.578911
8.138136 20.142593 -0.379202 2.579415
8.304675 20.148657 -0.380399 2.579476
8.472289 20.154760 -0.381621 2.579539
8.640979 20.160902 -0.382871 2.579603
8.810785 20.167084 -0.384147 2.579668
8.981736 20.173307 -0.385450 2.579735
9.153859 20.179575 -0.386782 2.579803
9.327197 20.185886 -0.388141 2.579873
9.501754 20.192242 -0.389530 2.579944
9.677572 20.198645 -0.390947 2.580016
9.792887 20.078392 -0.389933 2.579965
9.900464 19.944359 -0.388663 2.579900
10.007355 19.811180 -0.387420 2.579836
10.113562 19.678852 -0.386203 2.579774
10.219110 19.547348 -0.385013 2.579713
10.324013 19.416643 -0.383849 2.579653
10.428289 19.286722 -0.382711 2.579595
10.549653 19.189732 -0.382238 2.579571
10.728423 19.196241 -0.383851 2.579653
10.908716 19.202808 -0.385495 2.579737
11.090569 19.209431 -0.387173 2.579823
11.891920 20.269291 -0.410198 2.581002
12.093255 20.286610 -0.412248 2.581107
12.290360 20.293787 -0.414127 2.581203
12.489281 20.301031 -0.416044 2.581301
12.690062 20.308344 -0.417999 2.581402
12.892748 20.315725 -0.419994 2.581504
13.097404 20.323177 -0.422028 2.581608
13.304046 20.330704 -0.424102 2.581714
13.499075 20.317736 -0.425787 2.581800
13.610684 20.178669 -0.424854 2.581753
13.721810 20.040203 -0.423945 2.581706
13.832477 19.902311 -0.423061 2.581661
13.942677 19.764996 -0.422201 2.581617
14.052437 19.628231 -0.421365 2.581574
14.161768 19.492001 -0.420553 2.581532
14.270683 19.356289 -0.419764 2.581492
14.462362 19.332226 -0.421421 2.581577
14.679981 19.340153 -0.423818 2.581699
14.900100 19.348169 -0.426263 2.581825
15.959651 20.427422 -0.452484 2.583167
16.197435 20.436083 -0.455169 2.583305
16.438091 20.444847 -0.457909 2.583445
16.681654 20.453718 -0.460705 2.583588
16.928221 20.462700 -0.463558 2.583734
17.177874 20.471792 -0.466470 2.583883
17.346029 20.381519 -0.467161 2.583919
17.464952 20.233330 -0.466548 2.583887
17.583561 20.085531 -0.465959 2.583857
17.701878 19.938099 -0.465394 2.583828
17.819912 19.791018 -0.464854 2.583801
17.937677 19.644268 -0.464337 2.583774
18.055197 19.497826 -0.463844 2.583749
18.284925 19.471458 -0.466242 2.583871
18.551678 19.481176 -0.469564 2.584042
14.183315 14.687252 -0.356392 2.578247
13.643194 13.931974 -0.340368 2.577427
13.420786 13.514800 -0.332457 2.577022
13.258483 13.166237 -0.326152 2.576699
13.204943 12.931232 -0.322606 2.576517
13.174644 12.722606 -0.319688 2.576368
13.130811 12.504305 -0.316498 2.576205
13.099524 12.301263 -0.313666 2.576060
13.098660 12.129486 -0.311610 2.575954
13.128995 11.988417 -0.310334 2.575889
13.179830 11.867171 -0.309569 2.575850
13.224656 11.741402 -0.308689 2.575805
13.263825 11.611593 -0.307704 2.575754
13.299592 11.479895 -0.306667 2.575701
13.323524 11.339206 -0.305386 2.575636
13.347233 11.199658 -0.304130 2.575572
13.370790 11.061281 -0.302899 2.575508
13.394070 10.923929 -0.301692 2.575447
13.419463 10.789520 -0.300560 2.575389
13.453787 10.663338 -0.299654 2.575342
13.487921 10.537919 -0.298768 2.575297
13.521851 10.413229 -0.297902 2.575253
13.555555 10.289220 -0.297055 2.575209
13.589005 10.165870 -0.296225 2.575167
13.622199 10.043149 -0.295413 2.575125
13.645878 9.914310 -0.294419 2.575074
13.667493 9.784966 -0.293404 2.575022
13.688867 9.656426 -0.292408 2.574971
13.710086 9.528753 -0.291434 2.574921
13.731118 9.401891 -0.290478 2.574872
13.751980 9.275827 -0.289543 2.574825
13.772722 9.150577 -0.288627 2.574778
13.783764 9.019835 -0.287532 2.574722
13.795202 8.890397 -0.286469 2.574667
13.815431 8.767536 -0.285611 2.574623
13.825051 8.638850 -0.284556 2.574569
13.836809 8.512464 -0.283568 2.574519
13.856524 8.391803 -0.282764 2.574477
13.865528 8.265510 -0.281764 2.574426
13.876901 8.141527 -0.280833 2.574379
13.896172 8.022959 -0.280083 2.574340
13.905306 7.899315 -0.279148 2.574292
13.912452 7.775401 -0.278195 2.574244
13.919518 7.652316 -0.277261 2.574196
13.934473 7.534339 -0.276505 2.574157
13.951420 7.418101 -0.275807 2.574121
13.958264 7.297206 -0.274928 2.574076
13.965035 7.177048 -0.274068 2.574032
13.971734 7.057627 -0.273226 2.573989
13.979564 6.939514 -0.272425 2.573948
13.987501 6.822160 -0.271645 2.573908
14.005310 6.710222 -0.271074 2.573879
14.015787 6.595324 -0.270379 2.573843
14.022149 6.479139 -0.269623 2.573805
14.028446 6.363583 -0.268883 2.573767
14.034678 6.248641 -0.268160 2.573730
14.040846 6.134296 -0.267453 2.573694
14.051559 6.022501 -0.266850 2.573663
14.057788 5.909346 -0.266178 2.573628
14.063952 5.796741 -0.265522 2.573595
14.070053 5.684670 -0.264881 2.573562
14.082151 5.575520 -0.264370 2.573536
14.094612 5.466934 -0.263881 2.573511
14.100371 5.356225 -0.263282 2.573480
14.106075 5.246001 -0.262698 2.573450
14.111725 5.136248 -0.262129 2.573421
14.117320 5.026953 -0.261575 2.573393
14.122961 4.918130 -0.261037 2.573365
14.136600 4.812488 -0.260662 2.573346
14.142183 4.704476 -0.260153 2.573320
14.151753 4.598183 -0.259732 2.573298
14.162668 4.492664 -0.259350 2.573279
14.167964 4.385712 -0.258880 2.573255
14.173210 4.279141 -0.258424 2.573231
14.178409 4.172931 -0.257981 2.573209
14.191610 4.069378 -0.257698 2.573194
14.206783 3.966607 -0.257465 2.573182
14.211849 3.861269 -0.257062 2.573161
14.218479 3.756681 -0.256701 2.573143
14.233877 3.654637 -0.256512 2.573133
14.245017 3.551682 -0.256260 2.573120
14.249914 3.447418 -0.255909 2.573102
14.259954 3.344637 -0.255663 2.573090
14.275059 3.243211 -0.255522 2.573083
14.282549 3.140220 -0.255257 2.573069
14.287786 3.036963 -0.254966 2.573054
14.301733 2.935726 -0.254843 2.573048
14.315324 2.834506 -0.254726 2.573042
14.329504 2.733496 -0.254633 2.573037
14.343346 2.632495 -0.254546 2.573033
14.357195 2.531561 -0.254472 2.573029
14.370980 2.430671 -0.254409 2.573026
14.384698 2.329808 -0.254358 2.573023
14.398381 2.228984 -0.254318 2.573021
14.412032 2.128182 -0.254291 2.573020
14.425652 2.027393 -0.254275 2.573019
14.439244 1.926608 -0.254272 2.573019
14.452868 1.825817 -0.254281 2.573019
14.469369 1.725364 -0.254353 2.573023
14.491544 1.625485 -0.254537 2.573032
14.506010 1.524643 -0.254598 2.573035
14.523059 1.424000 -0.254717 2.573041
14.538571 1.323109 -0.254820 2.573047
14.552299 1.221987 -0.254905 2.573051
14.576828 1.121624 -0.255192 2.573066
14.600019 1.020933 -0.255467 2.573080
14.622755 0.919987 -0.255746 2.573094
14.642262 0.818625 -0.255981 2.573106
14.655636 0.716777 -0.256121 2.573113
14.679858 0.615267 -0.256463 2.573131
14.704559 0.513494 -0.256825 2.573149
14.729349 0.411429 -0.257202 2.573169
14.754127 0.309050 -0.257591 2.573189
14.778933 0.206363 -0.257992 2.573209
14.803853 0.103350 -0.258409 2.573231
13.599771 -0.000000 -0.712734 2.596492
13.619507 -0.095084 -0.713786 2.596546
13.638124 -0.190437 -0.714814 2.596598
13.649315 -0.285913 -0.715487 2.596633
13.667146 -0.381758 -0.716544 2.596687
13.710196 -0.478771 -0.718959 2.596811
13.742460 -0.575980 -0.720844 2.596907
13.795139 -0.674695 -0.723837 2.597060
13.840734 -0.773817 -0.726495 2.597196
13.886512 -0.873665 -0.729200 2.597335
13.925662 -0.973777 -0.731595 2.597458
13.952025 -1.073550 -0.733356 2.597548
14.002719 -1.175841 -0.736434 2.597705
14.037018 -1.277469 -0.738689 2.597821
14.064397 -1.379026 -0.740618 2.597920
14.099425 -1.481909 -0.742990 2.598041
14.134603 -1.585450 -0.745409 2.598165
14.176649 -1.690463 -0.748230 2.598309
14.260397 -1.801507 -0.753296 2.598569
14.377181 -1.918326 -0.760154 2.598920
14.420879 -2.026723 -0.763194 2.599076
14.473386 -2.137244 -0.766743 2.599257
14.522894 -2.248263 -0.770179 2.599433
14.666520 -2.375458 -0.778656 2.599867
14.790115 -2.501561 -0.786126 2.600250
14.799359 -2.609527 -0.787566 2.600323
14.808223 -2.717818 -0.789029 2.600398
14.886580 -2.839767 -0.794241 2.600665
14.915802 -2.953408 -0.796881 2.600800
14.891647 -3.056817 -0.796711 2.600791
14.867305 -3.160143 -0.796569 2.600784
14.837666 -3.262273 -0.796182 2.600764
14.832913 -3.369955 -0.797170 2.600815
14.886958 -3.491705 -0.801365 2.601030
14.924911 -3.610716 -0.804746 2.601203
14.966604 -3.731594 -0.808379 2.601389
15.012941 -3.854668 -0.812315 2.601591
15.053088 -3.977198 -0.815970 2.601778
15.098301 -4.102118 -0.819953 2.601982
15.136580 -4.226209 -0.823614 2.602169
15.178372 -4.352329 -0.827522 2.602369
15.236623 -4.484382 -0.832384 2.602618
15.275643 -4.611989 -0.836254 2.602816
15.331496 -4.745891 -0.841105 2.603065
15.375439 -4.877377 -0.845363 2.603282
15.417255 -5.009370 -0.849565 2.603498
15.457359 -5.141979 -0.853732 2.603711
15.504379 -5.278122 -0.858343 2.603947
15.550181 -5.415147 -0.862951 2.604183
15.575652 -5.546241 -0.866492 2.604364
15.587448 -5.673367 -0.869331 2.604510
15.615180 -5.807234 -0.873117 2.604703
15.650828 -5.945193 -0.877410 2.604923
15.674523 -6.079748 -0.881096 2.605112
15.698500 -6.215476 -0.884862 2.605305
15.726157 -6.353780 -0.888899 2.605512
15.737426 -6.486499 -0.892074 2.605674
15.761160 -6.625382 -0.896020 2.605876
15.787666 -6.766603 -0.900190 2.606090
15.814111 -6.909016 -0.904426 2.606307
15.825193 -7.045830 -0.907851 2.606482
15.845009 -7.187615 -0.911844 2.606686
15.870470 -7.333187 -0.916233 2.606911
15.898930 -7.481469 -0.920869 2.607148
15.926158 -7.630537 -0.925510 2.607386
15.945082 -7.776936 -0.929742 2.607603
15.965107 -7.925148 -0.934113 2.607826
15.995376 -8.079846 -0.939161 2.608085
16.026045 -8.236269 -0.944315 2.608349
16.056934 -8.394363 -0.949565 2.608618
16.088015 -8.554150 -0.954912 2.608891
16.119261 -8.715652 -0.960355 2.609170
16.149086 -8.878036 -0.965801 2.609449
16.182123 -9.043883 -0.971529 2.609742
16.214020 -9.210846 -0.977281 2.610037
16.258457 -9.386825 -0.983885 2.610375
16.304707 -9.565914 -0.990701 2.610724
16.344437 -9.743241 -0.997224 2.611058
16.402597 -9.933767 -1.004980 2.611455
16.461609 -10.127250 -1.012902 2.611861
16.543510 -10.337533 -1.022358 2.612345
16.613451 -10.543218 -1.031204 2.612797
16.672873 -10.744933 -1.039523 2.613224
16.810526 -11.000500 -1.052868 2.613907
16.988689 -11.287259 -1.068936 2.614729
17.382311 -11.724518 -1.098826 2.616260
17.449753 -11.948096 -1.108336 2.616747
17.441532 -12.122180 -1.113162 2.616994
17.442207 -12.304124 -1.118660 2.617275
17.404938 -12.460712 -1.121822 2.617437
17.367273 -12.618062 -1.125045 2.617602
17.315107 -12.765800 -1.127411 2.617723
17.247820 -12.903018 -1.128868 2.617798
17.162300 -13.026896 -1.129196 2.617815
17.076691 -13.150825 -1.129576 2.617834
16.989801 -13.273888 -1.129931 2.617852
16.881901 -13.380431 -1.128940 2.617802
16.766136 -13.480319 -1.127465 2.617726
16.663931 -13.590771 -1.126945 2.617700
16.565258 -13.703976 -1.126714 2.617688
16.453979 -13.806528 -1.125674 2.617635
16.338268 -13.904958 -1.124372 2.617568
16.212936 -13.994631 -1.122443 2.617469
16.089930 -14.085670 -1.120708 2.617380
15.968731 -14.177704 -1.119133 2.617300
15.846381 -14.268147 -1.117513 2.617217
15.718452 -14.352921 -1.115530 2.617115
15.581637 -14.428755 -1.112942 2.616982
15.451090 -14.509540 -1.110826 2.616874
15.323773 -14.592634 -1.108970 2.616779
15.195836 -14.674448 -1.107098 2.616683
15.075614 -14.763133 -1.105822 2.616618
14.957695 -14.853634 -1.104752 2.616563
14.847166 -14.951183 -1.104271 2.616539
14.738196 -15.050152 -1.103954 2.616522
14.634206 -15.154164 -1.104062 2.616528
14.530111 -15.258121 -1.104219 2.616536
14.425905 -15.362029 -1.104423 2.616546
14.319514 -15.463670 -1.104516 2.616551
14.215484 -15.567943 -1.104849 2.616568
14.119693 -15.681508 -1.105885 2.616621
14.025546 -15.797354 -1.107123 2.616685
13.927948 -15.909766 -1.108159 2.616738
13.823965 -16.015219 -1.108755 2.616768
13.714082 -16.113993 -1.108938 2.616777
13.605183 -16.214025 -1.109258 2.616794
13.491793 -16.308777 -1.109269 2.616794
13.378995 -16.404268 -1.109384 2.616800
13.257096 -16.488504 -1.108795 2.616770
13.135304 -16.572632 -1.108258 2.616743
13.012381 -16.655088 -1.107670 2.616713
12.888290 -16.735788 -1.107026 2.616680
12.764297 -16.816341 -1.106433 2.616649
12.636749 -16.891893 -1.105572 2.616605
12.505363 -16.961864 -1.104411 2.616546
12.378731 -17.037863 -1.103706 2.616510
12.249414 -17.109802 -1.102799 2.616463
12.120049 -17.181263 -1.101924 2.616419
11.988452 -17.249123 -1.100882 2.616365
11.850791 -17.307646 -1.099310 2.616285
11.717574 -17.372019 -1.098176 2.616226
11.586248 -17.438707 -1.097251 2.616179
11.456600 -17.507519 -1.096522 2.616142
11.324699 -17.572495 -1.095613 2.616095
11.193898 -17.638763 -1.094845 2.616056
11.065200 -17.708023 -1.094323 2.616029
10.937849 -17.779222 -1.093977 2.616011
10.811743 -17.852310 -1.093803 2.616003
10.687860 -17.929054 -1.093907 2.616008
10.564638 -18.006992 -1.094135 2.616020
10.441145 -18.084595 -1.094394 2.616033
10.322512 -18.170910 -1.095230 2.616076
10.204688 -18.259140 -1.096227 2.616127
10.085956 -18.346287 -1.097205 2.616177
9.972095 -18.443005 -1.098799 2.616259
9.857021 -18.538361 -1.100353 2.616338
9.743148 -18.636925 -1.102139 2.616429
9.628876 -18.735765 -1.103982 2.616524
9.515722 -18.837931 -1.106061 2.616630
9.403980 -18.944197 -1.108418 2.616751
9.292019 -19.051462 -1.110872 2.616877
9.179529 -19.159157 -1.113387 2.617005
9.069362 -19.273376 -1.116318 2.617155
8.957386 -19.385565 -1.119167 2.617301
8.844810 -19.498274 -1.122081 2.617450
8.732882 -19.614372 -1.125227 2.617611
8.627031 -19.746496 -1.129323 2.617821
8.499562 -19.830969 -1.130733 2.617893
8.338635 -19.836834 -1.127721 2.617739
8.178558 -19.842669 -1.124779 2.617589
8.052834 -19.931461 -1.126598 2.617682
7.945291 -20.067516 -1.131126 2.617914
7.836874 -20.204672 -1.135745 2.618150
7.727563 -20.342960 -1.140458 2.618391
7.617338 -20.482403 -1.145266 2.618638
7.501611 -20.610508 -1.149473 2.618853
7.341153 -20.616356 -1.146912 2.618722
7.181400 -20.622175 -1.144419 2.618594
7.022332 -20.627972 -1.141992 2.618470
6.863933 -20.633743 -1.139631 2.618349
6.706177 -20.639490 -1.137335 2.618232
6.549047 -20.645216 -1.135103 2.618117
6.392525 -20.650917 -1.132935 2.618006
6.236593 -20.656599 -1.130831 2.617898
6.081234 -20.662258 -1.128789 2.617794
5.926424 -20.667896 -1.126809 2.617692
5.772149 -20.673517 -1.124891 2.617594
5.605387 -20.631256 -1.120435 2.617366
5.388256 -20.393738 -1.105466 2.616600
5.176845 -20.162479 -1.090945 2.615856
4.976420 -19.959333 -1.078047 2.615196
4.829960 -19.964666 -1.076487 2.615116
4.683917 -19.969986 -1.074985 2.615039
4.538272 -19.975288 -1.073539 2.614965
4.393015 -19.980579 -1.072149 2.614894
4.260935 -20.046125 -1.074043 2.614991
4.145690 -20.196230 -1.080509 2.615322
4.029043 -20.348160 -1.087106 2.615660
3.910957 -20.501963 -1.093837 2.616004
3.791395 -20.657686 -1.100706 2.616356
3.658869 -20.750477 -1.104263 2.616538
3.510593 -20.755875 -1.103219 2.616485
3.362590 -20.761265 -1.102231 2.616434
3.214844 -20.766644 -1.101298 2.616386
3.067344 -20.772013 -1.100420 2.616341
2.920069 -20.777374 -1.099597 2.616299
2.773007 -20.782726 -1.098829 2.616260
2.626143 -20.788073 -1.098116 2.616223
2.479462 -20.793411 -1.097457 2.616190
2.332953 -20.798744 -1.096852 2.616159
2.186596 -20.804071 -1.096301 2.616131
2.040378 -20.809393 -1.095804 2.616105
1.894286 -20.814711 -1.095361 2.616082
1.738166 -20.699289 -1.088622 2.615737
1.578933 -20.520056 -1.078589 2.615224
1.422597 -20.344086 -1.068792 2.614722
1.269068 -20.171276 -1.059222 2.614232
1.123740 -20.099588 -1.055020 2.614017
0.983282 -20.104698 -1.054902 2.614011
0.842851 -20.109808 -1.054836 2.614007
0.702428 -20.114918 -1.054821 2.614007
0.562002 -20.120028 -1.054857 2.614008
0.424050 -20.244019 -1.061177 2.614332
0.285129 -20.419674 -1.070254 2.614797
0.143806 -20.598364 -1.079541 2.615272
-0.000000 -20.780191 -1.089044 2.615759
-0.145836 -20.888941 -1.094770 2.616052
-0.291759 -20.894249 -1.095128 2.616071
-0.437785 -20.899561 -1.095540 2.616091
-0.583926 -20.904877 -1.096005 2.616115
-0.730200 -20.910196 -1.096525 2.616142
-0.876621 -20.915522 -1.097098 2.616171
-1.023202 -20.920853 -1.097726 2.616204
-1.169958 -20.926191 -1.098408 2.616238
-1.316900 -20.931534 -1.099144 2.616276
-1.464050 -20.936886 -1.099935 2.616317
-1.611419 -20.942245 -1.100781 2.616360
-1.759022 -20.947613 -1.101682 2.616406
-1.906873 -20.952988 -1.102638 2.616455
-2.044813 -20.854624 -1.098186 2.616227
-2.176746 -20.710352 -1.091362 2.615878
-2.307055 -20.567856 -1.084675 2.615535
-2.435784 -20.427090 -1.078122 2.615200
-2.562973 -20.288008 -1.071700 2.614871
-2.700416 -20.238678 -1.070064 2.614787
-2.845100 -20.243937 -1.071366 2.614854
-2.990144 -20.249208 -1.072724 2.614923
-3.135563 -20.254496 -1.074137 2.614996
-3.284761 -20.280716 -1.076718 2.615128
-3.469788 -20.514620 -1.090396 2.615828
-3.659589 -20.754559 -1.104480 2.616549
-3.854367 -21.000788 -1.118988 2.617292
-4.011593 -21.029503 -1.121983 2.617445
-4.165060 -21.035080 -1.123805 2.617539
-4.319030 -21.040676 -1.125687 2.617635
-4.473527 -21.046289 -1.127631 2.617735
-4.628567 -21.051924 -1.129637 2.617837
-4.784166 -21.057579 -1.131705 2.617943
-4.940344 -21.063253 -1.133836 2.618052
-5.097116 -21.068951 -1.136030 2.618165
-5.254506 -21.074669 -1.138289 2.618280
-5.412530 -21.080412 -1.140612 2.618399
-5.571210 -21.086178 -1.143001 2.618522
-5.730563 -21.091967 -1.145455 2.618647
-5.854827 -20.969635 -1.141004 2.618419
-5.975207 -20.838022 -1.136084 2.618167
-6.094560 -20.707535 -1.131263 2.617921
-6.212910 -20.578144 -1.126536 2.617679
-6.330280 -20.449825 -1.121903 2.617441
-6.463465 -20.375423 -1.120270 2.617358
-6.622251 -20.381191 -1.123101 2.617503
-6.781849 -20.386988 -1.126003 2.617651
-6.942282 -20.392817 -1.128974 2.617803
-7.138890 -20.500092 -1.137644 2.618248
-7.374846 -20.710976 -1.152176 2.618991
-7.496551 -20.596601 -1.148697 2.618813
-7.607935 -20.457119 -1.143852 2.618565
-7.737921 -20.370216 -1.141986 2.618470
-7.870581 -20.291563 -1.140629 2.618400
-7.990984 -20.182922 -1.137631 2.618247
-8.106145 -20.063412 -1.134056 2.618064
-8.217335 -19.936745 -1.130112 2.617862
-8.334830 -19.827774 -1.127206 2.617713
-8.433839 -19.677616 -1.121989 2.617446
-8.534544 -19.534800 -1.117216 2.617202
-8.651570 -19.431744 -1.114750 2.617075
-8.763872 -19.319847 -1.111813 2.616925
-8.877095 -19.211792 -1.109135 2.616788
-9.008462 -19.143951 -1.108822 2.616772
-9.135048 -19.066317 -1.107992 2.616729
-9.270255 -19.006840 -1.108270 2.616743
-9.395008 -18.926121 -1.107361 2.616697
-9.542549 -18.891033 -1.109179 2.616790
-9.662592 -18.801367 -1.107848 2.616722
-9.808621 -18.762163 -1.109546 2.616809
-9.937928 -18.690525 -1.109385 2.616801
-10.087812 -18.657017 -1.111549 2.616911
-10.215923 -18.582693 -1.111344 2.616901
-10.354607 -18.527382 -1.112332 2.616951
-10.462213 -18.416826 -1.110052 2.616835
-10.592184 -18.346201 -1.110226 2.616843
-10.699013 -18.236025 -1.108051 2.616732
-10.802427 -18.121239 -1.105632 2.616608
-10.902205 -18.001675 -1.102955 2.616471
-11.001657 -17.882940 -1.100359 2.616338
-11.102643 -17.767942 -1.098025 2.616219
-11.188715 -17.630592 -1.094338 2.616030
-11.269368 -17.486633 -1.090259 2.615821
-11.349749 -17.344231 -1.086295 2.615618
-11.436792 -17.213757 -1.083097 2.615454
-11.513863 -17.070002 -1.079084 2.615249
-11.600680 -16.942364 -1.076109 2.615097
-11.683262 -16.810009 -1.072857 2.614930
-11.762887 -16.674952 -1.069452 2.614756
-11.837140 -16.533943 -1.065682 2.614563
-11.922331 -16.409679 -1.063012 2.614426
-12.009412 -16.289167 -1.060611 2.614303
-12.081229 -16.149309 -1.056971 2.614117
-12.154586 -16.013071 -1.053582 2.613943
-12.232921 -15.884771 -1.050734 2.613798
-12.297967 -15.740680 -1.046856 2.613599
-12.365966 -15.601961 -1.043347 2.613419
-12.418610 -15.445633 -1.038665 2.613180
-12.472766 -15.293123 -1.034240 2.612953
-12.531213 -15.147631 -1.030292 2.612751
-12.579332 -14.991465 -1.025619 2.612512
-12.619813 -14.828224 -1.020453 2.612247
-12.651497 -14.656898 -1.014717 2.611953
-12.684504 -14.489392 -1.009226 2.611672
-12.716511 -14.322947 -1.003792 2.611394
-12.732665 -14.141057 -0.997250 2.611059
-12.740417 -13.952532 -0.990204 2.610698
-12.748230 -13.766834 -0.983317 2.610346
-12.757747 -13.585621 -0.976712 2.610008
-12.758366 -13.397600 -0.969575 2.609642
-12.749428 -13.202418 -0.961867 2.609248
-12.736946 -13.006536 -0.954052 2.608847
-12.738610 -12.827852 -0.947445 2.608509
-12.739852 -12.651220 -0.940945 2.608176
-12.735950 -12.471960 -0.934203 2.607831
-12.730254 -12.293464 -0.927468 2.607486
-12.724626 -12.117493 -0.920871 2.607149
-12.729599 -11.953888 -0.915170 2.606857
-12.728935 -11.787125 -0.909184 2.606550
-12.724292 -11.618873 -0.903036 2.606236
-12.718576 -11.451858 -0.896935 2.605923
-12.728185 -11.300607 -0.892027 2.605672
-12.738441 -11.151661 -0.887268 2.605428
-12.747139 -11.003036 -0.882501 2.605184
-12.764424 -10.863374 -0.878426 2.604975
-12.787744 -10.730190 -0.874854 2.604793
-12.803402 -10.591891 -0.870845 2.604587
-12.831580 -10.465180 -0.867771 2.604430
-12.869529 -10.347368 -0.865431 2.604310
-12.912848 -10.234594 -0.863518 2.604212
-12.946517 -10.114927 -0.861027 2.604084
-12.986738 -10.001131 -0.859037 2.603982
-13.031800 -9.891673 -0.857429 2.603900
-13.085045 -9.788865 -0.856415 2.603848
-13.140379 -9.687921 -0.855589 2.603806
-13.206268 -9.594915 -0.855496 2.603801
-13.262586 -9.495075 -0.854830 2.603767
-13.314025 -9.392011 -0.853898 2.603719
-13.382624 -9.301167 -0.854112 2.603730
-13.445138 -9.206076 -0.853979 2.603724
-13.523760 -9.121891 -0.854907 2.603771
-13.598860 -9.035057 -0.855646 2.603809
-13.665395 -8.942383 -0.855884 2.603821
-13.732561 -8.850033 -0.856200 2.603837
-13.812589 -8.765733 -0.857353 2.603896
-13.883840 -8.675586 -0.857995 2.603929
-13.952802 -8.583817 -0.858532 2.603957
-14.022945 -8.492597 -0.859179 2.603990
-14.090602 -8.399685 -0.859711 2.604017
-14.160408 -8.307859 -0.860410 2.604053
-14.222346 -8.211275 -0.860669 2.604066
-14.285760 -8.115438 -0.861057 2.604086
-14.343166 -8.016124 -0.861123 2.604089
-14.405782 -7.919646 -0.861542 2.604111
-14.463575 -7.820424 -0.861712 2.604120
-14.524390 -7.722755 -0.862102 2.604140
-14.580484 -7.622490 -0.862252 2.604147
-14.633368 -7.520529 -0.862253 2.604147
-14.691590 -7.421257 -0.862610 2.604166
-14.753716 -7.323806 -0.863235 2.604198
-14.805387 -7.221070 -0.863287 2.604200
-14.854531 -7.117095 -0.863234 2.604198
-14.907840 -7.015096 -0.863465 2.604209
-14.965950 -6.915240 -0.864014 2.604237
-15.025617 -6.815920 -0.864690 2.604272
-15.084290 -6.715958 -0.865347 2.604306
-15.139540 -6.614299 -0.865847 2.604331
-15.201636 -6.515429 -0.866776 2.604379
-15.264085 -6.416431 -0.867761 2.604429
-15.323823 -6.316022 -0.868629 2.604474
-15.380897 -6.214285 -0.869384 2.604512
-15.437463 -6.112121 -0.870148 2.604552
-15.490388 -6.008324 -0.870746 2.604582
-15.554534 -5.908614 -0.872011 2.604647
-15.616145 -5.807590 -0.873171 2.604706
-15.673337 -5.704628 -0.874121 2.604755
-15.739027 -5.604413 -0.875581 2.604830
-15.785297 -5.497021 -0.875999 2.604851
-15.845743 -5.394331 -0.877242 2.604915
-15.902661 -5.290109 -0.878327 2.604970
-15.952947 -5.183426 -0.879084 2.605009
-16.018507 -5.081367 -0.880720 2.605093
-16.069288 -4.974274 -0.881581 2.605137
-16.125103 -4.868456 -0.882757 2.605197
-16.187712 -4.764300 -0.884342 2.605278
-16.247189 -4.658806 -0.885793 2.605352
-16.295475 -4.549775 -0.886672 2.605398
-16.362877 -4.445694 -0.888629 2.605498
-16.411760 -4.336175 -0.889619 2.605548
-16.458393 -4.225795 -0.890525 2.605595
-16.507915 -4.115885 -0.891628 2.605651
-16.555756 -4.005256 -0.892680 2.605705
-16.597080 -3.892809 -0.893421 2.605743
-16.638083 -3.780080 -0.894186 2.605782
-16.679314 -3.667183 -0.895004 2.605824
-16.722605 -3.554499 -0.895974 2.605874
-16.762735 -3.440892 -0.896815 2.605917
-16.802937 -3.327070 -0.897701 2.605962
-16.844475 -3.213256 -0.898700 2.606013
-16.885769 -3.099116 -0.899727 2.606066
-16.923643 -2.984095 -0.900613 2.606111
-16.959986 -2.868564 -0.901459 2.606155
-16.992012 -2.752104 -0.902118 2.606188
-17.027132 -2.635940 -0.902984 2.606233
-17.058846 -2.519029 -0.903711 2.606270
-17.097641 -2.402916 -0.904855 2.606328
-17.139105 -2.286842 -0.906183 2.606396
-17.177254 -2.169991 -0.907377 2.606457
-17.203114 -2.051348 -0.907964 2.606488
-17.235069 -1.933221 -0.908916 2.606536
-17.277460 -1.815934 -0.910461 2.606616
-17.306475 -1.696912 -0.911343 2.606661
-17.349836 -1.578958 -0.913024 2.606747
-17.383282 -1.459716 -0.914226 2.606808
-17.413471 -1.339892 -0.915299 2.606863
-17.454557 -1.220541 -0.916988 2.606950
-17.491055 -1.100441 -0.918480 2.607026
-17.533190 -0.980256 -0.920310 2.607120
-17.579403 -0.859777 -0.922399 2.607227
-17.626015 -0.738747 -0.924551 2.607337
-17.656534 -0.616580 -0.925904 2.607406
-17.698629 -0.494364 -0.927908 2.607509
-17.739218 -0.371582 -0.929877 2.607610
-17.794592 -0.248476 -0.932666 2.607753
-17.852997 -0.124637 -0.935659 2.607906
-17.901449 0.000000 -0.938175 2.608035
-17.944645 0.125282 -0.940462 2.608151
-17.999771 0.251342 -0.943420 2.608303
-18.052061 0.378136 -0.946276 2.608449
-18.112888 0.505941 -0.949627 2.608621
-18.173834 0.634645 -0.953031 2.608795
-18.251343 0.764961 -0.957352 2.609016
-18.310589 0.895538 -0.960764 2.609191
-18.375448 1.027346 -0.964520 2.609383
-18.445772 1.160512 -0.968613 2.609593
-18.514162 1.294636 -0.972655 2.609800
-18.598072 1.431047 -0.977565 2.610051
-18.672129 1.567944 -0.982009 2.610279
-18.730286 1.704589 -0.985669 2.610466
-18.793568 1.842728 -0.989652 2.610670
-18.866751 1.982976 -0.994211 2.610904
-18.943611 2.124870 -0.999019 2.611150
-19.016335 2.267562 -1.003664 2.611388
-19.089920 2.411617 -1.008412 2.611631
-19.164686 2.557117 -1.013280 2.611880
-19.217739 2.700877 -1.017057 2.612073
-19.292925 2.848935 -1.022064 2.612330
-19.367361 2.998227 -1.027091 2.612587
-19.409323 3.143623 -1.030455 2.612759
-19.477192 3.294323 -1.035254 2.613005
-19.542219 3.445821 -1.039964 2.613246
-19.598427 3.596988 -1.044266 2.613466
-19.650337 3.748504 -1.048401 2.613678
-19.709141 3.902514 -1.052966 2.613912
-19.763937 4.056956 -1.057381 2.614138
-19.805340 4.209755 -1.061142 2.614330
-19.846918 4.363631 -1.064976 2.614527
-19.871748 4.514751 -1.067974 2.614680
-19.906012 4.668912 -1.071541 2.614863
-19.944006 4.824965 -1.075373 2.615059
-19.964071 4.977602 -1.078303 2.615209
-19.978262 5.129550 -1.080977 2.615346
-19.995363 5.283004 -1.083872 2.615494
-20.010454 5.436719 -1.086721 2.615640
-20.018373 5.589233 -1.089243 2.615769
-20.027645 5.742835 -1.091903 2.615905
-20.023258 5.893169 -1.093880 2.616007
-20.014677 6.042789 -1.095689 2.616099
-20.005402 6.192706 -1.097522 2.616193
-19.994797 6.342726 -1.099342 2.616286
-19.979776 6.491824 -1.100982 2.616370
-19.959702 6.639713 -1.102403 2.616443
-19.936806 6.787044 -1.103728 2.616511
-19.907228 6.932430 -1.104743 2.616563
-19.877167 7.077943 -1.105790 2.616616
-19.846117 7.223396 -1.106842 2.616670
-19.814957 7.369120 -1.107946 2.616727
-19.783096 7.514895 -1.109071 2.616784
-19.744711 7.658468 -1.109890 2.616826
-19.705309 7.801886 -1.110709 2.616868
-19.662060 7.943988 -1.111371 2.616902
-19.615387 8.084883 -1.111896 2.616929
-19.565777 8.224697 -1.112311 2.616950
-19.517921 8.365391 -1.112884 2.616980
-19.464283 8.503738 -1.113183 2.616995
-19.407368 8.640718 -1.113351 2.617003
-19.353313 8.779057 -1.113739 2.617023
-19.291777 8.914053 -1.113752 2.617024
-19.229292 9.048616 -1.113765 2.617025
-19.166756 9.183174 -1.113829 2.617028
-19.099556 9.315476 -1.113676 2.617020
-19.032242 9.447691 -1.113570 2.617015
-18.963757 9.579285 -1.113449 2.617008
-18.891081 9.708696 -1.113134 2.616992
-18.813898 9.835671 -1.112605 2.616965
-18.739582 9.964012 -1.112297 2.616950
-18.663681 10.091418 -1.111946 2.616932
-18.587776 10.218718 -1.111647 2.616916
-18.504934 10.342057 -1.110984 2.616882
-18.421354 10.464788 -1.110325 2.616848
-18.340176 10.588706 -1.109861 2.616825
-18.257284 10.711490 -1.109343 2.616798
-18.169664 10.831295 -1.108587 2.616760
-18.079914 10.949584 -1.107748 2.616717
-17.990234 11.067668 -1.106961 2.616676
-17.900620 11.185549 -1.106225 2.616639
-17.810394 11.302824 -1.105499 2.616601
-17.718548 11.418826 -1.104719 2.616561
-17.624653 11.533249 -1.103858 2.616518
-17.529436 11.646533 -1.102960 2.616472
-17.432529 11.758390 -1.102001 2.616422
-17.337187 11.871024 -1.101186 2.616381
-17.241205 11.982952 -1.100377 2.616339
-17.142668 12.092820 -1.099449 2.616292
-17.038532 12.198394 -1.098205 2.616228
-16.934317 12.303502 -1.096998 2.616166
-16.822763 12.402815 -1.095354 2.616082
-16.706520 12.498075 -1.093440 2.615984
-16.579502 12.584525 -1.090850 2.615851
-16.451529 12.669386 -1.088223 2.615717
-16.321053 12.751405 -1.085455 2.615575
-16.207539 12.845942 -1.083844 2.615493
-16.104267 12.948165 -1.082956 2.615447
-16.033871 13.076904 -1.084335 2.615518
-15.961890 13.204827 -1.085675 2.615587
-15.885767 13.329741 -1.086801 2.615644
-15.810066 13.455425 -1.088022 2.615707
-15.736856 13.583691 -1.089484 2.615782
-15.671489 13.719350 -1.091563 2.615888
-15.603326 13.853285 -1.093525 2.615988
-15.533161 13.986121 -1.095424 2.616086
-15.458684 14.115723 -1.097095 2.616171
-15.388837 14.250221 -1.099171 2.616277
-15.318754 14.385266 -1.101312 2.616387
-15.242540 14.515278 -1.103091 2.616478
-15.174546 14.653890 -1.105547 2.616604
-15.108254 14.795101 -1.108216 2.616740
-15.039438 14.934810 -1.110789 2.616872
-14.971092 15.075975 -1.113488 2.617011
-14.905020 15.220509 -1.116450 2.617162
-14.845342 15.372802 -1.119991 2.617343
-14.785479 15.526287 -1.123626 2.617530
-14.724216 15.679700 -1.127261 2.617716
-14.665668 15.837479 -1.131216 2.617918
-14.614592 16.005024 -1.135868 2.618156
-14.573214 16.185194 -1.141406 2.618440
-14.538383 16.374981 -1.147604 2.618757
-14.503113 16.566774 -1.153922 2.619081
-14.473148 16.767303 -1.160823 2.619434
-14.450855 16.979702 -1.168514 2.619828
-14.432311 17.199759 -1.176696 2.620247
-14.427844 17.440273 -1.186230 2.620735
-14.429206 17.691957 -1.196468 2.621259
-14.427402 17.944067 -1.206676 2.621782
-14.420472 18.194113 -1.216691 2.622294
-14.421031 18.458078 -1.227581 2.622852
-14.420201 18.725019 -1.238608 2.623417
-14.415992 18.992371 -1.249605 2.623980
-14.414282 19.267967 -1.261086 2.624568
-14.251973 19.330912 -1.258663 2.624444
-14.050052 19.338238 -1.252723 2.624139
-13.850010 19.345497 -1.246899 2.623841
-13.651818 19.352688 -1.241189 2.623549
-13.455423 19.359816 -1.235591 2.623262
-13.260776 19.366879 -1.230103 2.622981
-13.018834 19.301216 -1.220130 2.622471
-12.201380 18.364559 -1.155506 2.619162
-12.021696 18.371080 -1.150608 2.618911
-11.843522 18.377548 -1.145806 2.618665
-11.666814 18.383961 -1.141100 2.618424
-11.545190 18.476166 -1.141792 2.618460
-11.450876 18.613140 -1.145289 2.618639
-11.355982 18.750957 -1.148863 2.618822
-11.260490 18.889647 -1.152515 2.619009
-11.164381 19.029232 -1.156248 2.619200
-11.067647 19.169727 -1.160062 2.619395
-10.970265 19.311167 -1.163958 2.619595
-10.872227 19.453562 -1.167937 2.619798
-10.698169 19.459894 -1.163805 2.619587
-10.525315 19.466169 -1.159757 2.619380
-10.353660 19.472403 -1.155794 2.619176
-10.183158 19.478592 -1.151913 2.618978
-10.013796 19.484741 -1.148115 2.618783
-9.845538 19.490850 -1.144397 2.618593
-9.678353 19.496922 -1.140758 2.618407
-9.512226 19.502954 -1.137198 2.618225
-9.347118 19.508949 -1.133715 2.618046
-9.032292 19.194601 -1.111755 2.616922
-8.648485 18.717035 -1.080571 2.615325
-8.393244 18.502810 -1.064795 2.614517
-8.240452 18.508360 -1.061777 2.614363
-8.088511 18.513878 -1.058829 2.614212
-7.937409 18.519365 -1.055948 2.614064
-7.798184 18.551146 -1.054630 2.613997
-7.703139 18.689222 -1.059396 2.614241
-7.607231 18.828558 -1.064258 2.614490
-7.510430 18.969191 -1.069217 2.614744
-7.412722 19.111143 -1.074275 2.615003
-7.314081 19.254452 -1.079435 2.615267
-7.214479 19.399158 -1.084697 2.615536
-7.113902 19.545284 -1.090064 2.615811
-6.977469 19.595020 -1.090094 2.615813
-6.825628 19.600538 -1.087724 2.615691
-6.674438 19.606031 -1.085416 2.615573
-6.523876 19.611502 -1.083171 2.615458
-6.373933 19.616949 -1.080988 2.615347
-6.224581 19.622377 -1.078866 2.615238
-6.075812 19.627783 -1.076805 2.615132
-5.927604 19.633167 -1.074804 2.615030
-5.779932 19.638535 -1.072863 2.614930
-5.632792 19.643881 -1.070980 2.614834
-5.480192 19.627855 -1.067994 2.614681
-5.257468 19.350700 -1.050891 2.613806
-5.041754 19.082270 -1.034377 2.612960
-4.832696 18.822119 -1.018421 2.612143
-4.647202 18.638912 -1.006728 2.611544
-4.510432 18.643883 -1.005271 2.611470
-2.243121 9.563612 -0.514809 2.586358
-2.169296 9.548201 -0.513152 2.586273
-4.102382 18.658714 -1.001218 2.611262
-3.981005 18.729156 -1.003482 2.611378
-3.875899 18.881899 -1.010191 2.611722
-3.769365 19.036718 -1.017042 2.612072
-3.661380 19.193649 -1.024035 2.612431
-3.551894 19.352762 -1.031176 2.612796
-3.440865 19.514118 -1.038468 2.613169
-3.328250 19.677782 -1.045916 2.613551
-3.195955 19.732466 -1.047611 2.613638
-3.055533 19.737572 -1.046724 2.613592
-2.915341 19.742670 -1.045889 2.613549
-2.775367 19.747761 -1.045107 2.613509
-2.635594 19.752844 -1.044377 2.613472
-2.495999 19.757919 -1.043699 2.613437
-2.356589 19.762991 -1.043072 2.613405
-2.217340 19.768055 -1.042497 2.613376
-2.078238 19.773113 -1.041973 2.613349
-1.939268 19.778170 -1.041501 2.613325
-1.800407 19.783220 -1.041079 2.613303
-1.656083 19.721819 -1.037214 2.613105
-1.502833 19.531090 -1.026607 2.612562
-1.352679 19.344212 -1.016263 2.612033
-1.205513 19.161051 -1.006174 2.611516
-1.061222 18.981468 -0.996330 2.611012
-0.919732 18.805368 -0.986726 2.610520
-0.787083 18.779284 -0.985045 2.610434
-0.655953 18.784056 -0.985031 2.610434
-0.524821 18.788826 -0.985065 2.610435
-0.393664 18.793600 -0.985147 2.610439
-0.262488 18.798372 -0.985277 2.610446
-0.132103 18.922359 -0.991703 2.610775
0.000000 19.120195 -1.002047 2.611305
0.134895 19.322216 -1.012659 2.611848
0.272695 19.528587 -1.023550 2.612406
0.413487 19.739441 -1.034727 2.612978
0.554992 19.868921 -1.041692 2.613334
0.694015 19.873981 -1.042186 2.613360
0.833177 19.879047 -1.042731 2.613388
0.972502 19.884117 -1.043328 2.613418
1.111983 19.889194 -1.043976 2.613451
1.251644 19.894279 -1.044676 2.613487
1.391500 19.899370 -1.045428 2.613526
1.531564 19.904469 -1.046232 2.613567
1.671860 19.909576 -1.047089 2.613611
1.812384 19.914692 -1.047998 2.613657
1.953158 19.919817 -1.048960 2.613707
2.094197 19.924952 -1.049974 2.613759
2.218284 19.776468 -1.042940 2.613399
2.339671 19.621016 -1.035579 2.613022
2.459353 19.467745 -1.028370 2.612653
2.577385 19.316587 -1.021311 2.612291
2.693814 19.167480 -1.014397 2.611937
2.808682 19.020372 -1.007625 2.611590
2.928129 18.914522 -1.003076 2.611357
3.064291 18.919479 -1.004449 2.611428
3.200834 18.924452 -1.005875 2.611501
3.337771 18.929440 -1.007354 2.611577
3.475119 18.934443 -1.008887 2.611655
3.627423 19.015585 -1.014535 2.611944
3.820887 19.296867 -1.030940 2.612784
4.020721 19.587414 -1.047937 2.613654
4.227265 19.887718 -1.065556 2.614556
4.399240 20.008900 -1.073668 2.614972
4.547142 20.014288 -1.075635 2.615072
4.695582 20.019695 -1.077661 2.615176
4.844590 20.025124 -1.079747 2.615283
4.994184 20.030575 -1.081895 2.615393
5.144381 20.036047 -1.084104 2.615506
5.295211 20.041542 -1.086375 2.615622
5.446671 20.047060 -1.088709 2.615742
5.598790 20.052603 -1.091106 2.615865
5.751588 20.058170 -1.093567 2.615991
5.901646 20.052078 -1.095455 2.616087
6.012438 19.914131 -1.090185 2.615818
6.122167 19.777508 -1.085019 2.615553
6.230865 19.642166 -1.079954 2.615294
6.338558 19.508076 -1.074989 2.615039
6.445271 19.375204 -1.070120 2.614790
6.551033 19.243513 -1.065347 2.614546
6.655854 19.112995 -1.060668 2.614306
6.785201 19.055052 -1.060055 2.614275
6.937492 19.060602 -1.063033 2.614427
7.090649 19.066185 -1.066079 2.614583
7.244705 19.071802 -1.069195 2.614743
7.448277 19.202791 -1.079427 2.615267
7.812770 19.732800 -1.112259 2.616948
8.139187 20.145195 -1.138679 2.618300
8.305751 20.151266 -1.142272 2.618484
8.473390 20.157379 -1.145944 2.618672
8.642105 20.163530 -1.149696 2.618864
8.811938 20.169722 -1.153528 2.619061
8.982915 20.175957 -1.157443 2.619261
9.155065 20.182234 -1.161442 2.619466
9.328430 20.188555 -1.165525 2.619675
9.503015 20.194921 -1.169694 2.619888
9.678861 20.201334 -1.173951 2.620106
9.787271 20.066877 -1.170079 2.619908
9.894804 19.932959 -1.166270 2.619713
10.001653 19.799891 -1.162542 2.619522
10.107818 19.667675 -1.158894 2.619335
10.213323 19.536278 -1.155325 2.619153
10.318184 19.405682 -1.151834 2.618974
10.422420 19.275866 -1.148419 2.618799
10.551102 19.192368 -1.147805 2.618767
10.729902 19.198891 -1.152647 2.619015
10.910227 19.205467 -1.157587 2.619268
11.092113 19.212103 -1.162626 2.619526
11.899570 20.282330 -1.232388 2.623098
12.094954 20.289457 -1.237922 2.623382
12.292094 20.296650 -1.243567 2.623671
12.491051 20.303907 -1.249324 2.623965
12.691868 20.311234 -1.255196 2.624266
12.894592 20.318630 -1.261186 2.624573
13.099286 20.326099 -1.267295 2.624886
13.305967 20.333639 -1.273526 2.625204
13.491727 20.306677 -1.277705 2.625418
13.603292 20.167709 -1.274906 2.625275
13.714374 20.029341 -1.272180 2.625135
13.824995 19.891546 -1.269528 2.625000
13.935152 19.754328 -1.266949 2.624868
14.044868 19.617659 -1.264441 2.624739
14.154154 19.481522 -1.262005 2.624614
14.263025 19.345900 -1.259639 2.624494
14.464553 19.335154 -1.265484 2.624793
14.682218 19.343098 -1.272682 2.625161
14.902383 19.351133 -1.280024 2.625537
15.962111 20.430569 -1.358764 2.629569
16.199947 20.439249 -1.366830 2.629982
16.440655 20.448036 -1.375060 2.630403
13.333475 16.348448 -1.105610 2.616607
12.789537 15.459891 -1.051531 2.613838
12.436528 14.821277 -1.013975 2.611916
12.203148 14.338653 -0.986762 2.610522
11.986800 13.886832 -0.961404 2.609224
11.817043 13.498493 -0.940208 2.608139
11.689485 13.166181 -0.922723 2.607243
11.632564 12.919271 -0.911088 2.606647
11.620958 12.726576 -0.903198 2.606244
11.603215 12.530324 -0.894998 2.605824
11.593091 12.345382 -0.887547 2.605442
11.566652 12.146178 -0.879010 2.605005
11.597572 12.009637 -0.874967 2.604798
11.617499 11.863401 -0.870201 2.604554
11.642587 11.724144 -0.865927 2.604336
11.668147 11.586966 -0.861791 2.604124
11.694056 11.451662 -0.857779 2.603918
11.732856 11.330287 -0.854802 2.603766
11.771372 11.209728 -0.851885 2.603616
11.810494 11.090785 -0.849092 2.603473
11.851050 10.974188 -0.846479 2.603340
11.891217 10.858171 -0.843913 2.603208
11.922070 10.734679 -0.840764 2.603047
11.965620 10.623577 -0.838584 2.602936
12.010643 10.514516 -0.836574 2.602833
12.046971 10.398662 -0.834028 2.602702
12.082960 10.283402 -0.831529 2.602574
12.118639 10.168745 -0.829078 2.602449
12.154088 10.054738 -0.826681 2.602326
12.186913 9.939397 -0.824174 2.602198
12.212427 9.819039 -0.821243 2.602048
12.237717 9.699492 -0.818370 2.601901
12.262774 9.580729 -0.815553 2.601756
12.287498 9.462650 -0.812784 2.601614
12.312002 9.345312 -0.810069 2.601475
12.336243 9.228684 -0.807406 2.601339
12.360242 9.112754 -0.804793 2.601205
12.384004 8.997505 -0.802231 2.601074
12.407584 8.882959 -0.799721 2.600946
12.430943 8.769060 -0.797261 2.600820
12.454018 8.655764 -0.794846 2.600696
12.476870 8.543089 -0.792479 2.600575
12.499504 8.431022 -0.790159 2.600456
12.515372 8.315195 -0.787473 2.600318
12.527369 8.197675 -0.784607 2.600172
12.549396 8.087529 -0.782432 2.600060
12.570772 7.977653 -0.780273 2.599950
12.582602 7.862482 -0.777581 2.599812
12.597244 7.749878 -0.775124 2.599686
12.615737 7.640357 -0.772960 2.599576
12.626503 7.526903 -0.770382 2.599443
12.643188 7.417712 -0.768221 2.599333
12.657160 7.307614 -0.765952 2.599217
12.678529 7.202408 -0.764183 2.599126
12.696613 7.095892 -0.762269 2.599028
12.707206 6.985842 -0.759958 2.598910
12.717650 6.876406 -0.757693 2.598794
12.727947 6.767570 -0.755473 2.598680
12.738100 6.659319 -0.753298 2.598569
12.748111 6.551634 -0.751167 2.598460
12.757980 6.444516 -0.749079 2.598353
12.767711 6.337945 -0.747034 2.598248
12.777305 6.231907 -0.745032 2.598146
12.786763 6.126392 -0.743071 2.598045
12.796089 6.021378 -0.741152 2.597947
12.805284 5.916868 -0.739274 2.597851
12.814348 5.812844 -0.737437 2.597757
12.823284 5.709294 -0.735639 2.597665
12.832094 5.606205 -0.733881 2.597575
12.840780 5.503560 -0.732163 2.597487
12.851930 5.402451 -0.730630 2.597408
12.870600 5.304876 -0.729568 2.597354
12.884182 5.205547 -0.728260 2.597287
12.892394 5.104461 -0.726693 2.597207
12.900489 5.003765 -0.725162 2.597128
12.908467 4.903463 -0.723669 2.597052
12.916331 4.803539 -0.722212 2.596977
12.924081 4.703980 -0.720791 2.596905
12.931719 4.604779 -0.719407 2.596833
12.947062 4.508639 -0.718492 2.596787
12.963273 4.413055 -0.717664 2.596744
12.972269 4.315298 -0.716477 2.596684
12.979480 4.217288 -0.715232 2.596620
12.986584 4.119588 -0.714021 2.596558
12.993583 4.022181 -0.712844 2.596498
13.006763 3.926970 -0.712046 2.596457
13.022200 3.832640 -0.711409 2.596424
13.032192 3.736921 -0.710512 2.596378
13.038789 3.640496 -0.709469 2.596325
13.050004 3.545603 -0.708715 2.596286
13.065002 3.451920 -0.708204 2.596260
13.076251 3.357409 -0.707525 2.596225
13.082459 3.261823 -0.706612 2.596179
13.091450 3.167156 -0.705886 2.596141
13.106092 3.074002 -0.705501 2.596122
13.120619 2.980928 -0.705146 2.596103
13.135014 2.887918 -0.704819 2.596087
13.149316 2.794973 -0.704522 2.596071
13.163527 2.702085 -0.704255 2.596058
13.177678 2.609246 -0.704021 2.596046
13.191720 2.516452 -0.703815 2.596035
13.205669 2.423692 -0.703640 2.596026
13.219572 2.330967 -0.703496 2.596019
13.233363 2.238257 -0.703381 2.596013
13.247052 2.145550 -0.703296 2.596009
13.260656 2.052855 -0.703240 2.596006
13.274178 1.960158 -0.703214 2.596004
13.287664 1.867459 -0.703221 2.596005
13.301065 1.774742 -0.703257 2.596007
13.306987 1.681059 -0.702932 2.595990
13.313056 1.587483 -0.702650 2.595976
13.325370 1.494678 -0.702733 2.595980
13.337602 1.401838 -0.702844 2.595985
13.349763 1.308957 -0.702987 2.595993
13.361856 1.216020 -0.703159 2.596002
13.381885 1.123705 -0.703783 2.596034
13.403252 1.031322 -0.704511 2.596071
13.418022 0.938279 -0.704926 2.596092
13.430638 0.844985 -0.705262 2.596109
13.448557 0.751887 -0.705910 2.596143
13.466924 0.658639 -0.706615 2.596179
13.478641 0.564921 -0.707006 2.596199
13.493513 0.471204 -0.707596 2.596229
13.514541 0.377497 -0.708543 2.596277
13.530252 0.283414 -0.709246 2.596313
13.545808 0.189144 -0.709975 2.596351
13.573427 0.094760 -0.711371 2.596422
12.588355 -0.000000 -1.101338 2.616388
12.613335 -0.088059 -1.103551 2.616502
12.637083 -0.176459 -1.105709 2.616612
12.660792 -0.265206 -1.107919 2.616725
12.684498 -0.354310 -1.110183 2.616841
12.710282 -0.443853 -1.112683 2.616969
12.741288 -0.534018 -1.115697 2.617124
12.773848 -0.624745 -1.118903 2.617288
12.820176 -0.716759 -1.123372 2.617517
12.866776 -0.809509 -1.127923 2.617749
12.913693 -0.903014 -1.132561 2.617987
12.952508 -0.996641 -1.136547 2.618191
12.989121 -1.090727 -1.140400 2.618388
13.025875 -1.185448 -1.144326 2.618589
13.070218 -1.281546 -1.148980 2.618828
13.115335 -1.378477 -1.153764 2.619073
13.152577 -1.475298 -1.157918 2.619285
13.182796 -1.571953 -1.161516 2.619469
13.217428 -1.669750 -1.165566 2.619677
13.263047 -1.769668 -1.170650 2.619937
13.286745 -1.867330 -1.173864 2.620102
13.301850 -1.964247 -1.176381 2.620231
13.307756 -2.060150 -1.178146 2.620321
13.314893 -2.156542 -1.180082 2.620420
13.320539 -2.253001 -1.181948 2.620516
13.321138 -2.348876 -1.183428 2.620591
13.331136 -2.446722 -1.185804 2.620713
13.345879 -2.545863 -1.188668 2.620860
13.379043 -2.649122 -1.193240 2.621094
13.409784 -2.752634 -1.197666 2.621320
13.435500 -2.855804 -1.201714 2.621528
13.464306 -2.960320 -1.206110 2.621753
13.489669 -3.064778 -1.210269 2.621966
13.509770 -3.168688 -1.214028 2.622158
13.546558 -3.277257 -1.219360 2.622431
13.584846 -3.387083 -1.224905 2.622715
13.616242 -3.496057 -1.229907 2.622971
13.655626 -3.607972 -1.235709 2.623268
13.680122 -3.716807 -1.240244 2.623500
13.710283 -3.827980 -1.245371 2.623763
13.731904 -3.937560 -1.249801 2.623990
13.745124 -4.045410 -1.253544 2.624181
13.750902 -4.151643 -1.256684 2.624342
13.804912 -4.273335 -1.264315 2.624733
13.839967 -4.390296 -1.270302 2.625039
13.875836 -4.508533 -1.276452 2.625354
13.921865 -4.631188 -1.283630 2.625722
13.954925 -4.750644 -1.289704 2.626033
13.999623 -4.875185 -1.296949 2.626404
14.040315 -4.999532 -1.303921 2.626761
14.071376 -5.121562 -1.310094 2.627077
14.119536 -5.251009 -1.317959 2.627479
14.146095 -5.373598 -1.323908 2.627784
14.158702 -5.491799 -1.328643 2.628026
14.176084 -5.612709 -1.333919 2.628297
14.193481 -5.734539 -1.339291 2.628572
14.201912 -5.853606 -1.343910 2.628808
14.207110 -5.972120 -1.348314 2.629034
14.212178 -6.091348 -1.352798 2.629263
14.217121 -6.211308 -1.357363 2.629497
14.221924 -6.332008 -1.362009 2.629735
14.235294 -6.457416 -1.367573 2.630020
14.250687 -6.584742 -1.373435 2.630320
14.255090 -6.707936 -1.378339 2.630571
14.259356 -6.831939 -1.383330 2.630826
14.263482 -6.956765 -1.388408 2.631086
14.267538 -7.082468 -1.393582 2.631351
14.272060 -7.209337 -1.398906 2.631624
14.275666 -7.336696 -1.404245 2.631897
14.279108 -7.464938 -1.409676 2.632175
14.285830 -7.595911 -1.415541 2.632476
14.303996 -7.734142 -1.422656 2.632840
14.308093 -7.865942 -1.428491 2.633139
14.312907 -7.999214 -1.434512 2.633447
14.315511 -8.132342 -1.440428 2.633750
14.329926 -8.273387 -1.447655 2.634120
14.341901 -8.414344 -1.454764 2.634484
14.343978 -8.550728 -1.460994 2.634803
14.345873 -8.688169 -1.467330 2.635127
14.347585 -8.826694 -1.473772 2.635457
14.349113 -8.966321 -1.480323 2.635792
14.350543 -9.107133 -1.486993 2.636134
14.351727 -9.249057 -1.493770 2.636481
14.352633 -9.392100 -1.500653 2.636833
14.353467 -9.536422 -1.507664 2.637192
14.354033 -9.681917 -1.514787 2.637557
14.346593 -9.823318 -1.521202 2.637886
14.329756 -9.959440 -1.526752 2.638170
14.328443 -10.107605 -1.534093 2.638546
14.327515 -10.257495 -1.541623 2.638931
14.321500 -10.405179 -1.548755 2.639296
14.316649 -10.555145 -1.556161 2.639675
14.306800 -10.702853 -1.563174 2.640034
14.287804 -10.845034 -1.569333 2.640350
14.276611 -10.994473 -1.576496 2.640717
14.253818 -11.136303 -1.582526 2.641025
14.230602 -11.279037 -1.588652 2.641339
14.206947 -11.422679 -1.594875 2.641658
14.182836 -11.567239 -1.601195 2.641981
14.158283 -11.712752 -1.607616 2.642310
14.123698 -11.851191 -1.613044 2.642588
14.082124 -11.984827 -1.617813 2.642832
14.040292 -12.119255 -1.622687 2.643082
14.002499 -12.258262 -1.628171 2.643362
13.964306 -12.398092 -1.633754 2.643648
13.925619 -12.538685 -1.639430 2.643939
13.877599 -12.671990 -1.644152 2.644180
13.821280 -12.798645 -1.648025 2.644379
13.763079 -12.924392 -1.651804 2.644572
13.704406 -13.050530 -1.655657 2.644770
13.648325 -13.180035 -1.659958 2.644990
13.584640 -13.303062 -1.663467 2.645169
13.519593 -13.425536 -1.666939 2.645347
13.454136 -13.548394 -1.670490 2.645529
13.388255 -13.671638 -1.674120 2.645715
13.321918 -13.795249 -1.677827 2.645905
13.255115 -13.919243 -1.681612 2.646098
13.187842 -14.043626 -1.685475 2.646296
13.120090 -14.168410 -1.689416 2.646498
13.051070 -14.292747 -1.693336 2.646699
12.978980 -14.414618 -1.696998 2.646886
12.906512 -14.536956 -1.700752 2.647079
12.833556 -14.659654 -1.704583 2.647274
12.760070 -14.782684 -1.708488 2.647475
12.689591 -14.910221 -1.712948 2.647703
12.619999 -15.039929 -1.717685 2.647945
12.549810 -15.170115 -1.722505 2.648192
12.479094 -15.300880 -1.727419 2.648444
12.407838 -15.432239 -1.732427 2.648700
12.329318 -15.555730 -1.736585 2.648913
12.248177 -15.676951 -1.740529 2.649115
12.162715 -15.793609 -1.744011 2.649293
12.077687 -15.911766 -1.747705 2.649482
11.989737 -16.027012 -1.751126 2.649657
11.897786 -16.137766 -1.754109 2.649810
11.804270 -16.247185 -1.757002 2.649959
11.703609 -16.347429 -1.758964 2.650059
11.601578 -16.446285 -1.760842 2.650155
11.492495 -16.535534 -1.761765 2.650202
11.381086 -16.621660 -1.762432 2.650236
11.268767 -16.706635 -1.763058 2.650269
11.154672 -16.789131 -1.763502 2.650291
11.040431 -16.871548 -1.764020 2.650318
10.922984 -16.949156 -1.764118 2.650323
10.804147 -17.024614 -1.764078 2.650321
10.682428 -17.095459 -1.763649 2.650299
10.563680 -17.171017 -1.763792 2.650306
10.448932 -17.253237 -1.764702 2.650353
10.331481 -17.331221 -1.765257 2.650381
10.212089 -17.406086 -1.765578 2.650398
10.092625 -17.480938 -1.765980 2.650418
9.975652 -17.560324 -1.766921 2.650466
9.860883 -17.643972 -1.768368 2.650540
9.745894 -17.727718 -1.769899 2.650619
9.630662 -17.811539 -1.771512 2.650701
9.515170 -17.895433 -1.773205 2.650788
9.398894 -17.978428 -1.774884 2.650874
9.282040 -18.060896 -1.776585 2.650961
9.168495 -18.150537 -1.779063 2.651088
9.057122 -18.245457 -1.782125 2.651245
8.943283 -18.336449 -1.784871 2.651385
8.830497 -18.430670 -1.787998 2.651546
8.720250 -18.531477 -1.791828 2.651742
8.609207 -18.632036 -1.795695 2.651940
8.497569 -18.732786 -1.799644 2.652142
8.386284 -18.835903 -1.803882 2.652359
8.275474 -18.941813 -1.808447 2.652592
8.165076 -19.050554 -1.813343 2.652843
8.055087 -19.162300 -1.818582 2.653111
7.945826 -19.278017 -1.824255 2.653402
7.836677 -19.396458 -1.830241 2.653708
7.726768 -19.515591 -1.836348 2.654021
7.614373 -19.631029 -1.842163 2.654319
7.502884 -19.751488 -1.848506 2.654644
7.390586 -19.872686 -1.854975 2.654975
7.277428 -19.994570 -1.861564 2.655312
7.163426 -20.117239 -1.868284 2.655656
7.043303 -20.225616 -1.873736 2.655935
6.921937 -20.333061 -1.879167 2.656213
6.800137 -20.441963 -1.884799 2.656502
6.674695 -20.542599 -1.889735 2.656754
6.545815 -20.635025 -1.893987 2.656972
6.391742 -20.648388 -1.891072 2.656823
6.235830 -20.654072 -1.887559 2.656643
6.080491 -20.659737 -1.884151 2.656468
5.925702 -20.665379 -1.880847 2.656299
5.771447 -20.671001 -1.877646 2.656136
5.611338 -20.653160 -1.872421 2.655868
5.393900 -20.415100 -1.847380 2.654586
5.182197 -20.183321 -1.823087 2.653342
4.975975 -19.957546 -1.799512 2.652135
4.829378 -19.962257 -1.796853 2.651999
4.683352 -19.967579 -1.794345 2.651870
4.537726 -19.972885 -1.791932 2.651747
4.392488 -19.978178 -1.789612 2.651628
4.257333 -20.029179 -1.791474 2.651723
4.142164 -20.179054 -1.802249 2.652275
4.025596 -20.330750 -1.813243 2.652838
3.907590 -20.484314 -1.824461 2.653412
3.788111 -20.639790 -1.835909 2.653999
3.658432 -20.747999 -1.843217 2.654373
3.510174 -20.753399 -1.841475 2.654284
3.362189 -20.758789 -1.839826 2.654199
3.214461 -20.764170 -1.838269 2.654119
3.066979 -20.769541 -1.836804 2.654044
2.919722 -20.774902 -1.835431 2.653974
2.772677 -20.780258 -1.834149 2.653908
2.625831 -20.785604 -1.832958 2.653847
2.479168 -20.790945 -1.831858 2.653791
2.332677 -20.796278 -1.830849 2.653739
2.186337 -20.801605 -1.829929 2.653692
2.040136 -20.806927 -1.829100 2.653650
1.894061 -20.812244 -1.828360 2.653612
1.739598 -20.716347 -1.818824 2.653124
1.580222 -20.536810 -1.802049 2.652265
1.423748 -20.360544 -1.785667 2.651426
1.270086 -20.187449 -1.769665 2.650607
1.123607 -20.097210 -1.761024 2.650164
0.983166 -20.102322 -1.760827 2.650154
0.842751 -20.107430 -1.760717 2.650149
0.702345 -20.112537 -1.760692 2.650147
0.561936 -20.117647 -1.760753 2.650151
0.423626 -20.223747 -1.769737 2.650610
0.284841 -20.399052 -1.784860 2.651385
0.143660 -20.577381 -1.800331 2.652177
-0.000000 -20.758839 -1.816163 2.652987
-0.145818 -20.886469 -1.827374 2.653561
-0.291725 -20.891775 -1.827972 2.653592
-0.437733 -20.897085 -1.828659 2.653627
-0.583857 -20.902399 -1.829436 2.653667
-0.730114 -20.907717 -1.830303 2.653712
-0.876517 -20.913040 -1.831260 2.653760
-1.023080 -20.918369 -1.832308 2.653814
-1.169819 -20.923706 -1.833446 2.653872
-1.316744 -20.929047 -1.834675 2.653935
-1.463876 -20.934395 -1.835995 2.654003
-1.611227 -20.939753 -1.837406 2.654075
-1.758812 -20.945116 -1.838910 2.654152
-1.906646 -20.950491 -1.840505 2.654234
-2.046149 -20.868246 -1.834490 2.653926
-2.178159 -20.723795 -1.823084 2.653342
-2.308544 -20.581125 -1.811907 2.652770
-2.437346 -20.440187 -1.800954 2.652209
-2.564607 -20.300940 -1.790218 2.651659
-2.700092 -20.236248 -1.786133 2.651450
-2.844758 -20.241505 -1.788306 2.651561
-2.989784 -20.246775 -1.790572 2.651677
-3.135185 -20.252056 -1.792931 2.651798
-3.280977 -20.257353 -1.795384 2.651924
-3.465189 -20.487432 -1.817876 2.653075
-3.602829 -20.432659 -1.815203 2.652938
-3.721077 -20.274551 -1.803421 2.652335
-3.851401 -20.189741 -1.798225 2.652069
-3.979710 -20.098995 -1.792574 2.651780
-4.107555 -20.010448 -1.787190 2.651504
-4.236836 -19.932747 -1.782849 2.651282
-4.371661 -19.883451 -1.781126 2.651194
-4.501242 -19.812284 -1.777523 2.651009
-4.638525 -19.776445 -1.777169 2.650991
-4.775985 -19.741554 -1.776987 2.650982
-4.917288 -19.722164 -1.778289 2.651048
-5.052634 -19.678707 -1.777507 2.651008
-5.175078 -19.586882 -1.772433 2.650748
-5.315912 -19.565800 -1.773841 2.650821
-5.446804 -19.508261 -1.772029 2.650728
-5.576262 -19.446735 -1.769933 2.650620
-5.712906 -19.410788 -1.770248 2.650637
-5.839024 -19.339775 -1.767447 2.650493
-5.959640 -19.252480 -1.763228 2.650277
-6.085427 -19.183699 -1.760777 2.650152
-6.205401 -19.098261 -1.756868 2.649952
-6.320508 -19.000147 -1.751860 2.649695
-6.451474 -18.951077 -1.751445 2.649674
-6.577486 -18.887960 -1.749813 2.649590
-6.684123 -18.771198 -1.743277 2.649256
-6.803904 -18.693571 -1.740437 2.649110
-6.933909 -18.644718 -1.740353 2.649106
-7.062003 -18.590851 -1.739884 2.649082
-7.177310 -18.504204 -1.736423 2.648905
-7.297154 -18.430508 -1.734245 2.648793
-7.428597 -18.386421 -1.734935 2.648829
-7.562054 -18.346916 -1.736146 2.648890
-7.696593 -18.309467 -1.737645 2.648967
-7.812789 -18.228600 -1.735104 2.648837
-7.951937 -18.201265 -1.737745 2.648973
-8.084481 -18.158041 -1.738964 2.649035
-8.211801 -18.102812 -1.739123 2.649043
-8.341158 -18.051916 -1.739786 2.649077
-8.471918 -18.003738 -1.740800 2.649129
-8.601205 -17.952101 -1.741571 2.649168
-8.721447 -17.881617 -1.740597 2.649118
-8.849924 -17.828054 -1.741356 2.649157
-8.995520 -17.808100 -1.745498 2.649369
-9.124976 -17.755280 -1.746523 2.649422
-9.260281 -17.713284 -1.748708 2.649534
-9.382368 -17.645668 -1.748457 2.649521
-9.506934 -17.582705 -1.748752 2.649536
-9.643802 -17.542007 -1.751358 2.649669
-9.750103 -17.445751 -1.748501 2.649523
-9.884450 -17.399778 -1.750767 2.649639
-10.007821 -17.334055 -1.751142 2.649658
-10.121264 -17.251274 -1.749875 2.649594
-10.241595 -17.180433 -1.749899 2.649595
-10.353828 -17.096199 -1.748639 2.649530
-10.457047 -16.997688 -1.745988 2.649395
-10.562332 -16.903265 -1.743821 2.649283
-10.664804 -16.805040 -1.741326 2.649156
-10.773549 -16.717274 -1.739983 2.649087
-10.872275 -16.614574 -1.737152 2.648942
-10.971937 -16.514093 -1.734613 2.648812
-11.074136 -16.418081 -1.732607 2.648709
-11.163216 -16.303463 -1.728693 2.648509
-11.258215 -16.198446 -1.725850 2.648363
-11.354218 -16.095627 -1.723299 2.648233
-11.449819 -15.992937 -1.720821 2.648106
-11.532866 -15.873629 -1.716605 2.647890
-11.619177 -15.759867 -1.713033 2.647707
-11.698156 -15.637246 -1.708540 2.647477
-11.771090 -15.507834 -1.703338 2.647211
-11.828463 -15.359572 -1.696082 2.646839
-11.892813 -15.222106 -1.690030 2.646529
-11.950659 -15.077973 -1.683250 2.646182
-12.002209 -14.927734 -1.675791 2.645801
-12.051083 -14.776088 -1.668171 2.645410
-12.089895 -14.614170 -1.659380 2.644960
-12.122209 -14.446685 -1.649932 2.644476
-12.147188 -14.272893 -1.639729 2.643954
-12.160830 -14.088455 -1.628254 2.643367
-12.163119 -13.893821 -1.615534 2.642715
-12.170319 -13.707756 -1.603740 2.642112
-12.176580 -13.523462 -1.592085 2.641515
-12.170094 -13.327950 -1.579032 2.640846
-12.173454 -13.146133 -1.567522 2.640257
-12.168797 -12.958453 -1.555235 2.639628
-12.164749 -12.774241 -1.543282 2.639016
-12.161319 -12.593414 -1.531656 2.638421
-12.144700 -12.401754 -1.518621 2.637753
-12.129941 -12.214919 -1.506075 2.637111
-12.119839 -12.035522 -1.494352 2.636511
-12.111095 -11.860058 -1.483029 2.635931
-12.103460 -11.688175 -1.472066 2.635370
-12.088038 -11.511280 -1.460380 2.634771
-12.089643 -11.352929 -1.450963 2.634289
-12.093545 -11.198747 -1.442013 2.633831
-12.112457 -11.060190 -1.435026 2.633473
-12.130907 -10.922718 -1.428143 2.633121
-12.138714 -10.777251 -1.420169 2.632713
-12.159832 -10.645127 -1.413911 2.632392
-12.188906 -10.521182 -1.408716 2.632126
-12.208413 -10.390171 -1.402553 2.631811
-12.234621 -10.266066 -1.397296 2.631541
-12.267029 -10.148166 -1.392871 2.631315
-12.311568 -10.041069 -1.389935 2.631165
-12.354579 -9.933338 -1.386928 2.631011
-12.393035 -9.822597 -1.383513 2.630836
-12.435760 -9.715880 -1.380677 2.630691
-12.480361 -9.611168 -1.378145 2.630561
-12.523638 -9.505957 -1.375562 2.630429
-12.567796 -9.401913 -1.373169 2.630306
-12.623327 -9.306718 -1.372104 2.630252
-12.671392 -9.206306 -1.370309 2.630160
-12.725558 -9.110602 -1.369255 2.630106
-12.783722 -9.017922 -1.368706 2.630078
-12.841739 -8.925241 -1.368212 2.630053
-12.904499 -8.835893 -1.368293 2.630057
-12.968430 -8.747315 -1.368564 2.630070
-13.031857 -8.658341 -1.368844 2.630085
-13.095575 -8.569503 -1.369220 2.630104
-13.177197 -8.492126 -1.371522 2.630222
-13.250715 -8.409157 -1.373030 2.630299
-13.318643 -8.322412 -1.374014 2.630350
-13.389657 -8.237370 -1.375374 2.630419
-13.471875 -8.158856 -1.377935 2.630550
-13.547814 -8.076118 -1.379902 2.630651
-13.614850 -7.987783 -1.381016 2.630708
-13.689979 -7.903913 -1.383005 2.630810
-13.769895 -7.822386 -1.385528 2.630939
-13.829398 -7.728989 -1.386052 2.630966
-13.904408 -7.644014 -1.388188 2.631075
-13.977589 -7.557652 -1.390192 2.631178
-14.042642 -7.466605 -1.391444 2.631242
-14.103576 -7.373168 -1.392347 2.631288
-14.178472 -7.286744 -1.394685 2.631408
-14.241247 -7.193772 -1.395886 2.631469
-14.302505 -7.099823 -1.396997 2.631526
-14.369720 -7.008581 -1.398749 2.631616
-14.430274 -6.913826 -1.399911 2.631675
-14.487535 -6.817315 -1.400815 2.631721
-14.554676 -6.725205 -1.402733 2.631820
-14.624239 -6.633847 -1.404939 2.631933
-14.680113 -6.536007 -1.405889 2.631981
-14.740736 -6.440066 -1.407354 2.632056
-14.813733 -6.349173 -1.410057 2.632195
-14.874928 -6.252845 -1.411693 2.632279
-14.927757 -6.152776 -1.412595 2.632325
-15.008122 -6.063675 -1.416160 2.632507
-15.066570 -5.965274 -1.417711 2.632587
-15.126366 -5.867129 -1.419448 2.632676
-15.185229 -5.768328 -1.421158 2.632763
-15.253424 -5.672695 -1.423799 2.632898
-15.307215 -5.571370 -1.425155 2.632968
-15.366197 -5.471653 -1.427055 2.633065
-15.424176 -5.371265 -1.428922 2.633161
-15.480941 -5.270143 -1.430738 2.633254
-15.537450 -5.168620 -1.432590 2.633348
-15.603048 -5.069737 -1.435340 2.633489
-15.649596 -4.964342 -1.436399 2.633543
-15.694604 -4.858290 -1.437382 2.633594
-15.748203 -4.754663 -1.439216 2.633688
-15.811341 -4.653529 -1.441982 2.633829
-15.868989 -4.550359 -1.444307 2.633948
-15.923639 -4.445957 -1.446420 2.634057
-15.977991 -4.341123 -1.448569 2.634167
-16.028379 -4.234881 -1.450422 2.634261
-16.082306 -4.129232 -1.452657 2.634376
-16.137915 -4.023634 -1.455107 2.634501
-16.190807 -3.916965 -1.457375 2.634618
-16.239140 -3.808855 -1.459297 2.634716
-16.294321 -3.701980 -1.461897 2.634849
-16.333256 -3.591097 -1.463106 2.634911
-16.375797 -3.480783 -1.464704 2.634993
-16.421618 -3.370871 -1.466662 2.635093
-16.463394 -3.259839 -1.468324 2.635178
-16.504953 -3.148489 -1.470035 2.635266
-16.543554 -3.036308 -1.471549 2.635343
-16.582932 -2.924018 -1.473200 2.635428
-16.615862 -2.810360 -1.474346 2.635486
-16.643351 -2.695633 -1.475079 2.635524
-16.679325 -2.582097 -1.476634 2.635604
-16.717291 -2.468593 -1.478434 2.635696
-16.754889 -2.354746 -1.480269 2.635790
-16.786201 -2.239755 -1.481618 2.635859
-16.809774 -2.123567 -1.482353 2.635896
-16.831680 -2.007057 -1.483014 2.635930
-16.864470 -1.891651 -1.484703 2.636017
-16.904062 -1.776688 -1.487060 2.636137
-16.935032 -1.660491 -1.488728 2.636223
-16.964178 -1.543860 -1.490307 2.636304
-16.986883 -1.426429 -1.491390 2.636359
-17.009472 -1.308805 -1.492535 2.636418
-17.040514 -1.191589 -1.494492 2.636518
-17.076250 -1.074344 -1.496932 2.636643
-17.111292 -0.956669 -1.499382 2.636768
-17.146021 -0.838581 -1.501875 2.636896
-17.189932 -0.720470 -1.505244 2.637069
-17.210478 -0.601003 -1.506639 2.637140
-17.234184 -0.481391 -1.508384 2.637229
-17.265123 -0.361652 -1.510834 2.637355
-17.301569 -0.241592 -1.513839 2.637509
-17.347048 -0.121105 -1.517707 2.637707
-17.387369 0.000000 -1.521198 2.637885
-17.431339 0.121699 -1.525082 2.638084
-17.460651 0.243814 -1.527758 2.638221
-17.512701 0.366838 -1.532499 2.638464
-17.558548 0.490457 -1.536773 2.638683
-17.595947 0.614464 -1.540384 2.638868
-17.646622 0.739616 -1.545235 2.639116
-17.699026 0.865628 -1.550315 2.639376
-17.746765 0.992197 -1.555065 2.639619
-17.802750 1.120056 -1.560618 2.639904
-17.869349 1.249547 -1.567183 2.640240
-17.909868 1.378092 -1.571542 2.640463
-17.964996 1.508564 -1.577265 2.640756
-18.027294 1.640612 -1.583702 2.641085
-18.091311 1.773871 -1.590375 2.641427
-18.156208 1.908295 -1.597212 2.641777
-18.220974 2.043813 -1.604126 2.642131
-18.287466 2.180650 -1.611280 2.642498
-18.356300 2.318939 -1.618732 2.642879
-18.425655 2.458510 -1.626322 2.643268
-18.501369 2.600198 -1.634568 2.643690
-18.566175 2.741617 -1.641944 2.644068
-18.625591 2.883395 -1.648939 2.644426
-18.714388 3.031069 -1.658633 2.644922
-18.766413 3.174103 -1.665167 2.645257
-18.825161 3.319384 -1.672396 2.645627
-18.874966 3.464208 -1.678928 2.645961
-18.930956 3.611274 -1.686110 2.646329
-18.999874 3.762076 -1.694546 2.646761
-19.036919 3.907720 -1.700242 2.647052
-19.080925 4.055776 -1.706659 2.647381
-19.109589 4.201519 -1.711805 2.647644
-19.142447 4.349059 -1.717426 2.647932
-19.180178 4.498669 -1.723587 2.648247
-19.213316 4.648192 -1.729439 2.648547
-19.234816 4.795779 -1.734346 2.648798
-19.250303 4.942641 -1.738811 2.649027
-19.269188 5.091141 -1.743685 2.649277
-19.283937 5.239329 -1.748287 2.649512
-19.279022 5.382802 -1.751206 2.649662
-19.279514 5.528312 -1.754714 2.649841
-19.272154 5.672107 -1.757605 2.649989
-19.261091 5.815268 -1.760256 2.650125
-19.261002 5.962276 -1.764009 2.650317
-19.243248 6.104321 -1.766243 2.650432
-19.220747 6.245199 -1.768136 2.650528
-19.198103 6.386363 -1.770112 2.650630
-19.174738 6.527615 -1.772116 2.650732
-19.145264 6.667085 -1.773650 2.650811
-19.108383 6.804192 -1.774591 2.650859
-19.075699 6.942987 -1.776014 2.650932
-19.042847 7.081975 -1.777516 2.651009
-19.009466 7.221020 -1.779062 2.651088
-18.969265 7.357692 -1.780064 2.651139
-18.933735 7.496399 -1.781597 2.651218
-18.897663 7.635152 -1.783175 2.651299
-18.854116 7.771110 -1.784142 2.651348
-18.810852 7.907355 -1.785228 2.651404
-18.765011 8.042693 -1.786163 2.651452
-18.715929 8.176791 -1.786882 2.651488
-18.669037 8.311991 -1.787901 2.651541
-18.615963 8.444579 -1.788421 2.651567
-18.552605 8.572508 -1.788040 2.651548
-18.495520 8.703330 -1.788351 2.651563
-18.443371 8.836585 -1.789230 2.651608
-18.374657 8.961919 -1.788590 2.651576
-18.309031 9.088685 -1.788335 2.651563
-18.256439 9.221992 -1.789443 2.651619
-18.184750 9.345692 -1.788768 2.651585
-18.111837 9.468642 -1.788055 2.651548
-18.053102 9.599006 -1.788829 2.651588
-17.979544 9.721507 -1.788221 2.651557
-17.897541 9.839258 -1.786854 2.651487
-17.828075 9.963774 -1.786820 2.651485
-17.755930 10.086775 -1.786603 2.651474
-17.680889 10.208067 -1.786180 2.651452
-17.601278 10.326613 -1.785378 2.651411
-17.512579 10.439593 -1.783730 2.651327
-17.423933 10.552308 -1.782161 2.651247
-17.335287 10.664742 -1.780666 2.651170
-17.251144 10.779712 -1.779710 2.651121
-17.166737 10.894347 -1.778805 2.651075
-17.073492 11.003117 -1.777060 2.650985
-16.979500 11.111073 -1.775307 2.650896
-16.882030 11.216397 -1.773261 2.650791
-16.788588 11.324045 -1.771706 2.650711
-16.699625 11.434477 -1.770700 2.650660
-16.606836 11.542053 -1.769362 2.650591
-16.509741 11.646340 -1.767637 2.650503
-16.409031 11.747716 -1.765592 2.650398
-16.307617 11.848178 -1.763537 2.650293
-16.199778 11.943510 -1.760850 2.650155
-16.082190 12.031016 -1.757155 2.649966
-15.959755 12.114112 -1.752976 2.649752
-15.848198 12.204759 -1.750039 2.649602
-15.752226 12.306989 -1.748886 2.649543
-15.666472 12.417097 -1.748948 2.649546
-15.591727 12.536073 -1.750331 2.649617
-15.527511 12.663927 -1.753004 2.649754
-15.465265 12.793983 -1.756019 2.649908
-15.398436 12.920822 -1.758630 2.650042
-15.333940 13.050210 -1.761626 2.650195
-15.264535 13.175995 -1.764178 2.650326
-15.198641 13.305404 -1.767255 2.650483
-15.134469 13.437014 -1.770658 2.650658
-15.064322 13.563977 -1.773487 2.650802
-14.985865 13.683980 -1.775454 2.650903
-14.906898 13.803942 -1.777473 2.651006
-14.827275 13.923738 -1.779526 2.651112
-14.748574 14.044881 -1.781805 2.651228
-14.666337 14.163117 -1.783772 2.651329
-14.587132 14.284780 -1.786225 2.651455
-14.508914 14.407977 -1.788920 2.651593
-14.433501 14.534618 -1.792090 2.651755
-14.359406 14.663346 -1.795557 2.651932
-14.288485 14.796159 -1.799562 2.652138
-14.213290 14.925430 -1.803171 2.652322
-14.137726 15.055151 -1.806875 2.652512
-14.064918 15.188728 -1.811077 2.652727
-14.000401 15.332399 -1.816509 2.653005
-13.936407 15.477948 -1.822182 2.653296
-13.870838 15.623107 -1.827826 2.653585
-13.819682 15.786098 -1.835562 2.653981
-13.760829 15.942072 -1.842483 2.654335
-13.712529 16.112171 -1.851033 2.654773
-13.677264 16.299929 -1.861588 2.655313
-13.652466 16.503002 -1.873849 2.655941
-13.626109 16.707264 -1.886194 2.656573
-13.597534 16.911921 -1.898536 2.657205
-13.586308 17.141657 -1.913632 2.657978
-13.586535 17.389971 -1.930717 2.658853
-13.575023 17.627533 -1.946522 2.659662
-13.575457 17.885006 -1.964440 2.660579
-13.568234 18.137032 -1.981669 2.661461
-13.568276 18.403566 -2.000392 2.662420
-13.566571 18.672785 -2.019311 2.663388
-13.559120 18.939186 -2.037833 2.664337
-13.542261 19.197382 -2.055392 2.665236
-13.457315 19.362537 -2.062966 2.665624
-13.262632 19.369591 -2.053802 2.665155
-12.938093 19.181513 -2.024233 2.663640
-12.203074 18.367109 -1.929250 2.658777
-12.023358 18.373621 -1.921071 2.658359
-11.845153 18.380077 -1.913053 2.657948
-11.668413 18.386482 -1.905194 2.657546
-11.553538 18.489527 -1.907467 2.657662
-11.459182 18.626642 -1.913313 2.657961
-11.364245 18.764601 -1.919287 2.658267
-11.268709 18.903435 -1.925394 2.658580
-11.172557 19.043167 -1.931635 2.658900
-11.075779 19.183813 -1.938010 2.659226
-10.978353 19.325403 -1.944524 2.659559
-10.873679 19.456161 -1.949995 2.659840
-10.699586 19.462473 -1.943093 2.659486
-10.526705 19.468740 -1.936334 2.659140
-10.355021 19.474964 -1.929716 2.658802
-10.184493 19.481146 -1.923237 2.658470
-10.015104 19.487288 -1.916894 2.658145
-9.846821 19.493391 -1.910685 2.657827
-9.679610 19.499454 -1.904609 2.657516
-9.513457 19.505480 -1.898664 2.657212
-9.348325 19.511467 -1.892848 2.656914
-9.012309 19.152134 -1.851840 2.654814
-8.629887 18.676785 -1.800008 2.652160
-8.394318 18.505177 -1.777778 2.651022
-8.241504 18.510719 -1.772740 2.650764
-8.089540 18.516233 -1.767816 2.650512
-7.938416 18.521715 -1.763005 2.650266
-7.804329 18.565763 -1.761968 2.650213
-7.709237 18.704016 -1.769938 2.650621
-7.613280 18.843531 -1.778067 2.651037
-7.516430 18.984344 -1.786359 2.651461
-7.418672 19.126482 -1.794817 2.651895
-7.319980 19.269981 -1.803443 2.652336
-7.220327 19.414881 -1.812242 2.652787
-2.788083 7.660195 -0.713191 2.596515
-2.723267 7.647828 -0.710252 2.596365
-2.658978 7.635548 -0.707370 2.596217
-2.595201 7.623353 -0.704545 2.596073
-2.531922 7.611240 -0.701775 2.595931
-2.469133 7.599210 -0.699059 2.595792
-2.406818 7.587257 -0.696397 2.595655
-2.344972 7.575383 -0.693787 2.595522
-2.283581 7.563583 -0.691230 2.595391
-2.222631 7.551856 -0.688723 2.595263
-2.162117 7.540200 -0.686267 2.595137
-2.102025 7.528614 -0.683860 2.595014
-2.042349 7.517095 -0.681502 2.594893
-1.983077 7.505642 -0.679192 2.594774
-1.924196 7.494253 -0.676929 2.594659
-1.865703 7.482927 -0.674713 2.594545
-1.807586 7.471662 -0.672543 2.594434
-1.749831 7.460454 -0.670418 2.594325
-1.692439 7.449306 -0.668338 2.594219
-1.635396 7.438213 -0.666303 2.594115
-1.578695 7.427176 -0.664310 2.594013
-1.522326 7.416190 -0.662361 2.593913
-1.466278 7.405256 -0.660454 2.593815
-1.410550 7.394372 -0.658589 2.593720
-1.355132 7.383537 -0.656765 2.593626
-1.314363 7.454122 -0.662212 2.593905
-1.264410 7.475639 -0.663323 2.593962
-1.208911 7.464056 -0.661530 2.593870
-1.153712 7.452536 -0.659779 2.593781
-1.098801 7.441075 -0.658069 2.593693
-1.044172 7.429674 -0.656400 2.593608
-0.990552 7.423836 -0.655258 2.593549
-0.944183 7.473999 -0.659087 2.593745
-0.897270 7.524751 -0.662994 2.593945
-0.849796 7.576110 -0.666980 2.594149
-0.801745 7.628093 -0.671048 2.594357
-0.754115 7.691051 -0.676107 2.594617
-0.716391 7.871838 -0.691543 2.595407
-0.676905 8.061068 -0.707734 2.596236
-0.635524 8.259381 -0.724738 2.597106
-0.571178 8.168230 -0.716373 2.596678
-0.513140 8.156115 -0.714978 2.596607
-0.463992 8.299161 -0.727216 2.597233
-0.918917 18.788713 -1.645764 2.644263
-0.787176 18.781506 -1.644611 2.644204
-0.656031 18.786278 -1.644588 2.644203
-0.524883 18.791050 -1.644645 2.644206
-0.393710 18.795824 -1.644782 2.644213
-0.262519 18.800598 -1.645000 2.644224
-0.132260 18.944893 -1.657504 2.644864
0.000000 19.143204 -1.674813 2.645750
0.135059 19.345713 -1.692572 2.646660
0.273030 19.552591 -1.710797 2.647593
0.414001 19.763969 -1.729503 2.648551
0.555057 19.871277 -1.739190 2.649046
0.694097 19.876339 -1.740014 2.649089
0.833276 19.881407 -1.740925 2.649135
0.972618 19.886480 -1.741921 2.649186
1.112115 19.891560 -1.743004 2.649242
1.251793 19.896645 -1.744173 2.649302
1.391665 19.901739 -1.745428 2.649366
1.531746 19.906839 -1.746771 2.649435
1.672060 19.911949 -1.748201 2.649508
1.812600 19.917068 -1.749719 2.649585
1.953391 19.922195 -1.751325 2.649668
2.093571 19.918993 -1.752285 2.649717
2.216611 19.761547 -1.739754 2.649075
2.337919 19.606318 -1.727483 2.648447
2.457523 19.453264 -1.715467 2.647832
2.575481 19.302317 -1.703700 2.647229
2.691837 19.153416 -1.692175 2.646639
2.806635 19.006508 -1.680886 2.646061
2.928482 18.916801 -1.674720 2.645746
3.064661 18.921762 -1.677012 2.645863
3.201221 18.926739 -1.679393 2.645985
3.338175 18.931730 -1.681863 2.646111
3.475540 18.936737 -1.684422 2.646242
3.633408 19.046957 -1.696442 2.646858
3.827293 19.329220 -1.723920 2.648265
4.027574 19.620796 -1.752389 2.649722
4.234591 19.922184 -1.781904 2.651233
4.399778 20.011345 -1.792583 2.651780
4.547698 20.016739 -1.795866 2.651948
4.696158 20.022152 -1.799250 2.652121
4.845185 20.027586 -1.802734 2.652300
4.994799 20.033041 -1.806319 2.652483
5.145015 20.038519 -1.810008 2.652672
5.295866 20.044020 -1.813800 2.652867
5.447346 20.049545 -1.817697 2.653066
5.599485 20.055094 -1.821700 2.653271
5.752305 20.060669 -1.825810 2.653481
5.897904 20.039366 -1.827574 2.653572
6.008645 19.901567 -1.818789 2.653122
6.118322 19.765091 -1.810175 2.652681
6.226971 19.629890 -1.801731 2.652249
6.334615 19.495939 -1.793451 2.651825
6.441279 19.363205 -1.785334 2.651409
6.546995 19.231649 -1.777376 2.651001
6.651769 19.101263 -1.769574 2.650602
6.786066 19.057478 -1.769864 2.650617
6.938378 19.063038 -1.774835 2.650872
7.091557 19.068628 -1.779922 2.651132
7.245636 19.074251 -1.785125 2.651398
7.469761 19.258181 -1.807175 2.652527
7.835994 19.791454 -1.862306 2.655350
8.140243 20.147806 -1.901138 2.657338
8.306830 20.153887 -1.907138 2.657645
8.474495 20.160009 -1.913269 2.657959
8.643236 20.166170 -1.919534 2.658280
8.813095 20.172371 -1.925934 2.658608
8.984098 20.178616 -1.932471 2.658942
9.156276 20.184902 -1.939148 2.659284
9.329668 20.191235 -1.945966 2.659633
9.504279 20.197611 -1.952928 2.659990
9.673440 20.190020 -1.958676 2.660284
9.781640 20.055334 -1.952187 2.659952
9.889131 19.921530 -1.945836 2.659627
9.995936 19.788574 -1.939619 2.659308
10.102058 19.656469 -1.933536 2.658997
10.207521 19.525181 -1.927584 2.658692
10.312341 19.394691 -1.921763 2.658394
10.416534 19.264982 -1.916069 2.658103
10.552557 19.195015 -1.916391 2.658119
10.731388 19.201550 -1.924477 2.658533
10.911744 19.208139 -1.932725 2.658955
11.093662 19.214787 -1.941139 2.659386
11.901239 20.285175 -2.057617 2.665350
12.096658 20.292316 -2.066858 2.665823
12.293835 20.299522 -2.076283 2.666306
12.492827 20.306795 -2.085897 2.666798
12.693682 20.314137 -2.095703 2.667300
12.896443 20.321548 -2.105704 2.667812
12.291344 19.072418 -1.985114 2.661638
11.941692 18.248810 -1.908021 2.657691
11.562483 17.402931 -1.827975 2.653592
11.324537 16.789316 -1.771783 2.650715
11.140495 16.270287 -1.725175 2.648329
10.954394 15.761297 -1.679275 2.645979
10.828432 15.350274 -1.643497 2.644147
10.725435 14.981126 -1.611951 2.642532
10.628726 14.629187 -1.582029 2.641000
10.551437 14.311624 -1.555615 2.639647
10.472921 13.999434 -1.529592 2.638315
10.395972 13.696181 -1.504351 2.637023
10.330525 13.414456 -1.481293 2.635842
10.256312 13.127481 -1.457475 2.634623
10.189772 12.856295 -1.435230 2.633484
10.167102 12.645315 -1.419567 2.632682
10.171185 12.471100 -1.407946 2.632087
10.188102 12.315297 -1.398352 2.631596
10.204635 12.161409 -1.388934 2.631114
10.228046 12.017916 -1.380668 2.630690
10.257472 11.883389 -1.373407 2.630318
10.289546 11.753649 -1.366681 2.629974
10.315091 11.618163 -1.359268 2.629595
10.341552 11.485456 -1.352155 2.629230
10.375674 11.362816 -1.346212 2.628926
10.404515 11.235847 -1.339743 2.628595
10.428573 11.105297 -1.332825 2.628241
10.461426 10.985577 -1.327190 2.627952
10.490724 10.863461 -1.321253 2.627648
10.520364 10.743044 -1.315508 2.627354
10.565228 10.639239 -1.311797 2.627164
10.614286 10.540438 -1.308720 2.627006
10.668182 10.447054 -1.306341 2.626884
10.729406 10.361267 -1.304949 2.626813
10.785661 10.271048 -1.303038 2.626715
10.823742 10.164164 -1.299033 2.626510
10.861477 10.057834 -1.295103 2.626309
10.898857 9.952022 -1.291244 2.626112
10.930232 9.841625 -1.286790 2.625884
10.959183 9.730020 -1.282170 2.625647
10.987770 9.619059 -1.277626 2.625414
11.016033 9.508780 -1.273163 2.625186
11.043983 9.399164 -1.268778 2.624961
11.071644 9.290212 -1.264474 2.624741
11.099036 9.181923 -1.260251 2.624525
11.126104 9.074223 -1.256100 2.624312
11.152849 8.967117 -1.252021 2.624104
11.179306 8.860606 -1.248017 2.623898
11.205478 8.754678 -1.244085 2.623697
11.231411 8.649352 -1.240230 2.623500
11.257080 8.544583 -1.236447 2.623306
11.282429 8.440331 -1.232729 2.623116
11.307504 8.336609 -1.229079 2.622929
11.324015 8.227378 -1.224601 2.622699
11.345165 8.122342 -1.220726 2.622501
11.371120 8.021438 -1.217463 2.622334
11.388120 7.914946 -1.213338 2.622123
11.403693 7.808270 -1.209159 2.621909
11.419037 7.702238 -1.205055 2.621699
11.434156 7.596837 -1.201025 2.621492
11.449056 7.492046 -1.197066 2.621290
11.463735 7.387869 -1.193179 2.621091
11.478198 7.284284 -1.189363 2.620895
11.492449 7.181279 -1.185616 2.620703
11.506490 7.078841 -1.181937 2.620515
11.520326 6.976952 -1.178326 2.620330
11.533956 6.875614 -1.174782 2.620149
11.547385 6.774809 -1.171303 2.619971
11.561179 6.674850 -1.167947 2.619799
11.575038 6.575538 -1.164682 2.619632
11.588691 6.476696 -1.161477 2.619467
11.602139 6.378326 -1.158334 2.619307
11.615385 6.280413 -1.155250 2.619149
11.628431 6.182946 -1.152227 2.618994
11.641280 6.085916 -1.149262 2.618842
11.653936 5.989305 -1.146355 2.618693
11.666398 5.893118 -1.143506 2.618547
11.678671 5.797341 -1.140714 2.618404
11.690755 5.701962 -1.137979 2.618264
11.702653 5.606973 -1.135299 2.618127
11.714369 5.512359 -1.132674 2.617993
11.725902 5.418124 -1.130104 2.617861
11.739512 5.325277 -1.127806 2.617743
11.753424 5.232961 -1.125605 2.617631
11.763808 5.139482 -1.123136 2.617504
11.774031 5.046351 -1.120721 2.617381
11.784092 4.953573 -1.118359 2.617260
11.793995 4.861132 -1.116051 2.617142
11.803741 4.769021 -1.113796 2.617026
11.818558 4.679299 -1.112084 2.616939
11.836671 4.591137 -1.110745 2.616870
11.848808 4.500937 -1.108909 2.616776
11.857952 4.409931 -1.106856 2.616671
11.866947 4.319215 -1.104854 2.616569
11.875793 4.228781 -1.102902 2.616468
11.887671 4.139720 -1.101294 2.616386
11.896704 4.049965 -1.099485 2.616293
11.905581 3.960458 -1.097723 2.616204
11.921838 3.873640 -1.096702 2.616151
11.934631 3.785889 -1.095421 2.616086
11.942632 3.696858 -1.093760 2.616000
11.953136 3.608862 -1.092388 2.615930
11.969212 3.522729 -1.091582 2.615889
11.982593 3.435953 -1.090589 2.615838
11.990052 3.347684 -1.089114 2.615763
11.998579 3.259938 -1.087794 2.615695
12.014054 3.174247 -1.087162 2.615663
12.029407 3.088625 -1.086573 2.615633
12.044656 3.003070 -1.086031 2.615605
12.059148 2.917416 -1.085474 2.615576
12.065832 2.830011 -1.084271 2.615515
12.072387 2.742776 -1.083113 2.615455
12.085962 2.657270 -1.082640 2.615431
12.100464 2.572033 -1.082304 2.615414
12.114834 2.486819 -1.082010 2.615399
12.129073 2.401617 -1.081758 2.615386
12.143181 2.316433 -1.081548 2.615375
12.157160 2.231255 -1.081379 2.615366
12.171021 2.146079 -1.081253 2.615360
12.184792 2.060905 -1.081172 2.615356
12.198439 1.975712 -1.081132 2.615354
12.218715 1.891554 -1.081733 2.615385
12.234658 1.806656 -1.082001 2.615398
12.247046 1.721210 -1.082008 2.615399
12.259318 1.635743 -1.082057 2.615401
12.271488 1.550245 -1.082149 2.615406
12.286943 1.465127 -1.082584 2.615428
12.307559 1.380512 -1.083524 2.615476
12.324240 1.295330 -1.084170 2.615510
12.336016 1.209558 -1.084437 2.615523
12.351560 1.124076 -1.085087 2.615556
12.370817 1.038804 -1.086115 2.615609
12.389093 0.953287 -1.087109 2.615660
12.407784 0.867637 -1.088191 2.615715
12.426373 0.781802 -1.089316 2.615773
12.444857 0.695771 -1.090484 2.615833
12.459650 0.609376 -1.091381 2.615879
12.474033 0.522815 -1.092295 2.615925
12.491123 0.436199 -1.093498 2.615987
12.508114 0.349384 -1.094745 2.616051
12.525037 0.262358 -1.096039 2.616117
12.541891 0.175126 -1.097380 2.616186
12.562811 0.087705 -1.099130 2.616275
11.686295 -0.000000 -1.434897 2.633467
11.710415 -0.081756 -1.437893 2.633620
11.735409 -0.163868 -1.441067 2.633783
11.755844 -0.246250 -1.443753 2.633920
11.786186 -0.329218 -1.447726 2.634124
11.821614 -0.412820 -1.452397 2.634363
11.853866 -0.496824 -1.456750 2.634585
11.887028 -0.581373 -1.461288 2.634818
11.921702 -0.666527 -1.466087 2.635064
11.961628 -0.752562 -1.471607 2.635346
12.001713 -0.839242 -1.477224 2.635634
12.048573 -0.927087 -1.483752 2.635968
12.096075 -1.015736 -1.490438 2.636311
12.143847 -1.105177 -1.497239 2.636658
12.191921 -1.195428 -1.504158 2.637013
12.240424 -1.286521 -1.511214 2.637374
12.285752 -1.378068 -1.517961 2.637719
12.328531 -1.470089 -1.524477 2.638053
12.367384 -1.562364 -1.530593 2.638366
12.404540 -1.655119 -1.536584 2.638673
12.436838 -1.747884 -1.542059 2.638953
12.468726 -1.841222 -1.547569 2.639235
12.499166 -1.934973 -1.552986 2.639513
12.529431 -2.029325 -1.558468 2.639793
12.553537 -2.123272 -1.563273 2.640040
12.571589 -2.216711 -1.567410 2.640251
12.588391 -2.310402 -1.571477 2.640460
12.599051 -2.403398 -1.574864 2.640633
12.609412 -2.496731 -1.578300 2.640809
12.633239 -2.593232 -1.583510 2.641076
12.650939 -2.689040 -1.588042 2.641308
12.661516 -2.783815 -1.591771 2.641499
12.677162 -2.880181 -1.596227 2.641727
12.692934 -2.977101 -1.600791 2.641960
12.708806 -3.074584 -1.605461 2.642200
12.725298 -3.172773 -1.610303 2.642447
12.738399 -3.270665 -1.614811 2.642678
12.748548 -3.368312 -1.619039 2.642895
12.761179 -3.467136 -1.623678 2.643132
12.771654 -3.565910 -1.628138 2.643361
12.789541 -3.667342 -1.633643 2.643642
12.807701 -3.769511 -1.639284 2.643931
12.825809 -3.872341 -1.645022 2.644225
12.843872 -3.975843 -1.650858 2.644524
12.861940 -4.080048 -1.656801 2.644828
12.872983 -4.182686 -1.661945 2.645092
12.878191 -4.284004 -1.666438 2.645322
12.897029 -4.390507 -1.672801 2.645647
12.909501 -4.495564 -1.678449 2.645936
12.920087 -4.600636 -1.683960 2.646219
12.930606 -4.706356 -1.689572 2.646506
12.940919 -4.812685 -1.695269 2.646798
12.947365 -4.918243 -1.700570 2.647069
12.958742 -5.026365 -1.706632 2.647379
12.960761 -5.131528 -1.711574 2.647633
12.960402 -5.236342 -1.716313 2.647875
12.961679 -5.342419 -1.721379 2.648134
12.962750 -5.449039 -1.726531 2.648398
12.963598 -5.556206 -1.731769 2.648667
12.960804 -5.662436 -1.736634 2.648916
12.960940 -5.770582 -1.742008 2.649191
12.959096 -5.878507 -1.747234 2.649458
12.949897 -5.983693 -1.751583 2.649681
12.947290 -6.092533 -1.756941 2.649955
12.946983 -6.203155 -1.762733 2.650252
12.939042 -6.310793 -1.767607 2.650501
12.937934 -6.422447 -1.773538 2.650805
12.934256 -6.533563 -1.779243 2.651097
12.923590 -6.641824 -1.784111 2.651346
12.913670 -6.751104 -1.789204 2.651607
12.911590 -6.865214 -1.795513 2.651930
12.906934 -6.978753 -1.801597 2.652242
12.901810 -7.092831 -1.807750 2.652557
12.899634 -7.209362 -1.814453 2.652900
12.887867 -7.321328 -1.819943 2.653181
12.878254 -7.435263 -1.825871 2.653485
12.874801 -7.553601 -1.832814 2.653840
12.865915 -7.669625 -1.839126 2.654163
12.850991 -7.782837 -1.844715 2.654449
12.843396 -7.901310 -1.851498 2.654797
12.838410 -8.022329 -1.858808 2.655171
12.822541 -8.137433 -1.864690 2.655472
12.806358 -8.253135 -1.870670 2.655778
12.794424 -8.372437 -1.877420 2.656124
12.787752 -8.496163 -1.885099 2.656517
12.773946 -8.616136 -1.891885 2.656864
12.756439 -8.734517 -1.898277 2.657192
12.744578 -8.857713 -1.905668 2.657570
12.736661 -8.984726 -1.913816 2.657987
12.719541 -9.106297 -1.920750 2.658342
12.698594 -9.226069 -1.927266 2.658676
12.681697 -9.349754 -1.934562 2.659050
12.662124 -9.472479 -1.941617 2.659411
12.649796 -9.601718 -1.949958 2.659838
12.629377 -9.725931 -1.957229 2.660210
12.606198 -9.849042 -1.964245 2.660569
12.582611 -9.972856 -1.971371 2.660934
12.558609 -10.097381 -1.978607 2.661305
12.534158 -10.222610 -1.985950 2.661681
12.509281 -10.348578 -1.993407 2.662062
12.483973 -10.475297 -2.000979 2.662450
12.458227 -10.602783 -2.008668 2.662844
12.432037 -10.731047 -2.016476 2.663244
12.405398 -10.860106 -2.024404 2.663649
12.378315 -10.989984 -2.032455 2.664062
12.350789 -11.120701 -2.040633 2.664480
12.322794 -11.252258 -2.048938 2.664906
12.294323 -11.384668 -2.057369 2.665337
12.258679 -11.511666 -2.064803 2.665718
12.217708 -11.634767 -2.071533 2.666062
12.176344 -11.758559 -2.078388 2.666413
12.134453 -11.882935 -2.085347 2.666770
12.094656 -12.010512 -2.092867 2.667155
12.059563 -12.144050 -2.101414 2.667592
12.022536 -12.277011 -2.109846 2.668024
11.978429 -12.404027 -2.117251 2.668403
11.927820 -12.525446 -2.123710 2.668734
11.872974 -12.643434 -2.129609 2.669036
11.826209 -12.771145 -2.137162 2.669423
11.779968 -12.900713 -2.145029 2.669826
11.733159 -13.030994 -2.153019 2.670234
11.685773 -13.162004 -2.161133 2.670650
11.637802 -13.293755 -2.169372 2.671072
11.584257 -13.420492 -2.176803 2.671452
11.529764 -13.547428 -2.184283 2.671835
11.474944 -13.675306 -2.191931 2.672227
11.423631 -13.808799 -2.200491 2.672665
11.371259 -13.942541 -2.209099 2.673106
11.318251 -14.077065 -2.217839 2.673553
11.262056 -14.209180 -2.226212 2.673982
11.203948 -14.340400 -2.234461 2.674404
11.145214 -14.472357 -2.242844 2.674834
11.087860 -14.607717 -2.251770 2.675291
11.031855 -14.746585 -2.261249 2.675776
10.975143 -14.886324 -2.270872 2.676269
10.917854 -15.027138 -2.280670 2.676770
10.859892 -15.168938 -2.290628 2.677280
10.801232 -15.311724 -2.300746 2.677798
10.741793 -15.455415 -2.311013 2.678324
10.671598 -15.585478 -2.319264 2.678746
10.594423 -15.706879 -2.326266 2.679105
10.514514 -15.825617 -2.332923 2.679446
10.428782 -15.936849 -2.338531 2.679733
10.333084 -16.033810 -2.342116 2.679916
10.237439 -16.131626 -2.345907 2.680110
10.143337 -16.232733 -2.350255 2.680333
10.045858 -16.329309 -2.354026 2.680526
9.941560 -16.415466 -2.356383 2.680647
9.836918 -16.501583 -2.358829 2.680772
9.730343 -16.584970 -2.360981 2.680882
9.622421 -16.666523 -2.362970 2.680984
9.514216 -16.748051 -2.365054 2.681091
9.405697 -16.829514 -2.367227 2.681202
9.296912 -16.911022 -2.369504 2.681319
9.187252 -16.991468 -2.371731 2.681432
9.078381 -17.073950 -2.374340 2.681566
8.968631 -17.155409 -2.376902 2.681697
8.856714 -17.233301 -2.379070 2.681808
8.744185 -17.310547 -2.381248 2.681920
8.631363 -17.387772 -2.383523 2.682036
8.523177 -17.475103 -2.387280 2.682229
8.413809 -17.560974 -2.390928 2.682415
8.299446 -17.637222 -2.393362 2.682540
8.185177 -17.714350 -2.396015 2.682676
8.072597 -17.795940 -2.399369 2.682847
7.959628 -17.877617 -2.402831 2.683025
7.845144 -17.956827 -2.406057 2.683190
7.727580 -18.029799 -2.408547 2.683317
7.610992 -18.105841 -2.411548 2.683471
7.494019 -18.181852 -2.414645 2.683630
7.375365 -18.254669 -2.417418 2.683772
7.255973 -18.326498 -2.420163 2.683912
7.136246 -18.398344 -2.423013 2.684058
7.014914 -18.466896 -2.425532 2.684187
6.890454 -18.527872 -2.427164 2.684271
6.765723 -18.588671 -2.428881 2.684359
6.639200 -18.645041 -2.430131 2.684422
6.506945 -18.685406 -2.429412 2.684386
6.369807 -18.711189 -2.426923 2.684258
6.234016 -18.740143 -2.424975 2.684159
6.103220 -18.783779 -2.425049 2.684162
5.967731 -18.812674 -2.423341 2.684075
5.833195 -18.844013 -2.422073 2.684010
5.705157 -18.896397 -2.423627 2.684090
5.571777 -18.931274 -2.423053 2.684060
5.436940 -18.960863 -2.421922 2.684002
5.307333 -19.008732 -2.423245 2.684070
5.178295 -19.059296 -2.425023 2.684161
5.048873 -19.109226 -2.426832 2.684254
4.924107 -19.178127 -2.431157 2.684475
4.795987 -19.235653 -2.434146 2.684628
4.666272 -19.288061 -2.436596 2.684754
4.539511 -19.354309 -2.440902 2.684974
4.408981 -19.406210 -2.443506 2.685107
4.278638 -19.460360 -2.446503 2.685261
4.147891 -19.514292 -2.449583 2.685419
4.013049 -19.550053 -2.450495 2.685465
3.876098 -19.575733 -2.450263 2.685453
3.739379 -19.602520 -2.450288 2.685455
3.599730 -19.613384 -2.448445 2.685360
3.457832 -19.610338 -2.444992 2.685184
3.317164 -19.612259 -2.442284 2.685045
3.176822 -19.614300 -2.439717 2.684913
3.036168 -19.612467 -2.436793 2.684764
2.896365 -19.614141 -2.434429 2.684643
2.756272 -19.611895 -2.431703 2.684503
2.616028 -19.606226 -2.428677 2.684348
2.473396 -19.578955 -2.423100 2.684063
2.331484 -19.552431 -2.417744 2.683788
2.192939 -19.550489 -2.415552 2.683676
2.053376 -19.536568 -2.412002 2.683495
1.913623 -19.516647 -2.407835 2.683281
1.778436 -19.541733 -2.409339 2.683358
1.640637 -19.537842 -2.407388 2.683258
1.504052 -19.546902 -2.407152 2.683246
1.366983 -19.548775 -2.406149 2.683195
1.230786 -19.562799 -2.406759 2.683226
1.094972 -19.585032 -2.408495 2.683315
0.958502 -19.598036 -2.409212 2.683352
0.822155 -19.616014 -2.410658 2.683426
0.685171 -19.620731 -2.410591 2.683422
0.547593 -19.604177 -2.408029 2.683291
0.410585 -19.601179 -2.407250 2.683251
0.273790 -19.607592 -2.407744 2.683276
0.136934 -19.614008 -2.408356 2.683308
-0.000000 -19.601343 -2.406742 2.683225
-0.136741 -19.586246 -2.404947 2.683133
-0.273432 -19.581778 -2.404574 2.683114
-0.409286 -19.539034 -2.399618 2.682860
-0.543619 -19.461866 -2.390549 2.682396
-0.679184 -19.449287 -2.389528 2.682344
-0.813415 -19.407471 -2.385030 2.682113
-0.946865 -19.360033 -2.379954 2.681854
-1.078568 -19.291561 -2.372405 2.681467
-1.211098 -19.249857 -2.368258 2.681255
-1.342533 -19.199114 -2.363111 2.680991
-1.472769 -19.140333 -2.357084 2.680683
-1.604485 -19.107290 -2.354337 2.680542
-1.734097 -19.054495 -2.349267 2.680282
-1.860078 -18.970541 -2.340460 2.679831
-1.988738 -18.921577 -2.336075 2.679607
-2.115961 -18.864210 -2.330759 2.679335
-2.241627 -18.798840 -2.324559 2.679017
-2.365681 -18.726280 -2.317573 2.678660
-2.488360 -18.649391 -2.310151 2.678280
-2.611663 -18.582945 -2.304122 2.677971
-2.739052 -18.548819 -2.302206 2.677873
-2.855099 -18.442810 -2.291467 2.677323
-2.975007 -18.368238 -2.284726 2.676978
-3.100582 -18.331745 -2.282824 2.676881
-3.219792 -18.260345 -2.276676 2.676566
-3.349642 -18.250759 -2.278341 2.676651
-3.471261 -18.196983 -2.274598 2.676459
-3.596473 -18.163504 -2.273496 2.676403
-3.720042 -18.122631 -2.271576 2.676305
-3.845214 -18.090309 -2.270834 2.676266
-3.975402 -18.081161 -2.273114 2.676383
-4.097342 -18.034512 -2.270790 2.676264
-4.221131 -17.996880 -2.269707 2.676209
-4.344870 -17.959541 -2.268768 2.676161
-4.474581 -17.946566 -2.271020 2.676276
-4.607036 -17.943216 -2.274611 2.676460
-4.739787 -17.939367 -2.278262 2.676647
-4.866331 -17.911068 -2.278928 2.676681
-4.991086 -17.876064 -2.278852 2.676677
-5.125952 -17.876320 -2.283391 2.676909
-5.255992 -17.858326 -2.285724 2.677029
-5.382182 -17.826643 -2.286422 2.677065
-5.517499 -17.824154 -2.290988 2.677299
-5.643610 -17.790915 -2.291724 2.677336
-5.763935 -17.739569 -2.290237 2.677260
-5.897495 -17.728521 -2.294071 2.677456
-6.024857 -17.697897 -2.295495 2.677529
-6.138525 -17.627439 -2.291859 2.677343
-6.264540 -17.592873 -2.292995 2.677401
-6.396319 -17.573740 -2.296266 2.677569
-6.528413 -17.554371 -2.299634 2.677741
-6.654337 -17.517664 -2.300855 2.677804
-6.781551 -17.483877 -2.302580 2.677892
-6.915377 -17.466249 -2.306561 2.678096
-7.035163 -17.412640 -2.305911 2.678063
-7.160157 -17.371841 -2.307072 2.678122
-7.291220 -17.345123 -2.310227 2.678283
-7.422135 -17.317135 -2.313345 2.678443
-7.552451 -17.286877 -2.316290 2.678594
-7.675343 -17.239101 -2.317012 2.678631
-7.800937 -17.197067 -2.318626 2.678714
-7.936406 -17.175953 -2.323193 2.678947
-8.066199 -17.141542 -2.326098 2.679096
-8.199202 -17.113054 -2.329943 2.679293
-8.336732 -17.092833 -2.335058 2.679555
-8.457792 -17.038111 -2.335592 2.679582
-8.588385 -17.002110 -2.338819 2.679747
-8.711229 -16.950214 -2.339989 2.679807
-8.827601 -16.885645 -2.339526 2.679784
-8.946980 -16.826820 -2.339973 2.679806
-9.064868 -16.765121 -2.340137 2.679815
-9.185159 -16.707739 -2.341021 2.679860
-9.296934 -16.634901 -2.339853 2.679800
-9.404345 -16.554642 -2.337741 2.679692
-9.516836 -16.483643 -2.337041 2.679656
-9.624874 -16.405199 -2.335389 2.679572
-9.726803 -16.316862 -2.332424 2.679420
-9.832891 -16.236031 -2.330626 2.679328
-9.939275 -16.156061 -2.329050 2.679247
-10.038878 -16.065563 -2.326051 2.679094
-10.150964 -15.995358 -2.326090 2.679096
-10.257694 -15.916823 -2.325027 2.679041
-10.362102 -15.834948 -2.323578 2.678967
-10.458969 -15.742014 -2.320599 2.678815
-10.556532 -15.650702 -2.317946 2.678679
-10.662166 -15.571699 -2.317214 2.678641
-10.757547 -15.478080 -2.314402 2.678497
-10.846974 -15.376564 -2.310490 2.678297
-10.929512 -15.266182 -2.305313 2.678032
-10.998864 -15.138638 -2.297592 2.677637
-11.068333 -15.012720 -2.290154 2.677256
-11.136986 -14.887115 -2.282798 2.676879
-11.196793 -14.751227 -2.273892 2.676423
-11.246465 -14.603832 -2.263219 2.675877
-11.294614 -14.456447 -2.252543 2.675330
-11.326969 -14.291073 -2.239043 2.674639
-11.348677 -14.114904 -2.223801 2.673859
-11.371043 -13.942278 -2.209057 2.673104
-11.384939 -13.762024 -2.193037 2.672283
-11.410721 -13.598767 -2.179663 2.671599
-11.408476 -13.404909 -2.161304 2.670659
-11.417004 -13.226725 -2.145374 2.669843
-11.424584 -13.050199 -2.129627 2.669037
-11.429663 -12.873536 -2.113768 2.668225
-11.426547 -12.690466 -2.096756 2.667354
-11.413887 -12.499797 -2.078368 2.666412
-11.426752 -12.339767 -2.064974 2.665727
-11.423181 -12.164453 -2.048932 2.664905
-11.420414 -11.992613 -2.033368 2.664108
-11.409257 -11.814631 -2.016647 2.663252
-11.400639 -11.641945 -2.000708 2.662436
-11.407987 -11.487907 -1.987875 2.661779
-11.414371 -11.334962 -1.975150 2.661128
-11.427082 -11.190223 -1.963783 2.660546
-11.439294 -11.046798 -1.952580 2.659972
-11.453032 -10.906570 -1.941880 2.659424
-11.471718 -10.772659 -1.932250 2.658931
-11.499706 -10.648846 -1.924396 2.658529
-11.527678 -10.526215 -1.916732 2.658137
-11.553105 -10.402462 -1.908838 2.657732
-11.597180 -10.296455 -1.904197 2.657495
-11.623240 -10.175377 -1.896765 2.657114
-11.653084 -10.058673 -1.890130 2.656775
-11.690027 -9.948991 -1.884810 2.656502
-11.733186 -9.845311 -1.880640 2.656289
-11.771214 -9.737991 -1.875793 2.656041
-11.808147 -9.630488 -1.870919 2.655791
-11.857574 -9.533734 -1.868159 2.655650
-11.901736 -9.433198 -1.864695 2.655472
-11.943931 -9.331621 -1.861054 2.655286
-11.989369 -9.233054 -1.858044 2.655132
-12.034728 -9.134854 -1.855145 2.654983
-12.080350 -9.037257 -1.852407 2.654843
-12.125962 -8.940028 -1.849785 2.654709
-12.173759 -8.844753 -1.847612 2.654598
-12.221359 -8.749631 -1.845520 2.654490
-12.278389 -8.661449 -1.844956 2.654462
-12.331110 -8.570345 -1.843843 2.654405
-12.394922 -8.486978 -1.844479 2.654437
-12.463703 -8.406874 -1.845936 2.654512
-12.529628 -8.324661 -1.847047 2.654569
-12.580143 -8.232214 -1.845977 2.654514
-12.644936 -8.149106 -1.847091 2.654571
-12.712816 -8.067797 -1.848734 2.654655
-12.778362 -7.984807 -1.850114 2.654726
-12.841690 -7.900257 -1.851252 2.654784
-12.913074 -7.820435 -1.853627 2.654906
-12.987530 -7.742122 -1.856511 2.655053
-13.062124 -7.663500 -1.859480 2.655205
-13.136857 -7.584568 -1.862536 2.655362
-13.204741 -7.501334 -1.864690 2.655472
-13.272126 -7.417540 -1.866847 2.655583
-13.343232 -7.335505 -1.869600 2.655723
-13.421886 -7.257185 -1.873476 2.655922
-13.494182 -7.174984 -1.876529 2.656078
-13.565921 -7.092089 -1.879574 2.656234
-13.634683 -7.007274 -1.882278 2.656373
-13.704130 -6.922455 -1.885147 2.656519
-13.780208 -6.840552 -1.888997 2.656717
-13.841660 -6.751028 -1.890914 2.656815
-13.906443 -6.662848 -1.893363 2.656940
-13.978825 -6.577934 -1.896919 2.657122
-14.039125 -6.486988 -1.898910 2.657224
-14.101674 -6.396801 -1.901284 2.657346
-14.168784 -6.308349 -1.904347 2.657502
-14.238158 -6.220495 -1.907788 2.657679
-14.310205 -6.133360 -1.911658 2.657877
-14.388561 -6.048395 -1.916438 2.658122
-14.447611 -5.954874 -1.918718 2.658238
-14.505672 -5.860672 -1.920949 2.658352
-14.570543 -5.768883 -1.924159 2.658517
-14.629374 -5.674359 -1.926649 2.658644
-14.686052 -5.578709 -1.928938 2.658762
-14.751477 -5.486023 -1.932453 2.658942
-14.813539 -5.391687 -1.935605 2.659103
-14.863164 -5.292531 -1.937214 2.659185
-14.917660 -5.194878 -1.939543 2.659304
-14.975043 -5.097921 -1.942329 2.659447
-15.030873 -5.000104 -1.944995 2.659584
-15.080895 -4.900080 -1.946994 2.659686
-15.130457 -4.799661 -1.949019 2.659790
-15.185303 -4.700635 -1.951809 2.659933
-15.246021 -4.603046 -1.955435 2.660118
-15.292581 -4.500849 -1.957329 2.660215
-15.341523 -4.399111 -1.959614 2.660332
-15.392169 -4.297568 -1.962203 2.660465
-15.447516 -4.196996 -1.965476 2.660632
-15.511515 -4.098320 -1.969930 2.660860
-15.553305 -3.993408 -1.971649 2.660948
-15.613369 -3.892850 -1.975770 2.661159
-15.680200 -3.793437 -1.980827 2.661418
-15.726044 -3.688509 -1.983317 2.661546
-15.771689 -3.583241 -1.985870 2.661676
-15.830266 -3.480508 -1.990138 2.661895
-15.893879 -3.378348 -1.995121 2.662150
-15.952086 -3.274490 -1.999509 2.662375
-15.990860 -3.166274 -2.001550 2.662479
-16.033821 -3.058616 -2.004206 2.662615
-16.077244 -2.950724 -2.007010 2.662759
-16.121946 -2.842734 -2.010063 2.662915
-16.159113 -2.733107 -2.012269 2.663028
-16.196032 -2.623183 -2.014537 2.663144
-16.226902 -2.512058 -2.016146 2.663227
-16.257925 -2.400760 -2.017869 2.663315
-16.285053 -2.288715 -2.019204 2.663383
-16.312744 -2.176582 -2.020704 2.663460
-16.331377 -2.063132 -2.021178 2.663484
-16.377926 -1.952950 -2.025203 2.663690
-16.410702 -1.840753 -2.027617 2.663814
-16.437555 -1.727656 -2.029395 2.663905
-16.460112 -1.613925 -2.030740 2.663974
-16.485056 -1.500257 -2.032475 2.664063
-16.499544 -1.385506 -2.033019 2.664091
-16.516037 -1.270838 -2.033909 2.664136
-16.546598 -1.157051 -2.036628 2.664275
-16.574005 -1.042745 -2.039056 2.664400
-16.593866 -0.927740 -2.040652 2.664481
-16.617031 -0.812709 -2.042754 2.664589
-16.639139 -0.697385 -2.044823 2.664695
-16.652435 -0.581516 -2.045908 2.664751
-16.671963 -0.465687 -2.047858 2.664850
-16.701849 -0.349853 -2.051179 2.665020
-16.729115 -0.233598 -2.054277 2.665179
-16.753080 -0.116958 -2.057070 2.665322
-16.777359 0.000000 -2.060001 2.665472
-16.808346 0.117349 -2.063856 2.665669
-16.843758 0.235200 -2.068355 2.665900
-16.872740 0.353433 -2.072166 2.666095
-16.900152 0.472066 -2.075887 2.666285
-16.919298 0.590835 -2.078695 2.666429
-16.936726 0.709862 -2.081394 2.666567
-16.965908 0.829772 -2.085642 2.666785
-16.997559 0.950310 -2.090297 2.667023
-17.042236 1.072209 -2.096661 2.667349
-17.074114 1.193938 -2.101557 2.667599
-17.106585 1.316283 -2.106633 2.667860
-17.138147 1.439131 -2.111706 2.668119
-17.179640 1.563469 -2.118112 2.668447
-17.229414 1.689361 -2.125651 2.668833
-17.273859 1.815556 -2.132646 2.669191
-17.318413 1.942574 -2.139769 2.669556
-17.360222 2.070082 -2.146668 2.669909
-17.402626 2.198462 -2.153757 2.670272
-17.444223 2.327559 -2.160863 2.670636
-17.490883 2.458184 -2.168716 2.671038
-17.542875 2.590509 -2.177352 2.671480
-17.594988 2.723849 -2.186127 2.671930
-17.640265 2.857099 -2.194177 2.672342
-17.671619 2.988933 -2.200619 2.672672
-17.713688 3.123401 -2.208520 2.673076
-17.770832 3.261561 -2.218429 2.673584
-17.819229 3.399201 -2.227379 2.674042
-17.867737 3.537906 -2.236476 2.674508
-17.900229 3.674391 -2.243699 2.674877
-17.954124 3.816267 -2.253739 2.675391
-17.982082 3.953621 -2.260658 2.675746
-17.994974 4.088359 -2.265812 2.676009
-18.028742 4.228602 -2.273726 2.676415
-18.027864 4.361402 -2.277400 2.676603
-18.025749 4.494324 -2.281040 2.676789
-18.017941 4.626224 -2.284084 2.676945
-18.008711 4.758108 -2.287069 2.677098
-17.999134 4.890255 -2.290133 2.677255
-17.989202 5.022678 -2.293275 2.677416
-17.978918 5.155372 -2.296496 2.677581
-17.968279 5.288355 -2.299797 2.677750
-17.957281 5.421624 -2.303178 2.677922
-17.934740 5.551729 -2.305202 2.678026
-17.908409 5.680884 -2.306859 2.678111
-17.881697 5.810115 -2.308587 2.678200
-17.852795 5.938838 -2.310152 2.678280
-17.821594 6.066967 -2.311539 2.678351
-17.789825 6.195072 -2.312972 2.678424
-17.750387 6.320631 -2.313525 2.678452
-17.703249 6.443456 -2.313188 2.678435
-17.680038 6.575150 -2.316097 2.678584
-17.662508 6.709359 -2.319880 2.678778
-17.624142 6.835953 -2.321052 2.678838
-17.585463 6.962580 -2.322304 2.678902
-17.549925 7.090630 -2.324091 2.678993
-17.504745 7.214939 -2.324722 2.679026
-17.462946 7.340748 -2.325920 2.679087
-17.427408 7.469396 -2.328076 2.679197
-17.377415 7.592009 -2.328421 2.679215
-17.326651 7.714323 -2.328779 2.679233
-17.275541 7.836537 -2.329206 2.679255
-17.224089 7.958648 -2.329703 2.679281
-17.172287 8.080665 -2.330271 2.679310
-17.120134 8.202597 -2.330908 2.679342
-17.072001 8.326571 -2.332212 2.679409
-17.033104 8.455310 -2.334906 2.679547
-16.974300 8.574338 -2.334994 2.679552
-16.908360 8.689715 -2.334211 2.679512
-16.854033 8.811078 -2.335146 2.679559
-16.799728 8.932574 -2.336206 2.679614
-16.745052 9.054020 -2.337336 2.679672
-16.682440 9.171250 -2.337476 2.679679
-16.614872 9.285737 -2.337035 2.679656
-16.541397 9.396824 -2.335871 2.679597
-16.465332 9.506265 -2.334445 2.679523
-16.390718 9.616382 -2.333328 2.679466
-16.323793 9.730936 -2.333415 2.679471
-16.266760 9.851499 -2.335037 2.679554
-16.197689 9.964888 -2.335052 2.679555
-16.109461 10.066309 -2.332407 2.679419
-16.025597 10.170156 -2.330488 2.679321
-15.962347 10.287032 -2.331677 2.679382
-15.892689 10.399883 -2.332051 2.679401
-15.815430 10.507749 -2.331422 2.679369
-15.726453 10.607627 -2.329165 2.679253
-15.638665 10.708022 -2.327179 2.679152
-15.571070 10.822177 -2.328306 2.679209
-15.506054 10.938317 -2.329947 2.679293
-15.424542 11.042891 -2.329226 2.679256
-15.341587 11.146316 -2.328394 2.679214
-15.259338 11.250158 -2.327775 2.679182
-15.187501 11.361704 -2.328859 2.679237
-15.115404 11.473215 -2.330029 2.679297
-15.046021 11.586999 -2.331747 2.679385
-14.985863 11.708240 -2.335035 2.679554
-14.924797 11.829253 -2.338331 2.679723
-14.856915 11.945269 -2.340705 2.679844
-14.794017 12.065705 -2.344009 2.680013
-14.726420 12.182757 -2.346718 2.680152
-14.653833 12.296027 -2.348773 2.680257
-14.577686 12.406588 -2.350394 2.680340
-14.497206 12.513654 -2.351446 2.680394
-14.422479 12.625924 -2.353565 2.680502
-14.351602 12.741951 -2.356459 2.680651
-14.278779 12.856671 -2.359182 2.680790
-14.204602 12.970589 -2.361830 2.680926
-14.130230 13.084738 -2.364595 2.681067
-14.060325 13.203523 -2.368265 2.681255
-13.983054 13.315886 -2.370851 2.681387
-13.908259 13.431050 -2.374010 2.681549
-13.842588 13.555669 -2.378896 2.681799
-13.765515 13.669750 -2.381994 2.681958
-13.679918 13.775756 -2.383765 2.682049
-13.600917 13.888803 -2.386838 2.682206
-13.523634 14.004133 -2.390374 2.682387
-13.455939 14.130134 -2.395787 2.682664
-13.387500 14.256242 -2.401264 2.682945
-13.309793 14.373268 -2.405266 2.683150
-13.243993 14.504026 -2.411615 2.683475
-13.188976 14.647842 -2.420159 2.683912
-13.117889 14.775040 -2.425984 2.684210
-13.050033 14.906935 -2.432622 2.684550
-12.985527 15.043877 -2.440116 2.684934
-12.934139 15.197565 -2.450338 2.685457
-12.887756 15.359030 -2.461805 2.686044
-12.833987 15.513632 -2.472163 2.686575
-12.769650 15.657140 -2.480765 2.687015
-12.724036 15.825508 -2.493306 2.687657
-12.679672 15.997768 -2.506438 2.688330
-12.644141 16.183764 -2.521687 2.689110
-12.611804 16.376768 -2.537978 2.689945
-12.572865 16.564140 -2.553351 2.690732
-12.530170 16.749424 -2.568365 2.691500
-12.484036 16.932940 -2.583078 2.692253
-12.420696 17.095623 -2.594604 2.692844
-12.368074 17.275551 -2.608742 2.693568
-12.271146 17.395460 -2.613850 2.693829
-12.160678 17.496922 -2.616275 2.693953
-12.049461 17.597799 -2.618716 2.694078
-11.937507 17.698082 -2.621173 2.694204
-11.824806 17.797771 -2.623647 2.694331
-11.711371 17.896852 -2.626136 2.694458
-11.597198 17.995329 -2.628642 2.694587
-11.482286 18.093193 -2.631163 2.694715
-11.366646 18.190435 -2.633701 2.694845
-11.250269 18.287060 -2.636254 2.694976
-11.133168 18.383049 -2.638823 2.695108
-11.015342 18.478407 -2.641407 2.695240
-10.896785 18.573126 -2.644008 2.695373
-10.777511 18.667196 -2.646624 2.695507
-10.657511 18.760620 -2.649256 2.695642
-10.536798 18.853382 -2.651902 2.695777
-10.415370 18.945486 -2.654565 2.695914
-10.293223 19.036924 -2.657243 2.696051
-10.170372 19.127687 -2.659937 2.696189
-10.046806 19.217777 -2.662646 2.696327
-9.922541 19.307178 -2.665370 2.696467
-9.797571 19.395893 -2.668109 2.696607
-9.671896 19.483915 -2.670863 2.696748
-9.514697 19.508020 -2.664997 2.696448
-9.349539 19.514002 -2.656832 2.696030
-8.992292 19.109596 -2.593162 2.692770
-8.611255 18.636461 -2.520739 2.689062
-8.395398 18.507559 -2.495315 2.687760
-8.242561 18.513096 -2.488242 2.687398
-8.090575 18.518602 -2.481330 2.687044
-7.939429 18.524080 -2.474577 2.686698
-7.810522 18.580494 -2.474768 2.686708
-7.715381 18.718924 -2.485971 2.687282
-7.619376 18.858618 -2.497398 2.687867
-7.522477 18.999617 -2.509054 2.688463
-7.424668 19.141941 -2.520943 2.689072
-2.876461 7.572335 -0.994587 2.610923
-2.811702 7.560441 -0.990423 2.610709
-2.747476 7.548629 -0.986339 2.610501
-2.683766 7.536893 -0.982333 2.610296
-2.620563 7.525234 -0.978405 2.610094
-2.557855 7.513649 -0.974553 2.609897
-2.495627 7.502136 -0.970776 2.609704
-2.433874 7.490693 -0.967073 2.609514
-2.372578 7.479318 -0.963443 2.609328
-2.311735 7.468010 -0.959884 2.609146
-2.251331 7.456768 -0.956395 2.608967
-2.191355 7.445587 -0.952976 2.608792
-2.131799 7.434469 -0.949625 2.608621
-2.072652 7.423410 -0.946341 2.608453
-2.013906 7.412409 -0.943123 2.608288
-1.955552 7.401465 -0.939971 2.608126
-1.897577 7.390576 -0.936883 2.607968
-1.839976 7.379741 -0.933858 2.607813
-1.782739 7.368958 -0.930896 2.607662
-1.725853 7.358224 -0.927995 2.607513
-1.669319 7.347541 -0.925155 2.607368
-1.613122 7.336905 -0.922376 2.607225
-1.557256 7.326316 -0.919655 2.607086
-1.501713 7.315772 -0.916993 2.606950
-1.446480 7.305270 -0.914389 2.606817
-1.391558 7.294811 -0.911841 2.606686
-1.343254 7.318820 -0.913648 2.606779
-1.314669 7.455859 -0.929587 2.607595
-1.264171 7.474226 -0.930754 2.607655
-1.208683 7.462649 -0.928239 2.607526
-1.153495 7.451135 -0.925782 2.607400
-1.098595 7.439680 -0.923384 2.607277
-1.043977 7.428284 -0.921042 2.607157
-0.990531 7.423678 -0.919591 2.607083
-0.944163 7.473839 -0.924966 2.607358
-0.897251 7.524589 -0.930448 2.607639
-0.849778 7.575945 -0.936043 2.607925
-0.801727 7.627926 -0.941751 2.608217
-0.754333 7.693277 -0.949146 2.608596
-0.711854 7.821985 -0.964388 2.609377
-0.655847 7.810300 -0.962359 2.609273
-0.600074 7.798664 -0.960386 2.609172
-0.544525 7.787074 -0.958467 2.609073
-0.489196 7.775529 -0.956603 2.608978
-0.434074 7.764028 -0.954792 2.608885
-0.379162 7.752570 -0.953034 2.608795
-0.324450 7.741154 -0.951329 2.608708
-0.269930 7.729777 -0.949676 2.608623
-0.215596 7.718439 -0.948075 2.608541
-0.161439 7.707138 -0.946525 2.608462
-0.107460 7.695873 -0.945027 2.608385
-0.053662 7.686560 -0.943814 2.608323
0.000000 7.675359 -0.942416 2.608252
0.053506 7.664190 -0.941067 2.608183
0.106866 7.653051 -0.939768 2.608116
0.160078 7.641943 -0.938519 2.608052
0.213150 7.630864 -0.937318 2.607991
0.266090 7.619812 -0.936166 2.607932
0.318891 7.608523 -0.935029 2.607873
0.371586 7.597569 -0.933979 2.607820
0.424499 7.592686 -0.933720 2.607806
0.477514 7.589859 -0.933760 2.607809
0.530537 7.587033 -0.933845 2.607813
0.565931 7.354945 -0.905743 2.606374
0.617384 7.352201 -0.905914 2.606383
0.668855 7.349457 -0.906129 2.606394
0.742806 7.575714 -0.934641 2.607854
0.848885 8.076598 -0.997144 2.611054
2.214930 19.746559 -2.439778 2.684916
2.336158 19.591553 -2.422582 2.684036
2.455685 19.438715 -2.405744 2.683174
2.573568 19.287979 -2.389254 2.682330
2.689852 19.139286 -2.373104 2.681503
2.804579 18.992580 -2.357284 2.680693
2.928837 18.919094 -2.350644 2.680353
3.065033 18.924059 -2.353862 2.680518
3.201610 18.929041 -2.357204 2.680689
3.338582 18.934036 -2.360671 2.680866
3.475964 18.939047 -2.364264 2.681050
3.639450 19.078629 -2.384803 2.682102
3.833760 19.361881 -2.423495 2.684083
4.034492 19.654499 -2.463587 2.686136
4.241987 19.956980 -2.505153 2.688264
4.400319 20.013807 -2.516081 2.688823
4.548259 20.019205 -2.520690 2.689059
4.696738 20.024624 -2.525440 2.689302
4.845785 20.030064 -2.530330 2.689553
4.995418 20.035524 -2.535364 2.689811
5.145654 20.041008 -2.540542 2.690076
5.296525 20.046515 -2.545866 2.690348
5.448025 20.052046 -2.551337 2.690629
5.600185 20.057600 -2.556956 2.690916
5.753025 20.063181 -2.562725 2.691211
5.894145 20.026592 -2.563245 2.691238
6.004833 19.888943 -2.550931 2.690608
6.114460 19.752611 -2.538858 2.689989
6.223058 19.617556 -2.527021 2.689383
6.330653 19.483744 -2.515416 2.688789
6.437268 19.351149 -2.504039 2.688207
6.542936 19.219727 -2.492883 2.687635
6.647663 19.089474 -2.481948 2.687076
6.786935 19.059921 -2.484205 2.687191
6.939270 19.065487 -2.491184 2.687549
7.092471 19.071085 -2.498325 2.687914
7.246572 19.076717 -2.505629 2.688288
7.491502 19.314232 -2.543633 2.690234
7.859499 19.850821 -2.621463 2.694219
8.141304 20.150434 -2.668470 2.696625
8.307918 20.156525 -2.676892 2.697057
8.475608 20.162655 -2.685500 2.697498
8.644375 20.168825 -2.694294 2.697948
8.723433 19.967142 -2.675422 2.696982
8.749767 19.652298 -2.641356 2.695237
8.792349 19.382629 -2.613298 2.693801
8.805128 19.056028 -2.577489 2.691967
8.834567 18.774399 -2.547677 2.690441
8.836261 18.442694 -2.510974 2.688562
8.844303 18.133507 -2.477225 2.686834
8.845141 17.818426 -2.442558 2.685059
8.845403 17.510906 -2.408810 2.683331
8.845125 17.210741 -2.375955 2.681649
8.830602 16.891378 -2.340321 2.679824
8.831226 16.609121 -2.309700 2.678257
8.831370 16.333281 -2.279859 2.676729
8.825167 16.052906 -2.249269 2.675162
8.802057 15.749419 -2.215302 2.673423
8.801241 15.492982 -2.187821 2.672016
8.801401 15.244474 -2.161352 2.670661
8.801069 15.001062 -2.135501 2.669338
8.800419 14.762828 -2.110282 2.668046
8.799460 14.529629 -2.085678 2.666787
8.798206 14.301276 -2.061666 2.665557
8.796665 14.077606 -2.038225 2.664357
8.794847 13.858464 -2.015337 2.663185
8.793160 13.644303 -1.993073 2.662045
8.800653 13.448800 -1.973441 2.661040
8.799226 13.243896 -1.952341 2.659960
8.797565 13.042926 -1.931722 2.658904
8.795795 12.845938 -1.911595 2.657874
8.805359 12.669242 -1.894403 2.656993
8.804020 12.480488 -1.875324 2.656017
8.802464 12.295149 -1.856664 2.655061
8.800693 12.113114 -1.838408 2.654126
8.816147 11.957933 -1.824153 2.653397
8.860216 11.843688 -1.816118 2.652985
8.911378 11.740301 -1.809760 2.652660
8.956359 11.630067 -1.802362 2.652281
9.000877 11.520597 -1.795092 2.651909
9.047648 11.415294 -1.788482 2.651570
9.093477 11.309998 -1.781889 2.651232
9.137515 11.203695 -1.775148 2.650887
9.184368 11.101992 -1.769150 2.650580
9.230762 11.000793 -1.763250 2.650278
9.276716 10.900106 -1.757449 2.649981
9.322208 10.799875 -1.751740 2.649689
9.367311 10.700188 -1.746135 2.649402
9.410909 10.599758 -1.740425 2.649110
9.452687 10.498273 -1.734555 2.648809
9.489353 10.392170 -1.727928 2.648470
9.530519 10.292017 -1.722298 2.648182
9.583998 10.205916 -1.719044 2.648015
9.636427 10.119243 -1.715735 2.647846
9.687335 10.031529 -1.712288 2.647669
9.731986 9.937979 -1.707875 2.647443
9.768511 9.836941 -1.702191 2.647152
9.808878 9.740632 -1.697334 2.646904
9.845933 9.641848 -1.692057 2.646633
9.877585 9.538673 -1.686011 2.646324
9.908853 9.436074 -1.680063 2.646019
9.939739 9.334030 -1.674209 2.645720
9.970271 9.232568 -1.668455 2.645425
10.000455 9.131668 -1.662797 2.645135
10.030322 9.031343 -1.657239 2.644850
10.059871 8.931573 -1.651779 2.644571
10.089051 8.832291 -1.646405 2.644296
10.117888 8.733522 -1.641121 2.644025
10.146427 8.635284 -1.635931 2.643760
10.174629 8.537528 -1.630829 2.643498
10.198510 8.436943 -1.625176 2.643209
10.219025 8.334428 -1.619133 2.642900
10.239240 8.232556 -1.613190 2.642595
10.259161 8.131310 -1.607346 2.642296
10.278793 8.030673 -1.601599 2.642002
10.298140 7.930637 -1.595948 2.641712
10.317206 7.831181 -1.590390 2.641428
10.335995 7.732308 -1.584926 2.641148
10.354509 7.634001 -1.579555 2.640873
10.372754 7.536247 -1.574274 2.640603
10.390734 7.439036 -1.569082 2.640337
10.408451 7.342350 -1.563978 2.640076
10.425909 7.246192 -1.558962 2.639819
10.443111 7.150546 -1.554032 2.639566
10.456261 7.052837 -1.548624 2.639289
10.472139 6.957675 -1.543744 2.639040
10.489621 6.864211 -1.539219 2.638808
10.506845 6.771196 -1.534772 2.638580
10.523314 6.678297 -1.530330 2.638353
10.531784 6.580989 -1.524843 2.638072
10.541736 6.485321 -1.519692 2.637808
10.557055 6.393575 -1.515428 2.637590
10.573016 6.302780 -1.511366 2.637382
10.588738 6.212375 -1.507377 2.637178
10.604225 6.122352 -1.503461 2.636977
10.619478 6.032705 -1.499616 2.636780
10.634502 5.943418 -1.495841 2.636587
10.649297 5.854497 -1.492136 2.636397
10.663866 5.765929 -1.488501 2.636211
10.678211 5.677706 -1.484935 2.636029
10.692336 5.589820 -1.481436 2.635849
10.706244 5.502258 -1.478004 2.635674
10.719934 5.415026 -1.474640 2.635501
10.733411 5.328110 -1.471341 2.635333
10.746675 5.241504 -1.468107 2.635167
10.759730 5.155200 -1.464938 2.635005
10.772579 5.069187 -1.461833 2.634846
10.785221 4.983469 -1.458792 2.634690
10.796258 4.897398 -1.455625 2.634528
10.809314 4.812617 -1.452820 2.634384
10.821933 4.727987 -1.450044 2.634242
10.833773 4.643356 -1.447251 2.634099
10.845415 4.558990 -1.444520 2.633959
10.856863 4.474874 -1.441848 2.633823
10.868119 4.391005 -1.439237 2.633689
10.879184 4.307375 -1.436685 2.633558
10.890059 4.223972 -1.434192 2.633430
10.900747 4.140803 -1.431757 2.633306
10.911248 4.057856 -1.429381 2.633184
10.921565 3.975124 -1.427062 2.633065
10.933903 3.893389 -1.425088 2.632964
10.950610 3.813402 -1.423760 2.632896
10.967139 3.733516 -1.422486 2.632831
10.977812 3.651830 -1.420529 2.632731
10.987241 3.569971 -1.418489 2.632627
10.996492 3.488294 -1.416505 2.632525
11.005569 3.406789 -1.414576 2.632426
11.014472 3.325463 -1.412702 2.632330
11.027261 3.245498 -1.411402 2.632264
11.035393 3.164348 -1.409581 2.632170
11.043569 3.083421 -1.407841 2.632081
11.058506 3.004526 -1.407037 2.632040
11.073279 2.925684 -1.406283 2.632002
11.082012 2.845376 -1.404835 2.631927
11.089372 2.764891 -1.403287 2.631848
11.100278 2.685441 -1.402261 2.631796
11.115409 2.607092 -1.401839 2.631774
11.130369 2.528755 -1.401465 2.631755
11.145161 2.450421 -1.401139 2.631738
11.159221 2.371965 -1.400791 2.631721
11.168953 2.292658 -1.399969 2.631678
11.182324 2.214156 -1.399673 2.631663
11.201989 2.136891 -1.400233 2.631692
11.216738 2.058655 -1.400246 2.631692
11.230537 1.980247 -1.400209 2.631691
11.246725 1.902242 -1.400537 2.631707
11.263636 1.824307 -1.401023 2.631732
11.276077 1.745626 -1.401020 2.631732
11.290095 1.667175 -1.401282 2.631746
11.310398 1.589573 -1.402390 2.631802
11.329586 1.511691 -1.403427 2.631855
11.341455 1.432755 -1.403624 2.631866
11.353174 1.353781 -1.403870 2.631878
11.369750 1.275321 -1.404785 2.631925
11.387919 1.196918 -1.405963 2.631985
11.405978 1.118367 -1.407194 2.632048
11.423953 1.039657 -1.408482 2.632114
11.441809 0.960793 -1.409822 2.632183
11.459519 0.881761 -1.411211 2.632254
11.477101 0.802557 -1.412652 2.632328
11.495863 0.723259 -1.414305 2.632412
11.520113 0.644071 -1.416701 2.632535
11.544292 0.564608 -1.419155 2.632661
11.563573 0.484656 -1.421075 2.632759
11.580602 0.404403 -1.422786 2.632847
11.599075 0.323993 -1.424743 2.632947
11.622952 0.243462 -1.427432 2.633085
11.643742 0.162585 -1.429811 2.633206
11.664294 0.081432 -1.432230 2.633330
10.842369 -0.000000 -1.717263 2.647924
10.865248 -0.075855 -1.720928 2.648111
10.890877 -0.152075 -1.725114 2.648326
10.917233 -0.228684 -1.729499 2.648550
10.945436 -0.305734 -1.734263 2.648794
10.978149 -0.383366 -1.739828 2.649079
11.010896 -0.461493 -1.745486 2.649369
11.048790 -0.540376 -1.752048 2.649705
11.086842 -0.619851 -1.758726 2.650047
11.120992 -0.699674 -1.764875 2.650362
11.164322 -0.780686 -1.772573 2.650756
11.207891 -0.862400 -1.780403 2.651157
11.263431 -0.945817 -1.790231 2.651660
11.316946 -1.029923 -1.799836 2.652152
11.368037 -1.114646 -1.809155 2.652629
11.432865 -1.201643 -1.820762 2.653223
11.481741 -1.287884 -1.829933 2.653692
11.518666 -1.373518 -1.837302 2.654070
11.573097 -1.462022 -1.847567 2.654595
11.617339 -1.550084 -1.856313 2.655043
11.657207 -1.638314 -1.864465 2.655461
11.692261 -1.726563 -1.871954 2.655844
11.726112 -1.815298 -1.879357 2.656223
11.760090 -1.904719 -1.886888 2.656609
11.789176 -1.993990 -1.893742 2.656960
11.817469 -2.083739 -1.900577 2.657310
11.843122 -2.173620 -1.907097 2.657643
11.867938 -2.263931 -1.913592 2.657976
11.895752 -2.355422 -1.920681 2.658339
11.917974 -2.446409 -1.926980 2.658661
11.926586 -2.535074 -1.931187 2.658877
11.935017 -2.624084 -1.935471 2.659096
11.943364 -2.713466 -1.939850 2.659320
11.952841 -2.803514 -1.944520 2.659559
11.967039 -2.895132 -1.950071 2.659843
11.981151 -2.987237 -1.955721 2.660133
11.990934 -3.078749 -1.960779 2.660392
11.994370 -3.169049 -1.964911 2.660604
12.002666 -3.261052 -1.969951 2.660861
12.010807 -3.353478 -1.975082 2.661124
12.018725 -3.446314 -1.980292 2.661391
12.020525 -3.537833 -1.984610 2.661612
12.022168 -3.629707 -1.989017 2.661838
12.028794 -3.723534 -1.994365 2.662112
12.031063 -3.816478 -1.999110 2.662354
12.028421 -3.908271 -2.003156 2.662561
12.030718 -4.002087 -2.008143 2.662817
12.030775 -4.095611 -2.012876 2.663059
12.024807 -4.187481 -2.016720 2.663256
12.018642 -4.279646 -2.020648 2.663457
12.012279 -4.372112 -2.024660 2.663662
12.008480 -4.465914 -2.029225 2.663896
11.994411 -4.556250 -2.032174 2.664047
11.982092 -4.647547 -2.035534 2.664219
11.973263 -4.740551 -2.039607 2.664428
11.964196 -4.833849 -2.043761 2.664641
11.955616 -4.927750 -2.048123 2.664864
11.947008 -5.022060 -2.052604 2.665093
11.940966 -5.117905 -2.057655 2.665352
11.938582 -5.215838 -2.063469 2.665650
11.926826 -5.310165 -2.067794 2.665871
11.915095 -5.404927 -2.072252 2.666099
11.903093 -5.500002 -2.076792 2.666332
11.890817 -5.595394 -2.081415 2.666568
11.878263 -5.691110 -2.086121 2.666809
11.865429 -5.787157 -2.090912 2.667055
11.852313 -5.883540 -2.095788 2.667304
11.838914 -5.980266 -2.100750 2.667558
11.825227 -6.077342 -2.105799 2.667817
11.811251 -6.174773 -2.110935 2.668080
11.796982 -6.272567 -2.116160 2.668347
11.782418 -6.370729 -2.121474 2.668619
11.767556 -6.469269 -2.126878 2.668896
11.752394 -6.568191 -2.132374 2.669178
11.736927 -6.667503 -2.137961 2.669464
11.721154 -6.767211 -2.143642 2.669755
11.705070 -6.867324 -2.149416 2.670050
11.688675 -6.967849 -2.155286 2.670351
11.671963 -7.068792 -2.161252 2.670656
11.654931 -7.170161 -2.167314 2.670966
11.636581 -7.271343 -2.173289 2.671272
11.616985 -7.372364 -2.179188 2.671574
11.597035 -7.473780 -2.185181 2.671881
11.576728 -7.575599 -2.191267 2.672193
11.556059 -7.677828 -2.197447 2.672509
11.535025 -7.780473 -2.203722 2.672831
11.513621 -7.883542 -2.210094 2.673157
11.491845 -7.987041 -2.216564 2.673488
11.471859 -8.092507 -2.223552 2.673846
11.459146 -8.203943 -2.232135 2.674285
11.441922 -8.313044 -2.240030 2.674689
11.418577 -8.418502 -2.246911 2.675042
11.394837 -8.524427 -2.253896 2.675399
11.370699 -8.630831 -2.260985 2.675762
11.346157 -8.737719 -2.268179 2.676131
11.321207 -8.845097 -2.275481 2.676505
11.294663 -8.952041 -2.282651 2.676872
11.266050 -9.058137 -2.289593 2.677227
11.236987 -9.164663 -2.296634 2.677588
11.207469 -9.271626 -2.303774 2.677953
11.177491 -9.379028 -2.311016 2.678324
11.147105 -9.486931 -2.318371 2.678700
11.117464 -9.596337 -2.326083 2.679096
11.089118 -9.707789 -2.334276 2.679515
11.060319 -9.819812 -2.342587 2.679940
11.031060 -9.932411 -2.351020 2.680372
11.001335 -10.045601 -2.359575 2.680810
10.971140 -10.159387 -2.368253 2.681254
10.939153 -10.272549 -2.376771 2.681690
10.909266 -10.388756 -2.385978 2.682162
10.877589 -10.504366 -2.395031 2.682626
10.845414 -10.620615 -2.404214 2.683096
10.809412 -10.734210 -2.412786 2.683535
10.767354 -10.842789 -2.420236 2.683916
10.729289 -10.956390 -2.428815 2.684355
10.695113 -11.075114 -2.438522 2.684852
10.653277 -11.187044 -2.446731 2.685273
10.610393 -11.298921 -2.454938 2.685693
10.573034 -11.417838 -2.464678 2.686192
10.534189 -11.536410 -2.474338 2.686686
10.490808 -11.651222 -2.483193 2.687139
10.455786 -11.776636 -2.494304 2.687708
10.424496 -11.907805 -2.506610 2.688339
10.377029 -12.021904 -2.515317 2.688784
10.328889 -12.136404 -2.524124 2.689235
10.280175 -12.251436 -2.533060 2.689693
10.235457 -12.372543 -2.543264 2.690215
10.190708 -12.495043 -2.553758 2.690752
10.144814 -12.617605 -2.564269 2.691291
10.094638 -12.736265 -2.573999 2.691789
10.051958 -12.865920 -2.585957 2.692401
10.003573 -12.989905 -2.596776 2.692955
9.950436 -13.109215 -2.606676 2.693462
9.904393 -13.239477 -2.618765 2.694081
9.856206 -13.368633 -2.630637 2.694689
9.801045 -13.489982 -2.640987 2.695219
9.751081 -13.620166 -2.653081 2.695838
9.703739 -13.755927 -2.666265 2.696513
9.655668 -13.892686 -2.679641 2.697198
9.600775 -14.021580 -2.691509 2.697805
9.542259 -14.146982 -2.702726 2.698380
9.492005 -14.286618 -2.716677 2.699094
9.440974 -14.427321 -2.730833 2.699818
9.389152 -14.569113 -2.745197 2.700554
9.336525 -14.712010 -2.759773 2.701300
9.276377 -14.845306 -2.772562 2.701955
9.211740 -14.973470 -2.784419 2.702562
9.139997 -15.091928 -2.794513 2.703079
9.063970 -15.204950 -2.803655 2.703547
8.986186 -15.316586 -2.812603 2.704005
8.900026 -15.415298 -2.819251 2.704346
8.805449 -15.500395 -2.823503 2.704563
8.710389 -15.585407 -2.827842 2.704786
8.614817 -15.670295 -2.832263 2.705012
8.518779 -15.755154 -2.836782 2.705243
8.419863 -15.835459 -2.840588 2.705438
8.319314 -15.913382 -2.844078 2.705617
8.218359 -15.991197 -2.847661 2.705800
8.115223 -16.065411 -2.850719 2.705957
8.008802 -16.133629 -2.852833 2.706065
7.904531 -16.206692 -2.855924 2.706223
7.801981 -16.283993 -2.859878 2.706426
7.693034 -16.348532 -2.861710 2.706519
7.580439 -16.405577 -2.862362 2.706553
7.467634 -16.462307 -2.863095 2.706590
7.353849 -16.517017 -2.863611 2.706617
7.235603 -16.561642 -2.862520 2.706561
7.117288 -16.605879 -2.861508 2.706509
6.998900 -16.649731 -2.860574 2.706461
6.880460 -16.693247 -2.859728 2.706418
6.761951 -16.736416 -2.858967 2.706379
6.643353 -16.779194 -2.858282 2.706344
6.522281 -16.815447 -2.856631 2.706259
6.398654 -16.844578 -2.853921 2.706121
6.270647 -16.861261 -2.849262 2.705882
6.140926 -16.872057 -2.843772 2.705601
6.007737 -16.871689 -2.836571 2.705232
5.874955 -16.870575 -2.829419 2.704866
5.747605 -16.883484 -2.824785 2.704629
5.629456 -16.922768 -2.824714 2.704625
5.502805 -16.935894 -2.820423 2.704406
5.372297 -16.935629 -2.814065 2.704080
5.246145 -16.947561 -2.809893 2.703866
5.124451 -16.973007 -2.808112 2.703775
4.999311 -16.986202 -2.804452 2.703588
4.875425 -17.002628 -2.801476 2.703435
4.754463 -17.028578 -2.800214 2.703371
4.634998 -17.059633 -2.799932 2.703356
4.518947 -17.103535 -2.801891 2.703457
4.402180 -17.145355 -2.803639 2.703546
4.280972 -17.170040 -2.802720 2.703499
4.157813 -17.186342 -2.800575 2.703389
4.040833 -17.228184 -2.802727 2.703500
3.918913 -17.249166 -2.801621 2.703443
3.799047 -17.279055 -2.802100 2.703468
3.674284 -17.286148 -2.799022 2.703310
3.557714 -17.331833 -2.802330 2.703479
3.443938 -17.393166 -2.808290 2.703784
3.325008 -17.430309 -2.810471 2.703896
3.200059 -17.435749 -2.807677 2.703753
3.076250 -17.446281 -2.805846 2.703659
2.952521 -17.456358 -2.804084 2.703569
2.831635 -17.483049 -2.805127 2.703622
2.708036 -17.492861 -2.803600 2.703544
2.587156 -17.520182 -2.805016 2.703617
2.462775 -17.523560 -2.802735 2.703500
2.341227 -17.546684 -2.803751 2.703552
2.220790 -17.579370 -2.806428 2.703689
2.094929 -17.568619 -2.802309 2.703478
1.972105 -17.581713 -2.802133 2.703469
1.851549 -17.616316 -2.805519 2.703643
1.728436 -17.627964 -2.805384 2.703636
1.604540 -17.630945 -2.804008 2.703565
1.482429 -17.653793 -2.805927 2.703663
1.360090 -17.675943 -2.807870 2.703763
1.238046 -17.704891 -2.811027 2.703925
1.114266 -17.710758 -2.810655 2.703905
0.990840 -17.722486 -2.811350 2.703941
0.867228 -17.731802 -2.811799 2.703964
0.743203 -17.732275 -2.810982 2.703922
0.619830 -17.749620 -2.812977 2.704024
0.495859 -17.752052 -2.812746 2.704012
0.371531 -17.736776 -2.809845 2.703864
0.247502 -17.724962 -2.807632 2.703751
0.123583 -17.701653 -2.803735 2.703551
-0.000000 -17.668049 -2.798344 2.703275
-0.123117 -17.634892 -2.793160 2.703010
-0.246096 -17.624069 -2.791650 2.702932
-0.368686 -17.600807 -2.788306 2.702761
-0.491065 -17.580412 -2.785550 2.702620
-0.613778 -17.576294 -2.785508 2.702618
-0.735045 -17.537617 -2.780124 2.702342
-0.856195 -17.506149 -2.776016 2.702132
-0.977473 -17.483358 -2.773416 2.701999
-1.098905 -17.466599 -2.771907 2.701922
-1.219663 -17.441996 -2.769287 2.701787
-1.339392 -17.406940 -2.765138 2.701575
-1.458885 -17.373381 -2.761358 2.701381
-1.577869 -17.337847 -2.757393 2.701179
-1.697075 -17.308111 -2.754482 2.701030
-1.816216 -17.280136 -2.751981 2.700901
-1.934159 -17.243414 -2.748215 2.700709
-2.053855 -17.224134 -2.747361 2.700665
-2.169726 -17.175138 -2.741895 2.700385
-2.286433 -17.136024 -2.738133 2.700192
-2.403156 -17.099340 -2.734885 2.700026
-2.521119 -17.072977 -2.733417 2.699951
-2.640445 -17.056232 -2.733621 2.699961
-2.759754 -17.039228 -2.733917 2.699976
-2.876809 -17.008720 -2.732178 2.699888
-2.990426 -16.959547 -2.727566 2.699651
-3.108186 -16.935171 -2.727069 2.699626
-3.221915 -16.889866 -2.723330 2.699435
-3.340745 -16.871988 -2.724141 2.699476
-3.457495 -16.843603 -2.723389 2.699437
-3.575839 -16.822996 -2.724027 2.699470
-3.690091 -16.783495 -2.721736 2.699353
-3.803925 -16.743032 -2.719415 2.699234
-3.924851 -16.733681 -2.722281 2.699381
-4.044211 -16.716766 -2.724055 2.699472
-4.158835 -16.680176 -2.722758 2.699405
-4.274133 -16.646648 -2.722090 2.699371
-4.393312 -16.628016 -2.723992 2.699468
-4.512564 -16.608990 -2.725970 2.699570
-4.629363 -16.580515 -2.726534 2.699599
-4.746622 -16.553438 -2.727464 2.699646
-4.860497 -16.514549 -2.726582 2.699601
-4.982866 -16.504044 -2.730524 2.699803
-5.105954 -16.494667 -2.734804 2.700022
-5.229297 -16.484835 -2.739160 2.700245
-5.346959 -16.456247 -2.740545 2.700316
-5.465611 -16.430231 -2.742501 2.700416
-5.586869 -16.411316 -2.745787 2.700584
-5.692403 -16.346350 -2.741500 2.700365
-5.814084 -16.327845 -2.745137 2.700551
-5.931147 -16.295691 -2.746626 2.700627
-6.039583 -16.239948 -2.744270 2.700507
-6.147554 -16.183548 -2.741925 2.700387
-6.255055 -16.126492 -2.739591 2.700267
-6.362082 -16.068787 -2.737266 2.700148
-6.468636 -16.010435 -2.734952 2.700029
-6.574709 -15.951440 -2.732649 2.699912
-6.680302 -15.891807 -2.730356 2.699794
-6.785408 -15.831539 -2.728074 2.699677
-6.890024 -15.770643 -2.725803 2.699561
-6.994151 -15.709119 -2.723543 2.699445
-7.093449 -15.637419 -2.719631 2.699245
-7.174422 -15.526870 -2.709050 2.698703
-7.263907 -15.436585 -2.702080 2.698346
-7.356357 -15.353902 -2.696531 2.698062
-7.438548 -15.251284 -2.687563 2.697603
-7.525822 -15.160667 -2.680789 2.697256
-7.625332 -15.095590 -2.678629 2.697146
-7.721357 -15.024132 -2.675450 2.696983
-7.810563 -14.940229 -2.670154 2.696712
-7.911133 -14.878676 -2.668959 2.696651
-8.006666 -14.808019 -2.666246 2.696512
-8.092926 -14.720975 -2.660682 2.696227
-8.189076 -14.652623 -2.658597 2.696120
-8.284701 -14.583712 -2.656523 2.696014
-8.379802 -14.514242 -2.654460 2.695908
-8.458616 -14.417360 -2.647478 2.695551
-8.552618 -14.347148 -2.645484 2.695449
-8.646922 -14.277763 -2.643757 2.695360
-8.730098 -14.190572 -2.638834 2.695108
-8.812615 -14.103132 -2.633950 2.694858
-8.894475 -14.015450 -2.629108 2.694610
-8.975679 -13.927526 -2.624305 2.694364
-9.056229 -13.839365 -2.619543 2.694121
-9.136124 -13.750973 -2.614821 2.693879
-9.215370 -13.662348 -2.610139 2.693639
-9.295458 -13.575672 -2.605915 2.693423
-9.387583 -13.506959 -2.605242 2.693388
-9.455676 -13.404272 -2.598105 2.693023
-9.525880 -13.305609 -2.591808 2.692701
-9.597511 -13.209841 -2.586143 2.692410
-9.665258 -13.109636 -2.579673 2.692079
-9.731093 -13.007819 -2.572943 2.691735
-9.779358 -12.883825 -2.561859 2.691167
-9.851100 -12.791914 -2.557196 2.690928
-9.910283 -12.684584 -2.549509 2.690535
-9.961725 -12.568565 -2.540107 2.690053
-10.011385 -12.451650 -2.530542 2.689564
-10.068302 -12.344959 -2.523083 2.689182
-10.098009 -12.206393 -2.509110 2.688466
-10.145575 -12.091024 -2.499894 2.687994
-10.203385 -11.988934 -2.493454 2.687665
-10.255540 -11.881156 -2.485869 2.687277
-10.297090 -11.762272 -2.475975 2.686770
-10.340942 -11.647281 -2.466907 2.686306
-10.374475 -11.522022 -2.455657 2.685730
-10.412244 -11.402859 -2.445694 2.685220
-10.456048 -11.291503 -2.437407 2.684795
-10.501537 -11.183002 -2.429753 2.684403
-10.531281 -11.058931 -2.418712 2.683838
-10.562970 -10.938275 -2.408393 2.683310
-10.599319 -10.823664 -2.399392 2.682849
-10.646311 -10.720895 -2.393028 2.682523
-10.682557 -10.608239 -2.384471 2.682085
-10.716151 -10.494028 -2.375558 2.681628
-10.765039 -10.395678 -2.370249 2.681357
-10.814138 -10.298161 -2.365172 2.681097
-10.862585 -10.200645 -2.360135 2.680839
-10.907612 -10.100560 -2.354540 2.680552
-10.942521 -9.991892 -2.346960 2.680164
-10.982655 -9.888826 -2.340703 2.679844
-11.022816 -9.786510 -2.334644 2.679534
-11.053747 -9.676823 -2.326830 2.679133
-11.104404 -9.585066 -2.323351 2.678955
-11.149788 -9.489211 -2.318928 2.678729
-11.192392 -9.391532 -2.314096 2.678482
-11.239416 -9.298051 -2.310341 2.678289
-11.277975 -9.198091 -2.305011 2.678016
-11.317580 -9.099569 -2.300066 2.677763
-11.366881 -9.009277 -2.297246 2.677619
-11.411798 -8.915873 -2.293688 2.677437
-11.453443 -8.820334 -2.289626 2.677229
-11.504007 -8.732016 -2.287492 2.677119
-11.557722 -8.646281 -2.286114 2.677049
-11.611837 -8.560983 -2.284940 2.676989
-11.658627 -8.470488 -2.282455 2.676862
-11.711192 -8.384387 -2.281231 2.676799
-11.758819 -8.294933 -2.279172 2.676693
-11.797562 -8.199519 -2.275531 2.676507
-11.851180 -8.114671 -2.274890 2.676474
-11.895251 -8.023448 -2.272542 2.676354
-11.939247 -7.932414 -2.270312 2.676240
-12.001712 -7.853699 -2.271708 2.676311
-12.057553 -7.770563 -2.271954 2.676324
-12.109035 -7.684625 -2.271490 2.676300
-12.168572 -7.603768 -2.272645 2.676359
-12.224723 -7.520697 -2.273270 2.676391
-12.279314 -7.436616 -2.273712 2.676414
-12.346991 -7.360284 -2.276674 2.676566
-12.403220 -7.276924 -2.277618 2.676614
-12.455384 -7.191119 -2.277923 2.676630
-12.504659 -7.103631 -2.277809 2.676624
-12.571217 -7.025815 -2.280942 2.676784
-12.638895 -6.948292 -2.284365 2.676960
-12.701984 -6.867936 -2.287046 2.677097
-12.773523 -6.791803 -2.291333 2.677316
-12.838378 -6.711739 -2.294506 2.677479
-12.899596 -6.629491 -2.297119 2.677613
-12.957335 -6.545221 -2.299208 2.677719
-13.035639 -6.470945 -2.305030 2.678018
-13.107564 -6.392986 -2.309800 2.678262
-13.162676 -6.306495 -2.311696 2.678359
-13.220963 -6.221312 -2.314249 2.678489
-13.289003 -6.140382 -2.318598 2.678712
-13.354502 -6.057869 -2.322591 2.678916
-13.412275 -5.971529 -2.325331 2.679057
-13.475541 -5.887317 -2.329117 2.679251
-13.547197 -5.806335 -2.334439 2.679523
-13.614553 -5.723032 -2.339104 2.679762
-13.664071 -5.631922 -2.340799 2.679849
-13.721767 -5.543953 -2.343995 2.680012
-13.786758 -5.458561 -2.348530 2.680245
-13.849429 -5.371839 -2.352760 2.680461
-13.889602 -5.276165 -2.353270 2.680487
-13.944904 -5.186061 -2.356447 2.680650
-13.999848 -5.095528 -2.359663 2.680815
-14.054599 -5.004615 -2.362945 2.680983
-14.102883 -4.911143 -2.365241 2.681100
-14.149678 -4.816944 -2.367391 2.681210
-14.197627 -4.722920 -2.369839 2.681336
-14.255539 -4.631905 -2.374050 2.681551
-14.297060 -4.535292 -2.375633 2.681632
-14.338394 -4.438473 -2.377295 2.681717
-14.389583 -4.344472 -2.380695 2.681891
-14.439142 -4.249669 -2.383928 2.682057
-14.474138 -4.150392 -2.384864 2.682105
-14.506379 -4.050251 -2.385459 2.682136
-14.537096 -3.949641 -2.385918 2.682159
-14.573853 -3.850579 -2.387480 2.682239
-14.604393 -3.749769 -2.388136 2.682273
-14.628035 -3.647178 -2.387780 2.682254
-14.662831 -3.547310 -2.389359 2.682335
-14.710184 -3.450241 -2.393092 2.682526
-14.751769 -3.351521 -2.395993 2.682675
-14.795543 -3.253009 -2.399355 2.682847
-14.831499 -3.152532 -2.401558 2.682960
-14.876361 -3.053676 -2.405312 2.683152
-14.920594 -2.954356 -2.409070 2.683344
-14.969081 -2.855505 -2.413621 2.683577
-15.005289 -2.753984 -2.416301 2.683715
-15.039919 -2.651943 -2.418837 2.683845
-15.074332 -2.549630 -2.421450 2.683978
-15.108343 -2.447017 -2.424109 2.684114
-15.152463 -2.345726 -2.428502 2.684339
-15.198167 -2.244268 -2.433256 2.684583
-15.231441 -2.140639 -2.436131 2.684730
-15.290504 -2.040186 -2.443240 2.685094
-15.322744 -1.935712 -2.446173 2.685244
-15.345354 -1.829823 -2.447684 2.685321
-15.384189 -1.725611 -2.451896 2.685537
-15.415370 -1.620220 -2.455003 2.685696
-15.436953 -1.513604 -2.456698 2.685783
-15.464991 -1.407423 -2.459536 2.685928
-15.499712 -1.301548 -2.463553 2.686134
-15.525424 -1.194614 -2.466254 2.686272
-15.561842 -1.088190 -2.470772 2.686503
-15.587625 -0.980687 -2.473718 2.686654
-15.609383 -0.872699 -2.476144 2.686779
-15.616467 -0.763773 -2.476362 2.686790
-15.620355 -0.654685 -2.476193 2.686781
-15.611531 -0.545166 -2.474131 2.686676
-15.605723 -0.435905 -2.472668 2.686600
-15.641475 -0.327641 -2.477910 2.686869
-15.658401 -0.218647 -2.480289 2.686991
-15.660875 -0.109333 -2.480499 2.687001
-15.664388 0.000000 -2.480995 2.687027
-15.665843 0.109373 -2.481286 2.687042
-15.678115 0.218923 -2.483412 2.687150
-15.690328 0.328665 -2.485649 2.687265
-15.678887 0.437953 -2.484260 2.687194
-15.668866 0.547169 -2.483217 2.687140
-15.683250 0.657326 -2.486164 2.687292
-15.690886 0.767413 -2.488163 2.687394
-15.690125 0.877213 -2.488952 2.687434
-15.696191 0.987522 -2.490948 2.687536
-15.708675 1.098458 -2.494085 2.687697
-15.709028 1.208747 -2.495420 2.687765
-15.706824 1.318940 -2.496472 2.687819
-15.703815 1.429158 -2.497519 2.687873
-15.698749 1.539278 -2.498361 2.687916
-15.693208 1.649423 -2.499251 2.687962
-15.687193 1.759603 -2.500189 2.688010
-15.698014 1.871876 -2.503935 2.688201
-15.704042 1.983881 -2.507045 2.688361
-15.696585 2.094373 -2.508127 2.688416
-15.693048 2.205514 -2.509962 2.688510
-15.702655 2.318769 -2.514026 2.688718
-15.694077 2.429573 -2.515307 2.688784
-15.682288 2.539976 -2.516198 2.688829
-15.669935 2.650373 -2.517124 2.688877
-15.657019 2.760755 -2.518084 2.688926
-15.647767 2.871905 -2.519759 2.689012
-15.654276 2.986214 -2.524103 2.689234
-15.650166 3.098815 -2.526866 2.689375
-15.634993 3.209405 -2.527973 2.689432
-15.619252 3.319975 -2.529114 2.689491
-15.602943 3.430532 -2.530289 2.689551
-15.586399 3.541144 -2.531554 2.689615
-15.564361 3.650587 -2.532052 2.689641
-15.541643 3.759921 -2.532565 2.689667
-15.518250 3.869134 -2.533093 2.689694
-15.494177 3.978231 -2.533636 2.689722
-15.469429 4.087201 -2.534193 2.689750
-15.444004 4.196043 -2.534765 2.689780
-15.417901 4.304758 -2.535352 2.689810
-15.391124 4.413334 -2.535953 2.689841
-15.363670 4.521777 -2.536569 2.689872
-15.335542 4.630074 -2.537200 2.689905
-15.306738 4.738226 -2.537846 2.689938
-15.277260 4.846234 -2.538506 2.689971
-15.247108 4.954086 -2.539181 2.690006
-15.216281 5.061786 -2.539871 2.690041
-15.184782 5.169322 -2.540575 2.690077
-15.152611 5.276697 -2.541294 2.690114
-15.119766 5.383908 -2.542027 2.690152
-15.086250 5.490946 -2.542775 2.690190
-15.052062 5.597815 -2.543538 2.690229
-15.017204 5.704502 -2.544316 2.690269
-14.981676 5.811008 -2.545108 2.690310
-14.945477 5.917335 -2.545914 2.690351
-14.908609 6.023469 -2.546735 2.690393
-14.871072 6.129416 -2.547571 2.690435
-14.832867 6.235164 -2.548421 2.690479
-14.793995 6.340714 -2.549286 2.690523
-14.754455 6.446064 -2.550165 2.690568
-14.714249 6.551206 -2.551059 2.690614
-14.673375 6.656141 -2.551967 2.690661
-14.631839 6.760859 -2.552890 2.690708
-14.589637 6.865361 -2.553827 2.690756
-14.546770 6.969646 -2.554778 2.690805
-14.503241 7.073703 -2.555744 2.690854
-14.459047 7.177537 -2.556725 2.690904
-14.414194 7.281135 -2.557719 2.690955
-14.368679 7.384497 -2.558729 2.691007
-14.322502 7.487625 -2.559752 2.691059
-14.275667 7.590507 -2.560790 2.691113
-14.228170 7.693146 -2.561842 2.691166
-14.180017 7.795532 -2.562909 2.691221
-14.131207 7.897664 -2.563990 2.691276
-14.081738 7.999543 -2.565085 2.691332
-14.031615 8.101157 -2.566194 2.691389
-13.980835 8.202510 -2.567318 2.691447
-13.929402 8.303592 -2.568456 2.691505
-13.877316 8.404400 -2.569608 2.691564
-13.824574 8.504937 -2.570774 2.691623
-13.771184 8.605191 -2.571955 2.691684
-13.717140 8.705165 -2.573149 2.691745
-13.662448 8.804849 -2.574358 2.691807
-13.607107 8.904241 -2.575581 2.691870
-13.551116 9.003343 -2.576818 2.691933
-13.494480 9.102142 -2.578068 2.691997
-13.437196 9.200644 -2.579334 2.692062
-13.379269 9.298835 -2.580613 2.692127
-13.320697 9.396717 -2.581906 2.692194
-13.261479 9.494289 -2.583213 2.692261
-13.201622 9.591540 -2.584533 2.692328
-13.141122 9.688474 -2.585868 2.692396
-13.079984 9.785079 -2.587217 2.692465
-13.018207 9.881355 -2.588580 2.692535
-12.955789 9.977304 -2.589956 2.692606
-12.892737 10.072910 -2.591347 2.692677
-12.829048 10.168181 -2.592751 2.692749
-12.764727 10.263104 -2.594169 2.692822
-12.699772 10.357680 -2.595600 2.692895
-12.634183 10.451907 -2.597046 2.692969
-12.567966 10.545775 -2.598505 2.693043
-12.501116 10.639287 -2.599977 2.693119
-12.433640 10.732432 -2.601464 2.693195
-12.365539 10.825210 -2.602964 2.693272
-12.296808 10.917620 -2.604477 2.693349
-12.227456 11.009651 -2.606004 2.693427
-12.163404 11.106719 -2.608816 2.693571
-12.109959 11.213946 -2.614081 2.693841
-12.048152 11.313968 -2.617726 2.694027
-11.976120 11.404708 -2.619311 2.694109
-11.903471 11.495049 -2.620910 2.694191
-11.830201 11.584993 -2.622522 2.694273
-11.756319 11.674531 -2.624147 2.694356
-11.681822 11.763661 -2.625786 2.694440
-11.606709 11.852384 -2.627438 2.694525
-11.530987 11.940686 -2.629104 2.694610
-11.454652 12.028573 -2.630782 2.694696
-11.377711 12.116034 -2.632474 2.694782
-11.300164 12.203066 -2.634179 2.694870
-11.222009 12.289671 -2.635897 2.694958
-11.143253 12.375837 -2.637629 2.695046
-11.063892 12.461567 -2.639373 2.695136
-10.983935 12.546849 -2.641130 2.695226
-10.903379 12.631685 -2.642900 2.695316
-10.822224 12.716072 -2.644684 2.695408
-10.740476 12.800001 -2.646480 2.695500
-10.658133 12.883473 -2.648288 2.695592
-10.575201 12.966479 -2.650110 2.695685
-10.491680 13.049017 -2.651945 2.695779
-10.407568 13.131086 -2.653792 2.695874
-10.322874 13.212677 -2.655652 2.695969
-10.237594 13.293791 -2.657525 2.696065
-10.151734 13.374417 -2.659410 2.696162
-10.065295 13.454556 -2.661308 2.696259
-9.978275 13.534207 -2.663218 2.696357
-9.890683 13.613358 -2.665141 2.696455
-9.802514 13.692013 -2.667076 2.696554
-9.713778 13.770160 -2.669024 2.696654
-9.624472 13.847798 -2.670983 2.696754
-9.534595 13.924928 -2.672956 2.696855
-9.444156 14.001537 -2.674940 2.696957
-9.353151 14.077630 -2.676937 2.697059
-9.261590 14.153194 -2.678945 2.697162
-9.169470 14.228231 -2.680966 2.697265
-9.076791 14.302737 -2.682999 2.697370
-8.983562 14.376704 -2.685044 2.697474
-8.889777 14.450132 -2.687100 2.697579
-8.795448 14.523013 -2.689169 2.697685
-8.700572 14.595344 -2.691250 2.697792
-8.605148 14.667125 -2.693342 2.697899
-8.509188 14.738345 -2.695446 2.698007
-8.412683 14.809007 -2.697562 2.698115
-8.315646 14.879100 -2.699689 2.698224
-8.218076 14.948624 -2.701827 2.698334
-8.119970 15.017575 -2.703978 2.698444
-8.021340 15.085948 -2.706140 2.698554
-7.922181 15.153740 -2.708313 2.698666
-7.822501 15.220942 -2.710497 2.698777
-7.722301 15.287556 -2.712693 2.698890
-7.621579 15.353576 -2.714900 2.699003
-7.520347 15.418996 -2.717118 2.699116
-7.418598 15.483815 -2.719347 2.699230
-7.316344 15.548024 -2.721586 2.699345
-7.213583 15.611624 -2.723837 2.699461
-7.110316 15.674609 -2.726099 2.699576
-7.006552 15.736974 -2.728372 2.699692
-6.902287 15.798717 -2.730655 2.699810
-6.797531 15.859831 -2.732949 2.699927
-6.692284 15.920314 -2.735254 2.700045
-6.586545 15.980163 -2.737569 2.700163
-6.480325 16.039370 -2.739895 2.700283
-6.373620 16.097935 -2.742231 2.700402
-2.934628 7.565924 -1.285310 2.625808
-2.868815 7.552207 -1.279546 2.625513
-2.803583 7.538611 -1.273895 2.625223
-2.738925 7.525135 -1.268355 2.624940
-2.674821 7.511773 -1.262925 2.624662
-2.611262 7.498525 -1.257602 2.624389
-2.548234 7.485387 -1.252385 2.624122
-2.485721 7.472356 -1.247270 2.623860
-2.423716 7.459431 -1.242258 2.623604
-2.362202 7.446608 -1.237346 2.623352
-2.301171 7.433885 -1.232533 2.623106
-2.240611 7.421260 -1.227816 2.622864
-2.180507 7.408730 -1.223194 2.622627
-2.120853 7.396293 -1.218667 2.622396
-2.061634 7.383946 -1.214231 2.622169
-2.002843 7.371689 -1.209887 2.621946
-1.944469 7.359519 -1.205632 2.621728
-1.886499 7.347432 -1.201465 2.621515
-1.828928 7.335428 -1.197385 2.621306
-1.771743 7.323504 -1.193391 2.621101
-1.714931 7.311658 -1.189480 2.620901
-1.658492 7.299889 -1.185653 2.620705
-1.602413 7.288195 -1.181908 2.620514
-1.546683 7.276574 -1.178244 2.620326
-1.491296 7.265024 -1.174659 2.620142
-1.436237 7.253541 -1.171152 2.619963
-1.381508 7.242128 -1.167724 2.619787
-1.343564 7.320511 -1.178821 2.620356
-1.314978 7.457612 -1.199391 2.621409
-1.263930 7.472801 -1.200386 2.621460
-1.208453 7.461230 -1.197142 2.621294
-1.153276 7.449722 -1.193975 2.621131
-1.098388 7.438273 -1.190882 2.620973
-1.043780 7.426883 -1.187863 2.620818
-0.990510 7.423519 -1.186190 2.620733
-0.944143 7.473678 -1.193122 2.621088
-0.897232 7.524425 -1.200195 2.621450
-0.849759 7.575780 -1.207410 2.621819
-0.801710 7.627759 -1.214773 2.622196
-0.754553 7.695524 -1.224696 2.622705
-0.711690 7.820184 -1.243714 2.623678
-0.655697 7.808506 -1.241099 2.623544
-0.599936 7.796875 -1.238554 2.623414
-0.544401 7.785292 -1.236080 2.623287
-0.489084 7.773754 -1.233676 2.623164
-0.433975 7.762259 -1.231341 2.623045
-0.379077 7.750827 -1.229078 2.622929
-0.324379 7.739475 -1.226889 2.622817
-0.269873 7.728162 -1.224767 2.622708
-0.215553 7.716888 -1.222712 2.622603
-0.161408 7.705649 -1.220723 2.622501
-0.107440 7.694448 -1.218800 2.622402
-0.053650 7.684832 -1.217188 2.622320
0.000000 7.673672 -1.215390 2.622228
0.053495 7.662543 -1.213657 2.622139
0.106844 7.651445 -1.211988 2.622054
0.160044 7.640350 -1.210378 2.621971
0.213106 7.629275 -1.208830 2.621892
0.266034 7.618228 -1.207344 2.621816
0.318836 7.607207 -1.205921 2.621743
0.371757 7.601068 -1.205330 2.621713
0.424430 7.591455 -1.204246 2.621657
0.477437 7.588629 -1.204297 2.621660
0.530451 7.585802 -1.204407 2.621665
0.583477 7.582974 -1.204575 2.621674
0.636525 7.580146 -1.204803 2.621686
0.689591 7.577316 -1.205089 2.621701
0.742686 7.574484 -1.205433 2.621718
0.849956 8.086795 -1.287878 2.625939
2.213237 19.731464 -3.144755 2.721011
2.334384 19.576681 -3.122608 2.719877
2.453834 19.424065 -3.100921 2.718767
2.571642 19.273540 -3.079682 2.717680
2.687851 19.125055 -3.058880 2.716614
2.802507 18.978554 -3.038503 2.715571
2.929195 18.921408 -3.032555 2.715267
3.065409 18.926378 -3.036707 2.715479
3.202003 18.931362 -3.041020 2.715700
3.338992 18.936363 -3.045493 2.715929
3.476392 18.941378 -3.050128 2.716166
3.645563 19.110678 -3.081415 2.717768
3.840305 19.394936 -3.131495 2.720333
4.000422 19.488527 -3.151039 2.721333
4.118479 19.375921 -3.137404 2.720635
4.232833 19.252037 -3.122053 2.719849
4.345861 19.128349 -3.106840 2.719070
4.457556 19.004866 -3.091763 2.718298
4.567970 18.881716 -3.076842 2.717534
4.677031 18.758547 -3.062017 2.716775
4.784843 18.635742 -3.047349 2.716024
4.891395 18.513163 -3.032816 2.715280
4.996618 18.390594 -3.018378 2.714541
5.100646 18.268454 -3.004102 2.713810
5.203405 18.146431 -2.989938 2.713085
5.303881 18.021046 -2.975307 2.712336
5.393569 17.864342 -2.955580 2.711326
5.489392 17.733347 -2.940176 2.710537
5.571800 17.564533 -2.918565 2.709430
5.663786 17.431341 -2.902933 2.708630
5.745244 17.270847 -2.882814 2.707600
5.831511 17.129934 -2.866019 2.706740
5.903997 16.953959 -2.843404 2.705582
5.987549 16.814985 -2.827038 2.704744
6.063942 16.660542 -2.808121 2.703776
6.133904 16.493578 -2.787129 2.702701
6.201970 16.326784 -2.766194 2.701629
6.273868 16.174986 -2.747829 2.700689
6.333013 15.995359 -2.724758 2.699507
6.403555 15.849354 -2.707436 2.698621
6.465913 15.687485 -2.687431 2.697596
6.521382 15.513741 -2.665401 2.696469
6.577514 15.346480 -2.644490 2.695398
6.628755 15.172615 -2.622440 2.694269
6.691931 15.030322 -2.605857 2.693420
6.738938 14.855909 -2.583713 2.692286
6.789078 14.692899 -2.563543 2.691253
6.847488 14.551645 -2.547177 2.690415
6.891434 14.383528 -2.526109 2.689337
6.934475 14.217781 -2.505441 2.688278
6.976466 14.054004 -2.485102 2.687237
7.020598 13.898411 -2.466197 2.686269
7.061635 13.740448 -2.446856 2.685279
7.111068 13.602215 -2.431021 2.684468
7.146802 13.441180 -2.411099 2.683448
7.189343 13.296415 -2.394076 2.682577
7.232637 13.156107 -2.377847 2.681746
7.266031 13.001024 -2.358928 2.680777
7.298565 12.847794 -2.340313 2.679824
7.337599 12.709094 -2.324323 2.679005
7.373022 12.567015 -2.307696 2.678154
7.406556 12.424603 -2.290985 2.677298
7.445149 12.293396 -2.276320 2.676548
7.472284 12.146021 -2.258636 2.675642
7.498866 12.000693 -2.241292 2.674754
7.534920 11.873137 -2.227239 2.674035
7.570499 11.747107 -2.213459 2.673329
7.602448 11.617753 -2.199032 2.672590
7.646494 11.508896 -2.188478 2.672050
7.700351 11.416239 -2.181029 2.671669
7.762116 11.336287 -2.176054 2.671414
7.824482 11.257946 -2.171449 2.671178
7.884772 11.177372 -2.166473 2.670923
7.942087 11.093388 -2.160888 2.670637
7.998575 11.009093 -2.155294 2.670351
8.050136 10.918941 -2.148594 2.670008
8.101227 10.829125 -2.141999 2.669670
8.153350 10.741637 -2.135900 2.669358
8.200891 10.649072 -2.128827 2.668996
8.251547 10.561499 -2.122785 2.668686
8.303110 10.475920 -2.117183 2.668400
8.352105 10.387917 -2.111131 2.668090
8.397942 10.296889 -2.104496 2.667750
8.444729 10.207922 -2.098311 2.667434
8.494627 10.123502 -2.093097 2.667166
8.544139 10.039330 -2.087976 2.666904
8.588531 9.949902 -2.081797 2.666588
8.632310 9.860603 -2.075672 2.666274
8.671367 9.766793 -2.068618 2.665913
8.708652 9.671938 -2.061354 2.665541
8.745517 9.577564 -2.054203 2.665175
8.782016 9.483707 -2.047173 2.664815
8.818090 9.390308 -2.040251 2.664461
8.853725 9.297325 -2.033429 2.664111
8.888962 9.204789 -2.026713 2.663768
8.923805 9.112691 -2.020103 2.663429
8.958276 9.021029 -2.013599 2.663096
8.992388 8.929823 -2.007205 2.662769
9.026117 8.839025 -2.000911 2.662446
9.059440 8.748599 -1.994710 2.662129
9.092396 8.658573 -1.988608 2.661817
9.124990 8.568931 -1.982604 2.661509
9.157254 8.479707 -1.976703 2.661207
9.184419 8.386524 -1.969881 2.660858
9.209662 8.292417 -1.962830 2.660497
9.234553 8.198822 -1.955889 2.660141
9.259100 8.105723 -1.949053 2.659791
9.283300 8.013126 -1.942325 2.659447
9.307156 7.921008 -1.935698 2.659108
9.330675 7.829366 -1.929175 2.658774
9.353866 7.738192 -1.922753 2.658445
9.375401 7.646385 -1.916159 2.658107
9.390999 7.550554 -1.908527 2.657717
9.406299 7.455338 -1.901013 2.657332
9.422575 7.361722 -1.893869 2.656966
9.445544 7.274050 -1.888233 2.656677
9.465783 7.184916 -1.882205 2.656369
9.479970 7.091920 -1.875135 2.656007
9.493871 6.999484 -1.868173 2.655650
9.507490 6.907596 -1.861319 2.655299
9.524143 6.818618 -1.855214 2.654987
9.545181 6.733380 -1.850110 2.654726
9.562070 6.645809 -1.844346 2.654430
9.574619 6.555877 -1.837893 2.654100
9.590350 6.468773 -1.832199 2.653809
9.603047 6.380250 -1.826071 2.653495
9.615493 6.292198 -1.820040 2.653186
9.633181 6.208158 -1.815140 2.652935
9.648868 6.123356 -1.809996 2.652672
9.659867 6.036155 -1.804111 2.652370
9.673074 5.950916 -1.798774 2.652097
9.691174 5.869179 -1.794476 2.651877
9.707033 5.786550 -1.789889 2.651642
9.717104 5.700990 -1.784364 2.651359
9.727674 5.616275 -1.779061 2.651088
9.744691 5.535756 -1.775062 2.650883
9.761453 5.455487 -1.771134 2.650682
9.770689 5.371479 -1.765963 2.650417
9.779619 5.287818 -1.760862 2.650156
9.793877 5.207496 -1.756840 2.649950
9.809607 5.128340 -1.753197 2.649764
9.825093 5.049408 -1.749621 2.649580
9.840336 4.970709 -1.746113 2.649401
9.855338 4.892231 -1.742672 2.649225
9.870102 4.813970 -1.739298 2.649052
9.883193 4.735234 -1.735737 2.648870
9.890426 4.654077 -1.731258 2.648640
9.897449 4.573261 -1.726857 2.648415
9.910253 4.495488 -1.723573 2.648247
9.923830 4.418374 -1.720528 2.648091
9.937181 4.341449 -1.717546 2.647938
9.950309 4.264704 -1.714626 2.647789
9.963211 4.188146 -1.711770 2.647643
9.975893 4.111765 -1.708975 2.647500
9.988354 4.035557 -1.706242 2.647360
10.000597 3.959518 -1.703570 2.647223
10.012625 3.883637 -1.700958 2.647089
10.024436 3.807923 -1.698407 2.646958
10.036033 3.732366 -1.695916 2.646831
10.049579 3.657747 -1.693848 2.646725
10.067238 3.584783 -1.692566 2.646659
10.084414 3.511761 -1.691290 2.646594
10.097178 3.437357 -1.689365 2.646495
10.107750 3.362400 -1.687165 2.646383
10.118115 3.287575 -1.685023 2.646273
10.128276 3.212879 -1.682939 2.646166
10.138233 3.138304 -1.680911 2.646063
10.150179 3.064517 -1.679304 2.645980
10.165927 2.991994 -1.678413 2.645935
10.181484 2.919493 -1.677575 2.645892
10.193040 2.845949 -1.676165 2.645819
10.205288 2.772712 -1.674954 2.645757
10.221434 2.700617 -1.674469 2.645733
10.236496 2.628284 -1.673890 2.645703
10.244890 2.554338 -1.672306 2.645622
10.254197 2.480752 -1.670957 2.645553
10.268419 2.408432 -1.670494 2.645529
10.282457 2.336114 -1.670084 2.645508
10.296311 2.263790 -1.669726 2.645490
10.309983 2.191454 -1.669422 2.645474
10.323474 2.119106 -1.669170 2.645462
10.340959 2.047561 -1.669645 2.645486
10.360217 1.976315 -1.670486 2.645529
10.375113 1.904188 -1.670704 2.645540
10.387106 1.831527 -1.670535 2.645531
10.398940 1.758850 -1.670423 2.645525
10.410635 1.686151 -1.670370 2.645523
10.422135 1.613429 -1.670367 2.645523
10.433472 1.540680 -1.670419 2.645525
10.444644 1.467899 -1.670527 2.645531
10.457628 1.395347 -1.671005 2.645555
10.475384 1.323345 -1.672325 2.645623
10.493014 1.251214 -1.673704 2.645694
10.510507 1.178941 -1.675140 2.645767
10.527850 1.106521 -1.676632 2.645844
10.545009 1.033948 -1.678175 2.645922
10.562018 0.961215 -1.679773 2.646004
10.578887 0.888332 -1.681428 2.646089
10.595638 0.815289 -1.683145 2.646177
10.612243 0.742080 -1.684919 2.646268
10.631936 0.668906 -1.687263 2.646388
10.654637 0.595683 -1.690164 2.646536
10.677232 0.522201 -1.693129 2.646688
10.699691 0.448449 -1.696152 2.646843
10.722038 0.374422 -1.699239 2.647001
10.745181 0.300141 -1.702533 2.647170
10.767594 0.225545 -1.705793 2.647337
10.788124 0.150638 -1.708838 2.647492
10.813788 0.075494 -1.712778 2.647694
10.010482 -0.000000 -1.945841 2.659627
10.036758 -0.070071 -1.950996 2.659891
10.062956 -0.140515 -1.956231 2.660159
10.089077 -0.211336 -1.961548 2.660431
10.115121 -0.282541 -1.966947 2.660707
10.144869 -0.354267 -1.973165 2.661026
10.177363 -0.426558 -1.980016 2.661377
10.209861 -0.499346 -1.986968 2.661733
10.239133 -0.572457 -1.993394 2.662062
10.269320 -0.646091 -2.000100 2.662405
10.311587 -0.721057 -2.009264 2.662874
10.361653 -0.797286 -2.020055 2.663427
10.404943 -0.873728 -2.029634 2.663917
10.457199 -0.951680 -2.041074 2.664503
10.515040 -1.031009 -2.053718 2.665150
10.573373 -1.111306 -2.066576 2.665809
10.639778 -1.193443 -2.081133 2.666554
10.701517 -1.276079 -2.094901 2.667259
10.758017 -1.359054 -2.107767 2.667917
10.803314 -1.441470 -2.118562 2.668470
10.856183 -1.525737 -2.130967 2.669105
10.919466 -1.612447 -2.145546 2.669852
10.968536 -1.698019 -2.157465 2.670462
11.001547 -1.781862 -2.166351 2.670917
11.034597 -1.866363 -2.175372 2.671379
11.073357 -1.952532 -2.185647 2.671905
11.111801 -2.039397 -2.195992 2.672435
11.142979 -2.125637 -2.205033 2.672898
11.170860 -2.211890 -2.213552 2.673334
11.194509 -2.297903 -2.221363 2.673734
11.214301 -2.383673 -2.228538 2.674101
11.231299 -2.469362 -2.235288 2.674447
11.239304 -2.553507 -2.240374 2.674707
11.252063 -2.639148 -2.246536 2.675023
11.261170 -2.724364 -2.252096 2.675307
11.267907 -2.809405 -2.257311 2.675574
11.272968 -2.894407 -2.262318 2.675831
11.273714 -2.978644 -2.266586 2.676049
11.274275 -3.063153 -2.270942 2.676272
11.274650 -3.147939 -2.275389 2.676500
11.274837 -3.233008 -2.279927 2.676732
11.274845 -3.318367 -2.284558 2.676969
11.274689 -3.404029 -2.289285 2.677211
11.272100 -3.489298 -2.293650 2.677435
11.268477 -3.574572 -2.297935 2.677654
11.267129 -3.660912 -2.302816 2.677904
11.260061 -3.745724 -2.306660 2.678101
11.251898 -3.830459 -2.310410 2.678293
11.240517 -3.914362 -2.313627 2.678458
11.225842 -3.997343 -2.316294 2.678594
11.210924 -4.080443 -2.319038 2.678735
11.195763 -4.163667 -2.321858 2.678879
11.180348 -4.247016 -2.324754 2.679027
11.164667 -4.330490 -2.327723 2.679179
11.148739 -4.414098 -2.330770 2.679335
11.132565 -4.497848 -2.333897 2.679495
11.116161 -4.581751 -2.337107 2.679660
11.099505 -4.665803 -2.340397 2.679828
11.082594 -4.750006 -2.343766 2.680001
11.065426 -4.834366 -2.347216 2.680177
11.047999 -4.918886 -2.350746 2.680358
11.030312 -5.003572 -2.354358 2.680543
11.012758 -5.088609 -2.358137 2.680737
11.000634 -5.176506 -2.363221 2.680997
10.988242 -5.264684 -2.368398 2.681262
10.970679 -5.350758 -2.372606 2.681477
10.949989 -5.435622 -2.376280 2.681666
10.928996 -5.520634 -2.380031 2.681858
10.907690 -5.605792 -2.383856 2.682053
10.886094 -5.691113 -2.387761 2.682253
10.864241 -5.776619 -2.391755 2.682458
10.842091 -5.862297 -2.395831 2.682667
10.819642 -5.948149 -2.399988 2.682879
10.796892 -6.034180 -2.404227 2.683096
10.773980 -6.120473 -2.408582 2.683319
10.755506 -6.209694 -2.414084 2.683601
10.736279 -6.298938 -2.419581 2.683882
10.710116 -6.384511 -2.423671 2.684092
10.683646 -6.470247 -2.427844 2.684306
10.661705 -6.559125 -2.433204 2.684580
10.641537 -6.649570 -2.439137 2.684884
10.617777 -6.738246 -2.444414 2.685154
10.589946 -6.824754 -2.448916 2.685385
10.562638 -6.911997 -2.453700 2.685629
10.541092 -7.003485 -2.459993 2.685951
10.519182 -7.095278 -2.466380 2.686279
10.490478 -7.182981 -2.471348 2.686533
10.460866 -7.270491 -2.476269 2.686785
10.435105 -7.361157 -2.482276 2.687093
10.411730 -7.454067 -2.489034 2.687438
10.384974 -7.545125 -2.495169 2.687753
10.356002 -7.635104 -2.500955 2.688049
10.329081 -7.727139 -2.507420 2.688380
10.301745 -7.819451 -2.513975 2.688715
10.273208 -7.911436 -2.520428 2.689046
10.245830 -8.004920 -2.527361 2.689401
10.217247 -8.098090 -2.534194 2.689751
10.188235 -8.191551 -2.541121 2.690105
10.155036 -8.282246 -2.547200 2.690417
10.125060 -8.376179 -2.554287 2.690779
10.097379 -8.472707 -2.562164 2.691183
10.064002 -8.565137 -2.568805 2.691523
10.025415 -8.653707 -2.574315 2.691805
9.988028 -8.743857 -2.580326 2.692113
9.955948 -8.839306 -2.587918 2.692501
9.923407 -8.935076 -2.595611 2.692895
9.890391 -9.031169 -2.603404 2.693294
9.856892 -9.127582 -2.611296 2.693698
9.822914 -9.224331 -2.619291 2.694108
9.788455 -9.321421 -2.627392 2.694522
9.746952 -9.412522 -2.633826 2.694852
9.704275 -9.503129 -2.640157 2.695176
9.665990 -9.598742 -2.647908 2.695573
9.629622 -9.697085 -2.656426 2.696009
9.592747 -9.795791 -2.665055 2.696451
9.555360 -9.894865 -2.673795 2.696898
9.517454 -9.994312 -2.682647 2.697351
9.479026 -10.094137 -2.691613 2.697810
9.440068 -10.194347 -2.700695 2.698276
9.400576 -10.294945 -2.709892 2.698746
9.360541 -10.395935 -2.719208 2.699223
9.317076 -10.494076 -2.727797 2.699663
9.275998 -10.595887 -2.737362 2.700153
9.237133 -10.701323 -2.747873 2.700691
9.194874 -10.803941 -2.757673 2.701193
9.150713 -10.905396 -2.767195 2.701680
9.103397 -11.004118 -2.776051 2.702134
9.055489 -11.103126 -2.785011 2.702593
9.006979 -11.202423 -2.794077 2.703057
8.957864 -11.302012 -2.803250 2.703526
8.908136 -11.401895 -2.812530 2.704001
8.857791 -11.502076 -2.821919 2.704482
8.809879 -11.606587 -2.832401 2.705019
8.767152 -11.719295 -2.844899 2.705659
8.718900 -11.826029 -2.855963 2.706225
8.665921 -11.927617 -2.865816 2.706730
8.612290 -12.029521 -2.875784 2.707240
8.558044 -12.131802 -2.885881 2.707757
8.503138 -12.234411 -2.896098 2.708280
8.447557 -12.337348 -2.906433 2.708809
8.393747 -12.444242 -2.917739 2.709388
8.340519 -12.553492 -2.929631 2.709997
8.286585 -12.663229 -2.941667 2.710613
8.231893 -12.773397 -2.953837 2.711236
8.174001 -12.880165 -2.965258 2.711821
8.114077 -12.985237 -2.976334 2.712388
8.053426 -13.090657 -2.987537 2.712962
7.987826 -13.189469 -2.997288 2.713461
7.920693 -13.287087 -3.006832 2.713950
7.852809 -13.384790 -3.016462 2.714443
7.771434 -13.460519 -3.021228 2.714687
7.689465 -13.535908 -3.026026 2.714932
7.606904 -13.610951 -3.030856 2.715180
7.523747 -13.685647 -3.035718 2.715429
7.434763 -13.750308 -3.038474 2.715570
7.333224 -13.791790 -3.036253 2.715456
7.231457 -13.832502 -3.034028 2.715342
7.129468 -13.872444 -3.031797 2.715228
7.027263 -13.911617 -3.029562 2.715114
6.924849 -13.950019 -3.027323 2.714999
6.822232 -13.987648 -3.025079 2.714884
6.719417 -14.024507 -3.022832 2.714769
6.616412 -14.060593 -3.020580 2.714654
6.513222 -14.095907 -3.018324 2.714538
6.409855 -14.130447 -3.016065 2.714422
6.306315 -14.164216 -3.013802 2.714307
6.202609 -14.197212 -3.011535 2.714190
6.098742 -14.229434 -3.009265 2.714074
5.994722 -14.260884 -3.006992 2.713958
5.890556 -14.291560 -3.004715 2.713841
5.786247 -14.321464 -3.002436 2.713725
5.681801 -14.350594 -3.000154 2.713608
5.577227 -14.378952 -2.997869 2.713491
5.472528 -14.406537 -2.995582 2.713374
5.367715 -14.433350 -2.993292 2.713257
5.262788 -14.459391 -2.991000 2.713139
5.157755 -14.484660 -2.988706 2.713022
5.052623 -14.509159 -2.986410 2.712904
4.947397 -14.532887 -2.984111 2.712786
4.842085 -14.555843 -2.981812 2.712669
4.736689 -14.578031 -2.979510 2.712551
4.631217 -14.599449 -2.977206 2.712433
4.525676 -14.620100 -2.974902 2.712315
4.420070 -14.639982 -2.972596 2.712197
4.314407 -14.659097 -2.970289 2.712079
4.208690 -14.677445 -2.967981 2.711961
4.102925 -14.695028 -2.965672 2.711842
3.997119 -14.711847 -2.963362 2.711724
3.891278 -14.727902 -2.961052 2.711606
3.785409 -14.743194 -2.958741 2.711488
3.679514 -14.757724 -2.956429 2.711369
3.573600 -14.771493 -2.954118 2.711251
3.467673 -14.784503 -2.951806 2.711132
3.361738 -14.796754 -2.949494 2.711014
3.255805 -14.808247 -2.947183 2.710896
3.149872 -14.818984 -2.944871 2.710777
3.043949 -14.828965 -2.942560 2.710659
2.938040 -14.838193 -2.940249 2.710541
2.832152 -14.846668 -2.937939 2.710422
2.726291 -14.854392 -2.935629 2.710304
2.620460 -14.861366 -2.933321 2.710186
2.514664 -14.867592 -2.931013 2.710068
2.408911 -14.873071 -2.928706 2.709950
2.303204 -14.877804 -2.926400 2.709831
2.197552 -14.881793 -2.924096 2.709714
2.091956 -14.885039 -2.921793 2.709596
1.986422 -14.887545 -2.919492 2.709478
1.880956 -14.889311 -2.917192 2.709360
1.775564 -14.890340 -2.914894 2.709243
1.670252 -14.890633 -2.912597 2.709125
1.565022 -14.890191 -2.910303 2.709007
1.459880 -14.889017 -2.908010 2.708890
1.354832 -14.887113 -2.905720 2.708773
1.249883 -14.884480 -2.903432 2.708656
1.145040 -14.881119 -2.901147 2.708539
1.040303 -14.877033 -2.898864 2.708422
0.935681 -14.872225 -2.896583 2.708305
0.831176 -14.866695 -2.894306 2.708188
0.726796 -14.860446 -2.892031 2.708072
0.622545 -14.853479 -2.889759 2.707956
0.518426 -14.845798 -2.887490 2.707839
0.414446 -14.837403 -2.885224 2.707723
0.310608 -14.828297 -2.882961 2.707608
0.206917 -14.818482 -2.880702 2.707492
0.103381 -14.807961 -2.878446 2.707376
-0.000000 -14.796734 -2.876194 2.707261
-0.103220 -14.784805 -2.873945 2.707146
-0.206273 -14.772176 -2.871700 2.707031
-0.309155 -14.758849 -2.869459 2.706916
-0.411860 -14.744826 -2.867222 2.706802
-0.514387 -14.730110 -2.864989 2.706687
-0.616729 -14.714703 -2.862760 2.706573
-0.718883 -14.698607 -2.860535 2.706459
-0.820843 -14.681825 -2.858315 2.706346
-0.922603 -14.664359 -2.856098 2.706232
-1.024163 -14.646211 -2.853887 2.706119
-1.125516 -14.627384 -2.851680 2.706006
-1.226659 -14.607881 -2.849478 2.705893
-1.327586 -14.587703 -2.847281 2.705781
-1.428292 -14.566854 -2.845088 2.705668
-1.528777 -14.545336 -2.842901 2.705556
-1.629033 -14.523150 -2.840718 2.705445
-1.729057 -14.500301 -2.838541 2.705333
-1.828845 -14.476791 -2.836369 2.705222
-1.928391 -14.452622 -2.834202 2.705111
-2.027695 -14.427797 -2.832041 2.705000
-2.126750 -14.402319 -2.829885 2.704890
-2.225553 -14.376189 -2.827735 2.704780
-2.324099 -14.349412 -2.825591 2.704670
-2.422383 -14.321989 -2.823452 2.704561
-2.520405 -14.293923 -2.821319 2.704452
-2.618158 -14.265218 -2.819193 2.704343
-2.715639 -14.235875 -2.817072 2.704234
-2.812845 -14.205897 -2.814957 2.704126
-2.909769 -14.175289 -2.812849 2.704018
-3.006411 -14.144052 -2.810747 2.703910
-3.102766 -14.112187 -2.808651 2.703803
-3.198831 -14.079700 -2.806561 2.703696
-3.294600 -14.046594 -2.804479 2.703589
-3.390070 -14.012870 -2.802402 2.703483
-3.485239 -13.978531 -2.800333 2.703377
-3.580103 -13.943580 -2.798270 2.703271
-3.674659 -13.908020 -2.796214 2.703166
-3.768901 -13.871855 -2.794165 2.703061
-3.862826 -13.835088 -2.792123 2.702957
-3.956433 -13.797719 -2.790088 2.702852
-4.049716 -13.759754 -2.788060 2.702749
-4.142674 -13.721195 -2.786040 2.702645
-4.235302 -13.682045 -2.784026 2.702542
-4.327595 -13.642307 -2.782021 2.702439
-4.419553 -13.601984 -2.780022 2.702337
-4.511171 -13.561079 -2.778031 2.702235
-4.602447 -13.519595 -2.776047 2.702133
-4.693376 -13.477535 -2.774071 2.702032
-4.783954 -13.434904 -2.772104 2.701931
-4.874181 -13.391702 -2.770143 2.701831
-4.964052 -13.347932 -2.768191 2.701731
-5.053565 -13.303599 -2.766246 2.701632
-5.142715 -13.258706 -2.764309 2.701533
-5.231498 -13.213257 -2.762381 2.701434
-5.319915 -13.167252 -2.760461 2.701335
-5.407961 -13.120696 -2.758548 2.701238
-5.495633 -13.073591 -2.756644 2.701140
-5.582928 -13.025943 -2.754749 2.701043
-5.669840 -12.977753 -2.752861 2.700946
-5.756372 -12.929024 -2.750983 2.700850
-5.842518 -12.879759 -2.749112 2.700754
-5.928276 -12.829962 -2.747250 2.700659
-6.013641 -12.779635 -2.745397 2.700564
-6.098611 -12.728785 -2.743553 2.700470
-6.183186 -12.677410 -2.741717 2.700376
-6.267361 -12.625516 -2.739890 2.700282
-6.351133 -12.573105 -2.738072 2.700189
-6.434501 -12.520182 -2.736263 2.700097
-6.517458 -12.466748 -2.734462 2.700004
-6.598520 -12.410010 -2.732055 2.699881
-6.679977 -12.354359 -2.730004 2.699776
-6.763864 -12.303421 -2.729116 2.699731
-6.837583 -12.234411 -2.724331 2.699486
-6.913507 -12.169974 -2.720664 2.699298
-6.991661 -12.109911 -2.718082 2.699166
-7.076472 -12.061554 -2.718251 2.699174
-7.151915 -11.997447 -2.714990 2.699007
-7.225651 -11.930965 -2.711295 2.698818
-7.304177 -11.872770 -2.709592 2.698731
-7.382270 -11.814101 -2.707899 2.698644
-7.459927 -11.754962 -2.706215 2.698558
-7.537144 -11.695357 -2.704541 2.698472
-7.625937 -11.653650 -2.707143 2.698606
-7.701498 -11.591686 -2.705172 2.698505
-7.771622 -11.521904 -2.701483 2.698316
-7.840090 -11.450162 -2.697430 2.698108
-7.908031 -11.378164 -2.693410 2.697902
-7.975446 -11.305914 -2.689422 2.697698
-8.044380 -11.236272 -2.686149 2.697531
-8.126715 -11.185464 -2.687501 2.697600
-8.208713 -11.134026 -2.688846 2.697669
-8.284690 -11.074372 -2.688342 2.697643
-8.356935 -11.009852 -2.686778 2.697563
-8.428713 -10.944907 -2.685223 2.697483
-8.500026 -10.879537 -2.683679 2.697404
-8.570870 -10.813744 -2.682145 2.697326
-8.641243 -10.747537 -2.680621 2.697248
-8.711142 -10.680916 -2.679108 2.697170
-8.780569 -10.613882 -2.677605 2.697093
-8.849517 -10.546443 -2.676112 2.697017
-8.917989 -10.478598 -2.674630 2.696941
-8.985978 -10.410355 -2.673159 2.696866
-9.053485 -10.341714 -2.671698 2.696791
-9.120511 -10.272676 -2.670248 2.696717
-9.187045 -10.203247 -2.668807 2.696643
-9.253098 -10.133431 -2.667378 2.696570
-9.318658 -10.063233 -2.665960 2.696497
-9.383728 -9.992656 -2.664553 2.696425
-9.448307 -9.921698 -2.663156 2.696353
-9.512389 -9.850368 -2.661771 2.696283
-9.575978 -9.778664 -2.660396 2.696212
-9.639067 -9.706595 -2.659032 2.696142
-9.701656 -9.634162 -2.657679 2.696073
-9.763747 -9.561365 -2.656337 2.696004
-9.825334 -9.488214 -2.655006 2.695936
-9.886417 -9.414704 -2.653686 2.695869
-9.946994 -9.340847 -2.652377 2.695802
-10.007062 -9.266643 -2.651079 2.695735
-10.066625 -9.192089 -2.649792 2.695669
-10.122281 -9.114142 -2.647629 2.695559
-10.176121 -9.034780 -2.645149 2.695431
-10.230591 -8.956204 -2.642990 2.695321
-10.297852 -8.888867 -2.644270 2.695387
-10.342396 -8.802067 -2.639864 2.695161
-10.377172 -8.707480 -2.633160 2.694818
-10.419398 -8.619673 -2.628541 2.694581
-10.462411 -8.532933 -2.624300 2.694364
-10.507088 -8.447916 -2.620649 2.694177
-10.557010 -8.367381 -2.618466 2.694065
-10.603708 -8.284525 -2.615639 2.693921
-10.657507 -8.207382 -2.614712 2.693873
-10.700635 -8.122223 -2.611318 2.693699
-10.737574 -8.032732 -2.606583 2.693457
-10.770958 -7.941033 -2.601166 2.693180
-10.815481 -7.857907 -2.598606 2.693048
-10.867344 -7.780251 -2.597953 2.693015
-10.918889 -7.702428 -2.597357 2.692985
-10.963537 -7.619857 -2.595260 2.692877
-11.006226 -7.536118 -2.592847 2.692754
-11.052059 -7.454708 -2.591321 2.692676
-11.094689 -7.371291 -2.589187 2.692566
-11.147354 -7.294623 -2.589530 2.692584
-11.193653 -7.213818 -2.588523 2.692532
-11.233815 -7.129194 -2.586237 2.692415
-11.276889 -7.046582 -2.584765 2.692340
-11.317446 -6.962536 -2.582856 2.692242
-11.357588 -6.878398 -2.580996 2.692147
-11.397297 -6.794153 -2.579178 2.692054
-11.441276 -6.712555 -2.578462 2.692017
-11.508291 -6.644315 -2.583048 2.692252
-11.555589 -6.564486 -2.583314 2.692266
-11.593284 -6.479266 -2.581566 2.692176
-11.629768 -6.393520 -2.579688 2.692080
-11.670349 -6.310133 -2.578855 2.692037
-11.716062 -6.229540 -2.579283 2.692059
-11.761477 -6.148749 -2.579768 2.692084
-11.800419 -6.064591 -2.578960 2.692043
-11.837509 -5.979557 -2.577880 2.691988
-11.876220 -5.895405 -2.577283 2.691957
-11.920376 -5.813955 -2.577995 2.691993
-11.964111 -5.732239 -2.578735 2.692031
-12.004064 -5.648683 -2.578784 2.692034
-12.051944 -5.568780 -2.580655 2.692129
-12.087064 -5.482934 -2.579916 2.692091
-12.114777 -5.393846 -2.577730 2.691980
-12.160131 -5.312628 -2.579426 2.692066
-12.204747 -5.230960 -2.581081 2.692151
-12.241101 -5.145686 -2.581109 2.692153
-12.278699 -5.060913 -2.581523 2.692174
-12.318600 -4.977037 -2.582544 2.692226
-12.350319 -4.889835 -2.581974 2.692197
-12.377063 -4.800745 -2.580495 2.692121
-12.408517 -4.713554 -2.580130 2.692103
-12.460242 -4.633921 -2.584095 2.692306
-12.508833 -4.552843 -2.587517 2.692481
-12.530949 -4.462068 -2.585585 2.692382
-12.558970 -4.373496 -2.585004 2.692352
-12.595565 -4.287880 -2.586311 2.692419
-12.645971 -4.206753 -2.590568 2.692637
-12.689294 -4.123002 -2.593483 2.692786
-12.713276 -4.032886 -2.592567 2.692739
-12.740301 -3.943781 -2.592400 2.692731
-12.764948 -3.853966 -2.591877 2.692704
-12.789023 -3.764013 -2.591367 2.692678
-12.812527 -3.673933 -2.590869 2.692652
-12.835459 -3.583722 -2.590384 2.692628
-12.857818 -3.493391 -2.589911 2.692603
-12.879602 -3.402938 -2.589450 2.692580
-12.900814 -3.312364 -2.589002 2.692557
-12.921451 -3.221679 -2.588567 2.692534
-12.940742 -3.130692 -2.587990 2.692505
-12.957806 -3.039225 -2.587096 2.692459
-12.979914 -2.948965 -2.587337 2.692472
-12.998251 -2.857849 -2.586951 2.692452
-13.016010 -2.766638 -2.586579 2.692433
-13.033195 -2.675328 -2.586219 2.692414
-13.049802 -2.583929 -2.585872 2.692397
-13.065831 -2.492441 -2.585537 2.692379
-13.081284 -2.400863 -2.585215 2.692363
-13.096158 -2.309206 -2.584906 2.692347
-13.110455 -2.217465 -2.584609 2.692332
-13.124172 -2.125651 -2.584325 2.692317
-13.137311 -2.033764 -2.584053 2.692303
-13.149872 -1.941803 -2.583794 2.692290
-13.161852 -1.849778 -2.583548 2.692278
-13.173254 -1.757685 -2.583314 2.692266
-13.184075 -1.665535 -2.583093 2.692254
-13.194317 -1.573328 -2.582885 2.692244
-13.203979 -1.481062 -2.582689 2.692234
-13.213060 -1.388748 -2.582506 2.692224
-13.221561 -1.296383 -2.582336 2.692215
-13.229482 -1.203976 -2.582178 2.692207
-13.236821 -1.111527 -2.582033 2.692200
-13.243580 -1.019036 -2.581901 2.692193
-13.249757 -0.926513 -2.581781 2.692187
-13.255353 -0.833954 -2.581674 2.692182
-13.260367 -0.741369 -2.581579 2.692177
-13.264800 -0.648758 -2.581498 2.692173
-13.268652 -0.556120 -2.581429 2.692169
-13.271921 -0.463466 -2.581373 2.692166
-13.274610 -0.370791 -2.581329 2.692164
-13.276715 -0.278107 -2.581298 2.692163
-13.278240 -0.185412 -2.581280 2.692162
-13.279182 -0.092706 -2.581275 2.692161
-13.279543 0.000000 -2.581282 2.692162
-13.279322 0.092711 -2.581301 2.692163
-13.278518 0.185416 -2.581334 2.692164
-13.277133 0.278116 -2.581379 2.692167
-13.275166 0.370811 -2.581437 2.692169
-13.272616 0.463490 -2.581508 2.692173
-13.269485 0.556158 -2.581591 2.692178
-13.265772 0.648805 -2.581687 2.692182
-13.261477 0.741431 -2.581796 2.692188
-13.256601 0.834036 -2.581917 2.692194
-13.251143 0.926610 -2.582051 2.692201
-13.245104 1.019158 -2.582198 2.692209
-13.238483 1.111667 -2.582357 2.692217
-13.231281 1.204140 -2.582529 2.692225
-13.223498 1.296577 -2.582714 2.692235
-13.215134 1.388967 -2.582911 2.692245
-13.206188 1.481314 -2.583121 2.692256
-13.196663 1.573608 -2.583344 2.692267
-13.186557 1.665849 -2.583579 2.692279
-13.175870 1.758038 -2.583827 2.692292
-13.164603 1.850165 -2.584088 2.692305
-13.152757 1.942232 -2.584361 2.692319
-13.140330 2.034231 -2.584647 2.692334
-13.127324 2.126162 -2.584945 2.692349
-13.113739 2.218024 -2.585257 2.692365
-13.099564 2.309807 -2.585578 2.692382
-13.084821 2.401516 -2.585914 2.692399
-13.069500 2.493141 -2.586263 2.692416
-13.053600 2.584682 -2.586625 2.692435
-13.037123 2.676139 -2.586999 2.692454
-13.020069 2.767501 -2.587386 2.692474
-13.002437 2.858773 -2.587785 2.692494
-12.984228 2.949945 -2.588197 2.692516
-12.965443 3.041017 -2.588621 2.692537
-12.946081 3.131988 -2.589058 2.692560
-12.926145 3.222850 -2.589507 2.692583
-12.905631 3.313605 -2.589969 2.692606
-12.884544 3.404244 -2.590444 2.692631
-12.862883 3.494767 -2.590931 2.692656
-12.840646 3.585174 -2.591430 2.692681
-12.817836 3.675456 -2.591942 2.692707
-12.794452 3.765615 -2.592467 2.692734
-12.770496 3.855641 -2.593004 2.692762
-12.745969 3.945536 -2.593553 2.692790
-12.720867 4.035298 -2.594115 2.692819
-12.695196 4.124919 -2.594689 2.692848
-12.668953 4.214402 -2.595276 2.692878
-12.642141 4.303737 -2.595875 2.692909
-12.614758 4.392923 -2.596487 2.692940
-12.586806 4.481962 -2.597111 2.692972
-12.558287 4.570843 -2.597747 2.693005
-12.529197 4.659569 -2.598396 2.693038
-12.499541 4.748131 -2.599056 2.693072
-12.469319 4.836529 -2.599730 2.693106
-12.438529 4.924764 -2.600415 2.693141
-12.407174 5.012824 -2.601114 2.693177
-12.375254 5.100714 -2.601824 2.693213
-12.342770 5.188424 -2.602546 2.693250
-12.309722 5.275953 -2.603281 2.693288
-12.276111 5.363303 -2.604028 2.693326
-12.241938 5.450462 -2.604787 2.693365
-12.207202 5.537435 -2.605559 2.693405
-12.171906 5.624211 -2.606343 2.693445
-12.136051 5.710792 -2.607138 2.693485
-12.099635 5.797175 -2.607946 2.693527
-12.062661 5.883353 -2.608767 2.693569
-12.025128 5.969328 -2.609599 2.693611
-11.987041 6.055090 -2.610443 2.693655
-11.948396 6.140641 -2.611300 2.693699
-11.909194 6.225978 -2.612168 2.693743
-11.869439 6.311093 -2.613049 2.693788
-11.829129 6.395989 -2.613942 2.693834
-11.788268 6.480656 -2.614846 2.693880
-11.746855 6.565095 -2.615763 2.693927
-11.704889 6.649304 -2.616692 2.693974
-11.662375 6.733275 -2.617632 2.694023
-11.619310 6.817011 -2.618585 2.694072
-11.575698 6.900502 -2.619550 2.694121
-11.531539 6.983747 -2.620526 2.694171
-11.486832 7.066748 -2.621514 2.694221
-11.441581 7.149494 -2.622514 2.694273
-11.395784 7.231987 -2.623526 2.694324
-11.349446 7.314220 -2.624550 2.694377
-11.302566 7.396191 -2.625585 2.694430
-11.255141 7.477900 -2.626633 2.694484
-11.207179 7.559338 -2.627692 2.694538
-11.158676 7.640508 -2.628762 2.694592
-11.109637 7.721400 -2.629845 2.694648
-11.060061 7.802015 -2.630939 2.694704
-11.009949 7.882351 -2.632045 2.694761
-10.959302 7.962399 -2.633162 2.694818
-10.908121 8.042163 -2.634291 2.694876
-10.856409 8.121633 -2.635431 2.694934
-10.804167 8.200809 -2.636583 2.694993
-10.751200 8.279541 -2.637699 2.695050
-10.697900 8.358116 -2.638874 2.695110
-10.644072 8.436390 -2.640060 2.695171
-10.589719 8.514354 -2.641258 2.695232
-10.534841 8.592006 -2.642467 2.695294
-10.479438 8.669347 -2.643688 2.695357
-10.423515 8.746368 -2.644920 2.695420
-10.367070 8.823071 -2.646163 2.695483
-10.310107 8.899446 -2.647418 2.695548
-10.252626 8.975495 -2.648683 2.695612
-10.194628 9.051216 -2.649960 2.695678
-10.136115 9.126599 -2.651248 2.695744
-10.077087 9.201649 -2.652547 2.695810
-10.017550 9.276354 -2.653858 2.695878
-9.957501 9.350716 -2.655179 2.695945
-9.888464 9.416659 -2.654236 2.695897
-9.819036 9.482133 -2.653304 2.695849
-9.759752 9.557459 -2.655251 2.695949
-9.711293 9.643733 -2.660319 2.696208
-9.662416 9.730108 -2.665473 2.696472
-9.612659 9.816127 -2.670587 2.696734
-9.548906 9.888183 -2.671989 2.696806
-9.484652 9.959869 -2.673402 2.696878
-9.419902 10.031178 -2.674825 2.696951
-9.354656 10.102109 -2.676259 2.697024
-9.288914 10.172661 -2.677704 2.697098
-9.222681 10.242826 -2.679159 2.697173
-9.155955 10.312604 -2.680626 2.697248
-9.088742 10.381988 -2.682102 2.697324
-9.021042 10.450977 -2.683590 2.697400
-8.952854 10.519570 -2.685088 2.697476
-8.884185 10.587760 -2.686596 2.697554
-8.815032 10.655547 -2.688115 2.697631
-8.745401 10.722922 -2.689644 2.697710
-8.675292 10.789886 -2.691184 2.697789
-8.604705 10.856439 -2.692734 2.697868
-8.533647 10.922569 -2.694294 2.697948
-8.462112 10.988281 -2.695864 2.698028
-8.390112 11.053565 -2.697445 2.698109
-8.317642 11.118422 -2.699035 2.698190
-8.244704 11.182848 -2.700636 2.698273
-8.171306 11.246837 -2.702247 2.698355
-8.097442 11.310390 -2.703868 2.698438
-8.023120 11.373500 -2.705498 2.698521
-7.948342 11.436164 -2.707139 2.698605
-7.873105 11.498383 -2.708790 2.698690
-7.797418 11.560147 -2.710450 2.698775
-7.721276 11.621459 -2.712120 2.698860
-7.644689 11.682310 -2.713800 2.698946
-7.567655 11.742701 -2.715490 2.699033
-7.490173 11.802628 -2.717189 2.699120
-7.412253 11.862084 -2.718897 2.699208
-7.333890 11.921073 -2.720616 2.699296
-7.255093 11.979584 -2.722343 2.699384
-7.175860 12.037616 -2.724080 2.699473
-7.096192 12.095170 -2.725827 2.699562
-7.016097 12.152237 -2.727582 2.699652
-6.935571 12.208818 -2.729347 2.699743
-6.854623 12.264906 -2.731121 2.699833
-6.773252 12.320499 -2.732905 2.699925
-6.691459 12.375598 -2.734697 2.700016
-6.609251 12.430193 -2.736498 2.700109
-6.526624 12.484285 -2.738309 2.700201
-6.443588 12.537868 -2.740128 2.700294
-6.360143 12.590941 -2.741956 2.700388
-6.276287 12.643502 -2.743793 2.700482
-6.192030 12.695543 -2.745639 2.700577
-6.107368 12.747066 -2.747493 2.700672
-6.022311 12.798064 -2.749356 2.700767
-5.936857 12.848535 -2.751227 2.700863
-5.851007 12.898478 -2.753107 2.700959
-5.764770 12.947885 -2.754996 2.701056
-5.678141 12.996758 -2.756892 2.701153
-5.591131 13.045089 -2.758798 2.701250
-5.503739 13.092877 -2.760711 2.701348
-5.415966 13.140121 -2.762632 2.701447
-5.327819 13.186815 -2.764562 2.701545
-5.239296 13.232958 -2.766500 2.701645
-5.150406 13.278543 -2.768445 2.701744
-2.868204 7.550600 -1.570012 2.640384
-2.802989 7.537014 -1.563080 2.640030
-2.738347 7.523546 -1.556285 2.639682
-2.674258 7.510194 -1.549623 2.639341
-2.610716 7.496956 -1.543093 2.639006
-2.547703 7.483827 -1.536692 2.638679
-2.485205 7.470805 -1.530419 2.638357
-2.423215 7.457889 -1.524270 2.638042
-2.361715 7.445075 -1.518244 2.637734
-2.300699 7.432360 -1.512339 2.637432
-2.240153 7.419744 -1.506552 2.637136
-2.180063 7.407222 -1.500883 2.636845
-2.120423 7.394793 -1.495329 2.636561
-2.061217 7.382455 -1.489887 2.636282
-2.002440 7.370205 -1.484558 2.636009
-1.944079 7.358042 -1.479338 2.635742
-1.886122 7.345963 -1.474226 2.635480
-1.828563 7.333966 -1.469221 2.635224
-1.771391 7.322050 -1.464320 2.634973
-1.714592 7.310211 -1.459523 2.634727
-1.658165 7.298449 -1.454828 2.634487
-1.602098 7.286762 -1.450234 2.634252
-1.546380 7.275147 -1.445738 2.634022
-1.491004 7.263603 -1.441341 2.633797
-1.435957 7.252128 -1.437039 2.633576
-1.381240 7.240720 -1.432833 2.633361
-1.343878 7.322222 -1.447069 2.634090
-1.315291 7.459385 -1.472326 2.635383
-1.263687 7.471362 -1.472912 2.635413
-1.208221 7.459797 -1.468933 2.635209
-1.153055 7.448294 -1.465048 2.635010
-1.098178 7.436852 -1.461253 2.634816
-1.043581 7.425467 -1.457549 2.634626
-0.990488 7.423357 -1.455742 2.634534
-0.944122 7.473514 -1.464250 2.634969
-0.897212 7.524260 -1.472929 2.635414
-0.849740 7.575613 -1.481784 2.635867
-0.801692 7.627589 -1.490820 2.636330
-0.754776 7.697797 -1.503476 2.636978
-0.717034 7.878901 -1.537832 2.638737
-0.655551 7.806771 -1.522823 2.637969
-0.599808 7.795207 -1.519714 2.637809
-0.544288 7.783688 -1.516690 2.637655
-0.488987 7.772214 -1.513752 2.637504
-0.433893 7.760783 -1.510899 2.637358
-0.379007 7.749394 -1.508130 2.637216
-0.324319 7.738047 -1.505444 2.637079
-0.269824 7.726738 -1.502841 2.636945
-0.215513 7.715468 -1.500320 2.636816
-0.161378 7.704235 -1.497880 2.636691
-0.107420 7.693037 -1.495521 2.636571
-0.053638 7.683073 -1.493474 2.636466
0.000000 7.671917 -1.491270 2.636353
0.053483 7.660794 -1.489144 2.636244
0.106819 7.649701 -1.487096 2.636139
0.160008 7.638638 -1.485126 2.636038
0.213059 7.627606 -1.483235 2.635942
0.265978 7.616622 -1.481424 2.635849
0.318982 7.610687 -1.480667 2.635810
0.371689 7.599687 -1.478995 2.635725
0.424360 7.590210 -1.477691 2.635658
0.477359 7.587384 -1.477754 2.635661
0.530348 7.584336 -1.477845 2.635666
0.583375 7.581646 -1.478079 2.635678
0.636421 7.578903 -1.478374 2.635693
0.689478 7.576073 -1.478725 2.635711
0.742564 7.573241 -1.479148 2.635732
0.850739 8.094237 -1.582027 2.641000
1.673079 14.915850 -2.917530 2.709378
1.778577 14.915556 -2.919830 2.709495
1.884146 14.914523 -2.922132 2.709613
1.989788 14.912751 -2.924435 2.709731
2.095497 14.910237 -2.926739 2.709849
2.201270 14.906980 -2.929045 2.709967
2.307108 14.902977 -2.931352 2.710085
2.412990 14.898228 -2.933660 2.710203
2.518919 14.892731 -2.935969 2.710322
2.624889 14.886485 -2.938278 2.710440
2.730896 14.879487 -2.940589 2.710558
2.836941 14.871737 -2.942900 2.710676
2.943003 14.863233 -2.945211 2.710795
3.049085 14.853974 -2.947523 2.710913
3.155181 14.843959 -2.949834 2.711031
3.277090 14.905066 -2.966452 2.711882
3.415668 15.034094 -2.996805 2.713436
3.556870 15.164777 -3.027730 2.715020
3.664346 15.146585 -3.029132 2.715091
3.760173 15.081230 -3.021238 2.714687
3.857636 15.024506 -3.015196 2.714378
3.952466 14.959464 -3.007608 2.713989
4.039340 14.867228 -2.994660 2.713326
4.123907 14.770167 -2.980836 2.712619
4.215048 14.699618 -2.972465 2.712190
4.297525 14.601743 -2.958668 2.711484
4.378139 14.501077 -2.944392 2.710753
4.459887 14.407556 -2.931653 2.710100
4.543233 14.322079 -2.920644 2.709537
4.625983 14.237311 -2.909872 2.708986
4.702964 14.137637 -2.896141 2.708282
4.778955 14.038073 -2.882509 2.707584
4.854080 13.939008 -2.869056 2.706896
4.931749 13.849955 -2.857744 2.706316
5.004464 13.749650 -2.844187 2.705622
5.077653 13.653403 -2.831541 2.704975
5.152317 13.563556 -2.820300 2.704399
5.218880 13.455067 -2.805249 2.703629
5.284556 13.347261 -2.790396 2.702868
5.353704 13.250882 -2.777993 2.702233
5.423659 13.158788 -2.766557 2.701648
5.488394 13.056361 -2.753011 2.700954
5.549914 12.948913 -2.738458 2.700209
5.612696 12.846951 -2.725116 2.699526
5.673228 12.742278 -2.711248 2.698816
5.730525 12.632875 -2.696416 2.698056
5.791884 12.534775 -2.684043 2.697423
5.853261 12.438804 -2.672178 2.696815
5.907738 12.330396 -2.657685 2.696073
5.967174 12.234519 -2.645934 2.695472
6.025897 12.139093 -2.634330 2.694878
6.083920 12.044106 -2.622871 2.694291
6.140203 11.947536 -2.611112 2.693689
6.193857 11.847752 -2.598692 2.693053
6.247016 11.748929 -2.586519 2.692430
6.301020 11.653495 -2.575130 2.691847
6.351120 11.552634 -2.562579 2.691204
6.411675 11.472336 -2.554634 2.690797
6.466918 11.383832 -2.544918 2.690300
6.521383 11.295367 -2.535257 2.689805
6.578969 11.213583 -2.527148 2.689390
6.632848 11.126698 -2.517942 2.688919
6.686485 11.040693 -2.508982 2.688460
6.743822 10.961923 -2.501720 2.688088
6.800639 10.883297 -2.494550 2.687721
6.856975 10.804866 -2.487485 2.687359
6.912854 10.726641 -2.480527 2.687003
6.968266 10.648622 -2.473675 2.686652
7.023208 10.570775 -2.466921 2.686306
7.077662 10.493066 -2.460257 2.685965
7.131660 10.415528 -2.453691 2.685629
7.185226 10.338179 -2.447227 2.685298
7.238354 10.261016 -2.440864 2.684972
7.291339 10.184432 -2.434696 2.684656
7.347658 10.113183 -2.429867 2.684409
7.403597 10.041997 -2.425123 2.684166
7.454725 9.964931 -2.419022 2.683854
7.503721 9.885783 -2.412467 2.683518
7.558470 9.814871 -2.407980 2.683289
7.606004 9.735242 -2.401413 2.682952
7.648469 9.649969 -2.393492 2.682547
7.692647 9.567717 -2.386354 2.682181
7.739005 9.488953 -2.380126 2.681862
7.784957 9.410395 -2.373996 2.681549
7.825875 9.326514 -2.366561 2.681168
7.864128 9.240321 -2.358563 2.680758
7.901922 9.154458 -2.350672 2.680354
7.939294 9.068978 -2.342898 2.679956
7.976254 8.983869 -2.335239 2.679564
8.012838 8.899158 -2.327704 2.679178
8.049032 8.814816 -2.320285 2.678799
8.084787 8.730770 -2.312963 2.678424
8.120148 8.647075 -2.305753 2.678054
8.151582 8.560002 -2.297653 2.677640
8.180902 8.471572 -2.289192 2.677207
8.207232 8.380951 -2.280132 2.676743
8.236436 8.294133 -2.272102 2.676332
8.265116 8.207611 -2.264151 2.675925
8.288323 8.116525 -2.254931 2.675452
8.311124 8.025959 -2.245836 2.674987
8.333544 7.935928 -2.236868 2.674528
8.355584 7.846410 -2.228025 2.674075
8.377211 7.757379 -2.219297 2.673628
8.398490 7.668873 -2.210697 2.673188
8.419421 7.580880 -2.202222 2.672754
8.439951 7.493341 -2.193855 2.672325
8.460125 7.406274 -2.185604 2.671903
8.479974 7.319714 -2.177477 2.671487
8.499475 7.233619 -2.169465 2.671077
8.518635 7.147983 -2.161565 2.670672
8.537459 7.062802 -2.153778 2.670273
8.555930 6.978042 -2.146094 2.669880
8.574080 6.893734 -2.138523 2.669492
8.591887 6.809844 -2.131055 2.669110
8.609342 6.726355 -2.123685 2.668733
8.626521 6.643317 -2.116431 2.668361
8.643390 6.560685 -2.109280 2.667995
8.659903 6.478432 -2.102221 2.667634
8.676121 6.396586 -2.095266 2.667278
8.697573 6.319156 -2.089742 2.666995
8.720562 6.243310 -2.084742 2.666739
8.738244 6.164149 -2.078630 2.666426
8.753306 6.083704 -2.072060 2.666089
8.768082 6.003629 -2.065585 2.665758
8.782567 5.923916 -2.059205 2.665431
8.796750 5.844548 -2.052913 2.665109
8.816325 5.769237 -2.048031 2.664859
8.834621 5.693522 -2.042999 2.664602
8.847253 5.614636 -2.036805 2.664284
8.859625 5.536108 -2.030706 2.663972
8.877693 5.461595 -2.026059 2.663734
8.896020 5.387617 -2.021607 2.663506
8.909568 5.311166 -2.016211 2.663230
8.920946 5.233886 -2.010468 2.662936
8.934464 5.158315 -2.005350 2.662674
8.951710 5.085280 -2.001203 2.662462
8.965915 5.010877 -1.996509 2.662221
8.976889 4.935083 -1.991232 2.661951
8.987610 4.859581 -1.986037 2.661685
9.007524 4.789385 -1.983000 2.661530
9.028790 4.720139 -1.980379 2.661396
9.046876 4.649459 -1.977178 2.661231
9.056141 4.574583 -1.972175 2.660975
9.065290 4.500048 -1.967278 2.660725
9.080259 4.428738 -1.963769 2.660545
9.094987 4.357589 -1.960327 2.660369
9.105653 4.284791 -1.956130 2.660154
9.113857 4.211191 -1.951529 2.659918
9.122472 4.138135 -1.947140 2.659693
9.136233 4.067713 -1.943969 2.659531
9.149764 3.997435 -1.940863 2.659372
9.163067 3.927292 -1.937821 2.659216
9.176140 3.857291 -1.934843 2.659064
9.184535 3.785591 -1.930994 2.658867
9.197984 3.716226 -1.928320 2.658730
9.211192 3.646970 -1.925704 2.658596
9.224164 3.577814 -1.923147 2.658465
9.236898 3.508766 -1.920648 2.658337
9.249398 3.439819 -1.918207 2.658212
9.261662 3.370969 -1.915823 2.658090
9.273688 3.302213 -1.913495 2.657971
9.285485 3.233545 -1.911225 2.657855
9.297051 3.164972 -1.909011 2.657741
9.308388 3.096487 -1.906853 2.657631
9.322130 3.028944 -1.905290 2.657551
9.338711 2.962415 -1.904405 2.657506
9.351636 2.894812 -1.902873 2.657427
9.361466 2.826391 -1.900812 2.657322
9.371089 2.758060 -1.898810 2.657219
9.386222 2.691456 -1.898023 2.657179
9.401718 2.625008 -1.897404 2.657147
9.414438 2.557843 -1.896321 2.657092
9.423253 2.489729 -1.894549 2.657001
9.431865 2.421690 -1.892836 2.656913
9.444795 2.354852 -1.892085 2.656875
9.459227 2.288429 -1.891730 2.656857
9.473462 2.221977 -1.891428 2.656841
9.487525 2.155510 -1.891185 2.656829
9.501383 2.089013 -1.890994 2.656819
9.515012 2.022478 -1.890851 2.656811
9.528423 1.955905 -1.890756 2.656806
9.541633 1.889291 -1.890714 2.656804
9.554640 1.822643 -1.890724 2.656805
9.567445 1.755953 -1.890786 2.656808
9.580048 1.689221 -1.890900 2.656814
9.596391 1.623109 -1.891843 2.656862
9.614326 1.557178 -1.893189 2.656931
9.632085 1.491123 -1.894590 2.657003
9.645713 1.424354 -1.895268 2.657038
9.657336 1.357250 -1.895644 2.657057
9.668759 1.290089 -1.896073 2.657079
9.684162 1.223391 -1.897372 2.657146
9.701021 1.156775 -1.899046 2.657231
9.717709 1.090014 -1.900777 2.657320
9.734201 1.023106 -1.902560 2.657411
9.750499 0.956046 -1.904394 2.657505
9.766623 0.888829 -1.906285 2.657602
9.782600 0.821466 -1.908237 2.657702
9.798410 0.753945 -1.910248 2.657805
9.810369 0.686008 -1.911599 2.657874
9.823984 0.618074 -1.913365 2.657964
9.838408 0.550049 -1.915379 2.658067
9.859440 0.482205 -1.918772 2.658241
9.880371 0.414109 -1.922236 2.658418
9.901170 0.345756 -1.925766 2.658599
9.921835 0.277143 -1.929362 2.658783
9.942367 0.208260 -1.933024 2.658971
9.962763 0.139113 -1.936754 2.659162
9.984129 0.069702 -1.940765 2.659367
9.206901 -0.000000 -2.125580 2.668830
9.225183 -0.064405 -2.129853 2.669048
9.243277 -0.129069 -2.134187 2.669270
9.265645 -0.194088 -2.139612 2.669548
9.289348 -0.259475 -2.145452 2.669847
9.312939 -0.325215 -2.151372 2.670150
9.336416 -0.391312 -2.157374 2.670458
9.368067 -0.458175 -2.165374 2.670867
9.400008 -0.525542 -2.173552 2.671286
9.429447 -0.593251 -2.181264 2.671681
9.458838 -0.661426 -2.189077 2.672081
9.488186 -0.730076 -2.196995 2.672486
9.523469 -0.799708 -2.206404 2.672968
9.559452 -0.869978 -2.216094 2.673464
9.596288 -0.940924 -2.226102 2.673976
9.647374 -1.013980 -2.239540 2.674664
9.697972 -1.087802 -2.252994 2.675353
9.748903 -1.162487 -2.266657 2.676053
9.810505 -1.239355 -2.282935 2.676886
9.871262 -1.317108 -2.299157 2.677717
9.923891 -1.394712 -2.313627 2.678457
9.987926 -1.474889 -2.330899 2.679342
10.051346 -1.556031 -2.348178 2.680227
10.110414 -1.637530 -2.364590 2.681067
10.145669 -1.716012 -2.375580 2.681630
10.198518 -1.798274 -2.390836 2.682411
10.244377 -1.880195 -2.404605 2.683116
10.287727 -1.962489 -2.417937 2.683798
10.325430 -2.044490 -2.430094 2.684421
10.363272 -2.127275 -2.442436 2.685053
10.407391 -2.212159 -2.456414 2.685768
10.458660 -2.299486 -2.472244 2.686579
10.475144 -2.379895 -2.480007 2.686976
10.491338 -2.460721 -2.487848 2.687378
10.504182 -2.541229 -2.495040 2.687746
10.503456 -2.618806 -2.499149 2.687956
10.504831 -2.697183 -2.503896 2.688199
10.503489 -2.775142 -2.508133 2.688416
10.501653 -2.853236 -2.512390 2.688634
10.504940 -2.933032 -2.518014 2.688922
10.516136 -3.015454 -2.525682 2.689315
10.523971 -3.097373 -2.532695 2.689674
10.521656 -3.176676 -2.537414 2.689916
10.518927 -3.256152 -2.542176 2.690159
10.509664 -3.333862 -2.545500 2.690330
10.496185 -3.410418 -2.547940 2.690454
10.482467 -3.487053 -2.550458 2.690583
10.472734 -3.565210 -2.554084 2.690769
10.463733 -3.643857 -2.558030 2.690971
10.454482 -3.722674 -2.562060 2.691177
10.444982 -3.801662 -2.566173 2.691388
10.435229 -3.880827 -2.570371 2.691603
10.421494 -3.958754 -2.573733 2.691775
10.407383 -4.036758 -2.577145 2.691950
10.395904 -4.116030 -2.581355 2.692165
10.384150 -4.195469 -2.585647 2.692385
10.371206 -4.274703 -2.589792 2.692597
10.351731 -4.351468 -2.592452 2.692734
10.329816 -4.427365 -2.594640 2.692845
10.306172 -4.502656 -2.596534 2.692943
10.283232 -4.578390 -2.598744 2.693056
10.262663 -4.655350 -2.601696 2.693207
10.240256 -4.731663 -2.604327 2.693341
10.213593 -4.806153 -2.606016 2.693428
10.186661 -4.880630 -2.607775 2.693518
10.162506 -4.956586 -2.610386 2.693652
10.140491 -5.033784 -2.613694 2.693821
10.118176 -5.111059 -2.617076 2.693994
10.090452 -5.185789 -2.619206 2.694103
10.062106 -5.260342 -2.621317 2.694211
10.034641 -5.335514 -2.623802 2.694339
10.011143 -5.413005 -2.627475 2.694527
9.987335 -5.490584 -2.631223 2.694719
9.963213 -5.568252 -2.635045 2.694914
9.938770 -5.646008 -2.638941 2.695114
9.914014 -5.723859 -2.642914 2.695317
9.888940 -5.801807 -2.646963 2.695524
9.863534 -5.879847 -2.651086 2.695735
9.837812 -5.957992 -2.655288 2.695951
9.811790 -6.036253 -2.659573 2.696170
9.784825 -6.114237 -2.663770 2.696385
9.755875 -6.191267 -2.667590 2.696581
9.726583 -6.268355 -2.671482 2.696780
9.696947 -6.345505 -2.675445 2.696983
9.666965 -6.422718 -2.679479 2.697189
9.636637 -6.499994 -2.683585 2.697400
9.609281 -6.579612 -2.688694 2.697661
9.584322 -6.661277 -2.694657 2.697966
9.558570 -6.742830 -2.700586 2.698270
9.526778 -6.820504 -2.704991 2.698495
9.494628 -6.898251 -2.709470 2.698725
9.462115 -6.976074 -2.714025 2.698958
9.429238 -7.053972 -2.718654 2.699195
9.395995 -7.131949 -2.723358 2.699436
9.362383 -7.210006 -2.728139 2.699681
9.328400 -7.288145 -2.732997 2.699929
9.295482 -7.367508 -2.738355 2.700204
9.266710 -7.450626 -2.745136 2.700551
9.237028 -7.533537 -2.751857 2.700895
9.203143 -7.613503 -2.757530 2.701185
9.167207 -7.692200 -2.762785 2.701455
9.130881 -7.770989 -2.768121 2.701728
9.094166 -7.849873 -2.773537 2.702005
9.057055 -7.928853 -2.779033 2.702286
9.020279 -8.008579 -2.784837 2.702584
8.985388 -8.090480 -2.791435 2.702921
8.949183 -8.171728 -2.797843 2.703249
8.907331 -8.248279 -2.802693 2.703498
8.865498 -8.325256 -2.807750 2.703757
8.825963 -8.404852 -2.813744 2.704064
8.788116 -8.486586 -2.820498 2.704410
8.750528 -8.569151 -2.827566 2.704771
8.712468 -8.651855 -2.834716 2.705137
8.672950 -8.733711 -2.841628 2.705491
8.630384 -8.813059 -2.847771 2.705806
8.586333 -8.891408 -2.853649 2.706107
8.540540 -8.968451 -2.859169 2.706389
8.499492 -9.051040 -2.866512 2.706765
8.455207 -9.130794 -2.873005 2.707098
8.410170 -9.210312 -2.879481 2.707429
8.364629 -9.289862 -2.886024 2.707764
8.318582 -9.369444 -2.892634 2.708103
8.279593 -9.457703 -2.901966 2.708580
8.242304 -9.548801 -2.912191 2.709104
8.204518 -9.640278 -2.922549 2.709635
8.166219 -9.732121 -2.933037 2.710171
8.127400 -9.824341 -2.943658 2.710715
8.090360 -9.919761 -2.955253 2.711309
8.053060 -10.015987 -2.967099 2.711915
8.015233 -10.112709 -2.979102 2.712530
7.973727 -10.205905 -2.990085 2.713092
7.926269 -10.292471 -2.999161 2.713557
7.874256 -10.373948 -3.006811 2.713948
7.828164 -10.464124 -3.017033 2.714472
7.785056 -10.559394 -3.028758 2.715072
7.733751 -10.644595 -3.037635 2.715527
7.663858 -10.704764 -3.039463 2.715621
7.592647 -10.763263 -3.040948 2.715696
7.516803 -10.815263 -3.040739 2.715686
7.436830 -10.861217 -3.038987 2.715596
7.356567 -10.906560 -3.037230 2.715506
7.276019 -10.951290 -3.035466 2.715416
7.195191 -10.995405 -3.033697 2.715325
7.114088 -11.038904 -3.031921 2.715234
7.032715 -11.081786 -3.030140 2.715143
6.951077 -11.124049 -3.028353 2.715052
6.869180 -11.165693 -3.026561 2.714960
6.787028 -11.206715 -3.024763 2.714868
6.704626 -11.247115 -3.022959 2.714776
6.621979 -11.286891 -3.021151 2.714683
6.539093 -11.326042 -3.019337 2.714590
6.455973 -11.364568 -3.017519 2.714497
6.372623 -11.402467 -3.015695 2.714403
6.289049 -11.439738 -3.013867 2.714310
6.205256 -11.476381 -3.012034 2.714216
6.121248 -11.512394 -3.010196 2.714122
6.037031 -11.547777 -3.008354 2.714028
5.952611 -11.582528 -3.006508 2.713933
5.867991 -11.616648 -3.004657 2.713838
5.783176 -11.650135 -3.002803 2.713743
5.698174 -11.682988 -3.000944 2.713648
5.612987 -11.715208 -2.999081 2.713553
5.527620 -11.746794 -2.997215 2.713457
5.442080 -11.777743 -2.995344 2.713362
5.356373 -11.808058 -2.993471 2.713266
5.270499 -11.837736 -2.991594 2.713170
5.184467 -11.866777 -2.989713 2.713073
5.098281 -11.895183 -2.987829 2.712977
5.011946 -11.922951 -2.985942 2.712880
4.925468 -11.950081 -2.984052 2.712783
4.838850 -11.976573 -2.982159 2.712687
4.752097 -12.002428 -2.980263 2.712590
4.665215 -12.027644 -2.978365 2.712492
4.578208 -12.052222 -2.976464 2.712395
4.491085 -12.076162 -2.974560 2.712297
4.403844 -12.099463 -2.972654 2.712200
4.316494 -12.122127 -2.970746 2.712102
4.229040 -12.144151 -2.968835 2.712004
4.141485 -12.165537 -2.966923 2.711906
4.053837 -12.186284 -2.965008 2.711808
3.966098 -12.206393 -2.963092 2.711710
3.878272 -12.225865 -2.961174 2.711612
3.790367 -12.244699 -2.959254 2.711514
3.702385 -12.262896 -2.957333 2.711415
3.614334 -12.280454 -2.955410 2.711317
3.526216 -12.297376 -2.953486 2.711219
3.438035 -12.313662 -2.951560 2.711120
3.349799 -12.329310 -2.949634 2.711021
3.261510 -12.344324 -2.947707 2.710922
3.173176 -12.358702 -2.945778 2.710824
3.084797 -12.372445 -2.943849 2.710725
2.996380 -12.385554 -2.941919 2.710626
2.907931 -12.398029 -2.939988 2.710527
2.819453 -12.409872 -2.938057 2.710428
2.730952 -12.421082 -2.936126 2.710330
2.642431 -12.431659 -2.934194 2.710231
2.553894 -12.441606 -2.932262 2.710132
2.465348 -12.450922 -2.930330 2.710033
2.376796 -12.459609 -2.928397 2.709934
2.288245 -12.467667 -2.926465 2.709835
2.199696 -12.475097 -2.924533 2.709736
2.111155 -12.481899 -2.922601 2.709637
2.022626 -12.488076 -2.920670 2.709538
1.934114 -12.493628 -2.918739 2.709439
1.845626 -12.498554 -2.916809 2.709341
1.757162 -12.502857 -2.914880 2.709242
1.668728 -12.506539 -2.912951 2.709143
1.580329 -12.509599 -2.911023 2.709044
1.491969 -12.512038 -2.909096 2.708946
1.403654 -12.513859 -2.907170 2.708847
1.315386 -12.515061 -2.905245 2.708748
1.227170 -12.515648 -2.903321 2.708650
1.139010 -12.515618 -2.901399 2.708551
1.050911 -12.514974 -2.899478 2.708453
0.962878 -12.513717 -2.897559 2.708355
0.874913 -12.511847 -2.895641 2.708257
0.787022 -12.509368 -2.893725 2.708159
0.699209 -12.506279 -2.891811 2.708061
0.611477 -12.502583 -2.889899 2.707963
0.523833 -12.498279 -2.887988 2.707865
0.436278 -12.493371 -2.886080 2.707767
0.348817 -12.487859 -2.884174 2.707670
0.261454 -12.481745 -2.882270 2.707572
0.174194 -12.475030 -2.880368 2.707475
0.087043 -12.467716 -2.878469 2.707377
-0.000000 -12.459805 -2.876573 2.707280
-0.086928 -12.451298 -2.874679 2.707184
-0.173738 -12.442196 -2.872787 2.707087
-0.260425 -12.432501 -2.870899 2.706990
-0.346984 -12.422215 -2.869013 2.706893
-0.433414 -12.411340 -2.867130 2.706797
-0.519709 -12.399877 -2.865251 2.706701
-0.605867 -12.387828 -2.863374 2.706605
-0.691882 -12.375194 -2.861500 2.706509
-0.777750 -12.361978 -2.859630 2.706413
-0.863469 -12.348180 -2.857763 2.706317
-0.949035 -12.333804 -2.855900 2.706222
-1.034443 -12.318851 -2.854040 2.706127
-1.119691 -12.303321 -2.852184 2.706032
-1.204772 -12.287218 -2.850331 2.705937
-1.289686 -12.270544 -2.848483 2.705842
-1.374428 -12.253300 -2.846638 2.705748
-1.458994 -12.235488 -2.844797 2.705653
-1.543381 -12.217110 -2.842960 2.705559
-1.627583 -12.198168 -2.841127 2.705466
-1.711600 -12.178664 -2.839298 2.705372
-1.795426 -12.158600 -2.837473 2.705279
-1.879059 -12.137978 -2.835653 2.705185
-1.962494 -12.116799 -2.833837 2.705092
-2.045727 -12.095068 -2.832026 2.705000
-2.128758 -12.072784 -2.830219 2.704907
-2.211580 -12.049951 -2.828417 2.704815
-2.294192 -12.026569 -2.826620 2.704723
-2.376588 -12.002643 -2.824827 2.704631
-2.458766 -11.978173 -2.823039 2.704540
-2.540723 -11.953161 -2.821256 2.704448
-2.622456 -11.927611 -2.819478 2.704357
-2.703961 -11.901524 -2.817705 2.704266
-2.785234 -11.874902 -2.815937 2.704176
-2.866272 -11.847748 -2.814175 2.704086
-2.947073 -11.820063 -2.812417 2.703996
-3.027633 -11.791850 -2.810665 2.703906
-3.107949 -11.763112 -2.808919 2.703817
-3.188018 -11.733850 -2.807178 2.703727
-3.267834 -11.704067 -2.805442 2.703639
-3.347399 -11.673766 -2.803712 2.703550
-3.426706 -11.642947 -2.801988 2.703462
-3.505754 -11.611615 -2.800269 2.703374
-3.584539 -11.579770 -2.798557 2.703286
-3.663056 -11.547418 -2.796850 2.703199
-3.741306 -11.514556 -2.795149 2.703112
-3.819284 -11.481191 -2.793454 2.703025
-3.896987 -11.447323 -2.791765 2.702938
-3.974413 -11.412955 -2.790083 2.702852
-4.051556 -11.378090 -2.788406 2.702766
-4.128416 -11.342730 -2.786736 2.702681
-4.204990 -11.306877 -2.785073 2.702596
-4.281275 -11.270534 -2.783415 2.702511
-4.357267 -11.233704 -2.781764 2.702426
-4.432963 -11.196388 -2.780120 2.702342
-4.508363 -11.158589 -2.778482 2.702258
-4.583462 -11.120311 -2.776850 2.702175
-4.658257 -11.081554 -2.775226 2.702091
-4.732747 -11.042322 -2.773608 2.702009
-4.806926 -11.002619 -2.771997 2.701926
-4.880795 -10.962444 -2.770393 2.701844
-4.954350 -10.921803 -2.768796 2.701762
-5.027588 -10.880696 -2.767205 2.701681
-5.100507 -10.839127 -2.765622 2.701600
-5.173103 -10.797099 -2.764046 2.701519
-5.245375 -10.754613 -2.762477 2.701439
-5.317321 -10.711672 -2.760915 2.701359
-5.388937 -10.668279 -2.759361 2.701279
-5.460220 -10.624436 -2.757814 2.701200
-5.531168 -10.580149 -2.756274 2.701121
-5.601780 -10.535416 -2.754741 2.701043
-5.672053 -10.490241 -2.753217 2.700965
-5.741983 -10.444628 -2.751699 2.700887
-5.811570 -10.398578 -2.750189 2.700810
-5.880808 -10.352096 -2.748687 2.700733
-5.949699 -10.305182 -2.747193 2.700656
-6.018239 -10.257839 -2.745706 2.700580
-6.086425 -10.210072 -2.744227 2.700505
-6.154255 -10.161880 -2.742756 2.700429
-6.221725 -10.113271 -2.741292 2.700354
-6.288837 -10.064243 -2.739837 2.700280
-6.355586 -10.014800 -2.738390 2.700205
-6.421970 -9.964945 -2.736950 2.700132
-6.487987 -9.914681 -2.735519 2.700058
-6.553633 -9.864012 -2.734096 2.699986
-6.618910 -9.812937 -2.732681 2.699913
-6.683813 -9.761461 -2.731274 2.699841
-6.748340 -9.709587 -2.729875 2.699769
-6.812490 -9.657318 -2.728485 2.699698
-6.876258 -9.604656 -2.727103 2.699628
-6.939647 -9.551604 -2.725730 2.699557
-7.002651 -9.498164 -2.724365 2.699487
-7.065270 -9.444341 -2.723008 2.699418
-7.127501 -9.390134 -2.721660 2.699349
-7.189342 -9.335550 -2.720320 2.699281
-7.250791 -9.280589 -2.718989 2.699212
-7.311848 -9.225253 -2.717667 2.699144
-7.372508 -9.169549 -2.716353 2.699077
-7.432770 -9.113477 -2.715049 2.699010
-7.492635 -9.057037 -2.713752 2.698944
-7.552097 -9.000238 -2.712465 2.698878
-7.611158 -8.943077 -2.711186 2.698813
-7.665635 -8.880722 -2.708441 2.698672
-7.711593 -8.808882 -2.702884 2.698388
-7.764768 -8.745667 -2.700055 2.698243
-7.822041 -8.687257 -2.698816 2.698179
-7.878906 -8.628500 -2.697586 2.698116
-7.933255 -8.567135 -2.695650 2.698017
-7.976747 -8.494373 -2.690212 2.697739
-8.030543 -8.432899 -2.688434 2.697648
-8.097579 -8.385288 -2.691213 2.697790
-8.147573 -8.320025 -2.688457 2.697649
-8.185263 -8.242606 -2.681841 2.697310
-8.233152 -8.175875 -2.678765 2.697153
-8.281289 -8.109635 -2.675940 2.697008
-8.328986 -8.043208 -2.673143 2.696865
-8.375734 -7.976101 -2.670209 2.696715
-8.419445 -7.906384 -2.666482 2.696524
-8.481874 -7.854301 -2.668823 2.696644
-8.554898 -7.811694 -2.674574 2.696938
-8.607465 -7.750196 -2.674028 2.696910
-8.657838 -7.686786 -2.672940 2.696854
-8.707775 -7.623080 -2.671861 2.696799
-8.757276 -7.559078 -2.670792 2.696744
-8.806341 -7.494781 -2.669733 2.696690
-8.854965 -7.430198 -2.668683 2.696636
-8.903152 -7.365325 -2.667643 2.696583
-8.950894 -7.300170 -2.666612 2.696530
-9.000395 -7.236504 -2.666244 2.696512
-9.053537 -7.175744 -2.667081 2.696554
-9.101704 -7.111030 -2.666580 2.696529
-9.138388 -7.037504 -2.662868 2.696339
-9.182941 -6.970231 -2.661606 2.696274
-9.232794 -6.907012 -2.662014 2.696295
-9.283557 -6.844427 -2.662808 2.696336
-9.333865 -6.781450 -2.663594 2.696376
-9.383718 -6.718080 -2.664371 2.696416
-9.429425 -6.651727 -2.664098 2.696402
-9.472343 -6.583451 -2.663173 2.696354
-9.514805 -6.514921 -2.662259 2.696308
-9.556807 -6.446147 -2.661354 2.696261
-9.598349 -6.377125 -2.660460 2.696216
-9.639429 -6.307865 -2.659575 2.696170
-9.680047 -6.238365 -2.658701 2.696125
-9.720202 -6.168627 -2.657836 2.696081
-9.759892 -6.098658 -2.656982 2.696038
-9.799119 -6.028456 -2.656138 2.695994
-9.837876 -5.958029 -2.655305 2.695951
-9.876167 -5.887378 -2.654481 2.695909
-9.913991 -5.816502 -2.653668 2.695868
-9.951344 -5.745410 -2.652865 2.695827
-9.988227 -5.674100 -2.652072 2.695786
-10.024637 -5.602579 -2.651290 2.695746
-10.060575 -5.530849 -2.650518 2.695706
-10.096041 -5.458908 -2.649756 2.695668
-10.131031 -5.386765 -2.649005 2.695629
-10.165547 -5.314418 -2.648264 2.695591
-10.199587 -5.241875 -2.647534 2.695554
-10.233149 -5.169136 -2.646814 2.695517
-10.266428 -5.096298 -2.646154 2.695483
-10.299034 -5.023174 -2.645455 2.695447
-10.331162 -4.949861 -2.644767 2.695412
-10.362808 -4.876367 -2.644089 2.695377
-10.393973 -4.802691 -2.643421 2.695343
-10.424658 -4.728833 -2.642764 2.695309
-10.454859 -4.654803 -2.642117 2.695276
-10.484576 -4.580596 -2.641481 2.695244
-10.513809 -4.506224 -2.640856 2.695212
-10.542557 -4.431684 -2.640241 2.695180
-10.570820 -4.356976 -2.639637 2.695149
-10.598596 -4.282111 -2.639044 2.695119
-10.625885 -4.207084 -2.638461 2.695089
-10.652686 -4.131904 -2.637888 2.695060
-10.678998 -4.056571 -2.637327 2.695031
-10.704823 -3.981086 -2.636776 2.695003
-10.730156 -3.905457 -2.636236 2.694975
-10.754999 -3.829681 -2.635707 2.694948
-10.779351 -3.753767 -2.635188 2.694921
-10.803211 -3.677714 -2.634680 2.694896
-10.826580 -3.601522 -2.634183 2.694870
-10.849456 -3.525202 -2.633697 2.694845
-10.871839 -3.448748 -2.633221 2.694821
-10.893726 -3.372171 -2.632756 2.694797
-10.915120 -3.295470 -2.632302 2.694774
-10.936019 -3.218644 -2.631859 2.694751
-10.956422 -3.141703 -2.631426 2.694729
-10.976330 -3.064644 -2.631005 2.694707
-10.995740 -2.987476 -2.630594 2.694686
-11.014654 -2.910197 -2.630194 2.694666
-11.033071 -2.832810 -2.629805 2.694646
-11.050989 -2.755321 -2.629427 2.694627
-11.068410 -2.677728 -2.629060 2.694608
-11.085331 -2.600040 -2.628703 2.694590
-11.101752 -2.522257 -2.628358 2.694572
-11.117676 -2.444378 -2.628023 2.694555
-11.133098 -2.366413 -2.627700 2.694538
-11.148021 -2.288358 -2.627387 2.694522
-11.162442 -2.210222 -2.627085 2.694507
-11.176363 -2.132006 -2.626794 2.694492
-11.189782 -2.053708 -2.626514 2.694478
-11.202700 -1.975338 -2.626245 2.694463
-11.215116 -1.896893 -2.625988 2.694451
-11.227029 -1.818381 -2.625741 2.694438
-11.238439 -1.739803 -2.625504 2.694426
-11.249347 -1.661158 -2.625279 2.694414
-11.259751 -1.582455 -2.625065 2.694403
-11.269652 -1.503691 -2.624862 2.694393
-11.279050 -1.424875 -2.624670 2.694383
-11.287943 -1.346006 -2.624489 2.694374
-11.296332 -1.267085 -2.624319 2.694365
-11.304217 -1.188121 -2.624160 2.694357
-11.311599 -1.109110 -2.624012 2.694349
-11.318474 -1.030061 -2.623874 2.694342
-11.324845 -0.950974 -2.623748 2.694336
-11.330711 -0.871849 -2.623633 2.694330
-11.336072 -0.792695 -2.623529 2.694324
-11.340928 -0.713509 -2.623436 2.694320
-11.345278 -0.634299 -2.623354 2.694316
-11.349122 -0.555065 -2.623283 2.694312
-11.352462 -0.475808 -2.623223 2.694309
-11.355295 -0.396535 -2.623174 2.694306
-11.357622 -0.317245 -2.623137 2.694305
-11.359444 -0.237946 -2.623110 2.694303
-11.360760 -0.158637 -2.623094 2.694302
-11.361569 -0.079319 -2.623089 2.694302
-11.361874 0.000000 -2.623095 2.694303
-11.361671 0.079323 -2.623112 2.694303
-11.360964 0.158640 -2.623141 2.694305
-11.359750 0.237952 -2.623180 2.694307
-11.358029 0.317260 -2.623230 2.694309
-11.355803 0.396554 -2.623292 2.694312
-11.353072 0.475837 -2.623364 2.694316
-11.349834 0.555100 -2.623448 2.694320
-11.346091 0.634345 -2.623542 2.694325
-11.341842 0.713570 -2.623648 2.694331
-11.337088 0.792767 -2.623764 2.694337
-11.331827 0.871939 -2.623892 2.694343
-11.326062 0.951077 -2.624030 2.694350
-11.319792 1.030181 -2.624180 2.694358
-11.313016 1.109252 -2.624340 2.694366
-11.305735 1.188281 -2.624512 2.694375
-11.297950 1.267270 -2.624695 2.694384
-11.289660 1.346211 -2.624888 2.694394
-11.280866 1.425104 -2.625093 2.694405
-11.271566 1.503949 -2.625308 2.694416
-11.261765 1.582738 -2.625535 2.694427
-11.251458 1.661473 -2.625772 2.694439
-11.240648 1.740145 -2.626021 2.694452
-11.229335 1.818755 -2.626280 2.694466
-11.217519 1.897303 -2.626550 2.694479
-11.217077 1.977874 -2.629616 2.694636
-11.210162 2.057452 -2.631298 2.694722
-11.198954 2.136315 -2.632104 2.694764
-11.187304 2.215145 -2.632936 2.694806
-11.175211 2.293943 -2.633795 2.694850
-11.162676 2.372700 -2.634681 2.694896
-11.149700 2.451422 -2.635594 2.694942
-11.134933 2.529795 -2.636213 2.694974
-11.118559 2.607834 -2.636583 2.694993
-11.101684 2.685781 -2.636964 2.695012
-11.084309 2.763629 -2.637355 2.695033
-11.066433 2.841379 -2.637757 2.695053
-11.048058 2.919024 -2.638171 2.695074
-11.029182 2.996562 -2.638595 2.695096
-11.009809 3.073995 -2.639030 2.695118
-10.989937 3.151314 -2.639476 2.695141
-10.969565 3.228521 -2.639932 2.695164
-10.948698 3.305608 -2.640400 2.695189
-10.927334 3.382574 -2.640878 2.695213
-10.905472 3.459421 -2.641367 2.695238
-10.883115 3.536139 -2.641867 2.695264
-10.860261 3.612730 -2.642378 2.695290
-10.836914 3.689187 -2.642899 2.695316
-10.813072 3.765510 -2.643432 2.695344
-10.788735 3.841697 -2.643975 2.695371
-10.763907 3.917742 -2.644528 2.695400
-10.738585 3.993646 -2.645093 2.695429
-10.712771 4.069401 -2.645668 2.695458
-10.686467 4.145007 -2.646254 2.695488
-10.659671 4.220464 -2.646850 2.695519
-10.632386 4.295763 -2.647457 2.695550
-10.604610 4.370907 -2.648075 2.695581
-10.576347 4.445888 -2.648704 2.695614
-10.547596 4.520705 -2.649343 2.695646
-10.518357 4.595358 -2.649992 2.695680
-10.488632 4.669840 -2.650652 2.695714
-10.458421 4.744152 -2.651323 2.695748
-10.427725 4.818286 -2.652004 2.695783
-10.396545 4.892242 -2.652696 2.695818
-10.364881 4.966020 -2.653399 2.695854
-10.332735 5.039612 -2.654112 2.695890
-10.300106 5.113019 -2.654835 2.695927
-10.266997 5.186234 -2.655569 2.695965
-10.231404 5.258227 -2.655793 2.695976
-10.191463 5.327969 -2.655016 2.695937
-10.151015 5.397391 -2.654231 2.695897
-10.110064 5.466493 -2.653437 2.695856
-10.068611 5.535267 -2.652635 2.695815
-10.030987 5.606128 -2.652969 2.695832
-9.994632 5.677743 -2.653774 2.695873
-9.957807 5.749143 -2.654588 2.695915
-9.920508 5.820330 -2.655413 2.695957
-9.882741 5.891297 -2.656248 2.696000
-9.834706 5.956109 -2.654449 2.695908
-9.781174 6.017420 -2.651275 2.695745
-9.727177 6.078215 -2.648076 2.695581
-9.673467 6.138971 -2.645058 2.695427
-9.660038 6.225471 -2.653205 2.695844
-9.656295 6.318902 -2.664228 2.696409
-9.631411 6.399096 -2.669624 2.696685
-9.589802 6.468403 -2.670542 2.696732
-9.547728 6.537468 -2.671471 2.696779
-9.505195 6.606283 -2.672410 2.696827
-9.462201 6.674848 -2.673358 2.696876
-9.418746 6.743162 -2.674317 2.696925
-9.374835 6.811217 -2.675285 2.696975
-9.330466 6.879015 -2.676264 2.697025
-9.285644 6.946549 -2.677252 2.697075
-9.240366 7.013819 -2.678250 2.697126
-9.194633 7.080823 -2.679258 2.697178
-9.148451 7.147553 -2.680276 2.697230
-9.101816 7.214013 -2.681304 2.697283
-9.054734 7.280194 -2.682341 2.697336
-9.007204 7.346096 -2.683388 2.697389
-8.959226 7.411717 -2.684445 2.697443
-8.910803 7.477052 -2.685511 2.697498
-8.861935 7.542100 -2.686587 2.697553
-8.812626 7.606856 -2.687673 2.697609
-8.762877 7.671318 -2.688768 2.697665
-8.712685 7.735485 -2.689873 2.697721
-8.662056 7.799351 -2.690987 2.697778
-8.610990 7.862916 -2.692111 2.697836
-8.559488 7.926174 -2.693244 2.697894
-8.507554 7.989124 -2.694387 2.697953
-8.455185 8.051765 -2.695539 2.698011
-8.402387 8.114091 -2.696700 2.698071
-8.349157 8.176102 -2.697871 2.698131
-8.295502 8.237790 -2.699051 2.698191
-8.241420 8.299156 -2.700240 2.698252
-8.186911 8.360200 -2.701438 2.698314
-8.131981 8.420913 -2.702646 2.698375
-8.076627 8.481297 -2.703863 2.698438
-8.020856 8.541345 -2.705089 2.698501
-7.964666 8.601056 -2.706323 2.698564
-7.908058 8.660430 -2.707567 2.698627
-7.851036 8.719460 -2.708820 2.698692
-7.793600 8.778146 -2.710082 2.698756
-7.735754 8.836481 -2.711353 2.698821
-7.677498 8.894466 -2.712633 2.698887
-7.618832 8.952100 -2.713921 2.698953
-7.559762 9.009375 -2.715218 2.699019
-7.500286 9.066292 -2.716524 2.699086
-7.440409 9.122845 -2.717839 2.699153
-7.380132 9.179032 -2.719163 2.699221
-7.319454 9.234855 -2.720495 2.699289
-7.258380 9.290303 -2.721835 2.699358
-7.196910 9.345381 -2.723185 2.699427
-7.135048 9.400081 -2.724542 2.699497
-7.072796 9.454401 -2.725909 2.699567
-7.010152 9.508341 -2.727283 2.699637
-6.947123 9.561894 -2.728666 2.699708
-6.883707 9.615063 -2.730057 2.699779
-6.819909 9.667838 -2.731457 2.699851
-6.755730 9.720222 -2.732865 2.699923
-6.691170 9.772210 -2.734281 2.699995
-6.626235 9.823798 -2.735705 2.700068
-6.560924 9.874988 -2.737138 2.700141
-6.495241 9.925770 -2.738578 2.700215
-6.429188 9.976146 -2.740027 2.700289
-6.362764 10.026114 -2.741483 2.700364
-6.295976 10.075668 -2.742947 2.700439
-6.228822 10.124809 -2.744420 2.700514
-6.161308 10.173530 -2.745900 2.700590
-6.093434 10.221830 -2.747387 2.700666
-6.025201 10.269710 -2.748883 2.700743
-5.956615 10.317161 -2.750386 2.700820
-5.887674 10.364185 -2.751897 2.700897
-5.818385 10.410776 -2.753415 2.700975
-5.748748 10.456933 -2.754941 2.701053
-5.678763 10.502655 -2.756474 2.701131
-5.608437 10.547936 -2.758015 2.701210
-5.537767 10.592777 -2.759563 2.701290
-5.466763 10.637171 -2.761119 2.701369
-5.395422 10.681118 -2.762681 2.701449
-5.323744 10.724616 -2.764251 2.701530
-5.251739 10.767660 -2.765829 2.701610
-5.179402 10.810250 -2.767413 2.701692
-5.106742 10.852381 -2.769004 2.701773
-5.033759 10.894052 -2.770602 2.701855
-4.960453 10.935260 -2.772207 2.701937
-4.886831 10.976002 -2.773819 2.702019
-4.812891 11.016276 -2.775438 2.702102
-4.738640 11.056079 -2.777063 2.702185
-4.664080 11.095407 -2.778695 2.702269
-4.589210 11.134262 -2.780334 2.702353
-4.514038 11.172636 -2.781979 2.702437
-4.438561 11.210531 -2.783631 2.702522
-4.362788 11.247940 -2.785289 2.702607
-4.286718 11.284864 -2.786954 2.702692
-3.150812 8.472281 -2.086864 2.666847
-3.079668 8.461319 -2.078817 2.666435
-4.056755 11.392696 -2.791986 2.702950
-2.934687 8.427277 -2.060185 2.665481
-2.863858 8.412526 -2.051641 2.665044
-2.710084 8.146816 -1.982178 2.661487
-2.618241 8.058116 -1.956101 2.660152
-2.546758 8.028404 -1.944525 2.659560
-2.476812 8.001289 -1.933722 2.659007
-2.411633 7.987714 -1.926326 2.658628
-2.353598 7.996845 -1.924518 2.658535
-2.289665 7.985011 -1.917776 2.658190
-2.229022 7.983466 -1.913621 2.657977
-2.176397 8.010474 -1.916406 2.658120
-2.121432 8.029297 -1.917319 2.658167
-2.058191 8.016128 -1.910697 2.657828
-2.006654 8.048251 -1.914968 2.658046
-1.943915 8.035179 -1.908582 2.657719
-1.881585 8.022193 -1.902331 2.657399
-1.819664 8.009291 -1.896212 2.657086
-1.746381 7.942999 -1.877586 2.656132
-1.676569 7.887635 -1.861686 2.655318
-1.642417 8.001230 -1.885745 2.656550
-1.642136 8.293407 -1.951857 2.659935
-1.580562 8.285604 -1.947376 2.659706
-1.519262 8.277814 -1.943005 2.659482
-1.458223 8.269997 -1.938733 2.659263
-1.397536 8.262726 -1.934694 2.659056
-1.340520 8.276636 -1.935712 2.659108
-1.300602 8.401390 -1.962718 2.660491
-1.303957 8.830387 -2.060763 2.665511
-1.239131 8.816874 -2.055540 2.665243
-1.174629 8.803427 -2.050443 2.664983
-1.110438 8.790045 -2.045471 2.664728
-1.046559 8.776728 -2.040622 2.664480
-0.912838 8.138139 -1.890620 2.656800
-0.854065 8.125885 -1.886342 2.656581
-0.751473 7.664109 -1.777884 2.651028
-0.696441 7.652624 -1.774049 2.650831
-0.641647 7.641188 -1.770316 2.650640
-0.669278 8.698061 -2.014041 2.663119
-0.607324 8.685142 -2.010019 2.662913
-0.545614 8.672273 -2.006110 2.662713
-0.484136 8.659451 -2.002314 2.662519
-0.422891 8.646678 -1.998629 2.662330
-0.520434 12.417225 -2.869259 2.706906
-0.434020 12.428720 -2.871145 2.707003
-0.347471 12.439626 -2.873034 2.707099
-0.260785 12.449942 -2.874926 2.707196
-0.173978 12.459663 -2.876820 2.707293
-0.087049 12.468790 -2.878717 2.707390
0.000000 12.477322 -2.880617 2.707487
0.087164 12.485255 -2.882519 2.707585
0.106873 7.653530 -1.767129 2.650477
0.160088 7.642427 -1.764780 2.650357
0.213164 7.631352 -1.762524 2.650241
0.266107 7.620306 -1.760358 2.650130
0.318923 7.609284 -1.758284 2.650024
0.371621 7.598288 -1.756300 2.649922
0.424290 7.588949 -1.754783 2.649845
0.477265 7.585897 -1.754805 2.649846
0.530252 7.582960 -1.754939 2.649853
0.583269 7.580271 -1.755216 2.649867
0.636310 7.577580 -1.755579 2.649886
0.689364 7.574813 -1.756010 2.649908
0.742917 7.576844 -1.757641 2.649991
0.851488 8.101370 -1.880651 2.656289
1.405635 12.531528 -2.911274 2.709057
1.494081 12.529702 -2.913203 2.709156
1.582563 12.527255 -2.915132 2.709255
1.671085 12.524187 -2.917061 2.709353
1.759664 12.520657 -2.919029 2.709454
1.848251 12.516341 -2.920960 2.709553
1.936871 12.511400 -2.922892 2.709652
2.025506 12.505833 -2.924823 2.709751
2.114157 12.499640 -2.926755 2.709850
2.202821 12.492817 -2.928688 2.709949
2.291492 12.485367 -2.930620 2.710047
2.380174 12.477285 -2.932552 2.710147
2.468847 12.468574 -2.934484 2.710245
2.557514 12.459231 -2.936416 2.710345
2.646171 12.449257 -2.938347 2.710443
2.734813 12.438649 -2.940279 2.710542
2.823442 12.427407 -2.942209 2.710641
2.912040 12.415532 -2.944139 2.710740
3.000608 12.403022 -2.946068 2.710839
3.089143 12.389876 -2.947996 2.710938
3.177640 12.376095 -2.949924 2.711036
3.266100 12.361675 -2.951850 2.711135
3.354506 12.346621 -2.953775 2.711233
3.442858 12.330928 -2.955699 2.711332
3.531154 12.314597 -2.957622 2.711430
3.619388 12.297628 -2.959543 2.711529
3.707561 12.280020 -2.961463 2.711627
3.795656 12.261773 -2.963381 2.711725
3.883674 12.242887 -2.965297 2.711823
3.962186 12.194354 -2.960170 2.711561
4.037723 12.137846 -2.953223 2.711205
4.112741 12.081083 -2.946327 2.710852
4.187230 12.024078 -2.939482 2.710501
4.261198 11.966830 -2.932688 2.710154
4.334646 11.909341 -2.925944 2.709808
4.407575 11.851616 -2.919251 2.709466
4.479993 11.793653 -2.912607 2.709125
4.550444 11.731736 -2.905091 2.708740
4.618345 11.664603 -2.896380 2.708295
4.688264 11.603860 -2.889354 2.707935
4.760058 11.548770 -2.883841 2.707653
4.829008 11.487744 -2.876951 2.707300
4.894726 11.420245 -2.868535 2.706869
4.958764 11.350158 -2.859556 2.706409
5.025513 11.287485 -2.852536 2.706050
5.092983 11.227421 -2.846273 2.705729
5.159306 11.165751 -2.839701 2.705393
5.221925 11.097150 -2.831457 2.704971
5.281115 11.022534 -2.821758 2.704474
5.339712 10.948030 -2.812159 2.703983
5.400072 10.878377 -2.803883 2.703559
5.461397 10.811720 -2.796462 2.703179
5.522181 10.744995 -2.789108 2.702802
5.579700 10.672979 -2.780457 2.702359
5.635544 10.598917 -2.771345 2.701893
5.691146 10.525557 -2.762485 2.701439
5.749889 10.459002 -2.755487 2.701081
5.806561 10.389613 -2.747818 2.700688
5.861502 10.318107 -2.739663 2.700271
5.917231 10.248943 -2.732201 2.699889
5.977496 10.188397 -2.727118 2.699628
6.033905 10.121962 -2.720545 2.699292
6.086969 10.050776 -2.712768 2.698894
6.145453 9.989288 -2.707686 2.698633
6.202429 9.925961 -2.702192 2.698352
6.254197 9.855040 -2.694705 2.697969
6.309389 9.790249 -2.688969 2.697675
6.366712 9.729350 -2.684385 2.697441
6.422771 9.667046 -2.679501 2.697190
6.476555 9.601888 -2.673908 2.696904
6.528543 9.534698 -2.667825 2.696593
6.581222 9.469130 -2.662271 2.696308
6.635546 9.406482 -2.657617 2.696070
6.686271 9.339282 -2.651754 2.695770
6.734178 9.268801 -2.645026 2.695425
6.781651 9.198409 -2.638385 2.695085
6.828697 9.128101 -2.631830 2.694750
6.875313 9.057886 -2.625360 2.694418
6.921506 8.987757 -2.618976 2.694092
6.967304 8.917742 -2.612684 2.693769
7.006213 8.839643 -2.604069 2.693328
7.044127 8.761122 -2.595363 2.692883
7.081601 8.682897 -2.586772 2.692443
7.118627 8.604940 -2.578291 2.692008
7.155212 8.527249 -2.569917 2.691580
7.191359 8.449820 -2.561650 2.691156
7.226149 8.371568 -2.553160 2.690722
7.256106 8.288579 -2.543237 2.690214
7.285615 8.205984 -2.533439 2.689712
7.314681 8.123776 -2.523763 2.689217
7.343300 8.041941 -2.514205 2.688727
7.371448 7.960434 -2.504752 2.688243
7.396737 7.876721 -2.494600 2.687723
7.417014 7.788630 -2.483039 2.687132
7.442361 7.706790 -2.473453 2.686641
7.467312 7.625370 -2.463992 2.686156
7.491960 7.544442 -2.454684 2.685680
7.517567 7.465263 -2.445939 2.685232
7.542803 7.386456 -2.437312 2.684790
7.567667 7.308011 -2.428801 2.684355
7.592141 7.229899 -2.420398 2.683924
7.616232 7.152113 -2.412100 2.683500
7.639913 7.074634 -2.403899 2.683080
7.662893 6.997181 -2.395701 2.682660
7.679844 6.914963 -2.385849 2.682155
7.696449 6.833229 -2.376130 2.681658
7.716409 6.755201 -2.367673 2.681225
7.738233 6.679461 -2.360004 2.680832
7.759686 6.604008 -2.352428 2.680444
7.780755 6.528829 -2.344941 2.680061
7.801486 6.453952 -2.337553 2.679682
7.819763 6.377639 -2.329630 2.679277
7.834196 6.298852 -2.320773 2.678823
7.855267 6.226007 -2.314082 2.678481
7.875955 6.153370 -2.307465 2.678142
7.890255 6.076316 -2.299171 2.677717
7.903931 5.999406 -2.290894 2.677294
7.922318 5.926648 -2.284175 2.676950
7.940382 5.854153 -2.277544 2.676610
7.958128 5.781919 -2.271001 2.676275
7.975560 5.709941 -2.264545 2.675945
7.992679 5.638211 -2.258173 2.675618
8.009445 5.566707 -2.251876 2.675296
8.025905 5.495450 -2.245662 2.674978
8.042090 5.424458 -2.239540 2.674664
8.057988 5.353716 -2.233505 2.674356
8.075655 5.284556 -2.228120 2.674080
8.097543 5.218508 -2.224053 2.673872
8.113787 5.149164 -2.218587 2.673592
8.129525 5.079891 -2.213140 2.673313
8.144952 5.010809 -2.207762 2.673038
8.160040 4.941893 -2.202446 2.672765
8.174825 4.873171 -2.197200 2.672497
8.189991 4.805038 -2.192207 2.672241
8.203321 4.736190 -2.186871 2.671968
8.216375 4.667552 -2.181611 2.671698
8.231104 4.600205 -2.176941 2.671459
8.244447 4.532421 -2.172048 2.671209
8.257501 4.464812 -2.167222 2.670962
8.272264 4.398440 -2.162985 2.670745
8.290260 4.334044 -2.159727 2.670578
8.304642 4.268003 -2.155658 2.670370
8.315830 4.200625 -2.150897 2.670126
8.326735 4.133426 -2.146202 2.669885
8.343050 4.069177 -2.143033 2.669723
8.359665 4.005281 -2.140066 2.669571
8.376015 3.941450 -2.137154 2.669422
8.392097 3.877691 -2.134299 2.669276
8.407917 3.813999 -2.131498 2.669132
8.418581 3.748194 -2.127516 2.668929
8.427751 3.681995 -2.123285 2.668712
8.437569 3.616343 -2.119346 2.668510
8.451786 3.552801 -2.116636 2.668372
8.466269 3.489543 -2.114110 2.668242
8.480497 3.426343 -2.111638 2.668116
8.494471 3.363200 -2.109220 2.667992
8.508191 3.300107 -2.106854 2.667871
8.521659 3.237072 -2.104542 2.667753
8.539554 3.175830 -2.103434 2.667696
8.556843 3.114436 -2.102286 2.667637
8.568765 3.051201 -2.099931 2.667516
8.580473 2.988034 -2.097636 2.667399
8.591935 2.924931 -2.095395 2.667284
8.603168 2.861892 -2.093211 2.667172
8.614173 2.798914 -2.091084 2.667063
8.624950 2.735996 -2.089012 2.666957
8.635503 2.673131 -2.086997 2.666854
8.645828 2.610327 -2.085037 2.666754
8.660846 2.549025 -2.084316 2.666717
8.676636 2.487985 -2.083885 2.666695
8.691042 2.426584 -2.083226 2.666661
8.699975 2.363728 -2.081361 2.666566
8.708701 2.300936 -2.079555 2.666473
8.718770 2.238599 -2.078176 2.666403
8.727683 2.176056 -2.076629 2.666323
8.736251 2.113522 -2.075106 2.666245
8.744600 2.051024 -2.073638 2.666170
8.756600 1.989449 -2.073139 2.666145
8.769423 1.928082 -2.072938 2.666134
8.782062 1.866685 -2.072794 2.666127
8.794508 1.805254 -2.072707 2.666123
8.806749 1.743780 -2.072672 2.666121
8.818756 1.682266 -2.072683 2.666121
8.830553 1.620709 -2.072746 2.666125
8.842146 1.559109 -2.072862 2.666130
8.853534 1.497464 -2.073030 2.666139
8.864720 1.435768 -2.073251 2.666150
8.877044 1.374237 -2.073839 2.666181
8.893895 1.313335 -2.075583 2.666270
8.910552 1.252296 -2.077380 2.666362
8.922415 1.190505 -2.078157 2.666401
8.933290 1.128534 -2.078804 2.666435
8.943594 1.066457 -2.079419 2.666466
8.957864 1.004784 -2.081055 2.666550
8.973477 0.943150 -2.083102 2.666655
8.988901 0.881370 -2.085203 2.666762
9.004167 0.819440 -2.087366 2.666873
9.019235 0.757364 -2.089583 2.666987
9.034091 0.695134 -2.091849 2.667103
9.048728 0.632749 -2.094165 2.667221
9.063169 0.570207 -2.096534 2.667342
9.077446 0.507505 -2.098966 2.667467
9.091534 0.444648 -2.101455 2.667594
9.106321 0.381667 -2.104206 2.667735
9.127239 0.318730 -2.108474 2.667954
9.147988 0.255527 -2.112803 2.668175
9.163481 0.191945 -2.116020 2.668340
9.176562 0.128135 -2.118783 2.668482
9.189445 0.064154 -2.121602 2.668626
8.442481 -0.000000 -2.262156 2.675822
8.453807 -0.059020 -2.265246 2.675981
8.467896 -0.118242 -2.269187 2.676182
8.486902 -0.177775 -2.274558 2.676457
8.521222 -0.238019 -2.284145 2.676948
8.535021 -0.298050 -2.288346 2.677163
8.548651 -0.358295 -2.292615 2.677382
8.565827 -0.418939 -2.297950 2.677655
8.583839 -0.479911 -2.303625 2.677945
8.603170 -0.541266 -2.309770 2.678260
8.623760 -0.603032 -2.316372 2.678598
8.644202 -0.665135 -2.323054 2.678940
8.667072 -0.727795 -2.330508 2.679322
8.701066 -0.791859 -2.341079 2.679863
8.737902 -0.856759 -2.352541 2.680450
8.761835 -0.920906 -2.360658 2.680866
8.789403 -0.985890 -2.369883 2.681338
8.818452 -1.051537 -2.379637 2.681837
8.853766 -1.118491 -2.391215 2.682430
8.895171 -1.186869 -2.404577 2.683114
8.946123 -1.257296 -2.420664 2.683938
8.997421 -1.328624 -2.436995 2.684774
9.049072 -1.400871 -2.453574 2.685623
9.101082 -1.474054 -2.470406 2.686485
9.140930 -1.546073 -2.484092 2.687186
9.188055 -1.620102 -2.499911 2.687995
9.237336 -1.695369 -2.516479 2.688844
9.293017 -1.772738 -2.534958 2.689790
9.343125 -1.849989 -2.552087 2.690667
9.393503 -1.928209 -2.569462 2.691556
9.436968 -2.005889 -2.585119 2.692358
9.467609 -2.081589 -2.597430 2.692988
9.500511 -2.158463 -2.610528 2.693659
9.525559 -2.234200 -2.621633 2.694227
9.569899 -2.315202 -2.638220 2.695077
9.602951 -2.394285 -2.651875 2.695776
9.612967 -2.468191 -2.659335 2.696158
9.622726 -2.542434 -2.666880 2.696544
9.632226 -2.617018 -2.674511 2.696935
9.641462 -2.691945 -2.682228 2.697330
9.648973 -2.766799 -2.689626 2.697709
9.650758 -2.840373 -2.695585 2.698014
9.652266 -2.914191 -2.701623 2.698323
9.662348 -2.990997 -2.710224 2.698763
9.677756 -3.069965 -2.720491 2.699289
9.685699 -3.147074 -2.728834 2.699716
9.675250 -3.218527 -2.732154 2.699886
9.664523 -3.290072 -2.735544 2.700060
9.658158 -3.363327 -2.740322 2.700305
9.664277 -3.441294 -2.748808 2.700739
9.670134 -3.519641 -2.757396 2.701179
9.664789 -3.594303 -2.762960 2.701463
9.657227 -3.668437 -2.768052 2.701724
9.649354 -3.742738 -2.773217 2.701989
9.639709 -3.816631 -2.778036 2.702235
9.626635 -3.889413 -2.782026 2.702440
9.613269 -3.962304 -2.786089 2.702648
9.599609 -4.035305 -2.790227 2.702859
9.585655 -4.108418 -2.794440 2.703075
9.565143 -4.178908 -2.796897 2.703201
9.540791 -4.247834 -2.798380 2.703277
9.516175 -4.316729 -2.799931 2.703356
9.494578 -4.387112 -2.802520 2.703489
9.474145 -4.458194 -2.805607 2.703647
9.453422 -4.529321 -2.808766 2.703809
9.428419 -4.598547 -2.810808 2.703913
9.402435 -4.667409 -2.812707 2.704010
9.376194 -4.736257 -2.814680 2.704112
9.349684 -4.805085 -2.816724 2.704216
9.322910 -4.873900 -2.818840 2.704324
9.295866 -4.942700 -2.821028 2.704437
9.268521 -5.011471 -2.823278 2.704552
9.242494 -5.081104 -2.826087 2.704696
9.217148 -5.151290 -2.829264 2.704858
9.186853 -5.218860 -2.831080 2.704951
9.156274 -5.286377 -2.832961 2.705048
9.125407 -5.353845 -2.834906 2.705147
9.094253 -5.421263 -2.836917 2.705250
9.062798 -5.488626 -2.838989 2.705356
9.031051 -5.555940 -2.841125 2.705466
8.999014 -5.623208 -2.843328 2.705578
8.966228 -5.690141 -2.845451 2.705687
8.931071 -5.755682 -2.846976 2.705765
8.900146 -5.824092 -2.850010 2.705920
8.869220 -5.892696 -2.853211 2.706084
8.837955 -5.961276 -2.856472 2.706251
8.806349 -6.029833 -2.859793 2.706421
8.774401 -6.098367 -2.863174 2.706594
8.742108 -6.166879 -2.866616 2.706771
8.709471 -6.235370 -2.870119 2.706950
8.677806 -6.304796 -2.874119 2.707155
8.647110 -6.375200 -2.878623 2.707386
8.616013 -6.445601 -2.883181 2.707619
8.584514 -6.516001 -2.887793 2.707855
8.552610 -6.586397 -2.892459 2.708094
8.520302 -6.656790 -2.897179 2.708335
8.487586 -6.727178 -2.901953 2.708580
8.452991 -6.796379 -2.906277 2.708801
8.414176 -6.862434 -2.909333 2.708958
8.374999 -6.928402 -2.912441 2.709117
8.336380 -6.995053 -2.915922 2.709295
8.301668 -7.065274 -2.920963 2.709553
8.266541 -7.135486 -2.926060 2.709814
8.230992 -7.205690 -2.931212 2.710078
8.195024 -7.275884 -2.936421 2.710345
8.158633 -7.346066 -2.941687 2.710614
8.121818 -7.416239 -2.947009 2.710887
8.084576 -7.486399 -2.952388 2.711162
8.046905 -7.556546 -2.957825 2.711441
8.014354 -7.631967 -2.965373 2.711827
7.981143 -7.707300 -2.972921 2.712214
7.947550 -7.782816 -2.980575 2.712605
7.917109 -7.862030 -2.989671 2.713071
7.887153 -7.942409 -2.999225 2.713560
7.856667 -8.022964 -3.008858 2.714053
7.819314 -8.097137 -3.016129 2.714426
7.780964 -8.170818 -3.023266 2.714791
7.742165 -8.244568 -3.030481 2.715160
7.702913 -8.318390 -3.037774 2.715534
7.661015 -8.389882 -3.044276 2.715867
7.598851 -8.439380 -3.042913 2.715797
7.536352 -8.488399 -3.041542 2.715727
7.473522 -8.536936 -3.040164 2.715656
7.410364 -8.584990 -3.038779 2.715585
7.346882 -8.632559 -3.037388 2.715514
7.283082 -8.679639 -3.035989 2.715442
7.218966 -8.726232 -3.034583 2.715371
7.154539 -8.772331 -3.033171 2.715298
7.089804 -8.817939 -3.031752 2.715226
7.024766 -8.863050 -3.030327 2.715153
6.959431 -8.907665 -3.028895 2.715079
6.893799 -8.951781 -3.027457 2.715006
6.827878 -8.995397 -3.026012 2.714932
6.761669 -9.038509 -3.024561 2.714858
6.695177 -9.081119 -3.023105 2.714783
6.628408 -9.123221 -3.021642 2.714708
6.561364 -9.164818 -3.020174 2.714633
6.494051 -9.205904 -3.018699 2.714557
6.426471 -9.246481 -3.017219 2.714482
6.358629 -9.286545 -3.015733 2.714405
6.290531 -9.326096 -3.014242 2.714329
6.222178 -9.365132 -3.012745 2.714252
6.153577 -9.403651 -3.011243 2.714175
6.084730 -9.441654 -3.009736 2.714098
6.015643 -9.479136 -3.008223 2.714021
5.946319 -9.516100 -3.006706 2.713943
5.876762 -9.552541 -3.005183 2.713865
5.806977 -9.588459 -3.003656 2.713787
5.736968 -9.623854 -3.002124 2.713709
5.666739 -9.658723 -3.000587 2.713630
5.596294 -9.693066 -2.999045 2.713551
5.525638 -9.726882 -2.997499 2.713472
5.454774 -9.760169 -2.995948 2.713392
5.383708 -9.792928 -2.994394 2.713313
5.312441 -9.825156 -2.992834 2.713233
5.240981 -9.856853 -2.991271 2.713153
5.169330 -9.888018 -2.989704 2.713073
5.097493 -9.918649 -2.988132 2.712992
5.025473 -9.948747 -2.986557 2.712912
4.953276 -9.978310 -2.984978 2.712831
4.880905 -10.007338 -2.983396 2.712750
4.808363 -10.035830 -2.981809 2.712668
4.735657 -10.063786 -2.980219 2.712587
4.662789 -10.091203 -2.978626 2.712506
4.589766 -10.118082 -2.977029 2.712424
4.516588 -10.144423 -2.975430 2.712342
4.443262 -10.170226 -2.973827 2.712260
4.369791 -10.195489 -2.972220 2.712178
4.296180 -10.220211 -2.970611 2.712095
4.222434 -10.244392 -2.968999 2.712013
4.148555 -10.268033 -2.967385 2.711930
4.074547 -10.291133 -2.965767 2.711847
4.000416 -10.313691 -2.964147 2.711764
3.926166 -10.335707 -2.962525 2.711681
3.851801 -10.357180 -2.960900 2.711598
3.777323 -10.378111 -2.959272 2.711515
3.702739 -10.398499 -2.957643 2.711431
3.628051 -10.418345 -2.956011 2.711348
3.553264 -10.437648 -2.954377 2.711264
3.478384 -10.456407 -2.952742 2.711180
3.403411 -10.474623 -2.951104 2.711097
3.328351 -10.492295 -2.949464 2.711012
3.253210 -10.509424 -2.947823 2.710928
3.177989 -10.526011 -2.946180 2.710845
3.102695 -10.542053 -2.944536 2.710760
3.027329 -10.557552 -2.942890 2.710676
2.951897 -10.572509 -2.941243 2.710592
2.876402 -10.586923 -2.939595 2.710507
2.800849 -10.600793 -2.937945 2.710423
2.725243 -10.614120 -2.936294 2.710338
2.649585 -10.626906 -2.934643 2.710254
2.573881 -10.639151 -2.932990 2.710169
2.498134 -10.650852 -2.931336 2.710084
2.422349 -10.662012 -2.929682 2.710000
2.346530 -10.672631 -2.928027 2.709915
2.270680 -10.682710 -2.926372 2.709830
2.194803 -10.692247 -2.924716 2.709745
2.118903 -10.701245 -2.923059 2.709661
2.042984 -10.709703 -2.921402 2.709576
1.967052 -10.717623 -2.919745 2.709491
1.891107 -10.725004 -2.918088 2.709406
1.815156 -10.731847 -2.916431 2.709321
1.739200 -10.738153 -2.914774 2.709236
1.663246 -10.743921 -2.913117 2.709152
1.587297 -10.749153 -2.911460 2.709067
1.511355 -10.753850 -2.909803 2.708982
1.435425 -10.758013 -2.908147 2.708897
1.359511 -10.761641 -2.906491 2.708812
1.283616 -10.764735 -2.904836 2.708727
1.207746 -10.767297 -2.903181 2.708643
1.131902 -10.769326 -2.901527 2.708558
1.056088 -10.770825 -2.899874 2.708474
0.980309 -10.771794 -2.898221 2.708389
0.904569 -10.772234 -2.896570 2.708304
0.828871 -10.772144 -2.894919 2.708220
0.753218 -10.771527 -2.893270 2.708135
0.677615 -10.770384 -2.891622 2.708051
0.602064 -10.768715 -2.889975 2.707967
0.526570 -10.766521 -2.888329 2.707882
0.451137 -10.763803 -2.886684 2.707798
0.375767 -10.760563 -2.885042 2.707714
0.300464 -10.756801 -2.883400 2.707630
0.225232 -10.752519 -2.881761 2.707546
0.150075 -10.747716 -2.880123 2.707462
0.074997 -10.742396 -2.878486 2.707378
-0.000000 -10.736558 -2.876852 2.707295
-0.074913 -10.730205 -2.875220 2.707211
-0.149736 -10.723336 -2.873589 2.707128
-0.224468 -10.715954 -2.871961 2.707044
-0.299103 -10.708059 -2.870335 2.706961
-0.373640 -10.699654 -2.868711 2.706878
-0.448075 -10.690738 -2.867090 2.706795
-0.522404 -10.681314 -2.865470 2.706712
-0.596624 -10.671382 -2.863854 2.706629
-0.670730 -10.660945 -2.862240 2.706547
-0.744721 -10.650002 -2.860628 2.706464
-0.818593 -10.638557 -2.859019 2.706382
-0.892342 -10.626611 -2.857413 2.706300
-0.965965 -10.614162 -2.855810 2.706217
-1.039458 -10.601216 -2.854209 2.706136
-1.112820 -10.587772 -2.852612 2.706054
-1.186046 -10.573833 -2.851017 2.705972
-1.259133 -10.559398 -2.849426 2.705891
-1.332077 -10.544470 -2.847838 2.705809
-1.404875 -10.529051 -2.846253 2.705728
-1.477526 -10.513142 -2.844672 2.705647
-1.550025 -10.496743 -2.843094 2.705566
-1.622369 -10.479859 -2.841519 2.705486
-1.694554 -10.462489 -2.839948 2.705405
-1.766578 -10.444636 -2.838380 2.705325
-1.838438 -10.426301 -2.836817 2.705245
-1.910131 -10.407485 -2.835256 2.705165
-1.981654 -10.388190 -2.833700 2.705085
-2.053003 -10.368420 -2.832147 2.705006
-2.124175 -10.348173 -2.830599 2.704926
-2.195168 -10.327453 -2.829054 2.704848
-2.265979 -10.306261 -2.827514 2.704769
-2.336604 -10.284598 -2.825977 2.704690
-2.407041 -10.262468 -2.824445 2.704612
-2.477285 -10.239871 -2.822917 2.704533
-2.547337 -10.216809 -2.821393 2.704455
-2.617191 -10.193285 -2.819874 2.704377
-2.686846 -10.169299 -2.818359 2.704300
-2.756297 -10.144855 -2.816849 2.704223
-2.825541 -10.119952 -2.815343 2.704145
-2.894578 -10.094594 -2.813842 2.704069
-2.963404 -10.068782 -2.812345 2.703992
-3.032016 -10.042519 -2.810853 2.703916
-3.100411 -10.015805 -2.809366 2.703840
-3.168585 -9.988645 -2.807884 2.703763
-3.236537 -9.961038 -2.806407 2.703688
-3.304265 -9.932986 -2.804935 2.703613
-3.371765 -9.904492 -2.803468 2.703537
-3.439034 -9.875559 -2.802006 2.703463
-3.506069 -9.846188 -2.800549 2.703388
-3.572870 -9.816380 -2.799097 2.703314
-3.639432 -9.786138 -2.797651 2.703240
-3.705754 -9.755464 -2.796210 2.703166
-3.771831 -9.724359 -2.794774 2.703092
-3.837662 -9.692827 -2.793344 2.703019
-3.903244 -9.660869 -2.791919 2.702946
-3.968576 -9.628487 -2.790499 2.702873
-4.033654 -9.595683 -2.789086 2.702801
-4.098476 -9.562459 -2.787678 2.702729
-4.163038 -9.528818 -2.786276 2.702657
-4.227340 -9.494761 -2.784879 2.702586
-4.291378 -9.460291 -2.783488 2.702515
-4.355151 -9.425409 -2.782104 2.702444
-4.418655 -9.390119 -2.780725 2.702373
-4.481887 -9.354422 -2.779351 2.702303
-4.544848 -9.318318 -2.777985 2.702233
-4.607533 -9.281814 -2.776624 2.702163
-4.669940 -9.244908 -2.775269 2.702094
-4.732067 -9.207604 -2.773920 2.702025
-4.793910 -9.169905 -2.772578 2.701956
-4.855470 -9.131811 -2.771242 2.701887
-4.916743 -9.093326 -2.769912 2.701819
-4.977727 -9.054450 -2.768589 2.701752
-5.038420 -9.015188 -2.767272 2.701684
-5.098817 -8.975542 -2.765961 2.701617
-5.158921 -8.935513 -2.764657 2.701550
-5.218726 -8.895103 -2.763360 2.701484
-5.278231 -8.854314 -2.762069 2.701418
-5.337434 -8.813149 -2.760785 2.701352
-5.396332 -8.771613 -2.759507 2.701287
-5.454925 -8.729704 -2.758236 2.701222
-5.513208 -8.687426 -2.756972 2.701157
-5.571182 -8.644781 -2.755715 2.701092
-5.628843 -8.601772 -2.754465 2.701028
-5.686188 -8.558401 -2.753222 2.700965
-5.743218 -8.514670 -2.751985 2.700902
-5.799929 -8.470582 -2.750756 2.700839
-5.856320 -8.426139 -2.749533 2.700776
-5.912388 -8.381343 -2.748318 2.700714
-5.968131 -8.336197 -2.747110 2.700652
-6.023548 -8.290703 -2.745909 2.700591
-6.078638 -8.244863 -2.744715 2.700529
-6.133397 -8.198679 -2.743529 2.700469
-6.187824 -8.152155 -2.742350 2.700408
-6.241916 -8.105293 -2.741178 2.700348
-6.295673 -8.058095 -2.740013 2.700289
-6.349095 -8.010561 -2.738856 2.700229
-6.402174 -7.962698 -2.737707 2.700171
-6.454914 -7.914506 -2.736564 2.700112
-6.507311 -7.865986 -2.735430 2.700054
-6.559363 -7.817144 -2.734303 2.699996
-6.611070 -7.767978 -2.733183 2.699939
-6.662427 -7.718495 -2.732072 2.699882
-6.713435 -7.668695 -2.730968 2.699826
-6.764092 -7.618579 -2.729871 2.699769
-6.814395 -7.568153 -2.728782 2.699714
-6.864346 -7.517416 -2.727701 2.699658
-6.913938 -7.466373 -2.726628 2.699603
-6.963172 -7.415026 -2.725563 2.699549
-7.012048 -7.363375 -2.724506 2.699495
-7.060562 -7.311426 -2.723456 2.699441
-7.108715 -7.259178 -2.722415 2.699388
-7.156501 -7.206637 -2.721382 2.699335
-7.198981 -7.148898 -2.718491 2.699187
-7.230566 -7.080692 -2.711684 2.698838
-7.266602 -7.017275 -2.706760 2.698586
-7.322018 -6.972661 -2.709203 2.698711
-7.372019 -6.922786 -2.709755 2.698739
-7.410757 -6.862437 -2.706318 2.698563
-7.445818 -6.798965 -2.701722 2.698328
-7.480500 -6.735472 -2.697178 2.698095
-7.515576 -6.672638 -2.692962 2.697880
-7.557184 -6.615813 -2.691256 2.697792
-7.599355 -6.559587 -2.689900 2.697723
-7.656571 -6.516251 -2.693984 2.697932
-7.713679 -6.472545 -2.698112 2.698143
-7.770682 -6.428465 -2.702287 2.698357
-7.825581 -6.382387 -2.705817 2.698538
-7.855009 -6.315590 -2.700681 2.698275
-7.883389 -6.248296 -2.695375 2.698003
-7.911584 -6.181207 -2.690195 2.697738
-7.945175 -6.118606 -2.687026 2.697576
-7.994033 -6.067801 -2.689158 2.697685
-8.046741 -6.019732 -2.692686 2.697865
-8.084633 -5.960504 -2.691375 2.697798
-8.119866 -5.899428 -2.689327 2.697694
-8.154715 -5.838200 -2.687304 2.697590
-8.189176 -5.776827 -2.685304 2.697487
-8.223249 -5.715308 -2.683329 2.697386
-8.261072 -5.656473 -2.682719 2.697355
-8.302334 -5.599995 -2.683357 2.697388
-8.343187 -5.543199 -2.683987 2.697420
-8.377334 -5.481973 -2.682595 2.697349
-8.405416 -5.416922 -2.679412 2.697186
-8.438869 -5.355468 -2.678092 2.697118
-8.476247 -5.296546 -2.678154 2.697121
-8.514895 -5.238397 -2.678745 2.697152
-8.553120 -5.179953 -2.679328 2.697181
-8.590919 -5.121215 -2.679904 2.697211
-8.628289 -5.062186 -2.680471 2.697240
-8.665220 -5.002867 -2.681029 2.697269
-8.697673 -4.940964 -2.680331 2.697233
-8.729712 -4.878870 -2.679642 2.697198
-8.761337 -4.816586 -2.678963 2.697163
-8.792549 -4.754112 -2.678293 2.697129
-8.823345 -4.691455 -2.677631 2.697095
-8.853725 -4.628614 -2.676979 2.697061
-8.883688 -4.565595 -2.676336 2.697028
-8.913233 -4.502398 -2.675702 2.696996
-8.942360 -4.439025 -2.675077 2.696964
-8.971066 -4.375482 -2.674462 2.696932
-8.999354 -4.311766 -2.673855 2.696901
-9.027220 -4.247886 -2.673258 2.696871
-9.054663 -4.183842 -2.672670 2.696841
-9.081684 -4.119633 -2.672091 2.696811
-9.108281 -4.055268 -2.671522 2.696782
-9.134455 -3.990743 -2.670961 2.696753
-9.160202 -3.926067 -2.670410 2.696725
-9.185524 -3.861239 -2.669869 2.696697
-9.210420 -3.796260 -2.669337 2.696670
-9.234888 -3.731137 -2.668814 2.696643
-9.258929 -3.665868 -2.668300 2.696617
-9.282541 -3.600460 -2.667796 2.696591
-9.305724 -3.534914 -2.667301 2.696566
-9.328478 -3.469229 -2.666815 2.696541
-9.341986 -3.400205 -2.663826 2.696388
-9.345345 -3.327726 -2.658094 2.696094
-9.348230 -3.255398 -2.652386 2.695802
-9.357552 -3.185571 -2.648656 2.695611
-9.369127 -3.116693 -2.645709 2.695460
-9.384831 -3.049316 -2.644068 2.695376
-9.406947 -2.984058 -2.644365 2.695391
-9.428578 -2.918632 -2.644653 2.695406
-9.449724 -2.853040 -2.644933 2.695421
-9.470384 -2.787284 -2.645204 2.695434
-9.490553 -2.721372 -2.645467 2.695448
-9.510234 -2.655303 -2.645721 2.695461
-9.525785 -2.588098 -2.644956 2.695422
-9.533272 -2.518799 -2.642088 2.695275
-9.540298 -2.449531 -2.639231 2.695129
-9.554920 -2.382309 -2.638611 2.695097
-9.571003 -2.315468 -2.638524 2.695092
-9.587667 -2.248766 -2.638725 2.695103
-9.603832 -2.181937 -2.638918 2.695112
-9.619501 -2.114983 -2.639102 2.695122
-9.634671 -2.047912 -2.639277 2.695131
-9.649342 -1.980724 -2.639443 2.695139
-9.663511 -1.913426 -2.639601 2.695148
-9.677179 -1.846021 -2.639750 2.695155
-9.690345 -1.778510 -2.639889 2.695162
-9.703008 -1.710902 -2.640021 2.695169
-9.715166 -1.643196 -2.640143 2.695175
-9.726819 -1.575400 -2.640257 2.695181
-9.737967 -1.507517 -2.640362 2.695186
-9.748609 -1.439548 -2.640458 2.695191
-9.758742 -1.371502 -2.640545 2.695196
-9.768370 -1.303377 -2.640623 2.695200
-9.777488 -1.235183 -2.640693 2.695204
-9.786098 -1.166922 -2.640753 2.695207
-9.794198 -1.098594 -2.640805 2.695209
-9.803206 -1.030358 -2.641230 2.695231
-9.809678 -0.961846 -2.641100 2.695224
-9.815707 -0.893299 -2.640980 2.695218
-9.821771 -0.824758 -2.640998 2.695219
-9.827868 -0.756212 -2.641154 2.695227
-9.833362 -0.687615 -2.641275 2.695233
-9.838247 -0.618968 -2.641363 2.695238
-9.842527 -0.550282 -2.641416 2.695240
-9.846200 -0.481560 -2.641435 2.695241
-9.856396 -0.413104 -2.643332 2.695338
-9.871540 -0.344722 -2.646683 2.695510
-9.882649 -0.276046 -2.649081 2.695633
-9.898391 -0.207341 -2.652848 2.695826
-9.920997 -0.138533 -2.658582 2.696119
-9.917739 -0.069239 -2.657515 2.696065
-9.916855 0.000000 -2.657213 2.696049
-9.917254 0.069238 -2.657385 2.696058
-9.923691 0.138571 -2.659304 2.696156
-9.923935 0.207876 -2.659694 2.696176
-9.922894 0.277173 -2.659868 2.696185
-9.921459 0.346465 -2.660068 2.696195
-9.919630 0.415757 -2.660290 2.696207
-9.917406 0.485043 -2.660537 2.696219
-9.914788 0.554322 -2.660808 2.696233
-9.911775 0.623597 -2.661103 2.696248
-9.908367 0.692861 -2.661422 2.696265
-9.901876 0.761910 -2.661043 2.696245
-9.898399 0.831192 -2.661603 2.696274
-9.894567 0.900476 -2.662198 2.696304
-9.890789 0.969802 -2.662938 2.696342
-9.884856 1.038940 -2.663229 2.696357
-9.877961 1.107993 -2.663390 2.696366
-9.870620 1.177001 -2.663561 2.696374
-9.862833 1.245965 -2.663742 2.696383
-9.854599 1.314885 -2.663933 2.696393
-9.845921 1.383754 -2.664134 2.696404
-9.836796 1.452573 -2.664344 2.696414
-9.827226 1.521336 -2.664563 2.696425
-9.817211 1.590041 -2.664793 2.696437
-9.806751 1.658689 -2.665032 2.696450
-9.795848 1.727272 -2.665281 2.696462
-9.784499 1.795793 -2.665540 2.696476
-9.772707 1.864244 -2.665808 2.696489
-9.760471 1.932625 -2.666086 2.696503
-9.747792 2.000936 -2.666373 2.696518
-9.734671 2.069168 -2.666670 2.696533
-9.721107 2.137326 -2.666977 2.696549
-9.707100 2.205400 -2.667294 2.696565
-9.692652 2.273391 -2.667620 2.696582
-9.677762 2.341298 -2.667955 2.696599
-9.662432 2.409115 -2.668301 2.696617
-9.646660 2.476843 -2.668656 2.696635
-9.630448 2.544475 -2.669020 2.696654
-9.613797 2.612010 -2.669394 2.696673
-9.596706 2.679450 -2.669778 2.696692
-9.579177 2.746785 -2.670171 2.696713
-9.561209 2.814019 -2.670573 2.696733
-9.542804 2.881143 -2.670986 2.696754
-9.523961 2.948158 -2.671407 2.696776
-9.487144 3.009501 -2.666909 2.696546
-9.445134 3.068910 -2.661057 2.696246
-9.402932 3.127941 -2.655256 2.695949
-9.367162 3.188843 -2.651376 2.695750
-9.342908 3.253544 -2.650876 2.695725
-9.318177 3.318055 -2.650367 2.695699
-9.292975 3.382367 -2.649851 2.695672
-9.267302 3.446480 -2.649327 2.695645
-9.241158 3.510388 -2.648794 2.695618
-9.210759 3.572618 -2.647166 2.695535
-9.187123 3.637441 -2.647607 2.695557
-9.165997 3.703303 -2.648905 2.695624
-9.144750 3.769196 -2.650304 2.695695
-9.117088 3.832472 -2.649977 2.695679
-9.089430 3.895734 -2.649779 2.695669
-9.063946 3.959942 -2.650345 2.695698
-9.038041 4.023995 -2.650920 2.695727
-9.011714 4.087897 -2.651505 2.695757
-8.984967 4.151639 -2.652098 2.695787
-8.957800 4.215220 -2.652701 2.695818
-8.930213 4.278642 -2.653312 2.695850
-8.902208 4.341897 -2.653933 2.695881
-8.873784 4.404987 -2.654563 2.695914
-8.844945 4.467904 -2.655202 2.695946
-8.815896 4.530755 -2.655913 2.695983
-8.789674 4.595132 -2.657613 2.696070
-8.762326 4.659012 -2.659114 2.696147
-8.732222 4.721497 -2.659917 2.696188
-8.701795 4.783853 -2.660757 2.696231
-8.675916 4.848805 -2.663130 2.696352
-8.650692 4.914278 -2.665854 2.696492
-8.625907 4.980170 -2.668865 2.696646
-8.602426 5.047015 -2.672437 2.696829
-8.578589 5.113867 -2.676058 2.697014
-8.554398 5.180727 -2.679729 2.697202
-8.529847 5.247599 -2.683449 2.697392
-8.504939 5.314476 -2.687220 2.697586
-8.481688 5.382645 -2.691681 2.697814
-8.454444 5.448518 -2.695041 2.697986
-8.418937 5.509197 -2.695917 2.698031
-8.382752 5.569489 -2.696716 2.698072
-8.346165 5.629560 -2.697523 2.698113
-8.309173 5.689412 -2.698339 2.698155
-8.271780 5.749038 -2.699165 2.698197
-8.233986 5.808437 -2.699998 2.698240
-8.195790 5.867611 -2.700841 2.698283
-8.157198 5.926551 -2.701692 2.698327
-8.118206 5.985260 -2.702551 2.698371
-8.078818 6.043729 -2.703420 2.698415
-8.039036 6.101960 -2.704297 2.698460
-7.998858 6.159951 -2.705182 2.698505
-7.958289 6.217697 -2.706076 2.698551
-7.917326 6.275198 -2.706979 2.698597
-7.875974 6.332447 -2.707890 2.698644
-7.834233 6.389444 -2.708809 2.698691
-7.792103 6.446190 -2.709737 2.698738
-7.749588 6.502676 -2.710673 2.698786
-7.706686 6.558906 -2.711617 2.698835
-7.663401 6.614872 -2.712570 2.698884
-7.619734 6.670572 -2.713531 2.698933
-7.575684 6.726008 -2.714501 2.698982
-7.531256 6.781173 -2.715479 2.699032
-7.486447 6.836068 -2.716465 2.699083
-7.441263 6.890686 -2.717458 2.699134
-7.395703 6.945027 -2.718461 2.699185
-7.349768 6.999091 -2.719471 2.699237
-7.303461 7.052870 -2.720490 2.699289
-7.256781 7.106367 -2.721516 2.699342
-7.209733 7.159575 -2.722551 2.699394
-7.162316 7.212493 -2.723593 2.699448
-7.114532 7.265122 -2.724643 2.699502
-7.066383 7.317454 -2.725702 2.699556
-7.017869 7.369491 -2.726768 2.699610
-6.968994 7.421226 -2.727842 2.699665
-6.919759 7.472659 -2.728924 2.699721
-6.870162 7.523790 -2.730014 2.699777
-6.820211 7.574612 -2.731111 2.699833
-6.769902 7.625126 -2.732216 2.699889
-6.719240 7.675327 -2.733329 2.699946
-6.668226 7.725214 -2.734450 2.700004
-6.616859 7.774785 -2.735578 2.700062
-6.565145 7.824035 -2.736713 2.700120
-6.513082 7.872966 -2.737856 2.700178
-6.460674 7.921570 -2.739007 2.700237
-6.407923 7.969849 -2.740165 2.700296
-6.354828 8.017799 -2.741330 2.700356
-6.301394 8.065417 -2.742503 2.700416
-6.247620 8.112703 -2.743683 2.700476
-6.193511 8.159651 -2.744871 2.700537
-6.139067 8.206260 -2.746065 2.700598
-6.084288 8.252530 -2.747267 2.700660
-6.029180 8.298454 -2.748477 2.700722
-5.973740 8.344035 -2.749693 2.700784
-5.917975 8.389266 -2.750916 2.700847
-5.861885 8.434146 -2.752146 2.700910
-5.805469 8.478675 -2.753384 2.700973
-5.748733 8.522847 -2.754628 2.701037
-5.691675 8.566663 -2.755879 2.701101
-5.634302 8.610117 -2.757137 2.701165
-5.576613 8.653210 -2.758402 2.701230
-5.518609 8.695938 -2.759674 2.701295
-5.460295 8.738298 -2.760952 2.701361
-5.401669 8.780292 -2.762237 2.701427
-5.342738 8.821911 -2.763529 2.701493
-5.283502 8.863156 -2.764827 2.701559
-5.223960 8.904027 -2.766132 2.701626
-5.164119 8.944517 -2.767443 2.701693
-5.103978 8.984629 -2.768761 2.701761
-5.043541 9.024356 -2.770085 2.701828
-4.982810 9.063697 -2.771416 2.701896
-4.921784 9.102653 -2.772753 2.701965
-4.860471 9.141216 -2.774096 2.702034
-4.798867 9.179389 -2.775445 2.702103
-4.736979 9.217167 -2.776801 2.702172
-4.674809 9.254548 -2.778163 2.702242
-4.612355 9.291532 -2.779531 2.702312
-4.549624 9.328113 -2.780904 2.702382
-4.486615 9.364291 -2.782284 2.702453
-4.423334 9.400064 -2.783669 2.702524
-4.359781 9.435430 -2.785061 2.702595
-4.295956 9.470386 -2.786458 2.702667
-4.231867 9.504930 -2.787861 2.702739
-4.167511 9.539060 -2.789270 2.702811
-4.102895 9.572773 -2.790684 2.702883
-4.038020 9.606069 -2.792104 2.702955
-3.972885 9.638944 -2.793530 2.703029
-3.907498 9.671396 -2.794961 2.703102
-3.841856 9.703424 -2.796397 2.703176
-3.775967 9.735025 -2.797839 2.703249
-3.709831 9.766198 -2.799286 2.703323
-2.823359 7.591785 -2.170331 2.671121
-2.758235 7.578188 -2.160887 2.670637
-2.693669 7.564706 -2.151628 2.670163
-2.629654 7.551339 -2.142552 2.669698
-2.566173 7.538084 -2.133656 2.669243
-2.503212 7.524935 -2.124935 2.668797
-2.440762 7.511894 -2.116389 2.668359
-2.387817 7.527359 -2.115998 2.668339
-2.352113 7.598452 -2.131315 2.669123
-2.315837 7.670422 -2.146915 2.669922
-2.322361 7.890711 -2.203981 2.672844
-2.268094 7.909784 -2.204832 2.672887
-2.211244 7.919791 -2.203264 2.672807
-2.153737 7.927071 -2.201053 2.672694
-2.106768 7.973797 -2.209889 2.673146
-2.056384 8.009090 -2.215638 2.673440
-1.993632 7.996022 -2.208118 2.673056
-1.943518 8.033536 -2.214677 2.673391
-1.724490 7.352413 -2.023537 2.663605
-1.667739 7.340589 -2.017029 2.663272
-1.611349 7.328839 -2.010661 2.662946
-1.558278 7.331120 -2.008253 2.662822
-1.526373 7.435905 -2.033989 2.664140
-1.557592 7.866430 -2.148726 2.670015
-1.498241 7.854065 -2.142439 2.669693
-1.439234 7.841772 -2.136292 2.669378
-1.380560 7.829547 -2.130285 2.669070
-1.322213 7.817391 -2.124414 2.668770
-1.264180 7.805299 -2.118677 2.668476
-1.206460 7.793272 -2.113075 2.668189
-1.149042 7.781307 -2.107605 2.667909
-1.012468 7.204085 -1.949299 2.659804
-0.965577 7.236661 -1.956242 2.660160
-0.922660 7.303626 -1.972555 2.660995
-0.881573 7.393109 -1.995011 2.662144
-0.864326 7.705646 -2.077670 2.666377
-0.806431 7.672675 -2.067211 2.665841
-0.751198 7.661307 -2.062685 2.665610
-0.696180 7.649761 -2.058218 2.665381
-0.641384 7.638061 -2.053815 2.665155
-0.597940 7.770940 -2.088372 2.666924
-0.544079 7.780696 -2.089922 2.667004
-0.537021 8.535692 -2.291654 2.677333
-0.476861 8.529341 -2.288999 2.677197
-0.421488 8.617980 -2.311941 2.678371
-0.361793 8.632133 -2.315004 2.678528
-0.300999 8.619484 -2.310992 2.678323
-0.240413 8.606877 -2.307105 2.678124
-0.180022 8.594310 -2.303344 2.677931
-0.119831 8.581819 -2.299716 2.677745
-0.059825 8.569328 -2.296201 2.677565
0.000000 8.540964 -2.288544 2.677173
0.053500 7.663218 -2.053403 2.665134
0.106853 7.652089 -2.050571 2.664989
0.160058 7.640990 -2.047846 2.664850
0.213124 7.629920 -2.045228 2.664716
0.266057 7.618876 -2.042716 2.664587
0.318863 7.607860 -2.040309 2.664464
0.371551 7.596867 -2.038007 2.664346
0.424218 7.587667 -2.036284 2.664258
0.477161 7.584249 -2.036211 2.664254
0.530155 7.581562 -2.036434 2.664265
0.583162 7.578873 -2.036756 2.664282
0.636192 7.576183 -2.037177 2.664304
0.689243 7.573491 -2.037697 2.664330
0.743721 7.585040 -2.042152 2.664558
0.851750 8.103863 -2.183384 2.671789
1.209212 10.780375 -2.906708 2.708823
1.285179 10.777806 -2.908364 2.708908
1.361164 10.774705 -2.910020 2.708993
1.437169 10.771068 -2.911676 2.709078
1.513189 10.766895 -2.913333 2.709163
1.589221 10.762187 -2.914990 2.709247
1.665266 10.756942 -2.916648 2.709332
1.741310 10.751160 -2.918305 2.709417
1.817378 10.744978 -2.920000 2.709504
1.893420 10.738118 -2.921657 2.709589
1.969455 10.730720 -2.923313 2.709674
2.045483 10.722780 -2.924970 2.709758
2.121491 10.714301 -2.926626 2.709843
2.197480 10.705282 -2.928281 2.709928
2.273446 10.695721 -2.929936 2.710013
2.349385 10.685618 -2.931590 2.710097
2.425298 10.674973 -2.933244 2.710182
2.501171 10.663786 -2.934896 2.710267
2.577005 10.652056 -2.936548 2.710351
2.652796 10.639783 -2.938198 2.710436
2.728540 10.626966 -2.939848 2.710520
2.804240 10.613605 -2.941496 2.710605
2.879878 10.599702 -2.943143 2.710689
2.955457 10.585255 -2.944789 2.710773
3.030974 10.570262 -2.946433 2.710857
3.106424 10.554726 -2.948076 2.710941
3.181808 10.538644 -2.949717 2.711025
3.257111 10.522018 -2.951356 2.711109
3.332336 10.504848 -2.952993 2.711193
3.407477 10.487134 -2.954629 2.711277
3.482530 10.468875 -2.956263 2.711360
3.557498 10.450070 -2.957894 2.711444
3.632365 10.430722 -2.959523 2.711528
3.707131 10.410830 -2.961150 2.711611
3.781795 10.390394 -2.962775 2.711694
3.856350 10.369414 -2.964397 2.711777
3.930798 10.347889 -2.966017 2.711860
4.002000 10.317766 -2.965319 2.711824
4.072972 10.287149 -2.964620 2.711788
4.143889 10.256486 -2.964048 2.711759
4.211872 10.218770 -2.961573 2.711632
4.277928 10.176778 -2.957988 2.711449
4.343628 10.134438 -2.954423 2.711266
4.407630 10.088663 -2.949977 2.711039
4.469362 10.038350 -2.944318 2.710749
4.532832 9.992576 -2.940102 2.710533
4.598287 9.951595 -2.937418 2.710396
4.658601 9.900025 -2.931725 2.710104
4.718531 9.848330 -2.926100 2.709816
4.781822 9.804188 -2.922832 2.709649
4.846038 9.762283 -2.920355 2.709522
4.905459 9.711150 -2.915233 2.709260
4.961499 9.654029 -2.908412 2.708911
5.016577 9.595824 -2.901358 2.708549
5.073112 9.541137 -2.895461 2.708248
5.133234 9.493719 -2.891876 2.708064
5.193032 9.446082 -2.888339 2.707883
5.250331 9.394357 -2.883660 2.707643
5.306475 9.341084 -2.878609 2.707385
5.362227 9.287650 -2.873609 2.707129
5.417590 9.234060 -2.868660 2.706875
5.472560 9.180298 -2.863759 2.706624
5.527185 9.126462 -2.858932 2.706377
5.581417 9.072461 -2.854153 2.706133
5.635270 9.018317 -2.849427 2.705891
5.688745 8.964030 -2.844753 2.705651
5.741875 8.909639 -2.840145 2.705415
5.794618 8.855101 -2.835586 2.705182
5.846296 8.799381 -2.830745 2.704934
5.895587 8.740567 -2.824996 2.704640
5.937068 8.670871 -2.815798 2.704169
5.982435 8.607590 -2.808743 2.703808
6.029524 8.547391 -2.802767 2.703502
6.070516 8.479205 -2.794237 2.703065
6.109731 8.409323 -2.785197 2.702602
6.148462 8.339573 -2.776244 2.702144
6.186714 8.269945 -2.767377 2.701689
6.224443 8.200397 -2.758578 2.701239
6.260257 8.129107 -2.749232 2.700761
6.291823 8.053166 -2.738338 2.700203
6.322870 7.977479 -2.727545 2.699650
6.356959 7.906457 -2.718371 2.699181
6.392309 7.837741 -2.710022 2.698753
6.427238 7.769194 -2.701770 2.698331
6.461699 7.700753 -2.693591 2.697912
6.495688 7.632410 -2.685483 2.697497
6.526317 7.560806 -2.676256 2.697024
6.552330 7.484663 -2.665431 2.696470
6.580789 7.412118 -2.655893 2.695982
6.612974 7.344452 -2.648124 2.695584
6.642114 7.274044 -2.639393 2.695137
6.666409 7.199062 -2.629010 2.694605
6.693053 7.127374 -2.619831 2.694135
6.721591 7.058363 -2.611650 2.693716
6.749738 6.989558 -2.603563 2.693302
6.777522 6.920979 -2.595579 2.692894
6.804911 6.852581 -2.587683 2.692489
6.831871 6.784338 -2.579861 2.692089
6.854331 6.712255 -2.570585 2.691614
6.881979 6.645850 -2.563490 2.691251
6.909574 6.579899 -2.556596 2.690898
6.931030 6.508666 -2.547659 2.690440
6.949757 6.435542 -2.537966 2.689944
6.971577 6.365923 -2.529643 2.689518
6.995889 6.299126 -2.522446 2.689149
7.019838 6.232505 -2.515332 2.688785
7.042516 6.165253 -2.507972 2.688408
7.060595 6.094539 -2.499198 2.687959
7.078310 6.024112 -2.490521 2.687515
7.097538 5.955541 -2.482597 2.687109
7.119677 5.889910 -2.475898 2.686766
7.141474 5.824440 -2.469276 2.686427
7.162452 5.758756 -2.462568 2.686083
7.182307 5.692625 -2.455671 2.685730
7.201842 5.626696 -2.448860 2.685382
7.219386 5.559677 -2.441568 2.685008
7.233486 5.490511 -2.433312 2.684586
7.250325 5.423934 -2.426180 2.684220
7.269733 5.359708 -2.420094 2.683909
7.288838 5.295651 -2.414088 2.683601
7.307625 5.231747 -2.408155 2.683297
7.326097 5.167989 -2.402292 2.682997
7.344252 5.104385 -2.396502 2.682701
7.362095 5.040931 -2.390783 2.682408
7.379623 4.977619 -2.385132 2.682119
7.396818 4.914435 -2.379543 2.681833
7.413709 4.851392 -2.374022 2.681550
7.430315 4.788509 -2.368577 2.681271
7.446640 4.725780 -2.363206 2.680996
7.462667 4.663192 -2.357903 2.680725
7.478362 4.600720 -2.352657 2.680456
7.493788 4.538396 -2.347484 2.680191
7.510540 4.477178 -2.342883 2.679955
7.531362 4.418622 -2.339699 2.679792
7.551894 4.360088 -2.336564 2.679632
7.568002 4.299224 -2.332205 2.679409
7.582019 4.237444 -2.327350 2.679160
7.595752 4.175798 -2.322561 2.678915
7.609204 4.114280 -2.317835 2.678673
7.622376 4.052889 -2.313172 2.678434
7.635026 3.991496 -2.308498 2.678195
7.651221 3.932190 -2.305037 2.678018
7.667165 3.872962 -2.301639 2.677844
7.682861 3.813804 -2.298302 2.677673
7.694978 3.753091 -2.294033 2.677454
7.705831 3.692016 -2.289528 2.677224
7.716433 3.631075 -2.285090 2.676997
7.728992 3.571293 -2.281371 2.676806
7.743439 3.512579 -2.278341 2.676651
7.757647 3.453927 -2.275371 2.676499
7.771064 3.395095 -2.272300 2.676342
7.780485 3.334717 -2.268191 2.676131
7.794719 3.276596 -2.265617 2.676000
7.808818 3.218561 -2.263128 2.675872
7.822668 3.160563 -2.260692 2.675747
7.836269 3.102599 -2.258308 2.675625
7.849625 3.044666 -2.255976 2.675506
7.861392 2.986260 -2.253311 2.675370
7.869426 2.926612 -2.249703 2.675185
7.877397 2.867138 -2.246205 2.675006
7.886255 2.808170 -2.243086 2.674846
7.899210 2.750793 -2.241254 2.674752
7.911907 2.693431 -2.239466 2.674661
7.924345 2.636078 -2.237723 2.674572
7.938989 2.579534 -2.236718 2.674520
7.955723 2.523705 -2.236415 2.674505
7.969812 2.467066 -2.235479 2.674456
7.980511 2.409456 -2.233707 2.674366
7.990972 2.351870 -2.231985 2.674278
8.001197 2.294306 -2.230313 2.674192
8.011186 2.236764 -2.228690 2.674109
8.020941 2.179239 -2.227117 2.674028
8.032469 2.122268 -2.226150 2.673979
8.047245 2.066180 -2.226193 2.673981
8.061786 2.010029 -2.226279 2.673985
8.073497 1.953185 -2.225693 2.673955
8.082102 1.895637 -2.224363 2.673887
8.090475 1.838109 -2.223081 2.673822
8.101231 1.781170 -2.222565 2.673795
8.113883 1.724659 -2.222679 2.673801
8.126987 1.668232 -2.223024 2.673819
8.137938 1.611352 -2.222888 2.673812
8.149737 1.554644 -2.223093 2.673822
8.161319 1.497881 -2.223345 2.673835
8.172684 1.441064 -2.223646 2.673851
8.181223 1.383751 -2.223287 2.673832
8.187555 1.326092 -2.222438 2.673789
8.193659 1.268443 -2.221637 2.673748
8.200046 1.210876 -2.221022 2.673716
8.210329 1.153886 -2.221571 2.673744
8.220976 1.096913 -2.222326 2.673783
8.236411 1.040498 -2.224480 2.673893
8.248590 0.983583 -2.225861 2.673964
8.258623 0.926352 -2.226769 2.674011
8.268450 0.869049 -2.227728 2.674060
8.278038 0.811669 -2.228730 2.674111
8.287364 0.754206 -2.229769 2.674164
8.296454 0.696671 -2.230852 2.674219
8.305308 0.639058 -2.231979 2.674277
8.317410 0.581610 -2.234086 2.674385
8.330875 0.524135 -2.236665 2.674517
8.344126 0.466506 -2.239293 2.674652
8.357382 0.408742 -2.242030 2.674792
8.370023 0.350807 -2.244710 2.674929
8.382663 0.292729 -2.247497 2.675072
8.395084 0.234497 -2.250334 2.675217
8.407265 0.176104 -2.253214 2.675364
8.419218 0.117560 -2.256143 2.675514
8.430953 0.058859 -2.259122 2.675667
