# .PCD v0.7 - Point Cloud Data file format
VERSION 0.7
FIELDS x y z intensity
SIZE 4 4 4 4
TYPE F F F F
COUNT 1 1 1 1
WIDTH 14400
HEIGHT 1
VIEWPOINT 0 0 0 1 0 0 0
POINTS 14400
DATA ascii
27.791771 -0.000000 7.446783 2.178725
27.792593 -0.194032 7.447185 2.178704
27.793425 -0.388095 7.447951 2.178665
27.794262 -0.582207 7.449084 2.178607
27.795109 -0.776388 7.450582 2.178530
27.731802 -0.968416 7.435243 2.179316
27.448139 -1.150418 7.361164 2.183108
27.170067 -1.328838 7.288899 2.186808
26.897392 -1.503798 7.218390 2.190418
26.782436 -1.685009 7.190521 2.191845
26.783300 -1.872871 7.194088 2.191663
26.871830 -2.067675 7.221569 2.190256
27.322979 -2.294375 7.346937 2.183837
27.790100 -2.529098 7.477108 2.177172
27.804041 -2.726210 7.485797 2.176727
27.804983 -2.922422 7.491361 2.176442
27.805935 -3.118936 7.497302 2.176138
27.806896 -3.315772 7.503620 2.175815
27.807867 -3.512951 7.510316 2.175472
27.609848 -3.683941 7.463600 2.177864
27.309864 -3.838151 7.389571 2.181654
27.015762 -3.989341 7.317350 2.185352
26.794365 -4.147987 7.265049 2.188030
26.795347 -4.339900 7.273355 2.187604
26.796341 -4.532262 7.282035 2.187160
27.185503 -4.793538 7.396706 2.181289
27.625660 -5.070258 7.525913 2.174673
27.817053 -5.306387 7.587961 2.171496
27.818127 -5.508138 7.598558 2.170954
27.819210 -5.710464 7.609559 2.170391
27.820307 -5.913389 7.620965 2.169806
27.821413 -6.116935 7.632781 2.169202
27.734264 -6.301071 7.620755 2.169817
27.461897 -6.441130 7.558086 2.173026
27.193962 -6.578912 7.496803 2.176164
26.930330 -6.714486 7.436867 2.179232
26.809082 -6.883403 7.416474 2.180276
26.810219 -7.083566 7.430288 2.179569
27.078161 -7.356974 7.518599 2.175048
27.830700 -7.770472 7.742424 2.163588
27.831917 -7.980674 7.758074 2.162786
27.833147 -8.191741 7.774169 2.161963
27.834391 -8.403699 7.790714 2.161115
27.835648 -8.616573 7.807713 2.160245
27.836920 -8.830392 7.825171 2.159351
27.700167 -9.000330 7.804203 2.160425
27.447189 -9.130465 7.750699 2.163164
27.197647 -9.258835 7.698298 2.165847
26.951450 -9.385489 7.646972 2.168475
26.824850 -9.551900 7.629786 2.169355
26.826159 -9.763924 7.649360 2.168353
27.443014 -10.205966 7.845380 2.158317
27.847612 -10.578317 7.981965 2.151323
27.849018 -10.801923 8.003788 2.150206
27.850441 -11.026770 8.026126 2.149062
27.851879 -11.252890 8.048985 2.147892
27.847565 -11.477938 8.070699 2.146780
27.632977 -11.615835 8.031815 2.148771
27.420443 -11.752418 7.993693 2.150723
27.209911 -11.887719 7.956319 2.152637
27.001335 -12.021770 7.919678 2.154512
26.841597 -12.175888 7.897566 2.155644
26.843103 -12.403255 7.923294 2.154327
27.864017 -13.111812 8.251456 2.137525
27.865618 -13.350967 8.279331 2.136098
27.867237 -13.591761 8.307803 2.134640
27.868879 -13.834231 8.336883 2.133152
27.870539 -14.078424 8.366578 2.131631
27.681190 -14.226200 8.339348 2.133025
27.444889 -14.347841 8.298134 2.135135
27.210903 -14.468295 8.257727 2.137204
26.979179 -14.587588 8.218111 2.139233
26.859221 -14.765982 8.212771 2.139506
26.860945 -15.012075 8.245145 2.137849
27.882771 -15.839620 8.592536 2.120062
27.884611 -16.099188 8.627528 2.118270
27.886473 -16.360897 8.663235 2.116442
27.888361 -16.624802 8.699666 2.114577
27.810749 -16.842789 8.711924 2.113950
27.574942 -16.964218 8.674944 2.115843
27.341118 -17.084627 8.638698 2.117699
27.109234 -17.204044 8.603170 2.119518
26.879242 -17.322489 8.568353 2.121300
26.879524 -17.589468 8.607378 2.119302
27.902315 -18.538256 8.976123 2.100422
27.904421 -18.821770 9.018852 2.098235
27.906555 -19.108019 9.062437 2.096003
27.908722 -19.397066 9.106894 2.093727
27.910917 -19.688988 9.152243 2.091405
27.913147 -19.983852 9.198498 2.089037
27.915407 -20.281733 9.245679 2.086621
27.121765 -19.995892 9.028837 2.097723
26.731390 -19.997635 8.945140 2.102009
26.496828 -20.112188 8.913418 2.103633
26.346924 -20.289864 8.910424 2.103786
26.197117 -20.467432 8.907869 2.103917
26.047394 -20.644913 8.905750 2.104026
25.800894 -20.744452 8.870770 2.105817
25.437197 -20.746073 8.795309 2.109680
25.079618 -20.747667 8.721542 2.113457
24.727974 -20.749235 8.649421 2.117150
24.382076 -20.750776 8.578897 2.120760
23.185806 -20.013451 8.206946 2.139804
22.862822 -20.014889 8.141884 2.143136
22.681812 -20.137857 8.127292 2.143883
22.545244 -20.299829 8.128941 2.143798
22.408619 -20.461882 8.130988 2.143693
22.271923 -20.624027 8.133434 2.143568
22.108107 -20.760895 8.126344 2.143931
21.802511 -20.762253 8.067099 2.146964
21.501328 -20.763592 8.009099 2.149934
21.204426 -20.764910 7.952311 2.152842
20.911694 -20.766209 7.896706 2.155689
20.623009 -20.767490 7.842252 2.158477
19.614164 -20.029327 7.511612 2.175406
19.343256 -20.030529 7.461236 2.177985
19.075941 -20.031713 7.411889 2.180511
18.899590 -20.126019 7.397781 2.181234
18.774445 -20.274557 7.404020 2.180914
18.649086 -20.423357 7.410634 2.180576
18.523502 -20.572433 7.417622 2.180218
18.397678 -20.721806 7.424987 2.179841
18.190001 -20.778269 7.399535 2.181144
17.936289 -20.779392 7.355162 2.183416
17.685589 -20.780500 7.311671 2.185642
17.437828 -20.781595 7.269045 2.187825
17.192924 -20.782677 7.227262 2.189964
16.950809 -20.783745 7.186306 2.192061
16.711409 -20.784801 7.146156 2.194117
16.474657 -20.785847 7.106797 2.196132
15.662281 -20.046806 6.816564 2.210992
15.438877 -20.047792 6.780083 2.212860
15.217841 -20.048765 6.744318 2.214691
15.080992 -20.159178 6.745877 2.214611
14.964586 -20.297474 6.757030 2.214040
14.847795 -20.436237 6.768551 2.213450
14.730600 -20.575487 6.780445 2.212841
14.612991 -20.715237 6.792713 2.212213
14.452727 -20.794750 6.785535 2.212581
14.239104 -20.795689 6.753238 2.214234
14.027496 -20.796619 6.721574 2.215855
13.817851 -20.797539 6.690529 2.217445
13.610125 -20.798450 6.660093 2.219003
13.404268 -20.799355 6.630254 2.220531
13.200237 -20.800249 6.601001 2.222029
12.997992 -20.801136 6.572325 2.223497
12.797483 -20.802013 6.544213 2.224936
12.430979 -20.525986 6.429917 2.230788
11.959991 -20.063074 6.258598 2.239560
11.771419 -20.063900 6.233067 2.240867
11.584370 -20.064718 6.208045 2.242148
11.398806 -20.065529 6.183523 2.243403
11.276872 -20.177586 6.193643 2.242886
11.165524 -20.310015 6.210214 2.242037
11.053576 -20.443165 6.227179 2.241168
10.941013 -20.577053 6.244544 2.240279
10.827816 -20.711704 6.262313 2.239369
10.695504 -20.811201 6.269667 2.238993
10.512896 -20.811996 6.247643 2.240121
10.331556 -20.812786 6.226076 2.241225
10.151457 -20.813572 6.204958 2.242306
9.972565 -20.814350 6.184284 2.243365
9.794852 -20.815123 6.164046 2.244401
9.618290 -20.815891 6.144238 2.245415
9.442853 -20.816654 6.124856 2.246407
9.268509 -20.817411 6.105891 2.247378
9.095231 -20.818165 6.087338 2.248328
8.922996 -20.818913 6.069194 2.249257
8.640012 -20.553782 5.974172 2.254122
8.318565 -20.182352 5.849190 2.260521
8.112780 -20.079834 5.802922 2.262890
7.950447 -20.080538 5.786943 2.263709
7.788997 -20.081238 5.771333 2.264508
7.628408 -20.081932 5.756086 2.265288
7.499943 -20.166739 5.765246 2.264819
7.388424 -20.299530 5.788321 2.263638
7.276005 -20.433399 5.811867 2.262432
7.162663 -20.568373 5.835892 2.261202
7.048378 -20.704479 5.860405 2.259947
6.928402 -20.827545 5.881405 2.258872
6.767505 -20.828239 5.868116 2.259552
6.607325 -20.828930 5.855172 2.260215
6.447842 -20.829618 5.842568 2.260860
6.289037 -20.830301 5.830303 2.261488
6.130892 -20.830982 5.818371 2.262099
5.973382 -20.831661 5.806771 2.262693
5.816492 -20.832336 5.795499 2.263270
5.660202 -20.833008 5.784552 2.263831
5.504493 -20.833677 5.773926 2.264375
5.349350 -20.834343 5.763620 2.264903
5.194750 -20.835007 5.753631 2.265414
5.028460 -20.785166 5.730032 2.266622
4.818059 -20.541906 5.653560 2.270538
4.613189 -20.305035 5.579368 2.274336
4.418339 -20.095757 5.513253 2.277721
4.271618 -20.096384 5.505110 2.278138
4.125323 -20.097010 5.497258 2.278540
3.979438 -20.097635 5.489696 2.278928
3.833946 -20.098257 5.482420 2.279300
3.699863 -20.158966 5.491801 2.278820
3.580422 -20.305584 5.524799 2.277130
3.459532 -20.453987 5.558470 2.275406
3.337155 -20.604225 5.592830 2.273647
3.213250 -20.756344 5.627895 2.271852
3.077984 -20.844063 5.645715 2.270939
2.929531 -20.844696 5.640210 2.271221
2.781360 -20.845327 5.634989 2.271489
2.633455 -20.845957 5.630052 2.271741
2.485803 -20.846584 5.625397 2.271980
2.338390 -20.847212 5.621024 2.272203
2.191196 -20.847837 5.616931 2.272413
2.044209 -20.848463 5.613118 2.272608
1.897414 -20.849087 5.609582 2.272789
1.750797 -20.849709 5.606325 2.272956
1.604346 -20.850330 5.603343 2.273109
1.458040 -20.850950 5.600638 2.273247
1.311869 -20.851570 5.598208 2.273372
1.159077 -20.731640 5.563701 2.275138
1.004968 -20.548103 5.512429 2.277764
0.853668 -20.367905 5.462355 2.280327
0.705083 -20.190931 5.413441 2.282832
0.561783 -20.112167 5.391141 2.283974
0.421301 -20.112761 5.390380 2.284013
0.280852 -20.113354 5.389883 2.284038
0.140424 -20.113947 5.389647 2.284050
-0.000000 -20.114540 5.389675 2.284049
-0.141243 -20.231133 5.421048 2.282442
-0.284894 -20.402584 5.467389 2.280070
-0.431029 -20.577005 5.514802 2.277642
-0.579725 -20.754492 5.563319 2.275158
-0.728454 -20.860184 5.592876 2.273645
-0.874327 -20.860796 5.594541 2.273560
-1.020295 -20.861410 5.596479 2.273460
-1.166370 -20.862024 5.598692 2.273347
-1.312566 -20.862638 5.601180 2.273220
-1.458901 -20.863253 5.603942 2.273078
-1.605388 -20.863867 5.606981 2.272923
-1.752041 -20.864481 5.610297 2.272753
-1.898875 -20.865097 5.613890 2.272569
-2.045901 -20.865713 5.617762 2.272370
-2.193140 -20.866329 5.621913 2.272158
-2.340604 -20.866945 5.626345 2.271931
-2.488308 -20.867563 5.631058 2.271690
-2.623590 -20.767839 5.608954 2.272821
-2.751282 -20.619904 5.574052 2.274609
-2.877403 -20.473783 5.539847 2.276360
-3.001990 -20.329432 5.506325 2.278076
-3.125084 -20.186804 5.473469 2.279758
-3.260060 -20.128208 5.463620 2.280263
-3.404533 -20.128809 5.470101 2.279931
-3.549359 -20.129414 5.476866 2.279584
-3.694550 -20.130016 5.483914 2.279224
-3.842405 -20.142584 5.494512 2.278681
-4.033553 -20.370922 5.564344 2.275105
-4.229630 -20.605154 5.636253 2.271424
-4.430858 -20.845547 5.710332 2.267631
-4.589957 -20.876318 5.727400 2.266757
-4.743129 -20.876953 5.736519 2.266290
-4.896797 -20.877590 5.745948 2.265807
-5.050975 -20.878229 5.755689 2.265309
-5.205688 -20.878870 5.765744 2.264794
-5.360949 -20.879513 5.776116 2.264263
-5.516778 -20.880159 5.786808 2.263715
-5.673192 -20.880806 5.797823 2.263151
-5.830207 -20.881454 5.809164 2.262571
-5.987848 -20.882107 5.820833 2.261973
-6.146132 -20.882761 5.832834 2.261359
-6.305077 -20.883417 5.845170 2.260727
-6.427283 -20.763189 5.823936 2.261814
-6.543651 -20.628201 5.798745 2.263104
-6.659022 -20.494360 5.774050 2.264369
-6.773418 -20.361645 5.749841 2.265608
-6.886863 -20.230024 5.726111 2.266823
-7.014800 -20.143755 5.715415 2.267371
-7.173100 -20.144407 5.729669 2.266641
-7.332203 -20.145061 5.744275 2.265893
-7.492126 -20.145718 5.759237 2.265127
-7.682486 -20.224281 5.796888 2.263199
-7.984508 -20.585285 5.916196 2.257091
-8.271533 -20.891508 6.020654 2.251743
-8.440998 -20.892204 6.037691 2.250870
-8.611434 -20.892902 6.055119 2.249978
-8.782865 -20.893604 6.072946 2.249065
-8.955316 -20.894312 6.091175 2.248132
-9.128810 -20.895021 6.109812 2.247178
-9.303381 -20.895737 6.128864 2.246202
-9.479053 -20.896454 6.148335 2.245205
-9.655853 -20.897177 6.168232 2.244186
-9.833810 -20.897903 6.188560 2.243146
-10.012948 -20.898636 6.209326 2.242082
-10.161763 -20.834702 6.211257 2.241984
-10.276362 -20.701597 6.192814 2.242928
-10.390287 -20.569269 6.174778 2.243851
-10.503553 -20.437698 6.157145 2.244754
-10.616175 -20.306870 6.139909 2.245637
-10.728172 -20.176758 6.123065 2.246499
-10.900285 -20.159653 6.140820 2.245590
-11.083274 -20.160398 6.164466 2.244379
-11.267687 -20.161148 6.188598 2.243144
-11.569324 -20.365694 6.276024 2.238667
-12.070671 -20.907015 6.468653 2.228805
-12.266541 -20.907810 6.495238 2.227444
-12.464037 -20.908613 6.522360 2.226055
-12.663198 -20.909420 6.550031 2.224638
-12.864062 -20.910236 6.578259 2.223193
-13.066679 -20.911057 6.607056 2.221719
-13.271087 -20.911884 6.636430 2.220215
-13.477330 -20.912720 6.666392 2.218681
-13.685454 -20.913563 6.696955 2.217116
-13.891502 -20.908394 6.726191 2.215619
-14.009972 -20.770638 6.713176 2.216285
-14.127986 -20.633400 6.700537 2.216932
-14.245559 -20.496670 6.688268 2.217561
-14.362704 -20.360426 6.676368 2.218170
-14.479433 -20.224659 6.664833 2.218760
-14.657907 -20.174877 6.681988 2.217882
-14.874848 -20.175753 6.716509 2.216115
-15.094054 -20.176636 6.751719 2.214312
-15.880991 -20.922428 7.038214 2.199643
-16.113159 -20.923365 7.076198 2.197699
-16.347862 -20.924309 7.114943 2.195715
-16.585167 -20.925264 7.154466 2.193691
-16.825123 -20.926229 7.194782 2.191627
-17.067812 -20.927206 7.235909 2.189521
-17.313311 -20.928192 7.277867 2.187373
-17.561676 -20.929192 7.320672 2.185182
-17.738630 -20.842813 7.333598 2.184520
-17.864532 -20.696257 7.325736 2.184922
-17.990166 -20.550001 7.318244 2.185306
-18.115549 -20.404028 7.311122 2.185670
-18.240685 -20.258333 7.304369 2.186016
-18.436071 -20.190067 7.325986 2.184910
-18.697180 -20.191114 7.373549 2.182474
-19.661726 -20.937614 7.696102 2.165960
-19.939686 -20.938726 7.747492 2.163328
-20.221382 -20.939854 7.799954 2.160642
-20.506947 -20.940996 7.853518 2.157900
-20.796461 -20.942156 7.908209 2.155100
-21.090052 -20.943329 7.964058 2.152240
-21.387844 -20.944519 8.021097 2.149320
-21.552835 -20.813330 8.028285 2.148952
-21.689253 -20.654388 8.025190 2.149110
-21.825562 -20.495564 8.022487 2.149249
-21.961779 -20.336832 8.020174 2.149367
-22.127110 -20.204823 8.028841 2.148923
-22.441120 -20.206076 8.091397 2.145720
-23.379406 -20.757200 8.377251 2.131085
-23.381699 -20.469128 8.326665 2.133675
-23.383955 -20.184490 8.277084 2.136213
-23.386177 -19.903193 8.228485 2.138701
-23.388365 -19.625168 8.180848 2.141140
-23.390520 -19.350313 8.134150 2.143532
-23.392641 -19.078569 8.088371 2.145875
-23.394730 -18.809847 8.043492 2.148173
-22.396536 -17.751270 7.657500 2.167936
-22.423777 -17.519373 7.624811 2.169610
-22.620054 -17.419781 7.650011 2.168319
-22.817633 -17.319523 7.675752 2.167001
-23.016552 -17.218582 7.702042 2.165655
-23.216852 -17.116934 7.728890 2.164281
-23.408520 -17.007284 7.752982 2.163047
-23.410379 -16.760180 7.714654 2.165010
-23.412210 -16.515495 7.677075 2.166934
-23.414017 -16.273167 7.640228 2.168820
-23.415798 -16.033129 7.604098 2.170670
-22.416414 -15.120063 7.245100 2.189051
-22.418074 -14.894527 7.211851 2.190753
-22.580687 -14.776385 7.230801 2.189783
-22.775217 -14.677628 7.260104 2.188282
-22.971344 -14.578054 7.290002 2.186752
-23.169092 -14.477654 7.320504 2.185190
-23.368513 -14.376400 7.351621 2.183597
-23.429209 -14.189231 7.339373 2.184224
-23.430786 -13.967553 7.309143 2.185772
-23.432344 -13.747671 7.279510 2.187289
-23.433882 -13.529558 7.250468 2.188776
-22.433496 -12.743995 6.913251 2.206042
-22.434931 -12.538457 6.886550 2.207408
-22.436348 -12.334488 6.860385 2.208748
-22.608507 -12.224371 6.886763 2.207398
-22.782635 -12.113741 6.913874 2.206010
-22.958149 -12.002225 6.941539 2.204593
-23.135071 -11.889810 6.969766 2.203148
-23.313442 -11.776468 6.998563 2.201674
-23.446880 -11.639129 7.014056 2.200880
-23.448238 -11.436469 6.990407 2.202091
-23.449579 -11.235150 6.967253 2.203276
-23.450903 -11.035155 6.944587 2.204437
-23.452211 -10.836445 6.922403 2.205573
-23.453506 -10.638979 6.900692 2.206685
-22.452051 -9.996297 6.585341 2.222830
-22.453260 -9.809584 6.565449 2.223849
-22.492851 -9.640447 6.557186 2.224272
-22.692432 -9.539021 6.595794 2.222295
-22.894392 -9.436384 6.635184 2.220279
-23.098774 -9.332510 6.675373 2.218221
-23.305662 -9.227360 6.716381 2.216121
-23.463331 -9.100824 6.743344 2.214741
-23.464497 -8.913327 6.725632 2.215648
-23.465651 -8.726794 6.708335 2.216533
-23.466791 -8.541213 6.691452 2.217398
-23.467918 -8.356545 6.674974 2.218241
-23.469034 -8.172781 6.658901 2.219064
-23.470137 -7.989888 6.643226 2.219867
-22.693806 -7.549222 6.408410 2.231889
-22.468828 -7.300564 6.330333 2.235887
-22.469849 -7.127851 6.316446 2.236598
-22.507957 -6.967375 6.313332 2.236757
-22.719980 -6.859568 6.359215 2.234408
-22.935123 -6.750171 6.406085 2.232008
-23.153458 -6.639147 6.453966 2.229557
-23.375095 -6.526440 6.502887 2.227052
-23.479548 -6.379250 6.519397 2.226207
-23.480539 -6.203827 6.507488 2.226817
-23.481520 -6.029027 6.495936 2.227408
-23.482491 -5.854842 6.484739 2.227981
-23.483452 -5.681241 6.473893 2.228537
-23.484402 -5.508215 6.463397 2.229074
-23.313457 -5.296689 6.406016 2.232012
-22.914907 -5.038166 6.286685 2.238122
-22.530920 -4.789095 6.172015 2.243993
-22.483952 -4.615288 6.150172 2.245111
-22.484818 -4.452112 6.141757 2.245542
-22.518631 -4.295660 6.142653 2.245496
-22.753685 -4.176080 6.198666 2.242628
-22.993061 -4.054296 6.256015 2.239692
-23.236923 -3.930227 6.314746 2.236685
-23.485407 -3.803804 6.374901 2.233605
-23.494246 -3.637102 6.370253 2.233843
-23.495089 -3.469450 6.363758 2.234175
-23.495922 -3.302136 6.357585 2.234492
-23.496748 -3.135132 6.351731 2.234791
-23.497566 -2.968431 6.346196 2.235075
-23.498377 -2.802013 6.340977 2.235342
-23.209700 -2.603382 6.258020 2.239589
-22.813831 -2.397830 6.146619 2.245293
-22.496059 -2.205754 6.056707 2.249897
-22.496807 -2.047368 6.052912 2.250091
-22.497545 -1.889173 6.049415 2.250270
-22.576447 -1.737160 6.067222 2.249358
-22.800663 -1.594377 6.124338 2.246434
-23.029156 -1.448868 6.182844 2.243438
-23.262051 -1.300549 6.242782 2.240370
-23.499512 -1.149319 6.304202 2.237225
-23.506784 -0.985223 6.304154 2.237227
-23.507507 -0.820900 6.302657 2.237304
-23.508221 -0.656640 6.301466 2.237365
-23.508928 -0.492440 6.300580 2.237410
-23.509630 -0.328279 6.300000 2.237440
-23.510324 -0.164133 6.299726 2.237454
-23.357735 0.000000 6.258687 2.239555
-23.047762 0.160910 6.175779 2.243800
-22.745884 0.317615 6.095335 2.247919
-22.507814 0.471471 6.032273 2.251148
-22.508448 0.628721 6.033473 2.251086
-22.509075 0.786034 6.034965 2.251010
-22.630379 0.948498 6.069115 2.249261
-22.974348 1.123635 6.163316 2.244438
-23.329172 1.304302 6.260795 2.239447
-23.516916 1.479562 6.313797 2.236733
-23.517540 1.644507 6.316894 2.236575
-23.518160 1.809628 6.320300 2.236401
-23.518774 1.974928 6.324016 2.236210
-23.519381 2.140430 6.328043 2.236004
-23.519983 2.306157 6.332383 2.235782
-23.520580 2.472113 6.337035 2.235544
-23.451933 2.630560 6.323334 2.236245
-23.191952 2.765474 6.258289 2.239576
-22.937246 2.897647 6.194865 2.242823
-22.687628 3.027179 6.133007 2.245990
-22.517807 3.164672 6.092924 2.248042
-22.518345 3.325224 6.099203 2.247721
-22.518879 3.486108 6.105791 2.247384
-22.767344 3.687504 6.179989 2.243584
-23.247400 3.932006 6.317594 2.236539
-23.526236 4.148310 6.401083 2.232265
-23.526772 4.317975 6.409275 2.231845
-23.527302 4.488074 6.417799 2.231409
-23.527828 4.658634 6.426657 2.230955
-23.528347 4.829679 6.435853 2.230484
-23.528862 5.001215 6.445387 2.229996
-23.490631 5.164754 6.444634 2.230035
-23.293821 5.292228 6.400620 2.232288
-23.099669 5.417977 6.357510 2.234495
-22.908092 5.542054 6.315279 2.236658
-22.719040 5.664493 6.273911 2.238776
-22.532427 5.785348 6.233379 2.240851
-22.526278 5.951701 6.243021 2.240357
-22.526731 6.120377 6.254836 2.239752
-22.763054 6.355562 6.332620 2.235770
-23.533731 6.748189 6.559967 2.224130
-23.534191 6.926494 6.573414 2.223441
-23.534647 7.105530 6.587236 2.222733
-23.535095 7.285328 6.601437 2.222006
-23.535540 7.465916 6.616021 2.221260
-23.535980 7.647304 6.630991 2.220493
-23.495377 7.815876 6.634763 2.220300
-23.282791 7.926110 6.590197 2.222582
-23.073029 8.034878 6.546542 2.224817
-22.866005 8.142221 6.503773 2.227007
-22.661663 8.248171 6.461873 2.229152
-22.532204 8.379656 6.441483 2.230196
-22.532593 8.559331 6.458519 2.229324
-22.532976 8.739964 6.475961 2.228431
-23.196430 9.184119 6.684902 2.217733
-23.540108 9.510821 6.802915 2.211691
-23.540495 9.702697 6.822437 2.210691
-23.540876 9.895675 6.842402 2.209669
-23.541252 10.089792 6.862819 2.208624
-23.541624 10.285086 6.883693 2.207555
-23.528952 10.475764 6.901204 2.206658
-23.325806 10.581059 6.863120 2.208608
-23.124884 10.685198 6.825785 2.210520
-22.926123 10.788214 6.789183 2.212394
-22.729464 10.890138 6.753295 2.214231
-22.537210 10.992132 6.718811 2.215997
-22.537535 11.187734 6.742029 2.214808
-22.537851 11.384690 6.765736 2.213594
-23.544744 12.100353 7.093185 2.196829
-23.545065 12.309067 7.118998 2.195507
-23.545382 12.519302 7.145346 2.194158
-23.545694 12.731114 7.172239 2.192781
-23.546000 12.944526 7.199685 2.191376
-23.531336 13.151218 7.223099 2.190177
-23.332066 13.254461 7.190161 2.191864
-23.134598 13.356767 7.157869 2.193517
-22.938875 13.458163 7.126210 2.195138
-22.744873 13.558667 7.095174 2.196727
-22.552540 13.658302 7.064750 2.198285
-22.541281 13.867493 7.091379 2.196921
-22.541533 14.085514 7.122221 2.195342
-23.548523 14.944352 7.473173 2.177374
-23.548777 15.176152 7.506693 2.175657
-23.549023 15.410048 7.540883 2.173907
-23.549265 15.646099 7.575755 2.172121
-23.401379 15.784430 7.563446 2.172751
-23.221960 15.900414 7.541152 2.173893
-23.043592 16.015717 7.519355 2.175009
-22.866241 16.130358 7.498047 2.176100
-22.689873 16.244358 7.477221 2.177166
-22.543766 16.379005 7.466573 2.177711
-22.543961 16.620848 7.504887 2.175750
-23.550993 17.618397 7.880883 2.156499
-23.551182 17.876320 7.922515 2.154367
-23.551365 18.136997 7.964978 2.152193
-23.551542 18.400482 8.008287 2.149976
-23.551712 18.666862 8.052464 2.147714
-23.551874 18.936195 8.097522 2.145407
-23.552031 19.208567 8.143483 2.143054
-22.623665 18.715927 7.867475 2.157185
-22.306278 18.717192 7.802353 2.160519
-22.146740 18.848360 7.792388 2.161030
-22.025808 19.012171 7.796349 2.160827
-21.904743 19.176151 7.800693 2.160604
-21.783527 19.340324 7.805421 2.160362
-21.662159 19.504696 7.810534 2.160100
-21.540615 19.669292 7.816033 2.159819
-21.340134 19.761183 7.793157 2.160990
-21.044779 19.762362 7.735493 2.163943
-20.753740 19.763523 7.679045 2.166833
-20.466915 19.764669 7.623787 2.169662
-20.184164 19.765800 7.569682 2.172432
-18.862152 18.730930 7.122756 2.195315
-18.601654 18.731972 7.073596 2.197832
-18.415020 18.804804 7.052378 2.198918
-18.304300 18.954659 7.060481 2.198503
-18.193312 19.104866 7.068947 2.198070
-18.082052 19.255432 7.077776 2.197618
-17.970503 19.406378 7.086972 2.197147
-17.858652 19.557724 7.096537 2.196657
-17.746492 19.709478 7.106473 2.196149
-17.558229 19.776316 7.086201 2.197186
-17.313713 19.777298 7.043070 2.199395
-17.072144 19.778269 7.000800 2.201559
-16.833437 19.779226 6.959371 2.203680
-16.597538 19.780174 6.918766 2.205759
-16.364353 19.781113 6.878963 2.207797
-15.288260 18.745260 6.481467 2.228149
-15.072277 18.746130 6.445228 2.230004
-14.858678 18.746990 6.409701 2.231823
-14.670204 18.777006 6.384790 2.233099
-14.567341 18.916084 6.397343 2.232456
-14.464067 19.055708 6.410257 2.231795
-14.360369 19.195898 6.423535 2.231115
-14.256227 19.336679 6.437181 2.230416
-14.151637 19.478058 6.451199 2.229699
-14.046578 19.620060 6.465593 2.228962
-13.941046 19.762695 6.480366 2.228205
-13.755542 19.791630 6.458207 2.229340
-13.552171 19.792452 6.427444 2.230915
-13.350726 19.793266 6.397285 2.232459
-13.151147 19.794075 6.367715 2.233973
-12.953402 19.794874 6.338727 2.235457
-12.757439 19.795668 6.310307 2.236912
-12.563210 19.796455 6.282445 2.238339
-12.370686 19.797235 6.255133 2.239737
-11.541468 18.760395 5.901929 2.257821
-11.362138 18.761122 5.877060 2.259094
-11.184305 18.761845 5.852684 2.260343
-11.007926 18.762562 5.828792 2.261566
-10.868024 18.823971 5.824157 2.261803
-10.769264 18.957340 5.842016 2.260889
-10.669892 19.091528 5.860270 2.259954
-10.569890 19.226557 5.878924 2.258999
-10.469238 19.362457 5.897985 2.258023
-10.367929 19.499239 5.917458 2.257026
-10.265936 19.636932 5.937349 2.256008
-10.163252 19.775553 5.957663 2.254967
-10.005164 19.806856 5.945906 2.255569
-9.832556 19.807560 5.925365 2.256621
-9.661134 19.808260 5.905254 2.257651
-9.490857 19.808956 5.885564 2.258659
-9.321711 19.809647 5.866291 2.259646
-9.153661 19.810333 5.847428 2.260612
-8.986673 19.811018 5.828968 2.261557
-8.820735 19.811697 5.810907 2.262482
-8.655808 19.812372 5.793239 2.263386
-8.400957 19.600904 5.714117 2.267437
-8.029407 19.101202 5.551965 2.275739
-7.738866 18.775902 5.441576 2.281391
-7.586210 18.776529 5.426276 2.282175
-7.434397 18.777151 5.411325 2.282940
-7.283416 18.777773 5.396718 2.283688
-7.133242 18.778389 5.382452 2.284418
-7.033077 18.911381 5.406365 2.283194
-6.932532 19.046976 5.431161 2.281924
-6.831051 19.183830 5.456452 2.280630
-6.728617 19.321959 5.482245 2.279309
-6.625203 19.461403 5.508553 2.277962
-6.520781 19.602198 5.535384 2.276588
-6.415334 19.744368 5.562747 2.275187
-6.287938 19.822104 5.572145 2.274706
-6.136158 19.822731 5.560143 2.275321
-5.985024 19.823355 5.548463 2.275919
-5.834511 19.823977 5.537101 2.276500
-5.684611 19.824596 5.526054 2.277066
-5.535295 19.825212 5.515320 2.277616
-5.386557 19.825829 5.504895 2.278149
-5.238373 19.826443 5.494777 2.278667
-5.090720 19.827053 5.484963 2.279170
-4.943592 19.827663 5.475451 2.279657
-4.796966 19.828272 5.466237 2.280129
-4.593698 19.585360 5.390298 2.284017
-4.386364 19.306669 5.305040 2.288382
-4.185478 19.036657 5.222690 2.292598
-3.994226 18.791359 5.147617 2.296442
-3.857430 18.791927 5.140271 2.296818
-3.721008 18.792494 5.133194 2.297180
-3.584964 18.793060 5.126388 2.297529
-3.449273 18.793625 5.119848 2.297864
-3.320171 18.829628 5.123217 2.297691
-3.209913 18.978130 5.157399 2.295941
-3.098157 19.128643 5.192297 2.294154
-2.984882 19.281195 5.227921 2.292331
-2.870035 19.435856 5.264295 2.290468
-2.753572 19.592686 5.301437 2.288566
-2.635448 19.751745 5.339368 2.286624
-2.506092 19.837811 5.357772 2.285682
-2.365581 19.838398 5.353341 2.285909
-2.225296 19.838984 5.349176 2.286122
-2.085223 19.839571 5.345279 2.286322
-1.945346 19.840157 5.341648 2.286508
-1.805642 19.840742 5.338281 2.286680
-1.666118 19.841328 5.335179 2.286839
-1.526749 19.841911 5.332340 2.286984
-1.387522 19.842497 5.329764 2.287116
-1.248423 19.843081 5.327450 2.287235
-1.109426 19.843664 5.325397 2.287340
-0.969403 19.820978 5.317363 2.287751
-0.822472 19.623653 5.262759 2.290547
-0.678522 19.430340 5.209517 2.293272
-0.537449 19.240896 5.157594 2.295931
-0.399143 19.055178 5.106939 2.298525
-0.263531 18.873083 5.057520 2.301055
-0.131301 18.807528 5.039585 2.301973
0.000000 18.808083 5.039610 2.301972
0.131309 18.808636 5.039882 2.301958
0.262649 18.809191 5.040399 2.301932
0.394012 18.809746 5.041162 2.301893
0.527727 18.892834 5.064294 2.300708
0.666460 19.084921 5.116907 2.298014
0.808113 19.281044 5.170876 2.295251
0.952804 19.481365 5.226256 2.292416
1.100623 19.686010 5.283088 2.289506
1.249086 19.853621 5.330279 2.287090
1.388342 19.854210 5.332911 2.286955
1.527742 19.854801 5.335804 2.286807
1.667311 19.855394 5.338962 2.286645
1.807041 19.855988 5.342383 2.286470
1.946957 19.856583 5.346070 2.286281
2.087074 19.857178 5.350023 2.286079
2.227404 19.857775 5.354243 2.285863
2.367974 19.858374 5.358731 2.285633
2.508776 19.858973 5.363489 2.285389
2.649835 19.859573 5.368516 2.285132
2.791166 19.860176 5.373816 2.284860
2.914872 19.739487 5.346535 2.286257
3.031012 19.579102 5.308697 2.288195
3.145518 19.420984 5.271650 2.290091
3.258443 19.265057 5.235372 2.291949
3.369831 19.111258 5.199843 2.293768
3.479724 18.959534 5.165046 2.295550
3.590751 18.823343 5.134649 2.297106
3.727242 18.823927 5.141780 2.296741
3.864120 18.824511 5.149184 2.296362
4.001399 18.825100 5.156860 2.295969
4.139094 18.825689 5.164812 2.295562
4.284096 18.856487 5.181341 2.294715
4.486588 19.128649 5.264603 2.290452
4.695704 19.409704 5.350847 2.286037
4.911793 19.700125 5.440230 2.281460
5.101764 19.870068 5.496862 2.278560
5.250073 19.870705 5.507045 2.278039
5.398930 19.871346 5.517534 2.277502
5.548361 19.871988 5.528333 2.276949
5.698386 19.872633 5.539445 2.276380
5.849023 19.873281 5.550873 2.275795
6.000302 19.873934 5.562621 2.275194
6.152218 19.874588 5.574690 2.274576
6.304802 19.875248 5.587084 2.273941
6.458075 19.875908 5.599808 2.273290
6.612054 19.876574 5.612864 2.272621
6.722692 19.747759 5.589606 2.273812
6.827852 19.606905 5.563095 2.275169
6.932025 19.467382 5.537103 2.276500
7.035237 19.329153 5.511623 2.277805
7.137510 19.192192 5.486643 2.279084
7.238875 19.056454 5.462154 2.280338
7.339338 18.921930 5.438149 2.281567
7.459289 18.840006 5.429439 2.282013
7.612124 18.840670 5.444812 2.281225
7.765836 18.841335 5.460540 2.280420
7.920458 18.842007 5.476628 2.279597
8.098644 18.895540 5.508487 2.277965
8.477758 19.404816 5.674069 2.269488
8.853946 19.886286 5.832785 2.261361
9.021147 19.887014 5.851328 2.260412
9.189437 19.887745 5.870278 2.259442
9.358815 19.888483 5.889637 2.258451
9.529323 19.889225 5.909414 2.257438
9.700988 19.889973 5.929615 2.256404
9.873839 19.890726 5.950244 2.255347
10.047920 19.891485 5.971312 2.254269
10.223233 19.892250 5.992821 2.253168
10.399822 19.893021 6.014780 2.252043
10.514441 19.774786 6.001079 2.252745
10.617588 19.636824 5.981560 2.253744
10.720082 19.499743 5.962457 2.254722
10.821924 19.363543 5.943768 2.255679
10.923137 19.228193 5.925485 2.256615
11.023737 19.093672 5.907603 2.257531
11.123739 18.959959 5.890116 2.258426
11.240730 18.856485 5.882208 2.258831
11.420376 18.857273 5.907181 2.257552
11.601563 18.858067 5.932657 2.256248
11.784329 18.858868 5.958646 2.254917
12.592181 19.842108 6.296933 2.237597
12.827032 19.903643 6.344728 2.235150
13.025155 19.904512 6.373837 2.233660
13.225114 19.905392 6.403527 2.232139
13.426954 19.906279 6.433811 2.230589
13.630723 19.907173 6.464699 2.229007
13.836485 19.908079 6.496206 2.227394
14.044256 19.908993 6.528339 2.225749
14.241473 19.892275 6.555300 2.224369
14.348604 19.749159 6.540989 2.225101
14.455277 19.606665 6.527060 2.225814
14.561514 19.464764 6.513507 2.226508
14.667312 19.323460 6.500329 2.227183
14.772690 19.182724 6.487521 2.227839
14.877663 19.042540 6.475080 2.228476
14.982243 18.902889 6.463004 2.229094
15.174926 18.873789 6.489120 2.227757
15.393882 18.874756 6.526244 2.225856
15.615369 18.875734 6.564116 2.223917
16.715513 19.920773 6.967944 2.203241
16.954803 19.921831 7.009546 2.201111
17.196999 19.922901 7.051997 2.198938
17.442139 19.923986 7.095310 2.196720
17.690323 19.925085 7.139509 2.194457
17.941629 19.926197 7.184614 2.192148
18.106234 19.828859 7.194919 2.191620
18.220522 19.676361 7.185569 2.192099
18.334515 19.524267 7.176595 2.192558
18.448233 19.372549 7.167994 2.192999
18.561689 19.221191 7.159764 2.193420
18.674896 19.070179 7.151902 2.193823
18.787872 18.919483 7.144407 2.194206
19.023186 18.890831 7.183563 2.192202
19.291904 18.892025 7.235056 2.189565
20.646608 19.938198 7.690722 2.166235
20.938528 19.939495 7.747418 2.163332
21.234823 19.940813 7.805345 2.160366
21.535572 19.942150 7.864527 2.157336
21.839979 19.942638 7.924656 2.154258
21.964371 19.776808 7.919500 2.154522
22.088610 19.611189 7.914738 2.154765
22.212721 19.445755 7.910368 2.154989
22.336699 19.280512 7.906391 2.155193
22.460560 19.115431 7.902805 2.155376
22.584322 18.950497 7.899608 2.155540
22.855705 18.907887 7.948167 2.153054
23.185177 18.909355 8.016636 2.149548
24.821251 19.956789 8.533953 2.123062
25.181234 19.958397 8.609605 2.119188
25.547676 19.960032 8.687037 2.115224
25.746687 19.827621 8.707427 2.114180
25.882904 19.646179 8.706894 2.114207
26.019106 19.464769 8.706787 2.114213
26.155317 19.283358 8.707106 2.114196
26.291552 19.101931 8.707851 2.114158
26.432566 18.923862 8.710588 2.114018
26.828817 18.925634 8.797409 2.109573
27.745359 19.283518 9.053586 2.096456
27.745626 18.997822 9.010176 2.098679
27.745899 18.714846 8.967617 2.100858
27.746181 18.434523 8.925895 2.102994
27.746468 18.156767 8.884990 2.105088
27.746763 17.881559 8.844893 2.107141
26.731951 16.964607 8.483438 2.125648
26.732246 16.704161 8.446318 2.127548
26.814209 16.496216 8.435622 2.128096
27.022015 16.365101 8.464845 2.126600
27.231262 16.233082 8.494685 2.125072
27.442007 16.100124 8.525155 2.123512
27.654284 15.966208 8.556265 2.121919
27.749350 15.763828 8.551420 2.122167
27.749702 15.508772 8.517953 2.123881
27.750061 15.255716 8.485164 2.125560
27.750425 15.004595 8.453038 2.127204
26.735546 14.215542 8.113469 2.144590
26.735909 13.977199 8.083770 2.146111
26.866623 13.807557 8.093946 2.145590
27.100809 13.689596 8.135508 2.143462
27.337427 13.570413 8.177900 2.141291
27.576542 13.449978 8.221141 2.139077
27.753143 13.297082 8.245914 2.137809
27.753555 13.059821 8.218744 2.139200
27.753975 12.824129 8.192156 2.140562
27.754398 12.589950 8.166138 2.141894
27.754827 12.357245 8.140683 2.143197
27.232670 11.897664 7.962974 2.152296
26.740278 11.460887 7.795408 2.160875
26.740709 11.240752 7.772467 2.162050
26.934240 11.101489 7.806001 2.160333
27.175949 10.979795 7.853646 2.157893
27.420643 10.856604 7.902264 2.155404
27.668421 10.731863 7.951883 2.152864
27.758480 10.544450 7.956416 2.152631
27.758963 10.323462 7.935702 2.153692
27.759451 10.103613 7.915484 2.154727
27.759945 9.884874 7.895755 2.155737
27.760445 9.667199 7.876508 2.156723
27.193796 9.257517 7.697207 2.165903
26.745823 8.897147 7.552642 2.173305
26.746323 8.690407 7.535467 2.174184
26.795433 8.500015 7.532402 2.174341
27.048203 8.372808 7.586839 2.171554
27.304651 8.243753 7.642442 2.168707
27.564905 8.112789 7.699245 2.165799
27.764656 7.961387 7.739326 2.163746
27.765209 7.752189 7.724205 2.164521
27.765768 7.543782 7.709521 2.165272
27.766335 7.336175 7.695269 2.166002
27.766905 7.129326 7.681446 2.166710
27.605776 6.882893 7.623393 2.169682
26.853621 6.496577 7.402978 2.180968
26.752752 6.274792 7.362914 2.183019
26.753325 6.078200 7.351214 2.183618
26.890879 5.912340 7.377489 2.182273
27.124193 5.765425 7.430275 2.179570
27.360889 5.616387 7.484191 2.176809
27.601084 5.465152 7.539272 2.173989
27.772320 5.297847 7.575758 2.172121
27.772951 5.097287 7.566039 2.172619
27.773590 4.897233 7.556715 2.173096
27.774237 4.697663 7.547783 2.173553
27.774887 4.498541 7.539241 2.173991
27.775547 4.299875 7.531088 2.174408
27.256151 4.024835 7.382460 2.182018
26.760679 3.760968 7.240971 2.189262
26.761332 3.570727 7.234226 2.189608
26.761992 3.380817 7.227848 2.189934
26.976652 3.216765 7.279580 2.187285
27.286983 3.060722 7.357377 2.183302
27.604044 2.901302 7.437223 2.179214
27.781052 2.723958 7.479608 2.177044
27.781771 2.528330 7.474866 2.177287
27.782495 2.332955 7.470497 2.177510
27.783228 2.137800 7.466499 2.177715
27.783968 1.942844 7.462871 2.177901
27.784716 1.748069 7.459612 2.178068
27.645266 1.545601 7.419095 2.180142
27.228968 1.331713 7.304701 2.185999
26.825300 1.124310 7.194128 2.191660
26.771173 0.934870 7.177687 2.192502
26.771929 0.747810 7.176315 2.192573
26.943632 0.564380 7.221108 2.190279
27.307850 0.381308 7.317830 2.185327
27.681982 0.193257 7.417546 2.180222
27.769560 -0.000000 6.411108 2.231751
27.770380 -0.193877 6.411454 2.231734
27.771208 -0.387785 6.412114 2.231700
27.772043 -0.581742 6.413088 2.231650
27.772884 -0.775767 6.414376 2.231584
27.712687 -0.967749 6.401878 2.232224
27.429409 -1.149633 6.338138 2.235487
27.151709 -1.327940 6.275958 2.238671
26.879395 -1.502792 6.215288 2.241777
26.760984 -1.683659 6.190475 2.243048
26.761837 -1.871370 6.193544 2.242891
26.843454 -2.065492 6.215619 2.241760
27.293627 -2.291910 6.323407 2.236242
27.759718 -2.526333 6.435321 2.230511
27.781704 -2.724020 6.444670 2.230033
27.782629 -2.920072 6.449456 2.229788
27.783562 -3.116426 6.454566 2.229526
27.784504 -3.313102 6.460001 2.229248
27.785454 -3.510119 6.465762 2.228953
27.594185 -3.681851 6.427078 2.230933
27.294525 -3.835996 6.363365 2.234196
27.000736 -3.987123 6.301208 2.237378
26.772680 -4.144630 6.254587 2.239765
26.773638 -4.336383 6.261731 2.239399
26.774605 -4.528586 6.269198 2.239017
27.152020 -4.787634 6.365240 2.234100
27.591042 -5.063904 6.476290 2.228414
27.794401 -5.302066 6.532553 2.225533
27.795443 -5.503646 6.541668 2.225067
27.796494 -5.705801 6.551131 2.224582
27.797554 -5.908553 6.560943 2.224080
27.798624 -6.111925 6.571107 2.223559
27.720293 -6.297897 6.562825 2.223983
27.448177 -6.437912 6.508883 2.226745
27.180487 -6.575652 6.456133 2.229446
26.917091 -6.711185 6.404542 2.232087
26.786934 -6.877717 6.384843 2.233096
26.788029 -7.077703 6.396726 2.232488
27.023729 -7.342185 6.465091 2.228987
27.807575 -7.764015 6.665421 2.218730
27.808744 -7.974030 6.678883 2.218041
27.809927 -8.184907 6.692728 2.217332
27.811119 -8.396673 6.706959 2.216604
27.812325 -8.609353 6.721581 2.215855
27.813543 -8.822976 6.736598 2.215086
27.687525 -8.996222 6.721124 2.215878
27.434748 -9.126327 6.675067 2.218236
27.185402 -9.254667 6.629958 2.220546
26.939398 -9.381291 6.585774 2.222808
26.802052 -9.543782 6.568327 2.223701
26.803301 -9.755604 6.585164 2.222840
27.342730 -10.168670 6.734971 2.215169
27.823759 -10.569256 6.871464 2.208181
27.825098 -10.792645 6.890235 2.207220
27.826452 -11.017272 6.909449 2.206236
27.827822 -11.243170 6.929110 2.205230
27.829206 -11.470371 6.949225 2.204200
27.619818 -11.610304 6.917011 2.205849
27.407448 -11.746848 6.884196 2.207529
27.197077 -11.882111 6.852025 2.209176
26.988655 -12.016124 6.820484 2.210791
26.817984 -12.165177 6.798650 2.211909
26.819412 -12.392309 6.820779 2.210776
27.839344 -13.100202 7.103257 2.196313
27.840860 -13.339106 7.127232 2.195086
27.842394 -13.579643 7.151720 2.193832
27.843946 -13.821856 7.176730 2.192551
27.845516 -14.065784 7.202270 2.191244
27.670162 -14.220532 7.182418 2.192260
27.434010 -14.342155 7.146936 2.194077
27.200171 -14.462587 7.112148 2.195858
26.968588 -14.581861 7.078042 2.197604
26.834650 -14.752475 7.069748 2.198029
26.836277 -14.998289 7.097590 2.196603
27.857063 -15.825015 7.396604 2.181294
27.858795 -16.084284 7.426699 2.179753
27.860550 -16.345688 7.457406 2.178181
27.862328 -16.609282 7.488738 2.176577
27.800171 -16.836384 7.503441 2.175824
27.564497 -16.957792 7.471603 2.177454
27.330807 -17.078184 7.440396 2.179052
27.099052 -17.197582 7.409810 2.180618
26.869188 -17.316010 7.379833 2.182153
26.853756 -17.572607 7.409109 2.180654
27.875441 -18.520401 7.726484 2.164404
27.877417 -18.803555 7.763229 2.162523
27.879419 -19.089437 7.800710 2.160604
27.881449 -19.378113 7.838941 2.158646
27.883509 -19.669653 7.877936 2.156650
27.885597 -19.964128 7.917712 2.154613
27.887714 -20.261612 7.958283 2.152536
27.123722 -19.997334 7.779914 2.161668
26.733301 -19.999065 7.707790 2.165361
26.481443 -20.100510 7.675447 2.167017
26.331629 -20.278088 7.672871 2.167149
26.181915 -20.455555 7.670671 2.167262
26.032282 -20.632935 7.668848 2.167355
25.802658 -20.745869 7.643684 2.168643
25.438921 -20.747480 7.578656 2.171973
25.081305 -20.749062 7.515089 2.175227
24.729624 -20.750618 7.452940 2.178409
24.383690 -20.752148 7.392167 2.181521
23.187328 -20.014765 7.071666 2.197931
22.864311 -20.016191 7.015600 2.200801
22.668655 -20.126175 6.998509 2.201676
22.532164 -20.288052 6.999928 2.201604
22.395615 -20.450006 7.001689 2.201514
22.258993 -20.612055 7.003795 2.201406
22.109491 -20.762196 7.002192 2.201488
21.803867 -20.763544 6.951139 2.204102
21.502655 -20.764874 6.901160 2.206661
21.205727 -20.766182 6.852225 2.209166
20.912966 -20.767473 6.804309 2.211619
20.624256 -20.768745 6.757385 2.214022
19.615341 -20.030529 6.472483 2.228609
19.344410 -20.031723 6.429072 2.230831
19.077072 -20.032900 6.386549 2.233009
18.888554 -20.114267 6.370294 2.233841
18.763474 -20.262709 6.375664 2.233566
18.638178 -20.411413 6.381355 2.233274
18.512659 -20.560390 6.387369 2.232967
18.386898 -20.709663 6.393707 2.232642
18.191038 -20.779455 6.375891 2.233554
17.937305 -20.780569 6.337654 2.235512
17.686586 -20.781672 6.300178 2.237431
17.438805 -20.782759 6.263446 2.239311
17.193882 -20.783834 6.227441 2.241155
16.951748 -20.784897 6.192149 2.242962
16.712330 -20.785948 6.157552 2.244733
16.475559 -20.786985 6.123636 2.246470
15.663135 -20.047899 5.873552 2.259274
15.439713 -20.048878 5.842116 2.260884
15.218662 -20.049847 5.811297 2.262461
15.072013 -20.147177 5.808867 2.262586
14.955663 -20.285370 5.818465 2.262094
14.838925 -20.424028 5.828380 2.261587
14.721786 -20.563173 5.838615 2.261063
14.604231 -20.702818 5.849173 2.260522
14.453483 -20.795837 5.846803 2.260644
14.239845 -20.796772 5.818973 2.262069
14.028223 -20.797695 5.791687 2.263466
13.818563 -20.798613 5.764936 2.264835
13.610824 -20.799519 5.738709 2.266178
13.404953 -20.800417 5.712997 2.267494
13.200910 -20.801308 5.687790 2.268785
12.998651 -20.802189 5.663079 2.270050
12.798129 -20.803062 5.638856 2.271291
12.477951 -20.603546 5.561027 2.275275
11.960590 -20.064077 5.392752 2.283891
11.772005 -20.064899 5.370752 2.285017
11.584945 -20.065714 5.349191 2.286121
11.399369 -20.066521 5.328060 2.287203
11.269881 -20.165077 5.333208 2.286940
11.158585 -20.297390 5.347468 2.286210
11.046687 -20.430424 5.362067 2.285462
10.934175 -20.564194 5.377010 2.284697
10.821030 -20.698723 5.392301 2.283914
10.696021 -20.812206 5.402280 2.283403
10.513402 -20.813000 5.383302 2.284375
10.332051 -20.813786 5.364718 2.285326
10.151942 -20.814568 5.346521 2.286258
9.973040 -20.815342 5.328706 2.287170
9.795318 -20.816113 5.311267 2.288063
9.618745 -20.816877 5.294199 2.288937
9.443299 -20.817636 5.277497 2.289792
9.268945 -20.818392 5.261155 2.290629
9.095658 -20.819141 5.245169 2.291447
8.923413 -20.819885 5.229534 2.292248
8.657670 -20.595789 5.157937 2.295914
8.335211 -20.222734 5.049815 2.301449
8.113155 -20.080767 5.000098 2.303995
7.950814 -20.081467 4.986330 2.304700
7.789356 -20.082163 4.972878 2.305389
7.628759 -20.082855 4.959740 2.306061
7.494946 -20.153301 4.964094 2.305838
7.383481 -20.285948 4.983949 2.304822
7.271117 -20.419672 5.004210 2.303784
7.157832 -20.554499 5.024882 2.302726
7.043603 -20.690454 5.045974 2.301646
6.928409 -20.827564 5.067493 2.300544
6.767811 -20.829182 5.056267 2.301119
6.607623 -20.829870 5.045113 2.301690
6.448133 -20.830555 5.034253 2.302246
6.289320 -20.831238 5.023684 2.302788
6.131167 -20.831917 5.013402 2.303314
5.973650 -20.832594 5.003407 2.303826
5.816751 -20.833267 4.993693 2.304323
5.660454 -20.833937 4.984260 2.304806
5.504738 -20.834604 4.975104 2.305274
5.349588 -20.835270 4.966224 2.305729
5.194981 -20.835932 4.957616 2.306170
5.035412 -20.813902 4.943890 2.306873
4.824632 -20.569927 4.877819 2.310256
4.619399 -20.332369 4.813721 2.313537
4.419482 -20.100958 4.751513 2.316722
4.271806 -20.097269 4.743476 2.317134
4.125504 -20.097893 4.736711 2.317480
3.979612 -20.098516 4.730194 2.317814
3.834114 -20.099138 4.723925 2.318135
3.697009 -20.143419 4.728151 2.317919
3.577644 -20.289829 4.756539 2.316465
3.456832 -20.438023 4.785505 2.314982
3.334534 -20.588043 4.815064 2.313469
3.210711 -20.739941 4.845229 2.311924
3.078118 -20.844971 4.864627 2.310931
2.929658 -20.845602 4.859882 2.311174
2.781481 -20.846233 4.855384 2.311404
2.633570 -20.846861 4.851130 2.311622
2.485911 -20.847488 4.847119 2.311827
2.338491 -20.848116 4.843351 2.312021
2.191291 -20.848740 4.839824 2.312201
2.044297 -20.849365 4.836538 2.312369
1.897496 -20.849987 4.833492 2.312525
1.750873 -20.850609 4.830684 2.312669
1.604415 -20.851231 4.828115 2.312800
1.458103 -20.851851 4.825784 2.312920
1.311925 -20.852468 4.823690 2.313027
1.160314 -20.753759 4.798865 2.314298
1.006030 -20.569824 4.754594 2.316565
0.854563 -20.389238 4.711360 2.318778
0.705815 -20.211891 4.669127 2.320940
0.561807 -20.113035 4.645271 2.322162
0.421319 -20.113628 4.644616 2.322196
0.280864 -20.114222 4.644186 2.322217
0.140430 -20.114813 4.643984 2.322228
-0.000000 -20.115406 4.644008 2.322227
-0.141115 -20.212744 4.666594 2.321070
-0.284633 -20.383881 4.706449 2.319030
-0.430630 -20.557981 4.747225 2.316942
-0.579184 -20.735134 4.788950 2.314806
-0.728485 -20.861082 4.819096 2.313262
-0.874365 -20.861696 4.820530 2.313189
-1.020339 -20.862310 4.822201 2.313103
-1.166420 -20.862925 4.824108 2.313006
-1.312622 -20.863539 4.826251 2.312896
-1.458964 -20.864153 4.828631 2.312774
-1.605457 -20.864769 4.831250 2.312640
-1.752117 -20.865383 4.834107 2.312494
-1.898957 -20.865999 4.837204 2.312335
-2.045989 -20.866615 4.840540 2.312164
-2.193235 -20.867233 4.844117 2.311981
-2.340705 -20.867851 4.847936 2.311786
-2.488416 -20.868469 4.851997 2.311578
-2.625822 -20.785501 4.836852 2.312353
-2.753608 -20.637333 4.806728 2.313895
-2.879820 -20.490982 4.777207 2.315407
-3.004497 -20.346405 4.748276 2.316888
-3.127677 -20.203558 4.719920 2.318340
-3.260203 -20.129087 4.707725 2.318964
-3.404682 -20.129690 4.713310 2.318678
-3.549514 -20.130295 4.719139 2.318380
-3.694712 -20.130899 4.725213 2.318069
-3.840292 -20.131506 4.731533 2.317745
-4.028701 -20.346416 4.788538 2.314827
-4.224477 -20.580048 4.850346 2.311662
-4.425388 -20.819815 4.914016 2.308402
-4.590159 -20.877239 4.935013 2.307327
-4.743339 -20.877876 4.942871 2.306925
-4.897014 -20.878515 4.950996 2.306509
-5.051199 -20.879156 4.959389 2.306079
-5.205919 -20.879799 4.968054 2.305635
-5.361187 -20.880444 4.976992 2.305178
-5.517024 -20.881090 4.986205 2.304706
-5.673445 -20.881739 4.995697 2.304220
-5.830468 -20.882389 5.005468 2.303720
-5.988117 -20.883043 5.015523 2.303205
-6.146408 -20.883699 5.025864 2.302676
-6.305361 -20.884357 5.036494 2.302131
-6.432072 -20.778662 5.021711 2.302888
-6.548505 -20.643505 4.999974 2.304001
-6.663941 -20.509502 4.978665 2.305092
-6.778401 -20.376623 4.957776 2.306162
-6.891909 -20.244846 4.937300 2.307210
-7.015121 -20.144676 4.924695 2.307856
-7.173429 -20.145330 4.936977 2.307227
-7.332540 -20.145987 4.949563 2.306582
-7.492471 -20.146646 4.962455 2.305922
-7.668936 -20.188612 4.985858 2.304724
-7.970137 -20.548233 5.088290 2.299479
-8.271917 -20.892479 5.187708 2.294389
-8.441391 -20.893175 5.202388 2.293638
-8.611835 -20.893877 5.217406 2.292869
-8.783276 -20.894583 5.232767 2.292082
-8.955736 -20.895292 5.248475 2.291278
-9.129240 -20.896006 5.264534 2.290456
-9.303821 -20.896723 5.280951 2.289615
-9.479503 -20.897446 5.297729 2.288756
-9.656312 -20.898170 5.314874 2.287879
-9.834279 -20.898901 5.332391 2.286982
-10.013428 -20.899635 5.350285 2.286065
-10.168748 -20.849022 5.355371 2.285805
-10.283405 -20.715784 5.339458 2.286620
-10.397388 -20.583324 5.323897 2.287416
-10.510710 -20.451626 5.308683 2.288195
-10.623388 -20.320667 5.293813 2.288957
-10.735442 -20.190430 5.279280 2.289701
-10.900820 -20.160643 5.291262 2.289087
-11.083820 -20.161390 5.311638 2.288044
-11.268245 -20.162146 5.332433 2.286979
-11.532056 -20.300091 5.390078 2.284028
-12.071274 -20.908058 5.573746 2.274624
-12.267155 -20.908857 5.596653 2.273451
-12.464664 -20.909664 5.620026 2.272255
-12.663837 -20.910477 5.643869 2.271034
-12.864715 -20.911295 5.668193 2.269789
-13.067345 -20.912121 5.693007 2.268518
-13.271766 -20.912954 5.718318 2.267222
-13.478023 -20.913795 5.744138 2.265900
-13.686161 -20.914642 5.770473 2.264552
-13.896223 -20.915497 5.797335 2.263176
-14.019141 -20.784231 5.787938 2.263658
-14.137215 -20.646881 5.777033 2.264216
-14.254848 -20.510035 5.766449 2.264758
-14.372053 -20.373680 5.756182 2.265283
-14.488842 -20.237801 5.746231 2.265793
-14.658689 -20.175955 5.757587 2.265212
-14.875648 -20.176836 5.787334 2.263688
-15.094869 -20.177725 5.817675 2.262135
-15.881852 -20.923563 6.064538 2.249496
-16.114038 -20.924505 6.097269 2.247820
-16.348759 -20.925457 6.130655 2.246110
-16.586081 -20.926418 6.164713 2.244367
-16.826056 -20.927391 6.199453 2.242588
-17.068764 -20.928373 6.234892 2.240773
-17.314281 -20.929367 6.271048 2.238922
-17.562668 -20.930372 6.307933 2.237034
-17.749966 -20.856133 6.322752 2.236275
-17.875935 -20.709467 6.315969 2.236622
-18.001637 -20.563105 6.309506 2.236953
-18.127089 -20.417027 6.303362 2.237268
-18.252295 -20.271225 6.297536 2.237566
-18.437151 -20.191250 6.312525 2.236799
-18.698280 -20.192305 6.353511 2.234700
-18.962837 -20.193371 6.395347 2.232558
-19.940876 -20.939978 6.675729 2.218203
-20.222599 -20.941114 6.720936 2.215888
-20.508188 -20.942265 6.767094 2.213525
-20.797729 -20.943432 6.814222 2.211112
-21.091347 -20.944614 6.862348 2.208648
-21.389166 -20.945814 6.911500 2.206131
-21.566462 -20.826490 6.921638 2.205612
-21.702961 -20.667442 6.918969 2.205749
-21.839352 -20.508512 6.916636 2.205868
-21.975651 -20.349678 6.914641 2.205970
-22.128531 -20.206120 6.918188 2.205789
-22.442572 -20.207382 6.972095 2.203029
-23.404013 -20.779049 7.225535 2.190053
-23.406160 -20.490541 7.181859 2.192289
-23.408274 -20.205481 7.139050 2.194481
-23.410355 -19.923769 7.097090 2.196629
-23.412405 -19.645340 7.055961 2.198735
-23.414423 -19.370089 7.015642 2.200799
-23.416412 -19.097958 6.976119 2.202823
-23.418373 -18.828856 6.937372 2.204807
-22.419044 -17.769112 6.604424 2.221853
-22.433666 -17.527102 6.572525 2.223487
-22.630064 -17.427490 6.594257 2.222374
-22.827765 -17.327213 6.616455 2.221237
-23.026806 -17.226254 6.639127 2.220077
-23.227232 -17.124588 6.662281 2.218891
-23.429058 -17.022207 6.685922 2.217681
-23.433067 -16.776423 6.653480 2.219342
-23.434792 -16.531425 6.621038 2.221003
-23.436491 -16.288788 6.589230 2.222631
-23.438168 -16.048445 6.558040 2.224228
-22.437731 -15.134439 6.248400 2.240082
-22.439293 -14.908625 6.219697 2.241551
-22.591091 -14.783194 6.233015 2.240870
-22.785753 -14.684418 6.258286 2.239576
-22.982016 -14.584826 6.284070 2.238256
-23.179899 -14.484408 6.310375 2.236909
-23.379461 -14.383135 6.337211 2.235535
-23.450811 -14.202314 6.329521 2.235929
-23.452301 -13.980379 6.303427 2.237264
-23.453773 -13.760243 6.277848 2.238574
-23.455227 -13.541882 6.252779 2.239858
-22.453850 -12.755557 5.961943 2.254748
-22.455208 -12.549789 5.938895 2.255929
-22.456547 -12.345592 5.916311 2.257085
-22.620504 -12.230858 5.936865 2.256032
-22.794773 -12.120195 5.960249 2.254835
-22.970430 -12.008645 5.984111 2.253613
-23.147497 -11.896195 6.008458 2.252367
-23.326015 -11.782820 6.033297 2.251095
-23.467541 -11.649384 6.048718 2.250306
-23.468828 -11.446512 6.028306 2.251351
-23.470102 -11.244984 6.008321 2.252374
-23.471361 -11.044783 5.988759 2.253376
-23.472607 -10.845868 5.969611 2.254356
-23.473837 -10.648201 5.950872 2.255315
-22.471455 -10.004935 5.678912 2.269240
-22.472607 -9.818036 5.661742 2.270119
-22.504562 -9.645466 5.652690 2.270582
-22.704317 -9.544017 5.685990 2.268877
-22.906452 -9.441356 5.719965 2.267138
-23.111017 -9.337457 5.754629 2.265363
-23.318090 -9.232281 5.789999 2.263552
-23.483206 -9.108534 5.815067 2.262269
-23.484322 -8.920858 5.799779 2.263051
-23.485424 -8.734148 5.784852 2.263816
-23.486517 -8.548392 5.770280 2.264562
-23.487597 -8.363552 5.756059 2.265290
-23.488665 -8.179617 5.742187 2.266000
-23.489723 -7.996555 5.728658 2.266693
-22.740580 -7.564781 5.532942 2.276713
-22.487492 -7.306629 5.458820 2.280508
-22.488474 -7.133760 5.446836 2.281122
-22.520874 -6.971374 5.442763 2.281330
-22.733114 -6.863533 5.482342 2.279304
-22.948479 -6.754102 5.522773 2.277234
-23.167042 -6.643042 5.564075 2.275119
-23.388912 -6.530297 5.606277 2.272959
-23.498775 -6.384474 5.621789 2.272164
-23.499733 -6.208898 5.611512 2.272691
-23.500681 -6.033946 5.601542 2.273201
-23.501619 -5.859612 5.591879 2.273696
-23.502548 -5.685861 5.582519 2.274175
-23.503468 -5.512687 5.573460 2.274639
-23.339956 -5.302709 5.525773 2.277080
-22.940466 -5.043786 5.422724 2.282357
-22.555593 -4.794339 5.323705 2.287426
-22.502096 -4.619013 5.303338 2.288469
-22.502937 -4.455700 5.296075 2.288841
-22.533335 -4.298464 5.296038 2.288843
-22.768677 -4.178832 5.344363 2.286369
-23.008350 -4.056993 5.393841 2.283835
-23.252522 -3.932866 5.444512 2.281241
-23.501322 -3.806382 5.496412 2.278584
-23.513046 -3.640013 5.493077 2.278754
-23.513870 -3.472223 5.487472 2.279041
-23.514687 -3.304773 5.482145 2.279314
-23.515495 -3.137633 5.477093 2.279573
-23.516298 -2.970798 5.472316 2.279817
-23.517094 -2.804245 5.467812 2.280048
-23.230618 -2.605728 5.396844 2.283682
-22.834026 -2.399953 5.300688 2.288605
-22.513939 -2.207507 5.222678 2.292599
-22.514675 -2.048994 5.219403 2.292767
-22.515404 -1.890672 5.216385 2.292921
-22.593895 -1.738503 5.231630 2.292140
-22.818451 -1.595621 5.280919 2.289617
-23.047293 -1.450009 5.331407 2.287032
-23.280550 -1.301583 5.383132 2.284384
-23.518383 -1.150242 5.436137 2.281670
-23.525400 -0.986004 5.436035 2.281675
-23.526117 -0.821550 5.434743 2.281741
-23.526829 -0.657160 5.433715 2.281794
-23.527534 -0.492830 5.432951 2.281833
-23.528234 -0.328538 5.432450 2.281858
-23.528929 -0.164263 5.432213 2.281871
-23.374132 0.000000 5.396344 2.283707
-23.063726 0.161022 5.324811 2.287370
-22.761435 0.317832 5.255404 2.290923
-22.525631 0.471844 5.201592 2.293679
-22.526268 0.629218 5.202627 2.293625
-22.526899 0.786657 5.203915 2.293560
-22.652149 0.949410 5.234252 2.292006
-22.996794 1.124732 5.315574 2.287843
-23.352325 1.305597 5.399728 2.283534
-23.535566 1.480735 5.444357 2.281249
-23.536201 1.645812 5.447029 2.281112
-23.536831 1.811065 5.449968 2.280962
-23.537457 1.976497 5.453175 2.280797
-23.538076 2.142132 5.456651 2.280619
-23.538692 2.307992 5.460395 2.280428
-23.539303 2.474081 5.464411 2.280222
-23.465555 2.632088 5.451424 2.280887
-23.205284 2.767064 5.395315 2.283760
-22.950298 2.899296 5.340606 2.286561
-22.700409 3.028884 5.287248 2.289293
-22.535810 3.167202 5.253933 2.290998
-22.536367 3.327885 5.259351 2.290721
-22.536922 3.488901 5.265037 2.290430
-22.797186 3.692338 5.331731 2.287015
-23.278553 3.937275 5.450607 2.280929
-23.545153 4.151646 5.519683 2.277392
-23.545713 4.321451 5.526752 2.277030
-23.546268 4.491693 5.534109 2.276654
-23.546822 4.662395 5.541754 2.276262
-23.547369 4.833583 5.549690 2.275856
-23.547913 5.005263 5.557918 2.275434
-23.503555 5.167596 5.555828 2.275542
-23.306549 5.295120 5.517864 2.277485
-23.112206 5.420918 5.480679 2.279389
-22.920444 5.545042 5.444253 2.281254
-22.731207 5.667527 5.408570 2.283081
-22.544416 5.788426 5.373611 2.284871
-22.544733 5.956577 5.383467 2.284366
-22.545221 6.125400 5.393663 2.283844
-22.809244 6.368458 5.467331 2.280073
-23.553125 6.753750 5.656802 2.270372
-23.553625 6.932213 5.668408 2.269778
-23.554119 7.111410 5.680337 2.269167
-23.554611 7.291369 5.692593 2.268539
-23.555099 7.472121 5.705179 2.267895
-23.555584 7.653674 5.718099 2.267233
-23.505966 7.819399 5.719167 2.267179
-23.293215 7.929659 5.680734 2.269146
-23.083290 8.038451 5.643086 2.271074
-22.876108 8.145819 5.606204 2.272962
-22.671612 8.251792 5.570070 2.274812
-22.551250 8.386739 5.554749 2.275597
-22.551689 8.566585 5.569453 2.274844
-22.552126 8.747392 5.584507 2.274073
-23.253389 9.206672 5.773934 2.264374
-23.560225 9.518950 5.866481 2.259636
-23.560669 9.711012 5.883330 2.258773
-23.561110 9.904181 5.900562 2.257891
-23.561546 10.098491 5.918183 2.256989
-23.561981 10.293980 5.936200 2.256067
-23.538679 10.480096 5.948617 2.255431
-23.335396 10.585410 5.915777 2.257112
-23.134340 10.689568 5.883582 2.258760
-22.935448 10.792602 5.852019 2.260376
-22.738659 10.894544 5.821074 2.261961
-22.557083 11.001824 5.794112 2.263341
-22.557474 11.197633 5.814151 2.262315
-22.557863 11.394798 5.834613 2.261268
-23.565723 12.111135 6.117018 2.246809
-23.566122 12.320075 6.139298 2.245668
-23.566517 12.530540 6.162041 2.244503
-23.566908 12.742585 6.185254 2.243315
-23.567297 12.956233 6.208944 2.242102
-23.540443 13.156308 6.225916 2.241233
-23.341053 13.259567 6.197514 2.242687
-23.143469 13.361889 6.169670 2.244113
-22.947634 13.463303 6.142371 2.245511
-22.753519 13.563822 6.115610 2.246881
-22.561913 13.663979 6.089602 2.248212
-22.562260 13.880399 6.115702 2.246876
-22.562603 14.098680 6.142325 2.245513
-23.570631 14.958383 6.445019 2.230015
-23.570984 15.190465 6.473955 2.228534
-23.571333 15.424646 6.503469 2.227022
-23.571678 15.660990 6.533572 2.225481
-23.411327 15.791140 6.519525 2.226200
-23.231804 15.907154 6.500300 2.227185
-23.053333 16.022486 6.481503 2.228147
-22.875877 16.137156 6.463129 2.229088
-22.699409 16.251184 6.445169 2.230007
-22.565859 16.395056 6.439591 2.230293
-22.566166 16.637218 6.472668 2.228599
-23.574312 17.635841 6.796985 2.211994
-23.574625 17.894112 6.832927 2.210154
-23.574932 18.155148 6.869587 2.208277
-23.575237 18.418995 6.906978 2.206363
-23.575539 18.685749 6.945117 2.204410
-23.575836 18.955462 6.984018 2.202418
-23.576128 19.228220 7.023700 2.200387
-22.622143 18.714668 6.778253 2.212954
-22.304790 18.715942 6.722151 2.215826
-22.160278 18.859882 6.718118 2.216032
-22.039280 19.023798 6.721535 2.215857
-21.918148 19.187887 6.725283 2.215666
-21.796867 19.352169 6.729362 2.215456
-21.675432 19.516647 6.733772 2.215231
-21.553825 19.681353 6.738516 2.214988
-21.338785 19.759935 6.714252 2.216230
-21.043461 19.761124 6.664574 2.218774
-20.752449 19.762295 6.615944 2.221264
-20.465651 19.763449 6.568339 2.223701
-19.125137 18.728725 6.179924 2.243588
-18.861004 18.729788 6.136676 2.245802
-18.600529 18.730839 6.094325 2.247970
-18.426395 18.816420 6.080166 2.248695
-18.315620 18.966381 6.087156 2.248338
-18.204576 19.116695 6.094460 2.247964
-18.093262 19.267370 6.102077 2.247574
-17.981659 19.418425 6.110010 2.247168
-17.869753 19.569881 6.118261 2.246745
-17.757540 19.721746 6.126833 2.246306
-17.557220 19.775181 6.105204 2.247414
-17.312725 19.776169 6.068046 2.249316
-17.071177 19.777145 6.031630 2.251180
-16.832489 19.778111 5.995938 2.253008
-16.596607 19.779066 5.960956 2.254799
-16.363441 19.780010 5.926666 2.256555
-15.287413 18.744223 5.584199 2.274089
-15.071446 18.745096 5.552979 2.275687
-14.857863 18.745962 5.522371 2.277255
-14.679491 18.788893 5.504694 2.278160
-14.576581 18.928082 5.515523 2.277605
-14.473261 19.067820 5.526663 2.277035
-14.369514 19.208124 5.538118 2.276448
-14.265326 19.349022 5.549891 2.275846
-14.160688 19.490517 5.561985 2.275226
-14.055583 19.632639 5.574403 2.274590
-13.950004 19.775393 5.587147 2.273938
-13.754822 19.790594 5.564176 2.275114
-13.551465 19.791420 5.537673 2.276471
-13.350035 19.792240 5.511691 2.277801
-13.150468 19.793053 5.486216 2.279106
-12.952736 19.793858 5.461241 2.280384
-12.756786 19.794657 5.436757 2.281638
-12.562570 19.795448 5.412754 2.282867
-12.370059 19.796232 5.389223 2.284072
-11.540885 18.759447 5.084915 2.299652
-11.361567 18.760180 5.063490 2.300749
-11.183745 18.760906 5.042490 2.301825
-11.007378 18.761625 5.021906 2.302878
-10.875254 18.836493 5.021501 2.302899
-10.776449 18.969990 5.036909 2.302110
-10.677034 19.104305 5.052658 2.301304
-10.576987 19.239468 5.068752 2.300480
-10.476291 19.375502 5.085197 2.299638
-10.374936 19.512417 5.101997 2.298778
-10.272898 19.650249 5.119159 2.297899
-10.170168 19.789009 5.136686 2.297002
-10.004682 19.805902 5.122816 2.297712
-9.832084 19.806610 5.105120 2.298618
-9.660671 19.807312 5.087793 2.299505
-9.490404 19.808010 5.070830 2.300373
-9.321267 19.808704 5.054225 2.301224
-9.153227 19.809395 5.037974 2.302056
-8.986249 19.810081 5.022070 2.302870
-8.820320 19.810762 5.006511 2.303667
-8.655402 19.811441 4.991289 2.304446
-8.376997 19.545000 4.909308 2.308643
-8.007154 19.048265 4.770381 2.315756
-7.738506 18.775028 4.688308 2.319958
-7.585858 18.775658 4.675127 2.320634
-7.434052 18.776283 4.662245 2.321293
-7.283080 18.776905 4.649662 2.321937
-7.137885 18.790611 4.640603 2.322401
-7.038198 18.925152 4.661580 2.321327
-6.937603 19.060909 4.682976 2.320232
-6.836071 19.197927 4.704799 2.319114
-6.733585 19.336226 4.727056 2.317975
-6.630118 19.475842 4.749755 2.316813
-6.525642 19.616812 4.772908 2.315627
-6.420140 19.759161 4.796520 2.314418
-6.287654 19.821209 4.800809 2.314198
-6.135882 19.821836 4.790469 2.314728
-5.984756 19.822464 4.780406 2.315243
-5.834249 19.823086 4.770617 2.315744
-5.684357 19.823708 4.761101 2.316231
-5.535048 19.824327 4.751853 2.316705
-5.386317 19.824944 4.742871 2.317165
-5.238140 19.825560 4.734154 2.317611
-5.090493 19.826172 4.725699 2.318044
-4.943372 19.826784 4.717504 2.318464
-4.796753 19.827393 4.709566 2.318870
-4.586034 19.552685 4.636597 2.322606
-4.379161 19.274969 4.563380 2.326355
-4.178712 19.005884 4.492658 2.329976
-3.994051 18.790531 4.435052 2.332925
-3.857261 18.791101 4.428723 2.333249
-3.720844 18.791670 4.422627 2.333561
-3.584806 18.792236 4.416762 2.333862
-3.449122 18.792801 4.411129 2.334150
-3.322963 18.845459 4.417935 2.333802
-3.212629 18.994192 4.447437 2.332291
-3.100797 19.144941 4.477556 2.330749
-2.987443 19.297735 4.508303 2.329175
-2.872514 19.452646 4.539697 2.327568
-2.755968 19.609730 4.571755 2.325926
-2.637757 19.769053 4.604493 2.324250
-2.505983 19.836948 4.616120 2.323655
-2.365479 19.837536 4.612301 2.323850
-2.225200 19.838123 4.608714 2.324034
-2.085132 19.838711 4.605356 2.324206
-1.945262 19.839298 4.602227 2.324366
-1.805564 19.839884 4.599327 2.324514
-1.666046 19.840469 4.596654 2.324651
-1.526684 19.841055 4.594209 2.324776
-1.387462 19.841639 4.591989 2.324890
-1.248369 19.842224 4.589995 2.324992
-1.109379 19.842808 4.588227 2.325083
-0.968247 19.797340 4.576039 2.325707
-0.821502 19.600491 4.529103 2.328110
-0.677729 19.407637 4.483337 2.330453
-0.536827 19.218639 4.438703 2.332738
-0.398686 19.033352 4.395159 2.334968
-0.263232 18.851675 4.352676 2.337143
-0.131296 18.806717 4.341979 2.337691
0.000000 18.807272 4.342000 2.337690
0.131304 18.807825 4.342234 2.337677
0.262638 18.808380 4.342680 2.337655
0.393995 18.808935 4.343338 2.337621
0.528307 18.913597 4.368251 2.336345
0.667200 19.106113 4.413682 2.334019
0.809020 19.302681 4.460287 2.331633
0.953885 19.503460 4.508111 2.329185
1.101885 19.708580 4.557190 2.326672
1.249032 19.852762 4.592433 2.324867
1.388282 19.853352 4.594700 2.324751
1.527676 19.853943 4.597193 2.324624
1.667239 19.854536 4.599913 2.324484
1.806963 19.855127 4.602861 2.324333
1.946873 19.855722 4.606038 2.324171
2.086983 19.856318 4.609443 2.323997
2.227308 19.856913 4.613079 2.323810
2.367872 19.857512 4.616946 2.323612
2.508667 19.858110 4.621044 2.323402
2.649720 19.858709 4.625376 2.323181
2.791044 19.859312 4.629941 2.322947
2.912071 19.720514 4.602211 2.324367
3.028119 19.560419 4.569671 2.326033
3.142537 19.402580 4.537812 2.327664
3.255376 19.246925 4.506613 2.329261
3.366681 19.093395 4.476059 2.330826
3.476493 18.941929 4.446132 2.332358
3.590594 18.822515 4.423880 2.333497
3.727078 18.823099 4.430024 2.333183
3.863949 18.823683 4.436402 2.332856
4.001222 18.824268 4.443016 2.332518
4.138912 18.824858 4.449866 2.332167
4.290580 18.885031 4.471062 2.331082
4.493489 19.158070 4.543021 2.327397
4.703045 19.440046 4.617560 2.323581
4.919600 19.731436 4.694817 2.319625
5.101537 19.869183 4.735950 2.317519
5.249839 19.869818 4.744723 2.317070
5.398688 19.870457 4.753760 2.316607
5.548112 19.871098 4.763063 2.316131
5.698131 19.871740 4.772637 2.315641
5.848760 19.872389 4.782482 2.315137
6.000031 19.873037 4.792603 2.314619
6.151940 19.873692 4.803001 2.314086
6.304517 19.874348 4.813680 2.313540
6.457781 19.875006 4.824642 2.312978
6.611146 19.873846 4.835446 2.312425
6.717265 19.731813 4.812182 2.313616
6.822365 19.591150 4.789376 2.314784
6.926481 19.451811 4.767018 2.315929
7.029636 19.313765 4.745099 2.317051
7.131853 19.176981 4.723610 2.318151
7.233163 19.041416 4.702543 2.319230
7.333572 18.907066 4.681893 2.320287
7.458942 18.839130 4.677852 2.320494
7.611770 18.839792 4.691096 2.319816
7.765473 18.840456 4.704646 2.319122
7.920087 18.841124 4.718506 2.318413
8.119972 18.945301 4.758677 2.316356
8.500757 19.457458 4.902107 2.309012
8.853527 19.885347 5.025359 2.302701
9.020720 19.886070 5.041335 2.301883
9.188999 19.886799 5.057660 2.301048
9.358368 19.887533 5.074339 2.300194
9.528867 19.888273 5.091377 2.299321
9.700522 19.889017 5.108780 2.298430
9.873363 19.889767 5.126554 2.297520
10.047434 19.890522 5.144704 2.296591
10.222736 19.891283 5.163234 2.295642
10.399316 19.892050 5.182152 2.294674
10.506700 19.760227 5.166794 2.295460
10.609797 19.622412 5.150001 2.296320
10.712240 19.485477 5.133565 2.297162
10.814033 19.349422 5.117486 2.297985
10.915196 19.214214 5.101757 2.298790
11.015747 19.079834 5.086371 2.299578
11.115701 18.946257 5.071326 2.300348
11.240164 18.855537 5.067925 2.300522
11.419799 18.856319 5.089440 2.299421
11.600974 18.857109 5.111388 2.298297
11.783729 18.857906 5.133778 2.297151
12.630040 19.901764 5.441824 2.281379
12.826373 19.902620 5.466412 2.280120
13.024482 19.903484 5.491489 2.278836
13.224427 19.904358 5.517068 2.277526
13.426254 19.905239 5.543159 2.276190
13.630010 19.906130 5.569769 2.274828
13.835756 19.907030 5.596913 2.273438
14.043512 19.907938 5.624597 2.272021
14.231520 19.878372 5.644176 2.271018
14.338598 19.735386 5.631863 2.271649
14.445218 19.593021 5.619878 2.272262
14.551402 19.451246 5.608217 2.272859
14.657146 19.310068 5.596879 2.273440
14.762471 19.169455 5.585858 2.274004
14.867392 19.029392 5.575154 2.274552
14.971918 18.889864 5.564763 2.275084
15.174084 18.872742 5.590792 2.273751
15.393023 18.873703 5.622775 2.272114
15.614492 18.874674 5.655402 2.270443
16.714569 19.919647 6.003324 2.252630
16.953840 19.920698 6.039165 2.250795
17.196016 19.921762 6.075737 2.248922
17.441135 19.922840 6.113051 2.247012
17.689299 19.923931 6.151129 2.245062
17.940584 19.925037 6.189988 2.243073
18.093952 19.815411 6.195023 2.242815
18.208179 19.663033 6.186977 2.243227
18.322111 19.511057 6.179255 2.243622
18.435768 19.359459 6.171855 2.244001
18.549162 19.208218 6.164773 2.244364
18.662306 19.057322 6.158009 2.244710
18.775219 18.906740 6.151559 2.245040
19.022017 18.889669 6.189062 2.243120
19.290710 18.890856 6.233424 2.240849
20.645321 19.936954 6.626003 2.220749
20.937214 19.938242 6.674848 2.218248
21.233479 19.939550 6.724752 2.215693
21.534201 19.940878 6.775737 2.213082
21.825357 19.929285 6.823406 2.210642
21.949675 19.763575 6.818969 2.210869
22.073839 19.598076 6.814871 2.211078
22.197876 19.432758 6.811112 2.211271
22.321777 19.267633 6.807690 2.211446
22.445564 19.102669 6.804604 2.211604
22.569250 18.937849 6.801853 2.211745
22.854151 18.906601 6.847769 2.209394
23.183586 18.908060 6.906754 2.206374
24.819534 19.955410 7.352446 2.183555
25.179478 19.957003 7.417620 2.180218
25.545877 19.958628 7.484328 2.176802
25.729528 19.814407 7.497422 2.176132
25.865654 19.633087 7.496963 2.176155
26.001766 19.451797 7.496871 2.176160
26.137886 19.270506 7.497146 2.176146
26.274029 19.089199 7.497787 2.176113
26.430595 18.922453 7.504586 2.175765
26.826797 18.924212 7.579381 2.171936
27.718405 19.264784 7.793099 2.160993
27.718801 18.979454 7.755768 2.162905
27.719202 18.696836 7.719170 2.164778
27.719606 18.416866 7.683290 2.166615
27.720015 18.139456 7.648113 2.168417
27.720428 17.864588 7.613631 2.170182
26.706692 16.948578 7.302525 2.186111
26.707098 16.688446 7.270601 2.187745
26.800301 16.487658 7.264461 2.188060
27.007948 16.356583 7.289613 2.186772
27.217037 16.224602 7.315298 2.185457
27.427620 16.091684 7.341524 2.184114
27.639732 15.957807 7.368300 2.182743
27.723886 15.749363 7.361244 2.183104
27.724339 15.494596 7.332460 2.184578
27.724792 15.241826 7.304260 2.186022
27.725252 14.990984 7.276631 2.187437
26.711386 14.202695 6.984344 2.202401
26.711836 13.964613 6.958800 2.203709
26.853292 13.800707 6.970380 2.203117
27.087294 13.682769 7.006154 2.201285
27.323723 13.563610 7.042643 2.199417
27.562645 13.443200 7.079862 2.197511
27.728586 13.285316 7.098489 2.196557
27.729078 13.048303 7.075121 2.197754
27.729576 12.812855 7.052253 2.198925
27.730076 12.578917 7.029875 2.200070
27.730581 12.346450 7.007981 2.201191
27.092340 11.836355 6.825638 2.210527
26.717058 11.450935 6.710783 2.216408
26.717558 11.231020 6.691051 2.217418
26.919956 11.095602 6.722176 2.215825
27.161449 10.973937 6.763184 2.213725
27.405922 10.850775 6.805029 2.211582
27.653473 10.726065 6.847735 2.209396
27.734777 10.535447 6.849488 2.209306
27.735321 10.314670 6.831672 2.210218
27.735870 10.095031 6.814281 2.211109
27.736422 9.876499 6.797311 2.211978
27.736979 9.659028 6.780756 2.212825
27.149357 9.242388 6.621166 2.220996
26.723322 8.889662 6.501971 2.227099
26.723871 8.683112 6.487198 2.227855
26.780056 8.495137 6.486282 2.227902
27.032570 8.367969 6.533132 2.225504
27.288754 8.238954 6.580985 2.223053
27.548737 8.108030 6.629870 2.220551
27.741596 7.954774 6.662756 2.218867
27.742193 7.745762 6.649750 2.219533
27.742796 7.537541 6.637118 2.220179
27.743402 7.330117 6.624859 2.220807
27.744015 7.123449 6.612969 2.221416
27.566650 6.873137 6.559096 2.224174
26.816660 6.487636 6.369714 2.233871
26.730810 6.269646 6.338770 2.235455
26.731417 6.073223 6.328706 2.235970
26.873058 5.908422 6.352319 2.234761
27.106091 5.761577 6.397740 2.232436
27.342497 5.612611 6.444133 2.230060
27.582394 5.461452 6.491527 2.227634
27.749739 5.293540 6.522056 2.226071
27.750401 5.093148 6.513695 2.226499
27.751066 4.893261 6.505674 2.226909
27.751738 4.693858 6.497992 2.227303
27.752415 4.494901 6.490644 2.227679
27.753098 4.296400 6.483630 2.228038
27.228775 4.020792 6.354426 2.234653
26.739094 3.757934 6.233874 2.240825
26.739767 3.567849 6.228072 2.241122
26.740444 3.378095 6.222585 2.241404
26.957066 3.214429 6.267618 2.239098
27.266960 3.058476 6.334551 2.235671
27.583569 2.899149 6.403246 2.232154
27.758751 2.721772 6.439345 2.230305
27.759483 2.526302 6.435266 2.230514
27.760221 2.331085 6.431508 2.230707
27.760965 2.136086 6.428069 2.230883
27.761715 1.941288 6.424948 2.231043
27.762472 1.746669 6.422144 2.231186
27.623264 1.544371 6.387292 2.232971
27.207632 1.330669 6.288885 2.238009
26.804598 1.123442 6.193762 2.242879
26.749769 0.934122 6.179435 2.243613
26.750528 0.747212 6.178255 2.243673
26.920561 0.563896 6.216465 2.241717
27.284153 0.380977 6.299657 2.237458
27.657633 0.193087 6.385423 2.233066
27.747740 -0.000000 5.393614 2.283847
27.748558 -0.193725 5.393905 2.283832
27.749382 -0.387480 5.394459 2.283804
27.750214 -0.581284 5.395278 2.283762
27.751049 -0.775157 5.396361 2.283706
27.693905 -0.967093 5.386431 2.284214
27.411003 -1.148862 5.332837 2.286959
27.133667 -1.327058 5.280555 2.289635
26.861708 -1.501803 5.229541 2.292247
26.739908 -1.682333 5.207988 2.293351
26.740749 -1.869896 5.210568 2.293219
26.815592 -2.063348 5.227831 2.292335
27.264805 -2.289490 5.318394 2.287698
27.729887 -2.523618 5.412419 2.282884
27.759760 -2.721869 5.421827 2.282403
27.760668 -2.917764 5.425850 2.282197
27.761581 -3.113961 5.430146 2.281976
27.762505 -3.310479 5.434715 2.281743
27.763433 -3.507338 5.439558 2.281495
27.578789 -3.679796 5.408282 2.283096
27.279448 -3.833877 5.354699 2.285839
26.985968 -3.984941 5.302423 2.288516
26.751377 -4.141332 5.261882 2.290591
26.752310 -4.332929 5.267887 2.290284
26.753250 -4.524974 5.274164 2.289963
27.119154 -4.781839 5.352750 2.285939
27.557060 -5.057668 5.446020 2.281164
27.772146 -5.297821 5.495703 2.278620
27.773157 -5.499233 5.503366 2.278228
27.774174 -5.701220 5.511320 2.277820
27.775200 -5.903801 5.519568 2.277398
27.776236 -6.107002 5.528111 2.276961
24.503292 -5.567012 4.884336 2.309922
24.308161 -5.701427 4.853256 2.311513
24.145075 -5.841309 4.828720 2.312769
24.059038 -5.998592 4.819771 2.313228
24.272797 -6.232195 4.871191 2.310595
26.766230 -7.071943 5.381363 2.284474
26.970383 -7.327691 5.432561 2.281853
27.784859 -7.757672 5.607391 2.272902
27.785982 -7.967502 5.618707 2.272322
27.787115 -8.178193 5.630344 2.271726
27.788258 -8.389771 5.642307 2.271114
27.789413 -8.602262 5.654598 2.270484
27.790579 -8.815691 5.667220 2.269838
27.675097 -8.992185 5.656334 2.270396
27.422518 -9.122257 5.617591 2.272379
27.173365 -9.250568 5.579645 2.274322
26.927547 -9.377165 5.542478 2.276225
26.779655 -9.535808 5.525606 2.277089
26.780846 -9.747432 5.539758 2.276364
27.244762 -10.132236 5.650216 2.270709
27.800327 -10.560354 5.780581 2.264034
27.801601 -10.783531 5.796360 2.263226
27.802889 -11.007943 5.812509 2.262399
27.804190 -11.233623 5.829035 2.261554
27.805504 -11.460602 5.845942 2.260688
27.606882 -11.604865 5.821074 2.261961
27.394670 -11.741372 5.793472 2.263374
27.184458 -11.876598 5.766410 2.264760
26.976191 -12.010574 5.739879 2.266118
26.794790 -12.154656 5.719197 2.267177
26.796143 -12.381557 5.737796 2.266225
27.815109 -13.088798 5.975407 2.254059
27.816542 -13.327455 5.995557 2.253027
27.817991 -13.567741 6.016139 2.251974
27.819456 -13.809698 6.037159 2.250897
27.820938 -14.053369 6.058625 2.249798
27.659321 -14.214961 6.044894 2.250501
27.423313 -14.336562 6.015042 2.252030
27.189617 -14.456976 5.985775 2.253528
26.958174 -14.576231 5.957082 2.254997
26.810516 -14.739207 5.947047 2.255511
26.812048 -14.984748 5.970446 2.254313
27.831812 -15.810670 6.221952 2.241436
27.833439 -16.069645 6.247245 2.240141
27.835089 -16.330750 6.273052 2.238820
27.836758 -16.594038 6.299383 2.237471
27.789772 -16.830084 6.315186 2.236662
27.554230 -16.951475 6.288400 2.238034
27.320669 -17.071850 6.262145 2.239378
27.089041 -17.191229 6.236411 2.240696
26.859301 -17.309639 6.211191 2.241987
26.828447 -17.556046 6.232247 2.240909
27.849047 -18.502865 6.499182 2.227242
27.850895 -18.785667 6.530061 2.225661
27.852768 -19.071190 6.561558 2.224048
27.854666 -19.359497 6.593684 2.222403
27.856590 -19.650663 6.626453 2.220726
27.858540 -19.944757 6.659878 2.219014
27.860518 -20.241852 6.693971 2.217269
27.125648 -19.998755 6.550792 2.224599
26.735184 -20.000473 6.490058 2.227709
26.466320 -20.089031 6.458680 2.229316
26.316597 -20.266510 6.456513 2.229427
26.166973 -20.443880 6.454664 2.229521
26.017429 -20.621162 6.453130 2.229600
25.804394 -20.747265 6.436060 2.230474
25.440619 -20.748863 6.381303 2.233277
25.082964 -20.750435 6.327775 2.236018
24.731245 -20.751980 6.275442 2.238697
24.385277 -20.753498 6.224267 2.241318
23.188824 -20.016056 5.954400 2.255135
22.865774 -20.017473 5.907188 2.257552
22.655722 -20.114695 5.889058 2.258480
22.519308 -20.276476 5.890252 2.258419
22.382832 -20.438335 5.891733 2.258343
22.246286 -20.600286 5.893504 2.258252
22.109653 -20.762346 5.895564 2.258147
21.805202 -20.764814 5.852895 2.260332
21.503962 -20.766134 5.810810 2.262486
21.207005 -20.767435 5.769604 2.264596
20.914219 -20.768717 5.729256 2.266662
20.625483 -20.769981 5.689744 2.268685
20.340687 -20.771229 5.651045 2.270666
19.345545 -20.032900 5.413299 2.282839
19.078184 -20.034069 5.377492 2.284672
18.877708 -20.102718 5.360413 2.285547
18.752691 -20.251064 5.364928 2.285316
18.627459 -20.399672 5.369715 2.285071
18.502001 -20.548553 5.374772 2.284812
18.376301 -20.697727 5.380103 2.284539
18.192059 -20.780621 5.368505 2.285132
17.938307 -20.781729 5.336308 2.286781
17.687567 -20.782824 5.304751 2.288397
17.439766 -20.783905 5.273822 2.289980
17.194824 -20.784973 5.243504 2.291533
16.952673 -20.786030 5.213786 2.293054
16.713236 -20.787073 5.184654 2.294546
16.476448 -20.788107 5.156096 2.296008
15.663975 -20.048973 4.945523 2.306789
15.440536 -20.049948 4.919053 2.308145
15.219469 -20.050911 4.893102 2.309473
15.063189 -20.135380 4.887933 2.309738
14.946892 -20.273474 4.896005 2.309325
14.830208 -20.412031 4.904343 2.308897
14.713121 -20.551073 4.912951 2.308457
14.595621 -20.690613 4.921829 2.308002
14.454227 -20.796907 4.922990 2.307943
14.240575 -20.797836 4.899556 2.309143
14.028938 -20.798756 4.876581 2.310319
13.819264 -20.799667 4.854055 2.311472
13.611511 -20.800570 4.831971 2.312603
13.405627 -20.801464 4.810320 2.313711
13.201571 -20.802349 4.789095 2.314798
12.999298 -20.803226 4.768288 2.315864
12.798764 -20.804096 4.747891 2.316908
12.524519 -20.680439 4.699600 2.319381
11.961179 -20.065065 4.540670 2.327518
11.772582 -20.065884 4.522146 2.328466
11.585510 -20.066692 4.503990 2.329396
11.399923 -20.067497 4.486197 2.330307
11.263011 -20.152784 4.487576 2.330236
11.151764 -20.284985 4.499568 2.329622
11.039917 -20.417902 4.511845 2.328994
10.927455 -20.551554 4.524411 2.328350
10.814360 -20.685965 4.537269 2.327692
10.696530 -20.813196 4.548686 2.327107
10.513900 -20.813986 4.532706 2.327925
10.332540 -20.814770 4.517057 2.328727
10.152420 -20.815546 4.501735 2.329511
9.973508 -20.816319 4.486734 2.330279
9.795775 -20.817085 4.472050 2.331031
9.619194 -20.817848 4.457678 2.331767
9.443738 -20.818604 4.443614 2.332487
9.269374 -20.819355 4.429854 2.333191
9.096078 -20.820103 4.416393 2.333881
8.923823 -20.820845 4.403227 2.334555
8.675117 -20.637291 4.351495 2.337204
8.351654 -20.262630 4.260098 2.341883
8.113526 -20.081682 4.210042 2.344446
7.951176 -20.082380 4.198449 2.345039
7.789710 -20.083075 4.187123 2.345619
7.629105 -20.083765 4.176060 2.346186
7.490035 -20.140095 4.176798 2.346148
7.378623 -20.272602 4.193493 2.345293
7.266315 -20.406183 4.210529 2.344421
7.153085 -20.540865 4.227911 2.343531
7.038912 -20.676674 4.245646 2.342623
6.923775 -20.813633 4.263740 2.341697
6.768112 -20.830109 4.257331 2.342025
6.607917 -20.830795 4.247940 2.342505
6.448418 -20.831478 4.238795 2.342973
6.289598 -20.832159 4.229896 2.343429
6.131437 -20.832836 4.221239 2.343873
5.973913 -20.833511 4.212822 2.344303
5.817008 -20.834183 4.204643 2.344722
5.660702 -20.834850 4.196700 2.345129
5.504979 -20.835516 4.188991 2.345524
5.349822 -20.836180 4.181513 2.345906
5.195208 -20.836842 4.174265 2.346278
5.041121 -20.837500 4.167245 2.346637
4.831116 -20.597576 4.112418 2.349444
4.625526 -20.359339 4.058306 2.352215
4.425269 -20.127275 4.005792 2.354903
4.271991 -20.098139 3.993960 2.355509
4.125683 -20.098763 3.988263 2.355801
3.979784 -20.099384 3.982776 2.356082
3.834279 -20.100004 3.977498 2.356352
3.694206 -20.128143 3.977865 2.356333
3.574915 -20.274353 4.001730 2.355111
3.454179 -20.422337 4.026081 2.353865
3.331959 -20.572144 4.050930 2.352592
3.208215 -20.723824 4.076288 2.351294
3.078249 -20.845863 4.095965 2.350286
2.929783 -20.846495 4.091971 2.350491
2.781599 -20.847124 4.088183 2.350685
2.633682 -20.847752 4.084601 2.350868
2.486017 -20.848379 4.081223 2.351041
2.338591 -20.849005 4.078051 2.351204
2.191384 -20.849628 4.075081 2.351356
2.044384 -20.850252 4.072314 2.351497
1.897577 -20.850874 4.069749 2.351629
1.750947 -20.851496 4.067385 2.351750
1.604483 -20.852116 4.065222 2.351861
1.458165 -20.852736 4.063259 2.351961
1.311981 -20.853355 4.061496 2.352051
1.161533 -20.775570 4.044668 2.352913
1.007078 -20.591242 4.007316 2.354825
0.855444 -20.410276 3.970839 2.356693
0.706536 -20.232557 3.935208 2.358517
0.561831 -20.113888 3.911269 2.359743
0.421337 -20.114481 3.910717 2.359771
0.280876 -20.115074 3.910355 2.359790
0.140436 -20.115667 3.910185 2.359798
-0.000000 -20.116259 3.910205 2.359797
-0.140989 -20.194683 3.925545 2.359012
-0.284376 -20.365513 3.959040 2.357297
-0.430239 -20.539295 3.993310 2.355542
-0.578653 -20.716122 4.028377 2.353747
-0.728516 -20.861967 4.057628 2.352249
-0.874402 -20.862581 4.058836 2.352188
-1.020382 -20.863195 4.060242 2.352116
-1.166470 -20.863810 4.061847 2.352033
-1.312678 -20.864426 4.063652 2.351941
-1.459026 -20.865040 4.065657 2.351838
-1.605525 -20.865656 4.067862 2.351725
-1.752191 -20.866272 4.070267 2.351602
-1.899037 -20.866888 4.072875 2.351469
-2.046077 -20.867504 4.075684 2.351325
-2.193328 -20.868122 4.078696 2.351171
-2.340805 -20.868742 4.081911 2.351006
-2.488522 -20.869360 4.085331 2.350831
-2.628021 -20.802912 4.075816 2.351318
-2.755900 -20.654510 4.050411 2.352619
-2.882202 -20.507935 4.025515 2.353894
-3.006967 -20.363136 4.001115 2.355143
-3.130234 -20.220072 3.977202 2.356367
-3.260343 -20.129951 3.963856 2.357050
-3.404828 -20.130556 3.968559 2.356810
-3.549667 -20.131161 3.973467 2.356558
-3.694872 -20.131767 3.978581 2.356297
-3.840457 -20.132376 3.983903 2.356024
-4.023938 -20.322363 4.026960 2.353820
-4.219418 -20.555403 4.078876 2.351161
-4.420019 -20.794556 4.132354 2.348423
-4.590359 -20.878147 4.155233 2.347252
-4.743545 -20.878784 4.161849 2.346913
-4.897227 -20.879425 4.168691 2.346563
-5.051420 -20.880068 4.175758 2.346201
-5.206146 -20.880713 4.183054 2.345828
-5.361423 -20.881359 4.190580 2.345442
-5.517266 -20.882006 4.198338 2.345045
-5.673695 -20.882658 4.206330 2.344636
-5.830725 -20.883310 4.214558 2.344215
-5.988381 -20.883965 4.223024 2.343781
-6.146680 -20.884623 4.231732 2.343335
-6.305640 -20.885283 4.240683 2.342877
-6.436792 -20.793909 4.231151 2.343365
-6.553290 -20.658588 4.212822 2.344303
-6.668789 -20.524422 4.194854 2.345223
-6.783312 -20.391386 4.177241 2.346125
-6.896881 -20.259451 4.159976 2.347009
-7.015436 -20.145582 4.146551 2.347697
-7.173752 -20.146238 4.156893 2.347167
-7.332871 -20.146896 4.167490 2.346624
-7.492811 -20.147558 4.178346 2.346069
-7.655650 -20.153637 4.190589 2.345442
-7.956046 -20.511904 4.276530 2.341042
-8.269033 -20.885197 4.366287 2.336446
-8.441778 -20.894133 4.380370 2.335725
-8.612231 -20.894836 4.393015 2.335078
-8.783680 -20.895546 4.405950 2.334415
-8.956150 -20.896257 4.419177 2.333738
-9.129663 -20.896975 4.432699 2.333046
-9.304254 -20.897696 4.446522 2.332338
-9.479944 -20.898420 4.460650 2.331614
-9.656764 -20.899149 4.475087 2.330876
-9.834741 -20.899881 4.489837 2.330120
-10.013899 -20.900621 4.504904 2.329349
-10.175631 -20.863132 4.512026 2.328984
-10.290345 -20.729763 4.498610 2.329671
-10.404384 -20.597174 4.485491 2.330343
-10.517762 -20.465347 4.472664 2.331000
-10.630496 -20.334263 4.460127 2.331641
-10.742604 -20.203901 4.447875 2.332269
-10.901346 -20.161617 4.455213 2.331893
-11.084358 -20.162369 4.472370 2.331015
-11.268793 -20.163126 4.489880 2.330118
-11.495617 -20.235947 4.523856 2.328378
-12.071866 -20.909084 4.693066 2.319715
-12.267759 -20.909887 4.712355 2.318727
-12.465280 -20.910698 4.732035 2.317720
-12.664467 -20.911516 4.752112 2.316692
-12.865356 -20.912338 4.772594 2.315643
-13.067999 -20.913170 4.793488 2.314573
-13.272434 -20.914007 4.814802 2.313482
-13.478704 -20.914852 4.836542 2.312369
-13.686856 -20.915705 4.858717 2.311234
-13.896932 -20.916565 4.881336 2.310076
-14.028176 -20.797626 4.876316 2.310333
-14.146309 -20.660162 4.867123 2.310803
-14.264000 -20.523203 4.858200 2.311260
-14.381264 -20.386738 4.849545 2.311703
-14.498112 -20.250750 4.841155 2.312133
-14.659460 -20.177015 4.847877 2.311789
-14.876433 -20.177902 4.872925 2.310506
-15.095671 -20.178797 4.898473 2.309198
-15.882700 -20.924681 5.106332 2.298556
-16.114902 -20.925629 5.133893 2.297145
-16.349642 -20.926586 5.162006 2.295705
-16.586981 -20.927553 5.190684 2.294237
-16.826975 -20.928532 5.219937 2.292739
-17.069700 -20.929522 5.249778 2.291211
-17.315239 -20.930523 5.280223 2.289653
-17.563643 -20.931534 5.311282 2.288062
-17.761133 -20.869253 5.326813 2.287267
-17.887169 -20.722483 5.321095 2.287560
-18.012938 -20.576015 5.315647 2.287839
-18.138458 -20.429832 5.310467 2.288104
-18.263731 -20.283928 5.305556 2.288355
-18.438213 -20.192413 5.315160 2.287864
-18.699366 -20.193476 5.349672 2.286097
-18.963943 -20.194550 5.384900 2.284293
-19.942047 -20.941208 5.620985 2.272206
-20.223795 -20.942352 5.659051 2.270257
-20.509409 -20.943512 5.697918 2.268266
-20.798977 -20.944689 5.737603 2.266235
-21.092621 -20.945879 5.778128 2.264160
-21.390467 -20.947088 5.819516 2.262041
-21.579889 -20.839457 5.831326 2.261436
-21.716467 -20.680305 5.829076 2.261551
-21.852938 -20.521271 5.827110 2.261652
-21.989319 -20.362333 5.825428 2.261738
-22.129927 -20.207396 5.825161 2.261752
-22.444000 -20.208668 5.870554 2.259428
-22.763033 -20.209959 5.916951 2.257052
-23.430281 -20.511658 6.053023 2.250085
-23.432253 -20.226179 6.016907 2.251934
-23.434195 -19.944057 5.981505 2.253747
-23.436108 -19.665230 5.946806 2.255523
-23.437994 -19.389587 5.912791 2.257265
-23.439852 -19.117073 5.879447 2.258972
-23.441683 -18.847599 5.846760 2.260646
-22.441238 -17.786701 5.566123 2.275014
-22.443409 -17.534712 5.536164 2.276548
-22.639923 -17.435081 5.554477 2.275611
-22.837744 -17.334789 5.573184 2.274653
-23.036907 -17.233810 5.592289 2.273675
-23.237455 -17.132126 5.611801 2.272676
-23.439407 -17.029726 5.631722 2.271656
-23.455439 -16.792439 5.607269 2.272908
-23.457054 -16.547129 5.579903 2.274309
-23.458649 -16.304186 5.553071 2.275683
-23.460222 -16.063545 5.526761 2.277030
-22.458744 -15.148613 5.265790 2.290391
-22.460211 -14.922523 5.241579 2.291631
-22.601339 -14.789900 5.250289 2.291185
-22.796131 -14.691106 5.271586 2.290095
-22.992525 -14.591496 5.293315 2.288982
-23.190544 -14.491060 5.315483 2.287847
-23.390244 -14.389769 5.338099 2.286689
-23.472107 -14.215211 5.334002 2.286899
-23.473511 -13.993022 5.311992 2.288026
-23.474897 -13.772637 5.290418 2.289131
-23.476269 -13.554029 5.269273 2.290213
-22.473913 -12.766954 5.024165 2.302763
-22.475195 -12.560960 5.004725 2.303758
-22.476460 -12.356540 4.985676 2.304733
-22.632324 -12.237248 5.001176 2.303940
-22.806728 -12.126553 5.020886 2.302931
-22.982527 -12.014970 5.040998 2.301901
-23.159737 -11.902486 5.061518 2.300850
-23.338402 -11.789076 5.082453 2.299778
-23.487906 -11.659493 5.097160 2.299025
-23.489126 -11.456411 5.079944 2.299907
-23.490334 -11.254677 5.063088 2.300770
-23.491528 -11.054272 5.046589 2.301615
-23.492708 -10.855157 5.030440 2.302441
-23.493877 -10.657292 5.014636 2.303251
-22.490580 -10.013451 4.785450 2.314985
-22.491674 -9.826366 4.770969 2.315726
-22.516098 -9.650410 4.761743 2.316199
-22.716022 -9.548938 4.789808 2.314762
-22.918333 -9.446252 4.818443 2.313296
-23.123077 -9.342329 4.847659 2.311800
-23.330334 -9.237127 4.877470 2.310273
-23.502798 -9.116133 4.900101 2.309115
-23.503862 -8.928281 4.887208 2.309775
-23.504915 -8.741397 4.874619 2.310420
-23.505959 -8.555469 4.862330 2.311049
-23.506992 -8.370459 4.850337 2.311663
-23.508015 -8.186355 4.838638 2.312262
-23.509027 -8.003127 4.827229 2.312846
-22.786793 -7.580154 4.667948 2.321001
-22.505890 -7.312606 4.599833 2.324488
-22.506830 -7.139583 4.589726 2.325006
-22.533600 -6.975313 4.585143 2.325241
-22.746052 -6.867439 4.618505 2.323533
-22.961636 -6.757974 4.652585 2.321788
-23.180424 -6.646879 4.687400 2.320005
-23.402525 -6.534098 4.722972 2.318184
-23.517727 -6.389624 4.737103 2.317460
-23.518650 -6.213896 4.728436 2.317904
-23.519566 -6.038795 4.720028 2.318335
-23.520472 -5.864312 4.711879 2.318752
-23.521370 -5.690414 4.703986 2.319156
-23.522261 -5.517095 4.696347 2.319547
-23.366091 -5.308647 4.657654 2.321528
-22.965673 -5.049328 4.570699 2.325980
-22.579924 -4.799511 4.487148 2.330258
-22.519981 -4.622684 4.468713 2.331202
-22.520798 -4.459237 4.462589 2.331515
-22.547821 -4.301228 4.461885 2.331552
-22.783449 -4.181542 4.502625 2.329466
-23.023417 -4.059649 4.544338 2.327330
-23.267891 -3.935465 4.587057 2.325143
-23.517002 -3.808922 4.630812 2.322902
-23.531574 -3.642881 4.628561 2.323018
-23.532379 -3.474957 4.623834 2.323260
-23.533178 -3.307372 4.619342 2.323490
-23.533972 -3.140098 4.615082 2.323708
-23.534760 -2.973130 4.611053 2.323914
-23.535540 -2.806444 4.607255 2.324109
-23.251238 -2.608042 4.547926 2.327146
-22.853933 -2.402045 4.466825 2.331299
-22.531561 -2.209235 4.400694 2.334684
-22.532286 -2.050597 4.397933 2.334826
-22.533005 -1.892150 4.395388 2.334956
-22.611090 -1.739826 4.408143 2.334303
-22.835979 -1.596847 4.449704 2.332175
-23.065168 -1.451133 4.492279 2.329995
-23.298780 -1.302603 4.535897 2.327762
-23.536983 -1.151152 4.580595 2.325474
-23.543745 -0.986772 4.580458 2.325480
-23.544458 -0.822190 4.579369 2.325536
-23.545168 -0.657672 4.578502 2.325581
-23.545872 -0.493214 4.577857 2.325613
-23.546570 -0.328794 4.577435 2.325635
-23.547264 -0.164391 4.577236 2.325645
-23.390291 0.000000 4.546612 2.327214
-23.079458 0.161132 4.486301 2.330301
-22.776758 0.318046 4.427785 2.333297
-22.543188 0.472212 4.382913 2.335595
-22.543831 0.629709 4.383786 2.335550
-22.544468 0.787270 4.384871 2.335495
-22.673613 0.950310 4.411173 2.334148
-23.018923 1.125815 4.479774 2.330636
-23.375153 1.306873 4.550765 2.327001
-23.553947 1.481892 4.587476 2.325121
-23.554592 1.647098 4.589729 2.325006
-23.555233 1.812480 4.592208 2.324879
-23.555870 1.978043 4.594912 2.324740
-23.556501 2.143809 4.597843 2.324590
-23.557131 2.309800 4.601001 2.324429
-23.557755 2.476020 4.604387 2.324255
-23.478973 2.633593 4.592471 2.324865
-23.218416 2.768630 4.545176 2.327287
-22.963156 2.900920 4.499062 2.329648
-22.712999 3.030564 4.454086 2.331951
-22.553555 3.169696 4.427051 2.333335
-22.554131 3.330508 4.431620 2.333101
-22.554705 3.491654 4.436414 2.332856
-22.826628 3.697106 4.494868 2.329863
-23.309288 3.942474 4.595218 2.324725
-23.563795 4.154933 4.650997 2.321869
-23.564381 4.324877 4.656959 2.321564
-23.564962 4.495258 4.663162 2.321246
-23.565540 4.666101 4.669609 2.320916
-23.566116 4.837432 4.676301 2.320573
-23.566687 5.009254 4.683240 2.320218
-23.516285 5.170395 4.680284 2.320369
-23.319088 5.297968 4.648284 2.322008
-23.124556 5.423815 4.616943 2.323612
-22.932610 5.547985 4.586242 2.325184
-22.743195 5.670516 4.556167 2.326724
-22.562395 5.793042 4.527939 2.328170
-22.562922 5.961382 4.536286 2.327742
-22.563444 6.130351 4.544885 2.327302
-22.854877 6.381199 4.612449 2.323843
-23.572239 6.759231 4.766630 2.315948
-23.572777 6.937850 4.776417 2.315447
-23.573315 7.117205 4.786478 2.314932
-23.573847 7.297324 4.796813 2.314403
-23.574379 7.478237 4.807428 2.313860
-23.574907 7.659952 4.818323 2.313302
-23.516396 7.822868 4.817410 2.313349
-23.303480 7.933154 4.785022 2.315007
-23.093395 8.041970 4.753297 2.316631
-22.886057 8.149362 4.722216 2.318222
-22.681408 8.255358 4.691767 2.319781
-22.570023 8.393721 4.680735 2.320346
-22.570513 8.573735 4.693135 2.319711
-22.571001 8.754713 4.705831 2.319062
-23.309711 9.228971 4.873159 2.310494
-23.580053 9.526960 4.943462 2.306895
-23.580555 9.719209 4.957672 2.306167
-23.581055 9.912564 4.972205 2.305423
-23.581551 10.107065 4.987067 2.304662
-23.582047 10.302746 5.002261 2.303884
-23.548260 10.484361 5.010499 2.303463
-23.344841 10.589694 4.982825 2.304879
-23.143652 10.693871 4.955698 2.306268
-22.944632 10.796923 4.929101 2.307630
-22.747715 10.898882 4.903026 2.308965
-22.576672 11.011378 4.882609 2.310010
-22.577131 11.207390 4.899511 2.309145
-22.577589 11.404763 4.916770 2.308261
-23.586405 12.121764 5.154765 2.296076
-23.586880 12.330926 5.173557 2.295114
-23.587351 12.541617 5.192739 2.294132
-23.587822 12.753893 5.212318 2.293129
-23.588289 12.967774 5.232300 2.292106
-23.549412 13.161320 5.243929 2.291511
-23.349905 13.264596 5.219998 2.292736
-23.152206 13.366934 5.196537 2.293937
-22.956259 13.468363 5.173536 2.295115
-22.762033 13.568897 5.150987 2.296269
-22.582504 13.676450 5.131842 2.297250
-22.582941 13.893122 5.153858 2.296122
-23.591974 14.741901 5.407494 2.283136
-23.592426 14.972215 5.431425 2.281911
-23.592876 15.204574 5.455833 2.280661
-23.593327 15.439039 5.480729 2.279387
-23.593775 15.675671 5.506122 2.278086
-23.421125 15.797749 5.491435 2.278838
-23.241499 15.913792 5.475235 2.279668
-23.062923 16.029152 5.459396 2.280479
-22.885368 16.143850 5.443912 2.281272
-22.708801 16.257908 5.428779 2.282046
-22.587639 16.410881 5.427071 2.282134
-22.588058 16.653358 5.454974 2.280705
-23.597301 17.653040 5.728327 2.266710
-23.597736 17.911655 5.758648 2.265157
-23.598169 18.173042 5.789575 2.263574
-23.598602 18.437248 5.821118 2.261959
-23.599031 18.704369 5.853293 2.260311
-23.599461 18.974457 5.886112 2.258631
-22.943333 18.712124 5.754905 2.265349
-22.620644 18.713428 5.706596 2.267822
-22.303326 18.714712 5.659368 2.270240
-22.173618 18.871235 5.659749 2.270221
-22.052553 19.035255 5.662629 2.270073
-21.931356 19.199450 5.665788 2.269912
-21.810009 19.363836 5.669227 2.269736
-21.688511 19.528423 5.672945 2.269545
-21.566837 19.693235 5.676944 2.269340
-21.337460 19.758707 5.652737 2.270580
-21.042162 19.759903 5.610916 2.272721
-20.751177 19.761084 5.569977 2.274817
-20.464405 19.762247 5.529901 2.276869
-19.123983 18.727594 5.202895 2.293612
-18.859873 18.728666 5.166487 2.295476
-18.599421 18.729723 5.130834 2.297301
-18.437603 18.827866 5.122332 2.297737
-18.326775 18.977930 5.128224 2.297435
-18.215675 19.128351 5.134381 2.297120
-18.104307 19.279131 5.140802 2.296791
-17.992651 19.430294 5.147490 2.296448
-17.880692 19.581860 5.154445 2.296092
-17.768425 19.733835 5.161671 2.295722
-17.556229 19.774063 5.140007 2.296832
-17.311752 19.775059 5.108726 2.298433
-17.070223 19.776041 5.078069 2.300003
-16.831554 19.777014 5.048021 2.301541
-16.595692 19.777975 5.018571 2.303049
-16.362543 19.778925 4.989704 2.304527
-15.286578 18.743200 4.701380 2.319289
-15.070629 18.744080 4.675097 2.320635
-14.857062 18.744951 4.649330 2.321954
-14.688641 18.800604 4.637585 2.322556
-14.585684 18.939903 4.646715 2.322088
-14.482318 19.079752 4.656106 2.321607
-14.378526 19.220171 4.665763 2.321113
-14.274290 19.361181 4.675688 2.320605
-14.169607 19.502792 4.685883 2.320083
-14.064455 19.645031 4.696351 2.319547
-13.958829 19.787905 4.707095 2.318997
-13.754114 19.789574 4.684537 2.320152
-13.550771 19.790407 4.662225 2.321294
-13.349354 19.791231 4.640351 2.322414
-13.149800 19.792048 4.618905 2.323512
-12.952081 19.792858 4.597879 2.324589
-12.756145 19.793659 4.577267 2.325644
-12.561940 19.794456 4.557059 2.326679
-12.335276 19.740568 4.524717 2.328334
-11.540312 18.758516 4.281050 2.340810
-11.361005 18.759253 4.263013 2.341734
-11.183194 18.759981 4.245333 2.342639
-11.006838 18.760706 4.228004 2.343526
-10.882378 18.848831 4.230640 2.343391
-10.783530 18.982452 4.243630 2.342726
-10.684071 19.116898 4.256907 2.342046
-10.583981 19.252188 4.270476 2.341352
-10.483240 19.388353 4.284340 2.340642
-10.381841 19.525402 4.298504 2.339916
-10.279757 19.663370 4.312973 2.339176
-10.176982 19.802269 4.327749 2.338419
-10.004208 19.804962 4.312969 2.339176
-9.831619 19.805674 4.298071 2.339939
-9.660216 19.806379 4.283484 2.340686
-9.489959 19.807081 4.269203 2.341417
-9.320831 19.807779 4.255224 2.342132
-9.152800 19.808472 4.241543 2.342833
-8.985831 19.809160 4.228154 2.343518
-8.819911 19.809845 4.215055 2.344189
-8.655002 19.810526 4.202240 2.344845
-8.353553 19.490301 4.121842 2.348962
-7.985377 18.996460 4.005516 2.354918
-7.738151 18.774168 3.947157 2.357905
-7.585511 18.774799 3.936060 2.358474
-7.433714 18.775427 3.925216 2.359029
-7.282749 18.776052 3.914622 2.359571
-7.142980 18.804024 3.909961 2.359810
-7.043245 18.938721 3.927649 2.358904
-6.942601 19.074640 3.945688 2.357980
-6.841018 19.211821 3.964089 2.357038
-6.738481 19.350286 3.982855 2.356078
-6.634962 19.490070 4.001996 2.355098
-6.530433 19.631214 4.021517 2.354098
-6.424877 19.773739 4.041427 2.353079
-6.287374 19.820328 4.041879 2.353056
-6.135610 19.820959 4.033174 2.353502
-5.984490 19.821587 4.024703 2.353935
-5.833992 19.822212 4.016461 2.354357
-5.684106 19.822834 4.008449 2.354767
-5.534804 19.823456 4.000663 2.355166
-5.386080 19.824074 3.993102 2.355553
-5.237910 19.824690 3.985764 2.355929
-5.090271 19.825306 3.978645 2.356293
-4.943156 19.825918 3.971746 2.356647
-4.791688 19.806456 3.961049 2.357194
-4.578517 19.520639 3.897401 2.360453
-4.372097 19.243877 3.835957 2.363599
-4.172076 18.975700 3.776602 2.366638
-3.993877 18.789717 3.733947 2.368822
-3.857094 18.790289 3.728618 2.369095
-3.720684 18.790857 3.723486 2.369358
-3.584652 18.791426 3.718549 2.369610
-3.448974 18.791992 3.713805 2.369853
-3.325714 18.861061 3.722776 2.369394
-3.215307 19.010023 3.747656 2.368120
-3.103399 19.161005 3.773058 2.366819
-2.989967 19.314039 3.798989 2.365492
-2.874958 19.469194 3.825466 2.364136
-2.758329 19.626532 3.852504 2.362752
-2.640033 19.786112 3.880115 2.361338
-2.505876 19.836102 3.886393 2.361017
-2.365377 19.836689 3.883178 2.361181
-2.225105 19.837278 3.880158 2.361336
-2.085043 19.837866 3.877331 2.361481
-1.945179 19.838453 3.874697 2.361615
-1.805487 19.839039 3.872255 2.361741
-1.665975 19.839624 3.870005 2.361856
-1.526619 19.840210 3.867946 2.361961
-1.387403 19.840796 3.866078 2.362057
-1.248316 19.841381 3.864399 2.362143
-1.109331 19.841965 3.862911 2.362219
-0.967112 19.774136 3.848297 2.362967
-0.820549 19.577753 3.808871 2.364986
-0.676951 19.385349 3.770427 2.366954
-0.536217 19.196787 3.732933 2.368874
-0.398237 19.011923 3.696354 2.370747
-0.262938 18.830654 3.660665 2.372574
-0.131290 18.805920 3.655590 2.372834
0.000000 18.806473 3.655608 2.372833
0.131298 18.807028 3.655805 2.372823
0.262627 18.807583 3.656180 2.372803
0.393979 18.808138 3.656734 2.372775
0.528879 18.934072 3.681846 2.371489
0.667930 19.127012 3.720181 2.369527
0.809914 19.324017 3.759506 2.367513
0.954951 19.525251 3.799861 2.365447
1.103130 19.730841 3.841276 2.363327
1.248979 19.851919 3.866452 2.362038
1.388223 19.852509 3.868360 2.361940
1.527611 19.853098 3.870459 2.361832
1.667168 19.853689 3.872749 2.361715
1.806886 19.854282 3.875231 2.361588
1.946790 19.854876 3.877905 2.361451
2.086894 19.855471 3.880772 2.361305
2.227213 19.856066 3.883832 2.361148
2.367770 19.856663 3.887088 2.360981
2.508560 19.857260 3.890539 2.360804
2.649606 19.857861 3.894185 2.360618
2.790925 19.858459 3.898029 2.360421
2.909319 19.701883 3.871187 2.361795
3.025279 19.542068 3.843842 2.363195
3.139609 19.384504 3.817068 2.364566
3.252364 19.229118 3.790849 2.365909
3.363587 19.075850 3.765171 2.367223
3.473320 18.924641 3.740020 2.368511
3.590438 18.821703 3.724540 2.369303
3.726917 18.822283 3.729713 2.369039
3.863782 18.822866 3.735083 2.368764
4.001049 18.823452 3.740651 2.368479
4.138732 18.824039 3.746418 2.368183
4.296980 18.913202 3.770042 2.366974
4.500300 19.187109 3.830811 2.363863
4.710290 19.469997 3.893761 2.360639
4.927306 19.762344 3.959010 2.357299
5.101313 19.868311 3.987276 2.355851
5.249609 19.868944 3.994661 2.355473
5.398451 19.869581 4.002269 2.355084
5.547868 19.870222 4.010102 2.354683
5.697879 19.870863 4.018161 2.354270
5.848501 19.871508 4.026450 2.353846
5.999765 19.872156 4.034971 2.353410
6.151667 19.872808 4.043725 2.352961
6.304236 19.873461 4.052715 2.352501
6.457493 19.874119 4.061943 2.352028
6.605873 19.857992 4.067974 2.351720
6.711932 19.716148 4.048418 2.352721
6.816975 19.575670 4.029246 2.353703
6.921033 19.436514 4.010451 2.354665
7.024133 19.298645 3.992025 2.355608
7.126295 19.162035 3.973961 2.356533
7.227551 19.026644 3.956251 2.357440
7.327908 18.892462 3.938892 2.358329
7.458601 18.838270 3.938354 2.358356
7.611421 18.838928 3.949504 2.357785
7.765117 18.839590 3.960912 2.357201
7.919722 18.840256 3.972580 2.356604
8.141068 18.994524 4.016994 2.354330
8.523511 19.509539 4.138394 2.348114
8.853115 19.884422 4.230923 2.343377
9.020299 19.885143 4.244372 2.342688
9.188569 19.885868 4.258116 2.341984
9.357929 19.886599 4.272158 2.341266
9.528418 19.887335 4.286501 2.340531
9.700064 19.888077 4.301153 2.339781
9.872895 19.888823 4.316115 2.339015
10.046955 19.889576 4.331396 2.338233
10.222248 19.890333 4.346996 2.337434
10.395370 19.884502 4.361476 2.336692
10.499093 19.745922 4.347051 2.337431
10.602140 19.608253 4.332933 2.338154
10.704535 19.471462 4.319115 2.338861
10.806278 19.335548 4.305597 2.339553
10.907393 19.200480 4.292372 2.340230
11.007896 19.066235 4.279437 2.340893
11.107802 18.932795 4.266787 2.341540
11.239608 18.854603 4.266747 2.341542
11.419231 18.855383 4.284859 2.340615
11.600395 18.856169 4.303337 2.339669
11.783137 18.856962 4.322186 2.338704
12.629404 19.900761 4.581532 2.325426
12.825724 19.901613 4.602232 2.324366
13.023820 19.902473 4.623344 2.323285
13.223752 19.903341 4.644878 2.322182
13.425566 19.904219 4.666843 2.321058
13.629307 19.905104 4.689246 2.319911
13.835039 19.905998 4.712098 2.318741
14.042782 19.906902 4.735403 2.317547
14.221739 19.864710 4.748869 2.316858
14.328765 19.721853 4.738516 2.317388
14.435333 19.579613 4.728439 2.317904
14.541465 19.437963 4.718634 2.318406
14.647157 19.296907 4.709101 2.318894
14.752431 19.156418 4.699835 2.319368
14.857299 19.016474 4.690835 2.319829
14.961774 18.877064 4.682097 2.320276
15.173255 18.871710 4.706931 2.319005
15.392178 18.872665 4.733855 2.317626
15.613630 18.873632 4.761323 2.316220
16.713640 19.918541 5.054240 2.301223
16.952892 19.919586 5.084413 2.299678
17.195049 19.920643 5.115201 2.298102
17.440149 19.921713 5.146615 2.296493
17.688292 19.922798 5.178670 2.294852
17.939556 19.923895 5.211384 2.293177
18.081884 19.802195 5.212443 2.293123
18.196051 19.649935 5.205678 2.293469
18.309921 19.498077 5.199185 2.293802
18.423517 19.346594 5.192963 2.294120
18.536850 19.195469 5.187008 2.294425
18.649933 19.044687 5.181320 2.294716
18.762783 18.894218 5.175898 2.294994
19.020866 18.888529 5.210588 2.293218
19.289537 18.889706 5.247934 2.291306
20.644054 19.935732 5.578445 2.274384
20.935921 19.937012 5.619565 2.272278
21.232157 19.938309 5.661577 2.270127
21.532848 19.939629 5.704499 2.267930
21.810987 19.916164 5.741209 2.266050
21.935232 19.750572 5.737478 2.266241
22.059324 19.585190 5.734033 2.266418
22.183289 19.419989 5.730872 2.266579
22.307116 19.254976 5.727994 2.266727
22.430828 19.090126 5.725399 2.266860
22.554438 18.925419 5.723086 2.266978
22.852621 18.905336 5.765119 2.264826
23.182022 18.906784 5.814775 2.262284
24.817846 19.954052 6.189997 2.243072
25.177750 19.955633 6.244863 2.240263
25.544109 19.957245 6.301020 2.237388
25.712666 19.801422 6.308344 2.237013
25.848703 19.620220 6.307959 2.237032
25.984726 19.439049 6.307881 2.237036
26.120756 19.257877 6.308112 2.237025
26.256807 19.076687 6.308651 2.236997
26.428659 18.921064 6.318050 2.236516
26.824812 18.922810 6.381015 2.233292
27.691933 19.246386 6.555161 2.224376
27.692455 18.961414 6.523790 2.225982
27.692980 18.679150 6.493035 2.227556
27.693506 18.399525 6.462883 2.229100
27.694035 18.122456 6.433321 2.230614
27.694565 17.847919 6.404343 2.232098
26.681885 16.932835 6.142675 2.245495
26.682398 16.673012 6.115848 2.246869
26.786627 16.479246 6.113219 2.247003
26.994122 16.348209 6.134374 2.245920
27.203054 16.216267 6.155977 2.244814
27.413479 16.083387 6.178035 2.243685
27.625429 15.949549 6.200557 2.242531
27.698875 15.735155 6.192235 2.242958
27.699425 15.480673 6.168044 2.244196
27.699974 15.228182 6.144343 2.245409
27.700527 14.977615 6.121123 2.246598
26.687653 14.190077 5.875268 2.259186
26.688189 13.952251 5.853800 2.260285
26.840189 13.793973 5.865873 2.259667
27.074007 13.676058 5.895964 2.258126
27.310253 13.556923 5.926655 2.256555
27.548985 13.436537 5.957961 2.254952
27.704462 13.273758 5.971399 2.254264
27.705034 13.036988 5.951759 2.255270
27.705608 12.801781 5.932538 2.256254
27.706184 12.568079 5.913729 2.257217
27.706764 12.335846 5.895327 2.258159
26.955660 11.776642 5.717877 2.267245
26.694250 11.441160 5.645345 2.270958
26.694817 11.221460 5.628759 2.271807
26.905916 11.089815 5.656809 2.270371
27.147196 10.968179 5.691299 2.268605
27.391451 10.845046 5.726493 2.266804
27.638783 10.720366 5.762413 2.264964
27.711494 10.526603 5.762110 2.264980
27.712099 10.306033 5.747135 2.265747
27.712706 10.086599 5.732517 2.266495
27.713316 9.868271 5.718253 2.267225
27.713928 9.651001 5.704337 2.267938
27.105770 9.227550 5.565765 2.275033
26.701218 8.882309 5.469830 2.279945
26.701817 8.675946 5.457412 2.280581
26.764942 8.490343 5.458066 2.280547
27.017202 8.363212 5.497468 2.278530
27.273129 8.234236 5.537711 2.276469
27.532845 8.103354 5.578823 2.274364
27.718943 7.948278 5.605151 2.273016
27.719584 7.739450 5.594218 2.273576
27.720228 7.531409 5.583600 2.274120
27.720877 7.324165 5.573295 2.274647
27.721529 7.117675 5.563300 2.275159
27.528259 6.863565 5.514763 2.277644
26.780390 6.478861 5.355751 2.285785
26.709253 6.264590 5.332647 2.286968
26.709894 6.068333 5.324187 2.287401
26.855547 5.904572 5.344873 2.286343
27.088301 5.757796 5.383065 2.284387
27.324423 5.608901 5.422074 2.282390
27.564026 5.457815 5.461925 2.280349
27.727556 5.289308 5.486878 2.279072
27.728247 5.089082 5.479851 2.279432
27.728939 4.889360 5.473109 2.279777
27.729635 4.690120 5.466650 2.280107
27.730337 4.491325 5.460474 2.280424
27.731043 4.292986 5.454577 2.280725
27.201893 4.016823 5.344850 2.286344
26.717888 3.754954 5.244470 2.291483
26.718580 3.565022 5.239593 2.291733
26.719276 3.375421 5.234980 2.291969
26.937820 3.212135 5.273277 2.290008
27.247288 3.056270 5.329550 2.287127
27.563450 2.897035 5.387304 2.284170
27.736843 2.719624 5.417351 2.282632
27.737589 2.524309 5.413922 2.282807
27.738338 2.329247 5.410763 2.282969
27.739094 2.134404 5.407872 2.283117
27.739853 1.939759 5.405248 2.283251
27.740620 1.745294 5.402892 2.283372
27.601648 1.543163 5.373596 2.284872
27.186670 1.329644 5.290870 2.289107
26.784258 1.122590 5.210903 2.293202
26.728739 0.933388 5.198708 2.293826
26.729502 0.746625 5.197715 2.293877
26.897896 0.563422 5.229568 2.292246
27.260874 0.380652 5.299494 2.288666
27.633715 0.192920 5.371581 2.284975
27.726246 -0.000000 4.391406 2.335160
27.727062 -0.193575 4.391643 2.335148
27.727884 -0.387180 4.392094 2.335125
27.728710 -0.580834 4.392760 2.335091
27.729542 -0.774557 4.393641 2.335045
27.675400 -0.966447 4.386024 2.335435
27.392870 -1.148102 4.342413 2.337668
27.115892 -1.326189 4.299869 2.339847
26.844282 -1.500829 4.258356 2.341972
26.719149 -1.681027 4.240265 2.342898
26.719980 -1.868443 4.242363 2.342791
26.788162 -2.061237 4.255370 2.342125
27.236433 -2.287107 4.329010 2.338355
27.700521 -2.520945 4.405463 2.334440
27.738144 -2.719749 4.414359 2.333985
27.739037 -2.915490 4.417632 2.333817
27.739933 -3.111532 4.421126 2.333638
27.740835 -3.307895 4.424843 2.333448
27.741745 -3.504598 4.428783 2.333246
27.563618 -3.677772 4.404338 2.334498
27.264589 -3.831789 4.360725 2.336731
26.971413 -3.982792 4.318176 2.338909
26.730394 -4.138084 4.284109 2.340653
26.731302 -4.329526 4.288995 2.340404
26.732216 -4.521417 4.294102 2.340142
25.264236 -4.454767 4.063191 2.351964
24.668070 -4.527439 3.972297 2.356618
24.325584 -4.640354 3.922268 2.359180
23.997604 -4.751654 3.874639 2.361619
23.744436 -4.874033 3.839163 2.363435
23.517447 -4.998788 3.808012 2.365030
23.340935 -5.131838 3.785140 2.366201
23.178499 -5.266026 3.764668 2.367249
23.018648 -5.398975 3.744736 2.368269
22.873310 -5.533637 3.727286 2.369163
22.780067 -5.679709 3.718462 2.369615
22.694239 -5.826890 3.711002 2.369997
22.602438 -5.971822 3.702718 2.370421
22.544361 -6.125168 3.700119 2.370554
22.502977 -6.282944 3.700436 2.370538
22.479027 -6.445757 3.703807 2.370365
22.464056 -6.611531 3.708856 2.370107
22.481478 -6.787560 3.719465 2.369563
22.620075 -7.002084 3.750392 2.367980
22.734146 -7.211696 3.777560 2.366589
23.079809 -7.499085 3.843602 2.363208
23.224949 -7.725913 3.876661 2.361515
24.097696 -8.203526 4.031800 2.353572
26.915869 -9.373097 4.514148 2.328876
26.757599 -9.527953 4.498651 2.329669
26.758732 -9.739383 4.510163 2.329080
27.148802 -10.096549 4.587678 2.325111
27.777248 -10.551588 4.706208 2.319042
27.778460 -10.774555 4.719043 2.318385
27.779682 -10.998755 4.732180 2.317713
25.150938 -10.161639 4.296362 2.340026
24.806931 -10.224679 4.249688 2.342416
24.476095 -10.288804 4.205215 2.344693
24.294205 -10.412510 4.186352 2.345659
24.121147 -10.538271 4.169107 2.346542
23.994778 -10.683164 4.160055 2.347005
23.871952 -10.828797 4.151766 2.347430
23.761862 -10.979523 4.145850 2.347732
23.666328 -11.136529 4.142646 2.347896
23.551426 -11.283954 4.136222 2.348225
23.452856 -11.438723 4.132835 2.348399
23.376141 -11.604017 4.133492 2.348365
23.305202 -11.772305 4.135380 2.348269
23.229359 -11.938270 4.136611 2.348205
23.134201 -12.094269 4.134600 2.348308
23.064575 -12.263653 4.137358 2.348167
23.002562 -12.437438 4.141708 2.347944
22.927498 -12.604500 4.143936 2.347830
22.856441 -12.774035 4.147111 2.347668
22.762121 -12.930686 4.146276 2.347711
22.734716 -13.125896 4.157875 2.347117
22.578819 -13.246915 4.146176 2.347716
22.434940 -13.373910 4.136800 2.348196
22.290073 -13.499349 4.127365 2.348679
22.137434 -13.619040 4.116607 2.349230
22.005070 -13.750294 4.109744 2.349581
21.840998 -13.860721 4.097075 2.350230
21.690649 -13.978669 4.087078 2.350742
21.570715 -14.115481 4.082949 2.350953
21.462349 -14.259552 4.081181 2.351043
21.367693 -14.412690 4.082215 2.350991
21.296019 -14.581689 4.087872 2.350701
21.259287 -14.775589 4.100522 2.350053
21.348312 -15.059579 4.137872 2.348141
27.831900 -19.925686 5.421395 2.282424
27.833738 -20.222395 5.449121 2.281005
27.127548 -20.000156 5.338073 2.286690
26.737040 -20.001860 5.288579 2.289225
26.451420 -20.077721 5.259681 2.290704
26.301785 -20.255104 5.257918 2.290794
26.152248 -20.432377 5.256412 2.290872
26.002792 -20.609562 5.255164 2.290936
25.806107 -20.748644 5.244562 2.291478
25.442293 -20.750229 5.199938 2.293763
25.084602 -20.751789 5.156317 2.295996
24.732847 -20.753323 5.113669 2.298180
24.386843 -20.754831 5.071966 2.300315
23.190302 -20.017330 4.852057 2.311574
22.867220 -20.018738 4.813583 2.313545
22.642979 -20.103380 4.795808 2.314455
22.506638 -20.265068 4.796779 2.314405
22.370235 -20.426834 4.797985 2.314343
22.233763 -20.588690 4.799426 2.314269
22.097202 -20.750656 4.801103 2.314183
21.806519 -20.766069 4.769328 2.315810
21.505251 -20.767380 4.735032 2.317566
21.208267 -20.768671 4.701453 2.319285
20.915455 -20.769945 4.668573 2.320969
20.626694 -20.771200 4.636374 2.322618
20.341873 -20.772438 4.604838 2.324232
19.346666 -20.034060 4.411105 2.334151
19.079281 -20.035221 4.381926 2.335645
18.867022 -20.091337 4.365284 2.336497
18.742065 -20.239592 4.368960 2.336309
18.616896 -20.388103 4.372855 2.336110
18.491497 -20.536890 4.376972 2.335899
18.365860 -20.685966 4.381310 2.335677
18.193066 -20.781773 4.374593 2.336021
17.939295 -20.782873 4.348356 2.337364
17.688536 -20.783960 4.322640 2.338681
17.440716 -20.785036 4.297435 2.339971
17.195755 -20.786098 4.272729 2.341236
16.953585 -20.787148 4.248512 2.342476
16.714128 -20.788185 4.224772 2.343692
16.477324 -20.789211 4.201499 2.344883
15.664804 -20.050034 4.029911 2.353668
15.441349 -20.051003 4.008340 2.354773
15.220265 -20.051960 3.987193 2.355856
15.054493 -20.123756 3.980474 2.356200
14.938250 -20.261751 3.987043 2.355863
14.821618 -20.400208 3.993829 2.355516
14.704585 -20.539148 4.000834 2.355157
14.587137 -20.678585 4.008060 2.354787
14.454961 -20.797964 4.011541 2.354609
14.241294 -20.798887 3.992445 2.355587
14.029644 -20.799803 3.973722 2.356545
13.819957 -20.800709 3.955366 2.357485
13.612189 -20.801605 3.937370 2.358407
13.406293 -20.802496 3.919727 2.359310
13.202223 -20.803377 3.902431 2.360195
12.999937 -20.804249 3.885475 2.361064
12.799391 -20.805115 3.868853 2.361915
12.570802 -20.756861 3.843466 2.363214
11.961760 -20.066040 3.699996 2.370560
11.773151 -20.066853 3.684901 2.371333
11.586068 -20.067659 3.670106 2.372091
11.400471 -20.068459 3.655607 2.372833
11.256242 -20.140673 3.654357 2.372897
11.145043 -20.272760 3.664116 2.372397
11.033245 -20.405563 3.674108 2.371886
10.920834 -20.539101 3.684334 2.371362
10.807789 -20.673395 3.694799 2.370826
10.694097 -20.808462 3.705505 2.370278
10.514392 -20.814959 3.693500 2.370893
10.333021 -20.815739 3.680748 2.371546
10.152891 -20.816513 3.668262 2.372185
9.973969 -20.817282 3.656038 2.372811
9.796227 -20.818047 3.644072 2.373423
9.619636 -20.818804 3.632360 2.374023
9.444171 -20.819559 3.620900 2.374610
9.269797 -20.820307 3.609686 2.375184
9.096493 -20.821051 3.598717 2.375746
8.924229 -20.821791 3.587989 2.376295
8.692396 -20.678398 3.552736 2.378100
8.367939 -20.302141 3.477970 2.381928
8.113892 -20.082586 3.430570 2.384355
7.951533 -20.083282 3.421123 2.384838
7.790059 -20.083975 3.411893 2.385311
7.629446 -20.084663 3.402878 2.385773
7.485196 -20.127085 3.401129 2.385862
7.373838 -20.259455 3.414715 2.385167
7.261582 -20.392895 3.428578 2.384457
7.148407 -20.527433 3.442723 2.383733
7.034289 -20.663095 3.457155 2.382994
6.919209 -20.799908 3.471878 2.382240
6.768409 -20.831022 3.469100 2.382382
6.608206 -20.831709 3.461446 2.382774
6.448700 -20.832390 3.453995 2.383155
6.289872 -20.833069 3.446743 2.383527
6.131704 -20.833744 3.439688 2.383888
5.974173 -20.834415 3.432829 2.384239
5.817260 -20.835085 3.426164 2.384580
5.660947 -20.835752 3.419692 2.384912
5.505217 -20.836416 3.413409 2.385233
5.350053 -20.837078 3.407316 2.385545
5.195431 -20.837738 3.401410 2.385848
5.041337 -20.838394 3.395689 2.386141
4.837531 -20.624924 3.355318 2.388208
4.631587 -20.386013 3.311110 2.390471
4.430992 -20.153305 3.268210 2.392668
4.272173 -20.098997 3.254487 2.393370
4.125859 -20.099621 3.249844 2.393608
3.979954 -20.100241 3.245373 2.393837
3.834442 -20.100861 3.241072 2.394057
3.691445 -20.113098 3.238811 2.394173
3.572227 -20.259106 3.258227 2.393179
3.451566 -20.406885 3.278039 2.392164
3.329422 -20.556484 3.298255 2.391129
3.205758 -20.707951 3.318886 2.390073
3.078380 -20.846745 3.337605 2.389115
2.929907 -20.847374 3.334349 2.389281
2.781717 -20.848003 3.331263 2.389439
2.633793 -20.848631 3.328344 2.389589
2.486121 -20.849257 3.325592 2.389730
2.338689 -20.849882 3.323006 2.389862
2.191476 -20.850506 3.320586 2.389986
2.044470 -20.851128 3.318331 2.390101
1.897657 -20.851749 3.316241 2.390208
1.751021 -20.852371 3.314315 2.390307
1.604550 -20.852991 3.312552 2.390397
1.458226 -20.853609 3.310953 2.390479
1.312036 -20.854229 3.309516 2.390553
1.162739 -20.797132 3.299086 2.391087
1.008113 -20.612415 3.268588 2.392648
0.856316 -20.431072 3.238805 2.394173
0.707250 -20.252987 3.209713 2.395663
0.561854 -20.114729 3.187103 2.396820
0.421355 -20.115322 3.186653 2.396843
0.280888 -20.115915 3.186358 2.396858
0.140442 -20.116508 3.186219 2.396866
-0.000000 -20.117100 3.186236 2.396865
-0.140864 -20.176899 3.195785 2.396376
-0.284123 -20.347424 3.223029 2.394981
-0.429853 -20.520893 3.250903 2.393554
-0.578130 -20.697399 3.279425 2.392093
-0.728547 -20.862841 3.306364 2.390714
-0.874439 -20.863455 3.307348 2.390664
-1.020425 -20.864069 3.308494 2.390605
-1.166519 -20.864685 3.309802 2.390538
-1.312733 -20.865299 3.311273 2.390463
-1.459087 -20.865915 3.312906 2.390379
-1.605593 -20.866531 3.314703 2.390287
-1.752265 -20.867147 3.316664 2.390187
-1.899117 -20.867765 3.318788 2.390078
-2.046162 -20.868382 3.321077 2.389961
-2.193421 -20.869001 3.323532 2.389835
-2.340904 -20.869619 3.326152 2.389701
-2.488627 -20.870239 3.328939 2.389558
-2.630194 -20.820116 3.323792 2.389822
-2.758165 -20.671486 3.303057 2.390883
-2.884557 -20.524685 3.282738 2.391924
-3.009408 -20.379667 3.262825 2.392943
-3.132760 -20.236389 3.243308 2.393943
-3.260481 -20.130806 3.229956 2.394626
-3.404973 -20.131411 3.233788 2.394430
-3.549818 -20.132017 3.237787 2.394225
-3.695029 -20.132624 3.241955 2.394012
-3.840621 -20.133234 3.246292 2.393790
-4.019250 -20.298687 3.277414 2.392196
-4.214439 -20.531149 3.319617 2.390035
-4.414735 -20.769697 3.363088 2.387810
-4.590556 -20.879042 3.385901 2.386642
-4.743749 -20.879681 3.391293 2.386366
-4.897438 -20.880323 3.396867 2.386081
-5.051637 -20.880966 3.402627 2.385786
-5.206371 -20.881613 3.408572 2.385481
-5.361654 -20.882261 3.414704 2.385167
-5.517505 -20.882912 3.421026 2.384843
-5.673941 -20.883564 3.427539 2.384510
-5.830978 -20.884218 3.434244 2.384167
-5.988642 -20.884874 3.441143 2.383813
-6.146948 -20.885534 3.448239 2.383450
-6.305916 -20.886196 3.455533 2.383077
-6.441455 -20.808971 3.450112 2.383354
-6.558017 -20.673489 3.435156 2.384120
-6.673579 -20.539164 3.420495 2.384871
-6.788163 -20.405970 3.406123 2.385606
-6.901793 -20.273880 3.392035 2.386328
-7.015747 -20.146475 3.378831 2.387004
-7.174071 -20.147133 3.387259 2.386572
-7.333198 -20.147795 3.395895 2.386130
-7.493145 -20.148458 3.404741 2.385677
-7.653937 -20.149126 3.413800 2.385213
-7.942193 -20.476191 3.478523 2.381900
-8.254334 -20.848070 3.551402 2.378168
-8.442160 -20.895077 3.569362 2.377249
-8.612621 -20.895784 3.579667 2.376721
-8.784080 -20.896496 3.590207 2.376181
-8.956558 -20.897211 3.600986 2.375629
-9.130080 -20.897930 3.612005 2.375065
-9.304680 -20.898653 3.623270 2.374489
-9.480381 -20.899382 3.634782 2.373899
-9.657209 -20.900114 3.646547 2.373297
-9.835196 -20.900850 3.658566 2.372681
-10.014364 -20.901592 3.670844 2.372053
-10.182429 -20.877073 3.678933 2.371639
-10.297200 -20.743572 3.667987 2.372199
-10.411294 -20.610855 3.657283 2.372747
-10.524728 -20.478901 3.646818 2.373283
-10.637517 -20.347692 3.636589 2.373806
-10.749681 -20.217207 3.626593 2.374318
-10.901866 -20.162579 3.630357 2.374126
-11.084888 -20.163334 3.644339 2.373410
-11.269334 -20.164095 3.658607 2.372679
-11.459895 -20.173063 3.674661 2.371857
-12.059290 -20.887302 3.820008 2.364416
-12.268356 -20.910904 3.839895 2.363397
-12.465888 -20.911718 3.855932 2.362576
-12.665088 -20.912540 3.872293 2.361739
-12.865990 -20.913368 3.888984 2.360884
-13.068645 -20.914204 3.906010 2.360012
-13.273093 -20.915047 3.923378 2.359123
-13.479377 -20.915895 3.941095 2.358216
-13.687542 -20.916754 3.959166 2.357291
-13.897632 -20.917618 3.977597 2.356347
-14.037100 -20.810856 3.975834 2.356437
-14.155292 -20.673279 3.968334 2.356821
-14.273041 -20.536211 3.961054 2.357194
-14.390363 -20.399635 3.953993 2.357555
-14.507269 -20.263538 3.947148 2.357906
-14.660220 -20.178061 3.950338 2.357743
-14.877209 -20.178953 3.970750 2.356698
-15.096461 -20.179853 3.991570 2.355632
-15.883537 -20.925783 4.160947 2.346960
-16.115757 -20.926737 4.183406 2.345809
-16.350512 -20.927700 4.206316 2.344637
-16.587870 -20.928675 4.229685 2.343440
-16.827881 -20.929659 4.253524 2.342220
-17.070625 -20.930655 4.277842 2.340974
-17.316181 -20.931662 4.302651 2.339704
-17.564606 -20.932680 4.327961 2.338408
-17.772163 -20.882214 4.343075 2.337635
-17.898266 -20.735338 4.338410 2.337873
-18.024101 -20.588768 4.333965 2.338101
-18.149689 -20.442480 4.329740 2.338317
-18.275028 -20.296474 4.325733 2.338522
-18.439262 -20.193562 4.331131 2.338246
-18.700436 -20.194632 4.359255 2.336806
-18.965036 -20.195713 4.387962 2.335336
-17.609646 -18.491945 4.044394 2.352927
-17.539526 -18.162710 3.999071 2.355247
-17.529823 -17.900860 3.968267 2.356825
-17.581430 -17.704599 3.951873 2.357664
-17.616459 -17.493902 3.932199 2.358671
-17.719410 -17.352123 3.928042 2.358884
-17.814777 -17.203529 3.922462 2.359170
-17.939009 -17.083080 3.923460 2.359119
-18.061426 -16.960806 3.924241 2.359079
-18.151451 -16.808430 3.918210 2.359388
-18.278788 -16.690825 3.920448 2.359273
-18.402901 -16.570045 3.922160 2.359185
-18.532349 -16.453783 3.925171 2.359031
-18.665165 -16.340115 3.929044 2.358833
-18.759216 -16.192522 3.924950 2.359042
-18.890644 -16.077194 3.928868 2.358842
-19.013699 -15.954387 3.931200 2.358723
-19.137978 -15.832307 3.933946 2.358582
-19.270748 -15.716837 3.938587 2.358344
-19.374992 -15.577895 3.937570 2.358397
-19.485081 -15.443681 3.937934 2.358378
-19.686316 -15.380635 3.956807 2.357411
-19.765228 -15.221269 3.951212 2.357698
-19.898577 -15.103839 3.956693 2.357417
-20.050682 -14.999828 3.966020 2.356940
-20.256012 -14.934015 3.985913 2.355921
-20.666552 -15.015127 4.045972 2.352846
-23.477549 -16.808268 4.573207 2.325852
-23.479057 -16.562651 4.550866 2.326996
-23.480547 -16.319407 4.528962 2.328117
-23.482018 -16.078470 4.507484 2.329217
-22.479511 -15.162622 4.294624 2.340115
-22.480885 -14.936259 4.274860 2.341127
-22.611456 -14.796520 4.279942 2.340867
-22.806377 -14.697709 4.297310 2.339978
-23.002903 -14.598083 4.315032 2.339070
-23.201056 -14.497628 4.333111 2.338145
-23.400890 -14.396318 4.351555 2.337200
-23.493155 -14.227958 4.350135 2.337273
-23.494473 -14.005517 4.332168 2.338193
-23.495775 -13.784885 4.314558 2.339095
-23.497063 -13.566035 4.297298 2.339978
-22.493742 -12.778218 4.097388 2.350214
-22.494947 -12.571999 4.081521 2.351026
-22.496138 -12.367358 4.065972 2.351822
-22.643995 -12.243559 4.077147 2.351250
-22.818537 -12.132831 4.093223 2.350427
-22.994473 -12.021214 4.109627 2.349587
-23.171824 -11.908698 4.126365 2.348730
-23.350632 -11.795254 4.143441 2.347856
-23.508030 -11.669484 4.156813 2.347171
-23.509184 -11.466194 4.142761 2.347891
-23.510324 -11.264256 4.129003 2.348595
-23.511456 -11.063649 4.115536 2.349284
-23.512573 -10.864336 4.102355 2.349959
-23.513681 -10.666275 4.089456 2.350620
-22.509480 -10.021866 3.902544 2.360190
-22.510517 -9.834599 3.890725 2.360795
-22.527489 -9.655293 3.881913 2.361246
-22.727583 -9.553798 3.904805 2.360074
-22.930067 -9.451088 3.928161 2.358878
-23.134987 -9.347141 3.951991 2.357658
-23.342422 -9.241915 3.976307 2.356413
-23.522156 -9.123641 3.995976 2.355406
-23.523170 -8.935615 3.985453 2.355945
-23.524174 -8.748559 3.975178 2.356471
-23.525169 -8.562461 3.965149 2.356984
-23.526157 -8.377283 3.955361 2.357486
-23.527134 -8.193013 3.945812 2.357974
-23.528103 -8.009621 3.936501 2.358451
-22.832567 -7.595381 3.811165 2.364868
-22.524067 -7.318513 3.751051 2.367946
-22.524969 -7.145337 3.742803 2.368368
-22.546167 -6.979203 3.738137 2.368607
-22.758831 -6.871297 3.765352 2.367214
-22.974630 -6.761798 3.793152 2.365791
-23.193640 -6.650669 3.821552 2.364336
-23.415970 -6.537852 3.850570 2.362851
-23.536453 -6.394711 3.862947 2.362217
-23.537342 -6.218835 3.855874 2.362579
-23.538225 -6.043586 3.849012 2.362931
-23.539099 -5.868957 3.842362 2.363271
-23.539967 -5.694913 3.835920 2.363601
-23.540829 -5.521450 3.829685 2.363920
-23.391930 -5.314517 3.799334 2.365474
-22.990595 -5.054807 3.728326 2.369110
-22.603979 -4.804624 3.660100 2.372603
-22.537651 -4.626311 3.644042 2.373425
-22.538445 -4.462731 3.639044 2.373681
-22.562132 -4.303958 3.637928 2.373738
-22.798040 -4.184221 3.671167 2.372036
-23.038300 -4.062274 3.705198 2.370294
-23.283072 -3.938033 3.740052 2.368509
-23.532494 -3.811431 3.775751 2.366682
-23.549881 -3.645715 3.774365 2.366752
-23.550669 -3.477657 3.770508 2.366950
-23.551451 -3.309940 3.766842 2.367138
-23.552227 -3.142534 3.763366 2.367316
-23.552999 -2.975434 3.760078 2.367484
-23.553764 -2.808617 3.756978 2.367643
-23.271618 -2.610327 3.708977 2.370100
-22.873608 -2.404113 3.642779 2.373490
-22.548971 -2.210942 3.588533 2.376267
-22.549685 -2.052181 3.586279 2.376382
-22.550396 -1.893610 3.584202 2.376489
-22.628078 -1.741133 3.594530 2.375960
-22.853300 -1.598058 3.628446 2.374223
-23.082829 -1.452245 3.663189 2.372445
-23.316795 -1.303610 3.698785 2.370622
-23.555361 -1.152050 3.735262 2.368755
-23.561871 -0.987532 3.735110 2.368762
-23.562582 -0.822823 3.734221 2.368808
-23.563288 -0.658178 3.733514 2.368844
-23.563988 -0.493594 3.732988 2.368871
-23.564686 -0.329047 3.732643 2.368889
-23.565380 -0.164517 3.732480 2.368897
-23.406254 0.000000 3.707186 2.370192
-23.094999 0.161240 3.657978 2.372711
-22.791895 0.318257 3.610233 2.375156
-22.560537 0.472575 3.574022 2.377010
-22.561184 0.630194 3.574734 2.376974
-22.561825 0.787877 3.575620 2.376928
-22.694828 0.951199 3.597663 2.375800
-23.040794 1.126884 3.653665 2.372932
-23.397717 1.308134 3.711621 2.369965
-23.572109 1.483034 3.740837 2.368469
-23.572763 1.648368 3.742676 2.368375
-23.573414 1.813879 3.744699 2.368271
-23.574062 1.979571 3.746906 2.368158
-23.574707 2.145465 3.749297 2.368036
-23.575348 2.311586 3.751874 2.367904
-23.575987 2.477936 3.754638 2.367762
-23.492228 2.635080 3.744137 2.368300
-23.231388 2.770177 3.705557 2.370275
-22.975855 2.902524 3.667941 2.372201
-22.725433 3.032223 3.631253 2.374080
-22.571087 3.172160 3.610042 2.375166
-22.571680 3.333100 3.613770 2.374975
-22.572273 3.494374 3.617683 2.374774
-22.855747 3.701823 3.667168 2.372241
-23.339687 3.947615 3.749146 2.368044
-23.582216 4.158181 3.792675 2.365815
-23.582827 4.328263 3.797541 2.365566
-23.583433 4.498782 3.802603 2.365307
-23.584036 4.669764 3.807865 2.365037
-23.584639 4.841234 3.813326 2.364758
-23.585239 5.013197 3.818989 2.364468
-23.528858 5.173159 3.815615 2.364640
-23.331470 5.300782 3.789514 2.365977
-23.136751 5.426675 3.763949 2.367286
-22.944624 5.550891 3.738907 2.368568
-22.755032 5.673467 3.714376 2.369824
-22.580334 5.797648 3.692376 2.370950
-22.580893 5.966131 3.699189 2.370601
-22.581451 6.135243 3.706207 2.370242
-22.900076 6.393819 3.765736 2.367194
-23.591124 6.764647 3.887044 2.360983
-23.591703 6.943420 3.895032 2.360574
-23.592279 7.122931 3.903242 2.360154
-23.592855 7.303207 3.911678 2.359722
-23.593428 7.484280 3.920341 2.359278
-23.594000 7.666156 3.929233 2.358823
-23.526695 7.826294 3.927028 2.358936
-23.313618 7.936604 3.900615 2.360288
-23.103374 8.045444 3.874742 2.361613
-22.895882 8.152860 3.849395 2.362911
-22.691082 8.258879 3.824564 2.364182
-22.588573 8.400620 3.817078 2.364566
-22.589113 8.580801 3.827199 2.364047
-22.606403 8.768445 3.840407 2.363371
-23.365541 9.251076 3.980245 2.356211
-23.599648 9.534877 4.031365 2.353594
-23.600206 9.727307 4.042964 2.353000
-23.600763 9.920849 4.054825 2.352393
-23.601320 10.115538 4.066955 2.351772
-23.601875 10.311409 4.079356 2.351137
-23.557718 10.488572 4.084280 2.350885
-23.354166 10.593925 4.061714 2.352040
-23.152847 10.698119 4.039592 2.353173
-22.953697 10.801189 4.017904 2.354283
-22.756657 10.903166 3.996640 2.355372
-22.596027 11.020820 3.981846 2.356129
-22.596556 11.217032 3.995641 2.355423
-22.597082 11.414610 4.009728 2.354702
-23.606842 12.132268 4.203831 2.344764
-23.607391 12.341650 4.219170 2.343978
-23.607941 12.552565 4.234827 2.343177
-23.608488 12.765067 4.250809 2.342359
-23.609037 12.979180 4.267118 2.341523
-23.558266 13.166268 4.274451 2.341148
-23.358644 13.269561 4.254937 2.342147
-23.160833 13.371914 4.235806 2.343127
-22.964773 13.473358 4.217050 2.344087
-22.770439 13.573909 4.198663 2.345028
-22.602856 13.688775 4.185282 2.345714
-22.603380 13.905696 4.203253 2.344793
-23.613419 14.755302 4.410125 2.334202
-23.613968 14.985885 4.429660 2.333201
-23.614515 15.218519 4.449584 2.332181
-23.615065 15.453263 4.469907 2.331141
-23.611595 15.687510 4.489872 2.330118
-23.430799 15.804274 4.476364 2.330810
-23.251070 15.920345 4.463153 2.331486
-23.072395 16.035734 4.450237 2.332148
-22.894739 16.150461 4.437610 2.332794
-22.718073 16.264547 4.425269 2.333426
-22.609167 16.426523 4.426286 2.333374
-22.609697 16.669313 4.449065 2.332208
-23.620028 17.670040 4.672035 2.320792
-23.620583 17.928995 4.696788 2.319524
-23.621138 18.190729 4.722037 2.318232
-23.621695 18.455292 4.747789 2.316913
-23.622253 18.722775 4.774058 2.315568
-23.622814 18.993233 4.800852 2.314196
-22.941820 18.710890 4.688887 2.319929
-22.619167 18.712206 4.649530 2.321944
-22.307808 18.718473 4.612278 2.323851
-22.186792 18.882446 4.614401 2.323743
-22.065662 19.046572 4.616751 2.323622
-21.944401 19.210869 4.619328 2.323490
-21.822989 19.375360 4.622133 2.323347
-21.701427 19.540052 4.625166 2.323191
-21.579691 19.704973 4.628428 2.323024
-21.336151 19.757496 4.605666 2.324190
-21.040882 19.758701 4.571593 2.325934
-20.749924 19.759890 4.538239 2.327642
-20.463179 19.761063 4.505589 2.329314
-19.122845 18.726479 4.239157 2.342955
-18.858757 18.727558 4.209494 2.344474
-18.598328 18.728622 4.180447 2.345961
-18.448673 18.839170 4.176270 2.346175
-18.337790 18.989338 4.181078 2.345929
-18.226639 19.139862 4.186100 2.345672
-18.115217 19.290749 4.191339 2.345403
-18.003508 19.442017 4.196794 2.345124
-17.891495 19.593691 4.202469 2.344834
-17.779175 19.745775 4.208364 2.344532
-17.555250 19.772961 4.187934 2.345578
-17.310793 19.773962 4.162448 2.346883
-17.069283 19.774952 4.137471 2.348161
-16.830633 19.775930 4.112990 2.349415
-16.594788 19.776897 4.088996 2.350643
-16.361658 19.777855 4.065477 2.351848
-15.285756 18.742191 3.830560 2.363875
-15.069822 18.743078 3.809146 2.364972
-14.856272 18.743954 3.788153 2.366046
-14.697679 18.812172 3.781110 2.366407
-14.594676 18.951580 3.788558 2.366026
-14.491264 19.091537 3.796220 2.365633
-14.387426 19.232067 3.804098 2.365230
-14.283145 19.373192 3.812195 2.364815
-14.178416 19.514917 3.820512 2.364390
-14.073218 19.657270 3.829052 2.363952
-13.958702 19.787725 3.835388 2.363628
-13.753415 19.788568 3.816848 2.364577
-13.550086 19.789406 3.798670 2.365508
-13.348681 19.790236 3.780848 2.366421
-13.149141 19.791056 3.763375 2.367315
-12.951435 19.791870 3.746245 2.368192
-12.755511 19.792677 3.729451 2.369052
-12.561319 19.793478 3.712987 2.369895
-12.239031 19.586544 3.658052 2.372708
-11.539746 18.757597 3.488103 2.381409
-11.360451 18.758337 3.473407 2.382161
-11.182652 18.759069 3.459003 2.382899
-11.006305 18.759798 3.444884 2.383622
-10.889414 18.861017 3.449427 2.383389
-10.790524 18.994764 3.460026 2.382847
-10.691022 19.129335 3.470858 2.382292
-10.590889 19.264753 3.481929 2.381725
-10.490105 19.401049 3.493240 2.381146
-10.388661 19.538231 3.504797 2.380554
-10.286533 19.676332 3.516601 2.379950
-10.177522 19.803318 3.526512 2.379442
-10.003739 19.804037 3.514117 2.380077
-9.831161 19.804750 3.501979 2.380699
-9.659768 19.805460 3.490095 2.381307
-9.489520 19.806164 3.478460 2.381903
-9.320401 19.806864 3.467070 2.382486
-9.152379 19.807560 3.455923 2.383057
-8.985419 19.808252 3.445015 2.383615
-8.819508 19.808939 3.434342 2.384162
-8.654608 19.809624 3.423902 2.384696
-8.330553 19.436640 3.349301 2.388516
-7.964010 18.945629 3.255031 2.393342
-7.737802 18.773321 3.216067 2.395337
-7.585170 18.773954 3.207026 2.395800
-7.433380 18.774584 3.198190 2.396253
-7.282423 18.775211 3.189559 2.396694
-7.148013 18.817274 3.188149 2.396767
-7.048230 18.952127 3.202581 2.396028
-6.947538 19.088203 3.217302 2.395274
-6.845905 19.225546 3.232316 2.394506
-6.743318 19.364176 3.247629 2.393721
-6.639748 19.504128 3.263247 2.392922
-6.535166 19.645443 3.279177 2.392106
-6.429557 19.788141 3.295423 2.391274
-6.287099 19.819460 3.293249 2.391386
-6.135342 19.820091 3.286156 2.391749
-5.984230 19.820721 3.279254 2.392102
-5.833737 19.821348 3.272540 2.392446
-5.683859 19.821972 3.266012 2.392780
-5.534564 19.822596 3.259668 2.393105
-5.385847 19.823215 3.253508 2.393420
-5.237684 19.823833 3.247529 2.393727
-5.090051 19.824450 3.241729 2.394023
-4.942943 19.825064 3.236108 2.394311
-4.783827 19.773962 3.222236 2.395021
-4.571127 19.489128 3.170544 2.397668
-4.365150 19.213301 3.120638 2.400223
-4.165550 18.946016 3.072427 2.402692
-3.993707 18.788914 3.042354 2.404231
-3.856930 18.789486 3.038013 2.404454
-3.720525 18.790056 3.033831 2.404668
-3.584499 18.790627 3.029809 2.404874
-3.448827 18.791193 3.025944 2.405072
-3.328432 18.876480 3.035862 2.404564
-3.217953 19.025667 3.056168 2.403524
-3.105970 19.176880 3.076900 2.402463
-2.992461 19.330153 3.098064 2.401379
-2.877373 19.485550 3.119675 2.400273
-2.760662 19.643135 3.141742 2.399143
-2.642282 19.802969 3.164279 2.397989
-2.505770 19.835264 3.166567 2.397872
-2.365278 19.835854 3.163947 2.398006
-2.225011 19.836443 3.161487 2.398132
-2.084956 19.837032 3.159184 2.398250
-1.945097 19.837620 3.157037 2.398360
-1.805412 19.838205 3.155048 2.398462
-1.665905 19.838793 3.153215 2.398556
-1.526555 19.839378 3.151537 2.398641
-1.387345 19.839964 3.150015 2.398719
-1.248263 19.840549 3.148647 2.398789
-1.109285 19.841135 3.147434 2.398851
-0.965995 19.751297 3.132037 2.399640
-0.819611 19.555372 3.099986 2.401281
-0.676185 19.363411 3.068733 2.402881
-0.535616 19.175280 3.038250 2.404442
-0.397795 18.990829 3.008512 2.405964
-0.262649 18.809965 2.979496 2.407450
-0.131284 18.805132 2.978513 2.407500
0.000000 18.805687 2.978528 2.407499
0.131293 18.806240 2.978688 2.407491
0.262616 18.806795 2.978994 2.407475
0.393962 18.807350 2.979445 2.407452
0.529444 18.954315 3.003239 2.406234
0.668652 19.147675 3.034542 2.404631
0.810799 19.345114 3.066655 2.402987
0.956004 19.546795 3.099609 2.401300
1.104360 19.752850 3.133430 2.399568
1.248927 19.851086 3.150320 2.398704
1.388165 19.851675 3.151874 2.398624
1.527547 19.852266 3.153584 2.398536
1.667098 19.852856 3.155450 2.398441
1.806810 19.853449 3.157472 2.398337
1.946708 19.854040 3.159651 2.398226
2.086807 19.854635 3.161987 2.398106
2.227119 19.855230 3.164481 2.397979
2.367671 19.855825 3.167133 2.397843
2.508454 19.856422 3.169945 2.397699
2.649495 19.857021 3.172915 2.397547
2.789083 19.845358 3.174086 2.397487
2.906610 19.683537 3.151373 2.398649
3.022481 19.524000 3.129133 2.399788
3.136726 19.366707 3.107357 2.400903
3.249398 19.211584 3.086033 2.401995
3.360541 19.058573 3.065148 2.403064
3.470195 18.907614 3.044692 2.404112
3.590285 18.820900 3.034691 2.404624
3.726758 18.821480 3.038905 2.404408
3.863617 18.822062 3.043280 2.404184
4.000877 18.822647 3.047816 2.403952
4.138554 18.823233 3.052515 2.403711
4.303313 18.941074 3.076423 2.402487
4.507040 19.215841 3.126085 2.399945
4.717460 19.499634 3.177534 2.397310
4.934933 19.792933 3.230863 2.394580
5.101093 19.867453 3.248761 2.393663
5.249382 19.868084 3.254778 2.393355
5.398216 19.868719 3.260977 2.393038
5.547627 19.869358 3.267358 2.392711
5.697630 19.869997 3.273925 2.392375
5.848246 19.870642 3.280678 2.392029
5.999503 19.871286 3.287620 2.391674
6.151397 19.871937 3.294752 2.391309
6.303959 19.872589 3.302077 2.390934
6.457209 19.873243 3.309596 2.390548
6.600678 19.842377 3.312049 2.390423
6.706679 19.700720 3.296139 2.391238
6.811665 19.560423 3.280543 2.392036
6.915668 19.421446 3.265252 2.392819
7.018713 19.283752 3.250261 2.393587
7.120821 19.147316 3.235565 2.394339
7.222024 19.012093 3.221157 2.395077
7.322328 18.878077 3.207034 2.395800
7.458265 18.837421 3.208894 2.395705
7.611077 18.838076 3.217979 2.395239
7.764764 18.838736 3.227273 2.394764
7.919362 18.839399 3.236780 2.394277
8.161988 19.043333 3.281528 2.391986
8.546077 19.561190 3.380963 2.386895
8.852709 19.883509 3.447271 2.383500
9.019883 19.884228 3.458228 2.382939
9.188145 19.884951 3.469426 2.382365
9.357495 19.885677 3.480867 2.381780
9.527974 19.886412 3.492553 2.381181
9.699611 19.887148 3.504490 2.380570
9.872433 19.887892 3.516681 2.379946
10.046484 19.888641 3.529130 2.379308
10.221766 19.889395 3.541841 2.378658
10.387926 19.870264 3.551262 2.378175
10.491601 19.731831 3.539525 2.378776
10.594599 19.594305 3.528037 2.379364
10.696945 19.457655 3.516794 2.379940
10.798640 19.321880 3.505795 2.380503
10.899707 19.186949 3.495034 2.381054
11.000162 19.052839 3.484509 2.381593
11.100021 18.919533 3.474217 2.382120
11.239058 18.853682 3.476449 2.382006
11.418672 18.854458 3.491206 2.381250
11.599824 18.855240 3.506261 2.380479
11.782555 18.856028 3.521618 2.379693
12.628777 19.899773 3.732926 2.368874
12.825084 19.900620 3.749791 2.368011
13.023167 19.901476 3.766992 2.367130
13.223085 19.902340 3.784537 2.366232
13.424886 19.903212 3.802432 2.365315
13.628613 19.904093 3.820684 2.364381
13.834332 19.904982 3.839302 2.363428
14.042060 19.905880 3.858290 2.362455
14.212103 19.851252 3.866839 2.362018
14.319077 19.708519 3.858414 2.362449
14.425594 19.566404 3.850214 2.362869
14.531675 19.424877 3.842236 2.363277
14.637316 19.283943 3.834479 2.363675
14.742538 19.143572 3.826939 2.364061
14.847355 19.003748 3.819615 2.364436
14.955981 18.869755 3.813577 2.364745
15.172438 18.870693 3.835082 2.363644
15.391343 18.871643 3.857018 2.362521
16.476303 19.916424 4.093962 2.350389
16.712725 19.917448 4.118056 2.349155
16.951958 19.918488 4.142639 2.347897
17.194096 19.919537 4.167723 2.346612
17.439177 19.920601 4.193316 2.345302
17.687298 19.921679 4.219433 2.343965
17.938543 19.922770 4.246086 2.342600
18.069994 19.789173 4.244396 2.342687
18.184101 19.637030 4.238891 2.342969
18.297913 19.485289 4.233608 2.343239
18.411448 19.333921 4.228544 2.343498
18.524721 19.182909 4.223699 2.343747
18.637741 19.032238 4.219070 2.343984
18.754869 18.886250 4.215632 2.344160
19.019732 18.887402 4.245424 2.342634
19.288378 18.888571 4.275851 2.341076
20.642807 19.934526 4.545139 2.327289
20.934645 19.935797 4.578640 2.325574
21.230854 19.937086 4.612868 2.323821
21.531517 19.938395 4.647837 2.322031
21.796831 19.903236 4.675000 2.320640
21.921003 19.737761 4.671964 2.320796
22.045025 19.572493 4.669160 2.320939
22.168915 19.407406 4.666588 2.321071
22.292669 19.242506 4.664246 2.321191
22.416307 19.077768 4.662135 2.321299
22.539845 18.913174 4.660253 2.321395
22.851114 18.904089 4.697208 2.319503
23.180481 18.905525 4.737664 2.317432
24.816179 19.952711 5.043378 2.301779
25.176044 19.954281 5.088078 2.299490
25.542362 19.955881 5.133830 2.297148
25.696051 19.788628 5.136827 2.296994
25.832003 19.607544 5.136513 2.297010
25.967937 19.426491 5.136450 2.297014
26.103880 19.245436 5.136638 2.297004
26.239841 19.064360 5.137077 2.296982
26.426748 18.919697 5.147684 2.296439
26.822853 18.921429 5.198982 2.293812
27.665869 19.228270 5.336232 2.286785
27.666515 18.943653 5.310718 2.288091
27.667160 18.661736 5.285705 2.289372
27.667807 18.382450 5.261182 2.290627
27.668451 18.105715 5.237139 2.291858
27.669096 17.831507 5.213571 2.293065
26.657455 16.917332 5.000576 2.303970
26.658075 16.657814 4.978756 2.305088
26.773151 16.470957 4.978651 2.305093
26.980494 16.339956 4.995871 2.304211
27.189274 16.208052 5.013456 2.303311
27.399542 16.075211 5.031411 2.302392
27.611334 15.941411 5.049743 2.301453
27.674246 15.721164 5.041053 2.301898
27.674891 15.466962 5.021378 2.302905
27.675535 15.214746 5.002100 2.303893
27.676180 14.964450 4.983212 2.304859
26.664282 14.177649 4.783078 2.315106
26.664904 13.940078 4.765616 2.316000
26.827274 13.787335 4.777315 2.315402
27.060915 13.669444 4.801810 2.314147
27.296976 13.550332 4.826794 2.312868
27.535521 13.429971 4.852277 2.311563
27.680706 13.262376 4.861427 2.311095
27.681355 13.025846 4.845451 2.311913
27.682005 12.790874 4.829816 2.312713
27.682657 12.557406 4.814517 2.313497
27.683308 12.325402 4.799548 2.314263
26.822168 11.718320 4.635952 2.322639
26.671787 11.431533 4.596054 2.324682
26.672419 11.212046 4.582563 2.325373
26.892080 11.084112 4.606895 2.324127
27.133150 10.962504 4.634969 2.322690
27.377192 10.839400 4.663617 2.321223
27.624304 10.714750 4.692854 2.319726
27.688564 10.517892 4.691182 2.319812
27.689228 10.297528 4.679000 2.320435
27.689892 10.078297 4.667109 2.321044
27.690557 9.860168 4.655506 2.321638
23.728645 8.263180 3.979608 2.356244
23.584284 8.028739 3.945900 2.357970
23.440874 7.797738 3.912702 2.359670
23.342693 7.584500 3.887381 2.360966
23.252989 7.376285 3.863772 2.362175
23.185831 7.177205 3.844193 2.363177
23.146418 6.988310 3.829476 2.363931
23.096872 6.797776 3.813335 2.364757
23.057655 6.611676 3.799146 2.365484
23.015802 6.426130 3.784766 2.366220
23.013107 6.252515 3.777052 2.366615
22.990454 6.074335 3.766283 2.367166
22.989969 5.902818 3.759361 2.367521
22.998507 5.734171 3.754119 2.367789
23.016785 5.568348 3.750665 2.367966
23.044727 5.405084 3.748978 2.368052
23.087881 5.245432 3.749950 2.368002
23.118864 5.083009 3.749127 2.368045
23.181080 4.927290 3.753546 2.367818
23.267960 4.776228 3.762123 2.367379
23.356121 4.624628 3.771065 2.366921
23.514265 4.485580 3.791451 2.365878
23.871531 4.381243 3.844031 2.363185
27.707144 4.885517 4.456079 2.331849
27.707867 4.686438 4.450824 2.332118
27.708591 4.487803 4.445799 2.332375
27.709320 4.289623 4.441003 2.332621
27.175423 4.012914 4.350838 2.337237
26.697001 3.752018 4.269944 2.341379
26.697712 3.562238 4.265976 2.341582
26.698425 3.372787 4.262224 2.341774
26.918863 3.209874 4.293733 2.340161
27.227905 3.054096 4.339521 2.337816
27.543633 2.894952 4.386513 2.335411
27.715263 2.717508 4.410717 2.334171
27.716022 2.522346 4.407928 2.334314
27.716785 2.327437 4.405357 2.334446
27.717550 2.132746 4.403006 2.334566
27.718321 1.938253 4.400871 2.334675
27.719093 1.743940 4.398953 2.334774
27.580359 1.541972 4.375121 2.335994
27.166021 1.328634 4.307818 2.339440
26.764223 1.121750 4.242758 2.342771
26.708025 0.932665 4.232714 2.343285
26.708792 0.746047 4.231907 2.343326
26.875574 0.562954 4.257607 2.342010
27.237949 0.380332 4.314488 2.339098
27.610161 0.192755 4.373127 2.336096
21.023779 -0.000000 2.581396 2.427833
21.053123 -0.146981 2.585062 2.427645
21.114897 -0.294839 2.592836 2.427247
21.193056 -0.443932 2.602751 2.426739
21.295691 -0.594843 2.615802 2.426071
21.414467 -0.747810 2.630969 2.425294
21.591803 -0.904965 2.653468 2.424142
21.706814 -1.061641 2.668447 2.423376
21.936127 -1.226420 2.697624 2.421882
22.145523 -1.393278 2.724504 2.420506
22.326241 -1.561203 2.748012 2.419302
22.660158 -1.743604 2.790542 2.417124
26.675543 -2.240008 3.286872 2.391712
26.685017 -2.428527 3.290049 2.391550
26.657755 -2.613816 3.288857 2.391610
26.598516 -2.795617 3.283877 2.391865
26.552675 -2.978360 3.280704 2.392028
26.398087 -3.147782 3.264240 2.392871
26.158472 -3.304584 3.237384 2.394246
25.848600 -3.448940 3.201936 2.396061
25.395636 -3.569124 3.148836 2.398780
24.898558 -3.676700 3.090310 2.401776
24.512220 -3.794693 3.045573 2.404067
24.131998 -3.908531 3.001649 2.406316
23.809679 -4.027106 2.964983 2.408193
23.540113 -4.150758 2.934951 2.409730
23.264801 -4.269890 2.904271 2.411301
23.053999 -4.397786 2.881718 2.412456
22.887251 -4.531798 2.864760 2.413324
22.734327 -4.666688 2.849627 2.414099
22.551649 -4.793501 2.830855 2.415060
22.406792 -4.926453 2.816920 2.415774
22.303587 -5.067251 2.808325 2.416214
22.193310 -5.205394 2.798947 2.416694
22.093367 -5.344948 2.790981 2.417102
21.995859 -5.484184 2.783432 2.417488
21.911169 -5.625833 2.777617 2.417786
21.831284 -5.768074 2.772527 2.418047
21.779165 -5.917269 2.771088 2.418120
21.727011 -6.066291 2.769773 2.418188
21.667276 -6.212992 2.767620 2.418298
21.611603 -6.360641 2.766114 2.418375
21.576132 -6.514219 2.767327 2.418313
21.541042 -6.668067 2.768730 2.418241
21.507536 -6.822593 2.770478 2.418152
21.499554 -6.985629 2.775664 2.417886
21.499794 -7.152030 2.782073 2.417558
21.470282 -7.309081 2.784790 2.417419
21.469990 -7.476642 2.791454 2.417078
21.454477 -7.639596 2.796304 2.416829
21.412573 -7.793540 2.797865 2.416749
21.443804 -7.974879 2.809152 2.416171
21.498327 -8.166450 2.823695 2.415427
21.488966 -8.335022 2.830040 2.415102
21.639229 -8.567577 2.857636 2.413689
21.708944 -8.770983 2.874859 2.412807
21.905275 -9.028704 2.909136 2.411052
22.189802 -9.327735 2.955498 2.408679
22.494503 -9.641157 3.004974 2.406145
22.608917 -9.877593 3.029397 2.404895
22.687731 -10.101229 3.049332 2.403874
22.648092 -10.273630 3.053570 2.403657
22.621803 -10.452742 3.059790 2.403339
22.582350 -10.626448 3.064413 2.403102
22.529997 -10.794566 3.067461 2.402946
22.474663 -10.961626 3.070271 2.402802
22.429949 -11.134324 3.074707 2.402575
22.379240 -11.304568 3.078500 2.402381
22.305490 -11.463466 3.079289 2.402340
22.223425 -11.618127 3.079082 2.402351
22.143251 -11.773776 3.079288 2.402340
22.046928 -11.920731 3.077391 2.402437
21.965134 -12.075436 3.077666 2.402423
21.886387 -12.231889 3.078523 2.402380
21.786425 -12.376412 3.076541 2.402481
21.677071 -12.515263 3.073362 2.402644
21.564816 -12.652001 3.069895 2.402822
21.459078 -12.792178 3.067481 2.402945
21.362192 -12.937405 3.066468 2.402997
21.245378 -13.070245 3.062724 2.403188
21.135735 -13.207072 3.060135 2.403321
21.040840 -13.352924 3.059819 2.403337
20.930079 -13.488516 3.057331 2.403465
20.827696 -13.629263 3.056201 2.403522
20.728769 -13.772163 3.055719 2.403547
20.627882 -13.913682 3.055091 2.403579
20.540045 -14.064063 3.056550 2.403505
20.459463 -14.219697 3.059257 2.403366
20.372166 -14.370982 3.061131 2.403270
20.289507 -14.525862 3.063874 2.403130
20.215004 -14.687060 3.068033 2.402917
20.141964 -14.849938 3.072607 2.402682
20.073156 -15.016639 3.078028 2.402405
20.032221 -15.205284 3.087954 2.401897
19.978628 -15.385616 3.096175 2.401476
20.012178 -15.635228 3.118215 2.400347
20.236870 -16.039547 3.170596 2.397665
25.807802 -20.750006 4.066015 2.351820
25.443951 -20.751581 4.031417 2.353591
25.086222 -20.753130 3.997596 2.355323
24.734430 -20.754652 3.964530 2.357016
24.388391 -20.756149 3.932196 2.358671
23.191763 -20.018593 3.761703 2.367401
22.868649 -20.019989 3.731873 2.368928
22.630390 -20.092203 3.715793 2.369751
22.494122 -20.253799 3.716545 2.369713
22.357794 -20.415472 3.717479 2.369665
22.221392 -20.577234 3.718595 2.369608
22.084904 -20.739107 3.719893 2.369541
21.807821 -20.767309 3.697553 2.370685
21.506525 -20.768610 3.670962 2.372047
21.209517 -20.769894 3.644928 2.373380
20.916677 -20.771158 3.619435 2.374685
20.627890 -20.772406 3.594470 2.375963
20.343046 -20.773636 3.570020 2.377215
19.347773 -20.035206 3.419822 2.384905
19.080366 -20.036360 3.397199 2.386063
18.856464 -20.080095 3.382211 2.386831
18.731569 -20.228256 3.385057 2.386685
18.606459 -20.376675 3.388073 2.386531
18.481123 -20.525366 3.391261 2.386367
18.355545 -20.674349 3.394621 2.386195
18.194063 -20.782909 3.391507 2.386355
17.940271 -20.784004 3.371165 2.387396
17.689493 -20.785086 3.351227 2.388417
17.441654 -20.786154 3.331685 2.389418
17.196674 -20.787210 3.312530 2.390398
16.954485 -20.788254 3.293754 2.391360
16.715014 -20.789286 3.275348 2.392302
16.478191 -20.790306 3.257305 2.393226
15.665623 -20.051083 3.124276 2.400037
15.442153 -20.052046 3.107552 2.400893
15.221054 -20.052998 3.091156 2.401733
15.045903 -20.112274 3.084027 2.402098
14.929711 -20.250170 3.089113 2.401837
14.813133 -20.388529 3.094368 2.401568
14.696152 -20.527370 3.099793 2.401291
14.578756 -20.666706 3.105388 2.401004
14.455687 -20.799009 3.110028 2.400767
14.242006 -20.799927 3.095222 2.401525
14.030342 -20.800837 3.080707 2.402268
13.820641 -20.801739 3.066475 2.402997
13.612861 -20.802631 3.052523 2.403711
13.406951 -20.803516 3.038844 2.404411
13.202868 -20.804392 3.025434 2.405098
13.000570 -20.805262 3.012288 2.405771
12.800011 -20.806122 2.999401 2.406431
12.601152 -20.806976 2.986769 2.407077
11.974215 -20.086933 2.871339 2.412987
11.773715 -20.067814 2.856787 2.413732
11.586620 -20.068617 2.845316 2.414320
11.401011 -20.069412 2.834075 2.414895
11.249555 -20.128708 2.831289 2.415038
11.138405 -20.260683 2.838845 2.414651
11.026655 -20.393375 2.846582 2.414255
10.914292 -20.526800 2.854500 2.413850
10.801297 -20.660976 2.862603 2.413435
10.687654 -20.795927 2.870893 2.413010
10.514877 -20.815922 2.863449 2.413391
10.333497 -20.816698 2.853562 2.413898
10.153358 -20.817469 2.843882 2.414393
9.974426 -20.818235 2.834404 2.414878
9.796674 -20.818996 2.825127 2.415354
9.620073 -20.819752 2.816047 2.415818
9.444599 -20.820501 2.807162 2.416273
9.270216 -20.821247 2.798468 2.416718
9.096902 -20.821989 2.789964 2.417154
8.924630 -20.822725 2.781646 2.417580
8.709554 -20.719215 2.759628 2.418707
8.384109 -20.341372 2.701441 2.421686
8.114253 -20.083481 2.659603 2.423828
7.951886 -20.084175 2.652279 2.424203
7.790404 -20.084864 2.645123 2.424570
7.629783 -20.085550 2.638134 2.424927
7.480416 -20.114233 2.634978 2.425089
7.369111 -20.246466 2.645496 2.424551
7.256908 -20.379768 2.656230 2.424001
7.143787 -20.514166 2.667181 2.423440
7.029724 -20.649685 2.678355 2.422868
6.914699 -20.786350 2.689754 2.422285
6.768703 -20.831928 2.689471 2.422299
6.608492 -20.832611 2.683537 2.422603
6.448979 -20.833290 2.677760 2.422899
6.290143 -20.833967 2.672137 2.423187
6.131968 -20.834641 2.666668 2.423466
5.974429 -20.835312 2.661351 2.423739
5.817509 -20.835979 2.656183 2.424003
5.661190 -20.836645 2.651165 2.424260
5.505452 -20.837307 2.646295 2.424510
5.350281 -20.837967 2.641571 2.424752
5.195652 -20.838625 2.636992 2.424986
5.041552 -20.839281 2.632556 2.425213
4.843892 -20.652042 2.604568 2.426646
4.637596 -20.412466 2.570207 2.428406
4.436666 -20.179115 2.536863 2.430113
4.272354 -20.099848 2.523086 2.430818
4.126033 -20.100468 2.519487 2.431002
3.980121 -20.101088 2.516020 2.431180
3.834604 -20.101706 2.512686 2.431350
3.689467 -20.102322 2.509482 2.431515
3.569572 -20.244051 2.524002 2.430771
3.448985 -20.391628 2.539338 2.429986
3.326918 -20.541019 2.554987 2.429185
3.203331 -20.692274 2.570956 2.428367
3.078187 -20.845440 2.587253 2.427533
2.930029 -20.848244 2.585000 2.427648
2.781833 -20.848871 2.582606 2.427770
2.633903 -20.849499 2.580343 2.427886
2.486225 -20.850124 2.578210 2.427996
2.338787 -20.850748 2.576205 2.428098
2.191567 -20.851372 2.574329 2.428194
2.044555 -20.851994 2.572581 2.428284
1.897735 -20.852615 2.570960 2.428367
1.751093 -20.853235 2.569467 2.428443
1.604617 -20.853855 2.568100 2.428513
1.458287 -20.854475 2.566860 2.428577
1.312090 -20.855093 2.565746 2.428634
1.163934 -20.818502 2.560183 2.428919
1.009140 -20.633400 2.536491 2.430132
0.857180 -20.451681 2.513355 2.431316
0.707957 -20.273233 2.490757 2.432473
0.561878 -20.115562 2.470844 2.433493
0.421372 -20.116154 2.470495 2.433511
0.280899 -20.116747 2.470267 2.433522
0.140448 -20.117340 2.470159 2.433528
-0.000000 -20.117933 2.470171 2.433527
-0.140742 -20.159338 2.475316 2.433264
-0.283874 -20.329565 2.496400 2.432184
-0.429473 -20.502728 2.517971 2.431080
-0.577614 -20.678917 2.540042 2.429950
-0.728386 -20.858236 2.562631 2.428793
-0.874475 -20.864319 2.564065 2.428720
-1.020467 -20.864933 2.564954 2.428674
-1.166567 -20.865549 2.565968 2.428622
-1.312788 -20.866165 2.567108 2.428564
-1.459148 -20.866781 2.568375 2.428499
-1.605659 -20.867397 2.569768 2.428428
-1.752337 -20.868013 2.571288 2.428350
-1.899196 -20.868631 2.572935 2.428266
-2.046247 -20.869249 2.574710 2.428175
-2.193512 -20.869869 2.576613 2.428077
-2.341001 -20.870489 2.578644 2.427973
-2.488730 -20.871109 2.580805 2.427863
-2.632347 -20.837160 2.578816 2.427965
-2.760408 -20.688301 2.562716 2.428789
-2.886889 -20.541277 2.546938 2.429597
-3.011827 -20.396044 2.531476 2.430388
-3.135262 -20.252552 2.516322 2.431164
-3.260618 -20.131649 2.504067 2.431792
-3.405116 -20.132256 2.507039 2.431640
-3.549967 -20.132862 2.510139 2.431481
-3.695184 -20.133472 2.513371 2.431315
-3.840783 -20.134083 2.516733 2.431143
-4.014625 -20.275326 2.537830 2.430063
-4.209527 -20.507215 2.570471 2.428392
-4.409522 -20.745171 2.604092 2.426671
-4.590750 -20.879927 2.624967 2.425602
-4.743950 -20.880568 2.629147 2.425388
-4.897646 -20.881210 2.633470 2.425166
-5.051852 -20.881857 2.637935 2.424938
-5.206593 -20.882504 2.642544 2.424702
-5.361883 -20.883154 2.647299 2.424458
-5.517741 -20.883806 2.652200 2.424207
-5.674184 -20.884459 2.657249 2.423949
-5.831229 -20.885117 2.662447 2.423682
-5.988900 -20.885775 2.667797 2.423409
-6.147213 -20.886436 2.673298 2.423127
-6.306189 -20.887100 2.678952 2.422838
-6.446073 -20.823891 2.676552 2.422961
-6.562698 -20.688246 2.664941 2.423555
-6.678322 -20.553762 2.653559 2.424138
-6.792968 -20.420412 2.642401 2.424709
-6.906658 -20.288172 2.631465 2.425269
-7.019416 -20.157011 2.620745 2.425818
-7.174387 -20.148020 2.626024 2.425548
-7.333521 -20.148682 2.632720 2.425205
-7.493477 -20.149349 2.639578 2.424854
-7.654276 -20.150021 2.646602 2.424494
-7.928541 -20.440992 2.692024 2.422168
-8.239849 -20.811483 2.748326 2.419286
-8.442536 -20.896011 2.767205 2.418319
-8.613008 -20.896721 2.775194 2.417910
-8.784474 -20.897434 2.783366 2.417491
-8.956962 -20.898153 2.791722 2.417064
-9.130493 -20.898874 2.800266 2.416626
-9.305102 -20.899601 2.808999 2.416179
-9.480812 -20.900331 2.817925 2.415722
-9.657651 -20.901068 2.827046 2.415255
-9.835647 -20.901808 2.836365 2.414778
-10.014825 -20.902552 2.845884 2.414291
-10.189162 -20.890877 2.853910 2.413880
-10.303988 -20.757248 2.845413 2.414315
-10.418138 -20.624405 2.837104 2.414740
-10.531627 -20.492325 2.828980 2.415156
-10.644469 -20.360992 2.821040 2.415563
-10.756687 -20.230385 2.813280 2.415960
-10.902380 -20.163528 2.814499 2.415898
-11.085413 -20.164288 2.825339 2.415343
-11.269870 -20.165052 2.836401 2.414776
-11.455782 -20.165825 2.847690 2.414198
-12.020885 -20.820784 2.951958 2.408860
-12.268946 -20.911909 2.976950 2.407580
-12.466490 -20.912729 2.989383 2.406944
-12.665701 -20.913555 3.002068 2.406294
-12.866616 -20.914387 3.015008 2.405632
-13.069284 -20.915226 3.028209 2.404956
-13.273745 -20.916073 3.041675 2.404266
-13.480042 -20.916927 3.055410 2.403563
-13.688221 -20.917789 3.069421 2.402846
-13.898324 -20.918659 3.083711 2.402114
-14.045938 -20.823957 3.084131 2.402092
-14.164186 -20.686270 3.078310 2.402390
-14.281993 -20.549091 3.072659 2.402680
-14.399372 -20.412407 3.067178 2.402961
-14.516335 -20.276205 3.061865 2.403232
-14.660972 -20.179096 3.062583 2.403196
-14.877975 -20.179993 3.078408 2.402385
-15.097243 -20.180899 3.094550 2.401559
-15.884364 -20.926872 3.225864 2.394836
-16.116600 -20.927834 3.243277 2.393944
-16.351374 -20.928802 3.261039 2.393035
-16.588747 -20.929783 3.279158 2.392107
-16.828777 -20.930775 3.297640 2.391161
-17.071539 -20.931776 3.316494 2.390195
-17.317114 -20.932791 3.335729 2.389211
-17.565557 -20.933815 3.355353 2.388206
-17.783087 -20.895048 3.368957 2.387509
-16.514580 -19.132322 3.103262 2.401113
-16.441343 -18.780796 3.064787 2.403083
-16.393072 -18.463957 3.031686 2.404778
-16.404110 -18.218609 3.010132 2.405881
-16.429813 -17.992935 2.991725 2.406824
-16.473190 -17.789425 2.976936 2.407581
-16.520845 -17.592915 2.963280 2.408280
-16.569632 -17.399822 2.950170 2.408951
-16.636909 -17.228024 2.940662 2.409438
-16.712057 -17.065786 2.932814 2.409840
-16.806093 -16.923832 2.928511 2.410060
-16.891500 -16.773987 2.922916 2.410347
-16.983816 -16.631777 2.918726 2.410561
-17.095900 -16.509317 2.918110 2.410593
-17.207222 -16.386209 2.917513 2.410623
-17.337305 -16.280811 2.920226 2.410484
-17.451349 -16.160128 2.920361 2.410477
-17.583319 -16.055773 2.923616 2.410311
-17.706253 -15.942781 2.925479 2.410215
-17.833525 -15.833340 2.928172 2.410078
-17.948236 -15.712492 2.928924 2.410039
-18.042791 -15.574121 2.926540 2.410161
-18.121426 -15.422539 2.921759 2.410406
-18.213833 -15.283219 2.919383 2.410527
-18.301241 -15.140099 2.916380 2.410681
-18.362116 -14.975775 2.909349 2.411041
-18.374722 -14.773657 2.894934 2.411779
-18.397396 -14.581593 2.882397 2.412421
-18.412039 -14.385061 2.868887 2.413113
-18.377565 -14.152626 2.848051 2.414180
-18.429539 -13.988779 2.840901 2.414546
-18.384335 -13.753241 2.819063 2.415664
-18.429329 -13.587270 2.811348 2.416059
-18.458839 -13.411132 2.801499 2.416563
-18.494085 -13.240459 2.792751 2.417011
-18.549734 -13.085396 2.787291 2.417290
-18.601496 -12.928377 2.781439 2.417590
-18.667562 -12.781943 2.777907 2.417771
-18.778944 -12.666557 2.781255 2.417600
-18.864819 -12.533751 2.780945 2.417616
-18.971699 -12.414729 2.783856 2.417467
-19.096653 -12.306953 2.789516 2.417177
-19.281036 -12.236115 2.803903 2.416440
-19.469702 -12.166019 2.818919 2.415671
-19.603664 -12.060250 2.826055 2.415306
-19.800127 -11.991381 2.842239 2.414477
-20.026690 -11.938304 2.862728 2.413428
-20.124596 -11.807028 2.864870 2.413319
-20.274706 -11.705606 2.874536 2.412824
-20.609442 -11.707788 2.910334 2.410991
-20.624439 -11.526608 2.901018 2.411468
-20.992140 -11.540527 2.941334 2.409404
-22.655550 -12.249806 3.162344 2.398088
-22.830227 -12.139047 3.174819 2.397449
-23.006300 -12.027398 3.187550 2.396797
-23.183790 -11.914848 3.200539 2.396132
-23.362741 -11.801371 3.213791 2.395454
-23.527967 -11.679380 3.225224 2.394869
-23.529055 -11.475886 3.214312 2.395427
-23.530130 -11.273745 3.203629 2.395974
-23.531197 -11.072939 3.193171 2.396509
-23.532253 -10.873429 3.182936 2.397033
-23.533300 -10.675175 3.172919 2.397547
-22.528202 -10.030201 3.027890 2.404972
-19.718248 -8.614687 2.642072 2.424726
-19.500677 -8.358000 2.605037 2.426622
-19.558868 -8.221792 2.605080 2.426620
-19.509089 -8.041063 2.590909 2.427346
-19.493717 -7.875973 2.581502 2.427827
-19.493303 -7.717941 2.574249 2.428198
-19.465818 -7.550292 2.563596 2.428744
-19.408606 -7.372639 2.549221 2.429480
-19.410723 -7.218780 2.542817 2.429808
-19.434504 -7.073581 2.539402 2.429983
-19.414999 -6.913366 2.530485 2.430439
-19.475641 -6.782134 2.532156 2.430354
-19.613930 -6.677127 2.544013 2.429746
-19.339964 -6.433547 2.502591 2.431867
-19.340332 -6.284055 2.496901 2.432158
-19.407598 -6.156449 2.499975 2.432001
-19.294640 -5.972687 2.479993 2.433024
-19.264147 -5.816190 2.470795 2.433495
-19.212751 -5.654618 2.459079 2.434095
-19.146219 -5.490089 2.445598 2.434785
-19.080246 -5.327297 2.432361 2.435463
-19.031433 -5.170725 2.421478 2.436020
-18.927057 -5.000745 2.403697 2.436931
-18.857479 -4.841775 2.390510 2.437606
-18.772095 -4.680408 2.375485 2.438375
-18.725901 -4.530269 2.365580 2.438882
-18.713766 -4.389273 2.360118 2.439162
-18.705826 -4.249860 2.355318 2.439408
-18.721855 -4.116264 2.353660 2.439492
-18.716560 -3.978328 2.349446 2.439708
-18.717655 -3.842179 2.346159 2.439877
-18.713825 -3.705436 2.342379 2.440070
-18.723869 -3.571770 2.340458 2.440168
-18.725151 -3.436706 2.337562 2.440317
-18.744879 -3.305228 2.337087 2.440341
-18.754560 -3.172093 2.335476 2.440423
-18.758390 -3.038195 2.333255 2.440537
-18.778502 -2.907067 2.333175 2.440541
-18.857397 -2.784616 2.340505 2.440166
-18.889580 -2.654757 2.342142 2.440082
-18.924820 -2.525107 2.344269 2.439973
-18.960670 -2.395288 2.346581 2.439855
-19.039734 -2.270352 2.354347 2.439457
-19.081764 -2.140360 2.357639 2.439289
-19.131657 -2.010818 2.362011 2.439065
-19.189440 -1.881538 2.367466 2.438786
-19.268957 -1.753611 2.375708 2.438364
-19.353394 -1.625151 2.384661 2.437905
-19.458462 -1.497245 2.396261 2.437311
-19.572899 -1.368670 2.409118 2.436653
-19.662981 -1.237086 2.419084 2.436143
-19.814760 -1.107816 2.436746 2.435239
-19.937674 -0.975116 2.450965 2.434510
-20.100622 -0.842463 2.470213 2.433525
-20.252268 -0.707225 2.488182 2.432605
-20.476149 -0.571947 2.515136 2.431225
-23.581934 -0.493970 2.896132 2.411718
-23.582630 -0.329298 2.895865 2.411731
-23.583324 -0.164643 2.895739 2.411738
-23.422060 0.000000 2.875867 2.412755
-23.110390 0.161348 2.837668 2.414711
-22.806885 0.318466 2.800606 2.416609
-22.577723 0.472935 2.772804 2.418032
-22.578371 0.630674 2.773357 2.418004
-22.579018 0.788477 2.774045 2.417969
-22.715849 0.952080 2.791604 2.417070
-23.062468 1.127944 2.835100 2.414843
-23.420074 1.309384 2.880114 2.412538
-23.590099 1.484166 2.902227 2.411406
-23.590763 1.649627 2.903655 2.411333
-23.591423 1.815265 2.905225 2.411252
-23.592083 1.981084 2.906939 2.411165
-23.592739 2.147106 2.908795 2.411070
-23.593393 2.313355 2.910796 2.410967
-23.594046 2.479834 2.912942 2.410857
-23.505348 2.636551 2.904193 2.411305
-23.244230 2.771708 2.874252 2.412838
-22.988426 2.904113 2.845058 2.414333
-22.737743 3.033865 2.816586 2.415791
-22.588451 3.174600 2.800770 2.416600
-22.589066 3.335667 2.803665 2.416452
-22.589678 3.497068 2.806703 2.416297
-22.884621 3.706499 2.846495 2.414259
-23.369831 3.952714 2.910209 2.410997
-23.600464 4.161399 2.942475 2.409345
-23.601097 4.331616 2.946253 2.409152
-23.601728 4.502272 2.950184 2.408951
-23.602358 4.673392 2.954269 2.408741
-23.602987 4.845000 2.958509 2.408524
-23.603615 5.017103 2.962906 2.408299
-23.541307 5.175896 2.959549 2.408471
-23.343729 5.303567 2.939293 2.409508
-23.148827 5.429507 2.919454 2.410524
-22.956518 5.553769 2.900020 2.411519
-22.766750 5.676389 2.880983 2.412494
-22.598103 5.802211 2.864698 2.413327
-22.598696 5.970835 2.869987 2.413057
-22.599289 6.140090 2.875437 2.412778
-22.944952 6.406349 2.925037 2.410238
-23.609833 6.770011 3.015748 2.405594
-23.610451 6.948938 3.021950 2.405276
-23.611067 7.128603 3.028325 2.404950
-23.611683 7.309036 3.034875 2.404614
-23.612299 7.490265 3.041601 2.404270
-23.612915 7.672301 3.048506 2.403916
-23.536888 7.829685 3.045674 2.404062
-23.323650 7.940020 3.025180 2.405111
-23.113251 8.048884 3.005105 2.406139
-22.905605 8.156322 2.985439 2.407146
-22.700657 8.262363 2.966172 2.408132
-22.606951 8.407454 2.961526 2.408370
-22.607540 8.587800 2.969384 2.407968
-22.658192 8.788532 2.984023 2.407218
-23.421022 9.273042 3.092937 2.401642
-23.619059 9.542719 3.127811 2.399856
-23.619673 9.735332 3.136817 2.399395
-23.620287 9.929056 3.146027 2.398923
-23.620903 10.123931 3.155446 2.398441
-23.621519 10.319991 3.165076 2.397948
-23.567080 10.492741 3.167520 2.397823
-23.363396 10.598111 3.150012 2.398719
-23.161947 10.702324 3.132849 2.399598
-22.962671 10.805411 3.116023 2.400460
-22.765505 10.907406 3.099525 2.401304
-22.615206 11.030173 3.089471 2.401819
-22.615799 11.226585 3.100184 2.401270
-22.616396 11.424365 3.111123 2.400711
-23.627090 12.142673 3.261736 2.392999
-23.627714 12.352274 3.273648 2.392389
-23.628338 12.563411 3.285807 2.391767
-23.628963 12.776138 3.298218 2.391131
-23.629591 12.990480 3.310883 2.390483
-23.567028 13.171165 3.314920 2.390276
-23.367292 13.274474 3.299781 2.391051
-23.169371 13.376842 3.284940 2.391811
-22.973202 13.478303 3.270388 2.392556
-22.778759 13.578868 3.256124 2.393286
-22.623020 13.700986 3.247456 2.393730
-22.623631 13.918154 3.261412 2.393016
-22.822115 14.260840 3.304298 2.390820
-22.775850 14.454000 3.312129 2.390419
-22.715826 14.639353 3.318182 2.390109
-22.660387 14.828540 3.325125 2.389754
-22.606766 15.019903 3.332562 2.389373
-22.537382 15.201656 3.337898 2.389100
-22.466324 15.383019 3.343198 2.388828
-22.422907 15.584329 3.352846 2.388334
-22.373188 15.782547 3.361805 2.387876
-22.325626 15.983583 3.371344 2.387387
-22.270388 16.180384 3.379978 2.386945
-22.231356 16.390375 3.391339 2.386364
-22.213114 16.617535 3.406170 2.385604
-22.174229 16.831154 3.418143 2.384991
-22.181877 17.082350 3.437622 2.383994
-22.192276 17.338507 3.457908 2.382955
-22.252584 17.637188 3.486407 2.381496
-22.305489 17.934076 3.514226 2.380072
-22.432671 18.295637 3.554300 2.378020
-22.567341 18.669333 3.596202 2.375874
-22.320917 18.729475 3.577683 2.376823
-22.199839 18.893549 3.579331 2.376738
-22.078644 19.057775 3.581155 2.376645
-21.957317 19.222176 3.583155 2.376542
-21.835842 19.386772 3.585332 2.376431
-21.714216 19.551569 3.587686 2.376311
-21.592419 19.716595 3.590219 2.376181
-21.334858 19.756298 3.570239 2.377204
-21.039616 19.757513 3.543828 2.378556
-20.748684 19.758709 3.517975 2.379880
-20.461964 19.759890 3.492666 2.381176
-19.121717 18.725376 3.286133 2.391750
-18.857655 18.726463 3.263140 2.392927
-18.597248 18.727535 3.240624 2.394080
-18.459635 18.850363 3.239499 2.394138
-18.348698 19.000633 3.243230 2.393947
-18.237494 19.151262 3.247128 2.393747
-18.126019 19.302252 3.251194 2.393539
-18.014257 19.453627 3.255428 2.393322
-17.902191 19.605406 3.259833 2.393096
-17.789820 19.757597 3.264408 2.392862
-17.554283 19.771872 3.246438 2.393782
-17.309845 19.772879 3.226683 2.394794
-17.068354 19.773876 3.207322 2.395785
-16.829721 19.774860 3.188346 2.396757
-16.593895 19.775833 3.169747 2.397709
-16.360783 19.776796 3.151516 2.398642
-15.284943 18.741194 2.969412 2.407966
-15.069025 18.742086 2.952812 2.408816
-14.855490 18.742968 2.936540 2.409649
-14.706628 18.823626 2.933019 2.409829
-14.603580 18.963142 2.938800 2.409533
-14.500123 19.103209 2.944747 2.409229
-14.396240 19.243849 2.950862 2.408916
-14.291914 19.385084 2.957147 2.408594
-14.187140 19.526922 2.963602 2.408263
-14.081897 19.669392 2.970231 2.407924
-13.957997 19.786726 2.973162 2.407774
-13.752724 19.787575 2.958791 2.408510
-13.549408 19.788416 2.944700 2.409231
-13.348018 19.789249 2.930886 2.409939
-13.148490 19.790075 2.917341 2.410632
-12.950797 19.790895 2.904063 2.411312
-12.754886 19.791706 2.891045 2.411978
-12.560706 19.792511 2.878283 2.412632
-12.145310 19.436560 2.814120 2.415917
-11.539187 18.756687 2.703955 2.421557
-11.359902 18.757431 2.692564 2.422141
-11.182114 18.758169 2.681398 2.422712
-11.005778 18.758900 2.670454 2.423273
-10.896381 18.873087 2.675815 2.422998
-10.797450 19.006956 2.684042 2.422577
-10.697906 19.141651 2.692450 2.422146
-10.597730 19.277197 2.701043 2.421707
-10.496902 19.413620 2.709824 2.421257
-10.395415 19.550934 2.718794 2.420798
-10.293244 19.689169 2.727957 2.420328
-10.177049 19.802399 2.733735 2.420033
-10.003277 19.803120 2.724128 2.420525
-9.830708 19.803837 2.714719 2.421006
-9.659324 19.804550 2.705506 2.421478
-9.489085 19.805258 2.696487 2.421940
-9.319976 19.805962 2.687659 2.422392
-9.151962 19.806660 2.679018 2.422834
-8.985011 19.807354 2.670562 2.423267
-8.819109 19.808044 2.662289 2.423691
-8.654218 19.808731 2.654196 2.424105
-8.307930 19.383856 2.589432 2.427421
-7.942990 18.895624 2.516741 2.431143
-7.737456 18.772482 2.493084 2.432354
-7.584832 18.773117 2.486075 2.432713
-7.433050 18.773750 2.479227 2.433064
-7.282101 18.774380 2.472536 2.433406
-7.152998 18.830399 2.473276 2.433368
-7.053168 18.965405 2.484480 2.432795
-6.952427 19.101639 2.495908 2.432209
-6.850746 19.239141 2.507564 2.431613
-6.748109 19.377934 2.519452 2.431004
-6.644487 19.518051 2.531577 2.430383
-6.539855 19.659534 2.543944 2.429750
-6.434192 19.802406 2.556557 2.429104
-6.286827 19.818600 2.552918 2.429291
-6.135077 19.819235 2.547421 2.429572
-5.983971 19.819866 2.542070 2.429846
-5.833486 19.820494 2.536865 2.430112
-5.683615 19.821121 2.531806 2.430372
-5.534327 19.821745 2.526888 2.430623
-5.385616 19.822367 2.522113 2.430868
-5.237460 19.822987 2.517478 2.431105
-5.089834 19.823605 2.512982 2.431335
-4.942733 19.824219 2.508625 2.431558
-4.776078 19.741932 2.493932 2.432311
-4.563841 19.458063 2.453987 2.434356
-4.358302 19.183159 2.415420 2.436330
-4.159115 18.916752 2.378162 2.438238
-3.993538 18.788120 2.358428 2.439248
-3.856767 18.788694 2.355063 2.439421
-3.720368 18.789265 2.351822 2.439587
-3.584348 18.789835 2.348703 2.439746
-3.448682 18.790403 2.345708 2.439900
-3.331125 18.891752 2.355399 2.439404
-3.220574 19.041164 2.371167 2.438596
-3.108517 19.192606 2.387265 2.437772
-2.994932 19.346113 2.403699 2.436931
-2.879766 19.501751 2.420480 2.436071
-2.762974 19.659582 2.437616 2.435194
-2.644511 19.819670 2.455117 2.434298
-2.505666 19.834438 2.454719 2.434318
-2.365179 19.835028 2.452689 2.434422
-2.224919 19.835617 2.450781 2.434520
-2.084869 19.836206 2.448996 2.434611
-1.945017 19.836794 2.447332 2.434696
-1.805337 19.837381 2.445790 2.434776
-1.665836 19.837969 2.444369 2.434848
-1.526491 19.838556 2.443069 2.434915
-1.387288 19.839142 2.441889 2.434975
-1.248212 19.839727 2.440829 2.435030
-1.109239 19.840313 2.439888 2.435078
-0.964893 19.728762 2.425283 2.435826
-0.818685 19.533287 2.400492 2.437095
-0.675429 19.341764 2.376318 2.438333
-0.535023 19.154055 2.352740 2.439540
-0.397359 18.970015 2.329736 2.440717
-0.262563 18.803801 2.309042 2.441777
-0.131279 18.804354 2.308941 2.441782
0.000000 18.804909 2.308952 2.441782
0.131287 18.805462 2.309077 2.441775
0.262605 18.806017 2.309314 2.441763
0.393946 18.806572 2.309663 2.441745
0.530005 18.974377 2.330669 2.440670
0.669367 19.168154 2.354988 2.439425
0.811675 19.366022 2.379936 2.438147
0.957049 19.568150 2.405539 2.436836
1.105580 19.774664 2.431815 2.435491
1.248875 19.850264 2.442125 2.434963
1.388107 19.850851 2.443330 2.434901
1.527483 19.851440 2.444655 2.434834
1.667028 19.852032 2.446102 2.434760
1.806735 19.852623 2.447669 2.434679
1.946627 19.853214 2.449358 2.434593
2.086720 19.853807 2.451169 2.434500
2.227026 19.854403 2.453102 2.434401
2.367572 19.854998 2.455158 2.434296
2.508349 19.855595 2.457337 2.434184
2.649384 19.856192 2.459641 2.434066
2.786499 19.826967 2.458370 2.434131
2.903936 19.665426 2.440795 2.435031
3.019720 19.506163 2.423585 2.435912
3.133881 19.349136 2.406735 2.436775
3.246471 19.194273 2.390233 2.437620
3.357533 19.041515 2.374072 2.438447
3.467110 18.890806 2.358242 2.439258
3.590134 18.820107 2.352488 2.439553
3.726600 18.820684 2.355755 2.439385
3.863453 18.821266 2.359146 2.439212
4.000708 18.821850 2.362662 2.439032
4.138379 18.822435 2.366305 2.438845
4.309595 18.968723 2.388420 2.437713
4.513725 19.244345 2.427033 2.435736
4.724573 19.529034 2.467037 2.433688
4.942498 19.823277 2.508506 2.431564
5.100874 19.866602 2.518433 2.431056
5.249156 19.867233 2.523098 2.430817
5.397985 19.867867 2.527902 2.430571
5.547388 19.868504 2.532849 2.430318
5.697385 19.869141 2.537939 2.430057
5.847993 19.869783 2.543174 2.429789
5.999243 19.870428 2.548556 2.429514
6.151130 19.871075 2.554084 2.429231
6.303685 19.871725 2.559762 2.428940
6.456927 19.872377 2.565590 2.428642
6.595549 19.826958 2.565608 2.428641
6.701493 19.685484 2.553294 2.429271
6.806422 19.545368 2.541222 2.429889
6.910370 19.406567 2.529386 2.430496
7.013360 19.269047 2.517782 2.431089
7.115415 19.132780 2.506407 2.431672
7.216566 18.997725 2.495254 2.432243
7.316818 18.863871 2.484322 2.432803
7.457933 18.836582 2.487524 2.432639
7.610737 18.837234 2.494566 2.432278
7.764416 18.837891 2.501771 2.431909
7.919005 18.838552 2.509140 2.431532
8.182783 19.091852 2.550424 2.429418
8.568512 19.612543 2.627909 2.425451
8.852307 19.882607 2.672311 2.423178
9.019473 19.883322 2.680804 2.422743
9.187725 19.884043 2.689485 2.422298
9.357066 19.884768 2.698353 2.421844
9.527536 19.885496 2.707412 2.421381
9.699163 19.886232 2.716665 2.420907
9.871976 19.886972 2.726115 2.420423
10.046017 19.887716 2.735765 2.419929
10.221290 19.888468 2.745617 2.419424
10.380575 19.856203 2.751101 2.419143
10.484200 19.717913 2.742015 2.419609
10.587151 19.580530 2.733122 2.420064
10.689448 19.444019 2.724418 2.420510
10.791096 19.308382 2.715903 2.420946
10.892116 19.173586 2.707572 2.421372
10.992524 19.039610 2.699425 2.421789
11.092337 18.906433 2.691457 2.422197
11.238516 18.852772 2.694922 2.422020
11.418118 18.853542 2.706361 2.421434
11.599258 18.854321 2.718030 2.420837
11.781979 18.855106 2.729935 2.420227
12.628156 19.898794 2.893739 2.411841
12.824450 19.899637 2.906811 2.411171
13.022521 19.900488 2.920145 2.410489
13.222427 19.901348 2.933745 2.409792
13.424213 19.902214 2.947616 2.409082
13.627928 19.903091 2.961765 2.408358
13.833633 19.903975 2.976197 2.407619
14.041348 19.904869 2.990915 2.406865
14.202586 19.837957 2.995687 2.406621
14.309510 19.695351 2.989165 2.406955
14.415977 19.553358 2.982816 2.407280
14.522006 19.411953 2.976640 2.407596
14.627597 19.271137 2.970634 2.407903
14.732768 19.130884 2.964797 2.408202
14.837534 18.991177 2.959126 2.408493
14.955189 18.868755 2.956247 2.408640
15.171629 18.869688 2.972917 2.407787
15.390519 18.870632 2.989921 2.406916
16.475414 19.915350 3.173596 2.397512
16.711819 19.916368 3.192273 2.396556
16.951033 19.917400 3.211328 2.395580
17.193151 19.918446 3.230772 2.394584
17.438213 19.919502 3.250610 2.393569
17.686316 19.920572 3.270855 2.392532
17.937540 19.921656 3.291514 2.391474
18.058250 19.776312 3.288250 2.391642
18.172298 19.624285 3.283988 2.391860
18.286051 19.472658 3.279897 2.392069
18.399527 19.321402 3.275977 2.392270
18.512741 19.170504 3.272225 2.392462
18.625702 19.019943 3.268642 2.392645
18.753771 18.885143 3.267898 2.392684
19.018610 18.886288 3.290991 2.391501
19.287231 18.887449 3.314576 2.390294
20.641571 19.933332 3.523323 2.379606
20.933382 19.934595 3.549291 2.378276
21.229565 19.935875 3.575822 2.376918
21.530199 19.937174 3.602928 2.375530
21.782848 19.890469 3.621881 2.374560
21.906950 19.725105 3.619530 2.374680
22.030899 19.559952 3.617360 2.374791
22.154718 19.394978 3.615368 2.374893
22.278400 19.230190 3.613555 2.374986
22.401966 19.065563 3.611920 2.375070
22.525877 18.901455 3.610535 2.375141
22.849623 18.902855 3.641185 2.373571
23.178955 18.904282 3.672543 2.371966
24.814531 19.951387 3.909524 2.359832
25.174358 19.952946 3.944172 2.358058
25.540636 19.954533 3.979636 2.356242
25.679642 19.775990 3.979686 2.356240
25.815508 19.595022 3.979442 2.356252
25.951355 19.414085 3.979393 2.356255
26.087210 19.233145 3.979539 2.356248
26.223083 19.052185 3.979879 2.356230
26.424858 18.918344 3.990360 2.355694
26.820915 18.920061 4.030122 2.353658
27.640139 19.210386 4.132966 2.348392
27.640907 18.926119 4.113224 2.349403
27.641672 18.644543 4.093868 2.350394
27.642435 18.365595 4.074893 2.351365
27.643196 18.089188 4.056288 2.352318
27.643953 17.815304 4.038050 2.353252
26.633341 16.902027 3.873096 2.361697
26.634066 16.642811 3.856210 2.362562
26.759838 16.462765 3.857686 2.362486
26.967031 16.331802 3.871023 2.361804
27.175659 16.199936 3.884641 2.361106
27.385773 16.067133 3.898547 2.360394
27.597408 15.933371 3.912744 2.359668
27.649931 15.707351 3.904548 2.360087
27.650669 15.453424 3.889322 2.360867
27.651405 15.201481 3.874403 2.361630
27.652142 14.951452 3.859787 2.362379
26.641209 14.165381 3.704783 2.370315
26.641914 13.928059 3.691269 2.371007
26.814514 13.780778 3.701762 2.370470
27.047977 13.662909 3.720733 2.369498
27.283857 13.543820 3.740083 2.368508
27.522219 13.423483 3.759820 2.367497
27.657251 13.251138 3.765537 2.367204
21.842382 10.278235 2.964000 2.408243
21.581930 9.972245 2.919138 2.410540
21.432482 9.722201 2.889673 2.412049
21.399193 9.527534 2.876146 2.412741
21.392178 9.346015 2.866364 2.413242
21.369305 9.158887 2.854661 2.413841
21.322359 8.963089 2.839962 2.414594
21.276306 8.769458 2.825605 2.415329
21.231009 8.577884 2.811568 2.416048
21.191658 8.390373 2.798531 2.416715
21.166212 8.209825 2.787534 2.417278
21.123495 8.024057 2.774462 2.417947
21.081575 7.840165 2.761700 2.418601
21.040438 7.658093 2.749240 2.419239
21.000067 7.477789 2.737077 2.419862
20.975330 7.304375 2.727140 2.420370
20.949493 7.131784 2.717241 2.420877
20.915178 6.957551 2.706424 2.421431
20.881586 6.784838 2.695882 2.421971
20.850574 6.614194 2.685852 2.422484
20.834948 6.449486 2.677973 2.422888
20.819744 6.285846 2.670313 2.423280
20.793667 6.119906 2.661424 2.423735
20.770660 5.955891 2.653093 2.424162
20.756712 5.795380 2.646079 2.424521
20.743162 5.635785 2.639271 2.424869
20.730013 5.477100 2.632668 2.425207
20.717253 5.319284 2.626268 2.425535
20.704882 5.162307 2.620067 2.425853
20.702883 5.008556 2.615325 2.426095
20.689920 4.852769 2.609344 2.426402
20.691685 4.701031 2.605364 2.426605
20.687012 4.548332 2.600714 2.426843
20.683149 4.396339 2.596307 2.427069
20.695984 4.248278 2.594132 2.427180
20.689621 4.096648 2.589686 2.427408
20.686056 3.946071 2.585728 2.427611
20.679892 3.795468 2.581583 2.427823
20.686234 3.647541 2.579133 2.427948
20.692863 3.499938 2.576850 2.428065
20.699812 3.352631 2.574738 2.428173
20.707127 3.205628 2.572801 2.428272
20.714825 3.058897 2.571042 2.428363
20.712248 2.910916 2.568137 2.428511
20.721466 2.764836 2.566824 2.428578
20.731113 2.618942 2.565692 2.428637
20.741142 2.473227 2.564734 2.428685
20.751453 2.327646 2.563937 2.428726
20.762259 2.182201 2.563327 2.428758
20.773447 2.036856 2.562890 2.428780
20.773073 1.890491 2.561153 2.428869
20.777586 1.744738 2.560146 2.428921
20.788671 1.599599 2.560073 2.428924
20.800102 1.454485 2.560168 2.428919
20.811724 1.309365 2.560411 2.428907
20.824259 1.164250 2.560890 2.428882
20.839819 1.019233 2.561867 2.428832
20.870651 0.874737 2.564844 2.428680
20.872608 0.728887 2.564396 2.428703
20.888311 0.583465 2.565763 2.428633
20.911362 0.438024 2.568156 2.428510
20.940840 0.292404 2.571462 2.428341
20.980587 0.146472 2.576155 2.428101
19.072449 -0.000000 1.668623 2.474566
19.103519 -0.133370 1.671382 2.474425
19.144304 -0.267323 1.675073 2.474236
19.173037 -0.401618 1.677791 2.474097
19.213062 -0.536670 1.681581 2.473903
19.272423 -0.673008 1.687146 2.473618
19.340921 -0.810625 1.693597 2.473288
19.394547 -0.948552 1.698831 2.473020
19.465702 -1.088302 1.705688 2.472669
19.568110 -1.231121 1.715373 2.472173
19.651915 -1.374196 1.723518 2.471756
19.710135 -1.516613 1.729511 2.471449
19.834206 -1.665525 1.741375 2.470842
20.132648 -1.832215 1.768658 2.469445
20.403376 -2.000569 1.793624 2.468166
20.652596 -2.170676 1.816821 2.466979
20.917425 -2.346265 1.841514 2.465714
21.194183 -2.527254 1.867387 2.464390
21.445227 -2.709162 1.891126 2.463174
21.693329 -2.894508 1.914740 2.461965
21.899931 -3.077835 1.934825 2.460937
22.010120 -3.250172 1.946518 2.460338
22.087933 -3.419393 1.955463 2.459880
22.083939 -3.576818 1.957272 2.459788
22.136702 -3.744143 1.964217 2.459432
22.094603 -3.895875 1.962847 2.459502
21.999228 -4.037614 1.956831 2.459810
21.889071 -4.175564 1.949578 2.460181
21.849083 -4.326235 1.948659 2.460229
21.766983 -4.468121 1.944072 2.460464
21.667465 -4.605562 1.938008 2.460774
21.567732 -4.741974 1.932001 2.461081
21.489136 -4.882212 1.927967 2.461288
21.426409 -5.025519 1.925440 2.461417
21.379799 -5.172318 1.924450 2.461468
21.298397 -5.310287 1.920413 2.461675
21.237761 -5.452930 1.918331 2.461782
21.188366 -5.598208 1.917353 2.461831
21.118769 -5.737843 1.914634 2.461971
21.059322 -5.879869 1.912919 2.462059
21.004631 -6.022982 1.911724 2.462120
20.960995 -6.169156 1.911626 2.462125
20.903921 -6.311266 1.910393 2.462188
20.835905 -6.449791 1.908245 2.462298
20.756439 -6.584331 1.905131 2.462457
20.692753 -6.723483 1.903548 2.462538
20.645882 -6.867971 1.903600 2.462536
20.603403 -7.013971 1.904152 2.462507
20.542135 -7.153529 1.903059 2.462564
20.481022 -7.292964 1.902068 2.462614
20.426506 -7.434640 1.901779 2.462629
20.379076 -7.578910 1.902243 2.462605
20.313662 -7.716437 1.901119 2.462663
20.272160 -7.863053 1.902326 2.462601
20.249432 -8.017318 1.905400 2.462444
20.227365 -8.172386 1.908645 2.462277
20.181177 -8.318081 1.909720 2.462222
20.137629 -8.465080 1.911145 2.462149
20.139158 -8.631655 1.916963 2.461852
20.136673 -8.797497 1.922525 2.461567
20.169273 -8.979939 1.931576 2.461103
20.193142 -9.160016 1.939939 2.460675
20.240891 -9.352605 1.950752 2.460121
20.382067 -9.591073 1.970763 2.459097
20.603605 -9.871593 1.998799 2.457661
20.827711 -10.158354 2.027370 2.456198
20.986254 -10.417667 2.049833 2.455049
21.124794 -10.670902 2.070591 2.453986
21.153261 -10.871301 2.080770 2.453465
21.190453 -11.078101 2.091985 2.452890
21.186520 -11.265073 2.099309 2.452515
21.183762 -11.454018 2.106909 2.452126
21.149485 -11.627028 2.111521 2.451890
21.112844 -11.799571 2.116036 2.451659
21.028770 -11.946005 2.115917 2.451665
20.951090 -12.096118 2.116546 2.451633
20.866100 -12.242069 2.116543 2.451633
20.788927 -12.392688 2.117439 2.451587
20.704893 -12.539330 2.117745 2.451571
20.621586 -12.686484 2.118232 2.451546
20.533312 -12.830637 2.118314 2.451542
20.449438 -12.977609 2.118956 2.451509
20.367413 -13.125902 2.119901 2.451461
20.271473 -13.265281 2.119503 2.451481
20.189466 -13.413852 2.120668 2.451422
20.113823 -13.566945 2.122620 2.451322
20.034365 -13.717816 2.124289 2.451236
19.949326 -13.865143 2.125484 2.451175
19.860334 -14.009925 2.126372 2.451130
19.775379 -14.157782 2.127807 2.451056
19.681892 -14.299732 2.128438 2.451024
19.595125 -14.446774 2.129910 2.450948
19.508492 -14.594215 2.131516 2.450866
19.405010 -14.729205 2.131393 2.450873
19.299633 -14.862720 2.131164 2.450884
19.182093 -14.986693 2.129686 2.450960
19.081406 -15.123736 2.130178 2.450935
18.974112 -15.255578 2.130038 2.450942
18.863525 -15.384717 2.129630 2.450963
18.732771 -15.497097 2.127030 2.451096
18.612595 -15.617821 2.125714 2.451164
18.497725 -15.742799 2.125095 2.451195
18.386154 -15.870502 2.124954 2.451202
18.276527 -15.999891 2.125143 2.451193
18.163607 -16.126408 2.125052 2.451197
18.051825 -16.253935 2.125198 2.451190
17.933146 -16.375214 2.124634 2.451219
17.813967 -16.495914 2.124106 2.451246
17.700617 -16.621986 2.124376 2.451232
17.579313 -16.740557 2.123792 2.451262
17.456091 -16.857153 2.123072 2.451298
17.330290 -16.971075 2.122130 2.451347
17.199057 -17.079401 2.120610 2.451425
17.069735 -17.189323 2.119409 2.451486
16.945786 -17.304468 2.118968 2.451509
16.816540 -17.414038 2.117957 2.451560
16.685419 -17.521418 2.116798 2.451620
16.554407 -17.628653 2.115739 2.451674
16.427647 -17.740246 2.115316 2.451696
16.295721 -17.846094 2.114320 2.451747
16.157122 -17.944302 2.112540 2.451838
16.021894 -18.045895 2.111280 2.451902
15.887288 -18.147903 2.110187 2.451958
15.740807 -18.235901 2.107589 2.452091
15.594243 -18.323175 2.105042 2.452222
15.449604 -18.412121 2.102818 2.452336
15.313353 -18.510666 2.101811 2.452387
15.163327 -18.592075 2.098984 2.452532
15.013548 -18.673088 2.096245 2.452672
14.865391 -18.755457 2.093790 2.452798
14.713674 -18.832644 2.090889 2.452946
14.556263 -18.901693 2.087221 2.453134
14.389521 -18.957493 2.082239 2.453389
14.229719 -19.021259 2.078281 2.453592
14.090636 -19.112076 2.077404 2.453637
13.944733 -19.193279 2.075598 2.453729
13.789791 -19.261377 2.072501 2.453888
13.639470 -19.335180 2.070146 2.454009
13.518135 -19.450048 2.072289 2.453899
14.242712 -20.800959 2.205573 2.447075
14.031034 -20.801863 2.195229 2.447604
13.821320 -20.802759 2.185087 2.448123
13.613526 -20.803648 2.175145 2.448632
13.407603 -20.804529 2.165397 2.449131
13.203507 -20.805401 2.155841 2.449621
13.001197 -20.806265 2.146473 2.450100
12.800626 -20.807121 2.137290 2.450571
12.601755 -20.807972 2.128288 2.451032
12.016174 -20.157320 2.053108 2.454881
11.774273 -20.068766 2.035666 2.455774
11.587168 -20.069565 2.027492 2.456192
11.401548 -20.070356 2.019481 2.456603
11.242932 -20.116859 2.016213 2.456770
11.131830 -20.248726 2.021591 2.456495
11.020130 -20.381306 2.027097 2.456213
10.907815 -20.514618 2.032733 2.455924
10.794868 -20.648682 2.038499 2.455629
10.681275 -20.783514 2.044399 2.455327
10.515360 -20.816875 2.040410 2.455531
10.333969 -20.817650 2.033364 2.455892
10.153820 -20.818417 2.026466 2.456245
9.974878 -20.819180 2.019712 2.456591
9.797117 -20.819937 2.013101 2.456929
9.620507 -20.820690 2.006631 2.457260
9.445024 -20.821438 2.000299 2.457585
9.270632 -20.822180 1.994104 2.457902
9.097309 -20.822920 1.988044 2.458212
8.925027 -20.823652 1.982117 2.458516
8.726632 -20.759842 1.970196 2.459126
8.400201 -20.380415 1.928574 2.461257
8.114611 -20.084368 1.895152 2.462968
7.952237 -20.085058 1.889933 2.463235
7.790746 -20.085747 1.884833 2.463496
7.630117 -20.086430 1.879853 2.463752
7.475684 -20.101507 1.876334 2.463932
7.364430 -20.233606 1.883819 2.463548
7.252280 -20.366772 1.891458 2.463157
7.139213 -20.501030 1.899251 2.462758
7.025204 -20.636406 1.907202 2.462351
6.910233 -20.772926 1.915314 2.461936
6.768995 -20.832825 1.916433 2.461879
6.608777 -20.833506 1.912205 2.462095
6.449255 -20.834183 1.908088 2.462306
6.290412 -20.834858 1.904081 2.462511
6.132230 -20.835531 1.900184 2.462710
5.974684 -20.836199 1.896394 2.462905
5.817757 -20.836866 1.892712 2.463093
5.661430 -20.837530 1.889136 2.463276
5.505685 -20.838190 1.885665 2.463454
5.350507 -20.838850 1.882299 2.463626
5.195872 -20.839506 1.879036 2.463793
5.041764 -20.840158 1.875875 2.463955
4.850214 -20.679001 1.858276 2.464856
4.643570 -20.438759 1.833729 2.466113
4.442307 -20.204769 1.809909 2.467333
4.272533 -20.100689 1.797870 2.467949
4.126205 -20.101309 1.795305 2.468080
3.980287 -20.101927 1.792835 2.468207
3.834764 -20.102545 1.790459 2.468328
3.689620 -20.103159 1.788176 2.468445
3.566944 -20.229145 1.797123 2.467987
3.446430 -20.376524 1.808034 2.467429
3.324438 -20.525711 1.819168 2.466859
3.200929 -20.676756 1.830530 2.466277
3.075864 -20.829708 1.842125 2.465683
2.930151 -20.849108 1.841987 2.465690
2.781948 -20.849735 1.840281 2.465777
2.634012 -20.850361 1.838669 2.465860
2.486327 -20.850985 1.837148 2.465938
2.338883 -20.851608 1.835720 2.466011
2.191658 -20.852232 1.834383 2.466080
2.044639 -20.852854 1.833137 2.466143
1.897813 -20.853474 1.831982 2.466202
1.751165 -20.854094 1.830918 2.466257
1.604683 -20.854713 1.829944 2.466307
1.458347 -20.855331 1.829061 2.466352
1.312144 -20.855949 1.828267 2.466393
1.165121 -20.839733 1.826088 2.466504
1.010159 -20.654245 1.809172 2.467370
0.858038 -20.472157 1.792654 2.468216
0.708659 -20.293346 1.776520 2.469042
0.561938 -20.117716 1.760759 2.469849
0.421389 -20.116980 1.760394 2.469868
0.280911 -20.117573 1.760231 2.469876
0.140454 -20.118164 1.760154 2.469880
-0.000000 -20.118757 1.760163 2.469880
-0.140620 -20.141960 1.762236 2.469773
-0.283627 -20.311890 1.777233 2.469006
-0.429096 -20.484747 1.792576 2.468220
-0.577103 -20.660624 1.808275 2.467416
-0.727736 -20.839622 1.824342 2.466594
-0.874511 -20.865175 1.827069 2.466454
-1.020509 -20.865791 1.827702 2.466422
-1.166615 -20.866405 1.828425 2.466384
-1.312841 -20.867022 1.829237 2.466343
-1.459208 -20.867640 1.830140 2.466297
-1.605726 -20.868256 1.831133 2.466246
-1.752410 -20.868874 1.832216 2.466191
-1.899274 -20.869492 1.833389 2.466130
-2.046332 -20.870110 1.834654 2.466066
-2.193602 -20.870729 1.836010 2.465996
-2.341098 -20.871351 1.837458 2.465922
-2.488833 -20.871971 1.838997 2.465843
-2.634485 -20.854084 1.838997 2.465843
-2.762637 -20.705000 1.827506 2.466432
-2.889205 -20.557756 1.816246 2.467008
-3.014228 -20.412306 1.805211 2.467573
-3.137747 -20.268602 1.794396 2.468127
-3.260753 -20.132486 1.784317 2.468643
-3.405258 -20.133093 1.786435 2.468534
-3.550115 -20.133701 1.788644 2.468421
-3.695338 -20.134312 1.790947 2.468303
-3.840944 -20.134924 1.793343 2.468181
-4.010049 -20.252218 1.806239 2.467520
-4.204667 -20.483543 1.829444 2.466332
-4.404366 -20.720909 1.853345 2.465109
-4.590943 -20.880804 1.870467 2.464232
-4.744150 -20.881447 1.873446 2.464079
-4.897852 -20.882092 1.876526 2.463922
-5.052066 -20.882738 1.879708 2.463759
-5.206813 -20.883387 1.882993 2.463591
-5.362111 -20.884039 1.886381 2.463417
-5.517975 -20.884693 1.889873 2.463238
-5.674426 -20.885347 1.893471 2.463054
-5.831478 -20.886005 1.897176 2.462865
-5.989156 -20.886667 1.900988 2.462669
-6.147477 -20.887331 1.904908 2.462469
-6.306459 -20.887997 1.908937 2.462262
-6.450659 -20.838705 1.908502 2.462285
-6.567346 -20.702900 1.900217 2.462709
-6.683032 -20.568256 1.892095 2.463125
-6.797739 -20.434753 1.884134 2.463532
-6.911489 -20.302361 1.876330 2.463932
-7.024305 -20.171051 1.868681 2.464323
-7.174699 -20.148897 1.871224 2.464193
-7.333842 -20.149563 1.875995 2.463949
-7.493805 -20.150232 1.880882 2.463699
-7.654613 -20.150906 1.885887 2.463443
-7.915051 -20.406214 1.914906 2.461957
-8.225537 -20.775335 1.954885 2.459910
-8.442911 -20.896936 1.971826 2.459043
-8.613390 -20.897650 1.977519 2.458751
-8.784865 -20.898365 1.983342 2.458453
-8.957362 -20.899086 1.989297 2.458148
-9.130903 -20.899811 1.995385 2.457836
-9.305521 -20.900541 2.001609 2.457518
-9.481240 -20.901276 2.007969 2.457192
-9.658088 -20.902014 2.014469 2.456859
-9.836093 -20.902758 2.021109 2.456519
-10.015281 -20.903505 2.027893 2.456172
-10.195688 -20.904259 2.034822 2.455817
-10.310728 -20.770824 2.028791 2.456126
-10.424932 -20.637854 2.022862 2.456429
-10.538475 -20.505650 2.017066 2.456726
-10.651372 -20.374197 2.011401 2.457016
-10.763643 -20.243467 2.005865 2.457299
-10.902889 -20.164471 2.005531 2.457317
-11.085933 -20.165234 2.013256 2.456921
-11.270400 -20.166002 2.021139 2.456518
-11.456324 -20.166777 2.029183 2.456106
-11.983048 -20.755249 2.096762 2.452646
-12.269530 -20.912907 2.121291 2.451390
-12.467087 -20.913731 2.130151 2.450936
-12.666310 -20.914560 2.139190 2.450473
-12.867237 -20.915396 2.148412 2.450001
-13.069918 -20.916241 2.157819 2.449520
-13.274391 -20.917091 2.167414 2.449028
-13.480701 -20.917952 2.177202 2.448527
-13.688893 -20.918818 2.187186 2.448016
-13.899010 -20.919693 2.197370 2.447495
-14.054710 -20.836964 2.198933 2.447415
-14.173016 -20.699165 2.194780 2.447627
-14.290880 -20.561878 2.190748 2.447834
-14.408317 -20.425087 2.186838 2.448034
-14.525337 -20.288776 2.183048 2.448228
-14.661717 -20.180122 2.182317 2.448265
-14.878736 -20.181025 2.193595 2.447688
-15.098020 -20.181936 2.205097 2.447099
-15.213901 -20.043570 2.201531 2.447282
-15.082874 -19.585512 2.162732 2.449268
-15.024935 -19.231039 2.135121 2.450682
-15.008147 -18.935562 2.113897 2.451768
-15.007198 -18.665188 2.095359 2.452718
-15.056158 -18.460676 2.084149 2.453292
-15.098276 -18.250677 2.072291 2.453899
-15.140530 -18.043781 2.060750 2.454489
-15.214320 -17.876760 2.053756 2.454848
-15.279333 -17.701275 2.045801 2.455255
-15.336598 -17.518856 2.037043 2.455703
-15.406843 -17.353142 2.030231 2.456052
-15.471362 -17.182688 2.022877 2.456429
-15.551752 -17.031336 2.017792 2.456689
-15.639752 -16.889395 2.013862 2.456890
-15.712976 -16.732620 2.008200 2.457180
-15.767787 -16.557804 2.000382 2.457580
-15.831269 -16.393759 1.993867 2.457914
-15.891509 -16.227869 1.987137 2.458259
-15.977442 -16.089375 1.983788 2.458430
-16.072796 -15.960977 1.981744 2.458535
-16.166723 -15.831621 1.979649 2.458642
-16.248154 -15.690659 1.976158 2.458821
-16.380709 -15.599133 1.978986 2.458676
-16.469648 -15.466028 1.976639 2.458796
-16.554813 -15.329926 1.973967 2.458933
-16.712608 -15.260704 1.980030 2.458622
-16.835169 -15.158454 1.981964 2.458523
-16.958372 -15.056341 1.984045 2.458417
-17.033222 -14.911457 1.980574 2.458595
-17.152550 -14.805684 1.982382 2.458502
-17.213657 -14.649966 1.977576 2.458748
-17.257431 -14.480703 1.970942 2.459088
-17.302265 -14.313674 1.964602 2.459412
-17.364925 -14.162485 1.960442 2.459625
-17.371639 -13.967158 1.950144 2.460152
-17.398350 -13.789759 1.942288 2.460555
-17.414783 -13.605919 1.933471 2.461006
-17.443703 -13.433455 1.926222 2.461377
-17.476543 -13.265417 1.919576 2.461718
-17.528851 -13.113256 1.915219 2.461941
-17.554588 -12.942356 1.908112 2.462305
-17.567619 -12.763621 1.899796 2.462730
-17.577366 -12.584154 1.891303 2.463165
-17.635328 -12.440353 1.888149 2.463327
-17.695751 -12.298869 1.885379 2.463469
-17.721634 -12.134253 1.879065 2.463792
-17.690819 -11.932608 1.866919 2.464414
-17.754751 -11.796224 1.864929 2.464515
-17.714931 -11.592325 1.852201 2.465167
-17.636652 -11.366048 1.835675 2.466013
-17.619677 -11.181784 1.825738 2.466522
-17.584766 -10.988182 1.814128 2.467117
-17.530947 -10.785106 1.800764 2.467801
-17.517017 -10.608682 1.791682 2.468266
-17.477219 -10.418514 1.780128 2.468857
-17.463020 -10.245490 1.771353 2.469306
-17.459215 -10.080083 1.763786 2.469694
-17.522970 -9.954429 1.763163 2.469726
-17.493649 -9.776868 1.753302 2.470231
-17.450512 -9.593501 1.742223 2.470798
-17.378092 -9.396297 1.728402 2.471506
-17.363392 -9.232279 1.720487 2.471911
-17.341198 -9.065755 1.711975 2.472347
-17.304232 -8.893166 1.702154 2.472850
-17.282791 -8.730167 1.694009 2.473267
-17.276981 -8.576365 1.687529 2.473598
-17.255615 -8.416125 1.679663 2.474001
-17.232832 -8.256586 1.671793 2.474404
-17.235811 -8.110556 1.666548 2.474673
-17.255596 -7.973206 1.663039 2.474852
-17.256931 -7.828089 1.657860 2.475117
-17.233694 -7.672935 1.650441 2.475497
-17.214586 -7.520864 1.643542 2.475851
-17.227791 -7.383839 1.639842 2.476040
-17.268658 -7.259076 1.638868 2.476090
-17.290121 -7.126471 1.636143 2.476229
-17.316526 -6.996331 1.633980 2.476340
-17.344610 -6.867213 1.632066 2.476438
-17.367935 -6.736577 1.629796 2.476554
-17.379690 -6.601925 1.626534 2.476722
-17.399635 -6.470864 1.624133 2.476844
-17.427116 -6.342952 1.622525 2.476927
-17.489470 -6.227716 1.624243 2.476839
-17.515621 -6.099584 1.622678 2.476919
-17.541451 -5.971598 1.621169 2.476996
-17.587015 -5.850419 1.621565 2.476976
-17.630692 -5.728559 1.621865 2.476960
-17.657211 -5.601194 1.620668 2.477022
-17.696411 -5.477953 1.620716 2.477019
-17.718596 -5.349560 1.619288 2.477092
-17.736435 -5.220115 1.617549 2.477181
-17.773825 -5.096562 1.617674 2.477175
-17.822632 -4.976165 1.618915 2.477112
-17.846872 -4.848887 1.618002 2.477158
-17.868359 -4.721025 1.616923 2.477213
-17.894674 -4.594569 1.616362 2.477242
-17.902103 -4.463496 1.614179 2.477354
-17.937744 -4.339593 1.614622 2.477331
-17.971548 -4.215188 1.614976 2.477313
-18.001823 -4.089915 1.615092 2.477307
-18.027224 -3.963540 1.614848 2.477320
-18.060558 -3.838890 1.615394 2.477292
-18.080540 -3.711399 1.614825 2.477321
-18.098637 -3.583625 1.614167 2.477355
-18.122211 -3.456997 1.614078 2.477359
-18.152105 -3.331533 1.614629 2.477331
-18.197102 -3.208640 1.616600 2.477230
-18.224239 -3.082396 1.617059 2.477206
-18.252779 -2.956304 1.617721 2.477173
-18.284616 -2.830609 1.618752 2.477120
-18.305178 -2.703071 1.618862 2.477114
-18.366442 -2.581235 1.622647 2.476920
-18.405981 -2.455879 1.624586 2.476821
-18.439156 -2.329406 1.626039 2.476747
-18.478743 -2.203457 1.628134 2.476640
-18.502493 -2.075385 1.628910 2.476600
-18.563957 -1.951150 1.633082 2.476386
-18.613243 -1.825041 1.636257 2.476223
-18.671467 -1.699235 1.640292 2.476017
-18.734180 -1.573154 1.644797 2.475786
-18.790541 -1.445851 1.648819 2.475580
-18.858721 -1.318730 1.653953 2.475317
-18.940037 -1.191603 1.660315 2.474992
-19.038315 -1.064406 1.668238 2.474586
-19.116968 -0.934976 1.674517 2.474265
-19.178970 -0.803835 1.679416 2.474014
-19.267723 -0.672844 1.686735 2.473639
-19.364292 -0.540890 1.694817 2.473225
-19.461235 -0.407654 1.703011 2.472806
-19.539715 -0.272844 1.709670 2.472465
-19.626339 -0.137018 1.717124 2.472083
-19.716843 0.000000 1.725000 2.471680
-19.800348 0.138238 1.732348 2.471304
-19.893845 0.277790 1.740656 2.470878
-19.979906 0.418519 1.748399 2.470482
-20.086878 0.561080 1.758060 2.469987
-20.163488 0.704125 1.765152 2.469624
-20.259193 0.849115 1.774006 2.469171
-20.351406 0.995351 1.782646 2.468729
-20.487049 1.145403 1.795184 2.468086
-20.591049 1.295481 1.805045 2.467582
-20.705435 1.447865 1.815914 2.467025
-20.815918 1.601701 1.826540 2.466481
-20.972242 1.761090 1.841291 2.465726
-21.170067 1.926626 1.859795 2.464778
-23.611311 2.315112 2.075628 2.453728
-23.611977 2.481719 2.077159 2.453649
-23.518373 2.638012 2.070495 2.453990
-23.256977 2.773228 2.049136 2.455084
-23.000904 2.905689 2.028312 2.456150
-22.749962 3.035496 2.008003 2.457190
-22.605696 3.177024 1.997179 2.457744
-22.606327 3.338216 1.999245 2.457639
-22.606958 3.499744 2.001412 2.457528
-22.913319 3.711147 2.030779 2.456024
-23.399794 3.957782 2.076293 2.453694
-23.618584 4.164594 2.098235 2.452570
-23.619240 4.334946 2.100931 2.452432
-23.619896 4.505738 2.103736 2.452289
-23.620552 4.676994 2.106651 2.452139
-23.621206 4.848740 2.109678 2.451984
-23.621862 5.020982 2.112815 2.451824
-23.553661 5.178613 2.109898 2.451973
-23.355896 5.306331 2.095449 2.452713
-23.160810 5.432318 2.081299 2.453437
-22.968325 5.556625 2.067437 2.454147
-22.778381 5.679288 2.053859 2.454842
-22.615747 5.806741 2.042800 2.455409
-22.616375 5.975505 2.046575 2.455215
-22.617001 6.144902 2.050464 2.455016
-22.989620 6.418820 2.088257 2.453081
-23.628410 6.775338 2.150526 2.449893
-22.981581 6.763852 2.095902 2.452690
-22.923716 6.921080 2.094980 2.452737
-22.884586 7.083962 2.095873 2.452691
-22.830315 7.242206 2.095482 2.452711
-22.799953 7.408154 2.097391 2.452614
-22.780880 7.578195 2.100452 2.452457
-22.746943 7.743693 2.102257 2.452364
-22.733932 7.916792 2.106111 2.452167
-22.730909 8.094116 2.111015 2.451916
-22.710157 8.265821 2.114395 2.451743
-22.625200 8.414241 2.111903 2.451870
-22.625837 8.594751 2.117512 2.451583
-22.709772 8.808538 2.131070 2.450889
-22.808880 9.030677 2.146235 2.450113
-22.834944 9.225917 2.154696 2.449680
-22.874161 9.428053 2.164554 2.449175
-22.919050 9.634283 2.175114 2.448634
-22.978210 9.848473 2.187200 2.448015
-23.012499 10.053917 2.197092 2.447509
-23.576370 10.496877 2.257868 2.444397
-23.372555 10.602265 2.245383 2.445036
-23.170977 10.706496 2.233144 2.445663
-22.971575 10.809602 2.221145 2.446277
-22.774286 10.911613 2.209381 2.446880
-22.634251 11.039462 2.203219 2.447195
-22.634911 11.236073 2.210865 2.446804
-23.042776 11.639746 2.258586 2.444360
-22.998672 11.819711 2.262296 2.444170
-22.945612 11.995680 2.265260 2.444019
-22.903332 12.177918 2.269423 2.443805
-22.846979 12.353320 2.272330 2.443657
-22.778215 12.522431 2.274130 2.443564
-22.703903 12.688782 2.275500 2.443494
-22.637617 12.859960 2.277799 2.443377
-22.585056 13.039489 2.281615 2.443181
-22.517372 13.210870 2.284039 2.443057
-22.453646 13.385060 2.286998 2.442906
-22.392984 13.561672 2.290407 2.442731
-22.341133 13.744361 2.294862 2.442503
-22.296579 13.932449 2.300221 2.442229
-22.245167 14.117218 2.305029 2.441983
-22.197872 14.305554 2.310421 2.441706
-22.171221 14.508439 2.318132 2.441312
-22.121975 14.697809 2.323656 2.441029
-22.066740 14.884205 2.328712 2.440770
-22.004978 15.067128 2.333238 2.440538
-21.947170 15.253682 2.338343 2.440277
-21.889097 15.441058 2.343584 2.440009
-21.831881 15.630095 2.349084 2.439727
-21.762993 15.811741 2.353492 2.439501
-21.707941 16.004480 2.359565 2.439190
-21.629705 16.181089 2.363282 2.439000
-21.565763 16.369305 2.368724 2.438721
-21.518473 16.571459 2.376180 2.438339
-21.484392 16.785448 2.385298 2.437873
-21.439785 16.992970 2.393459 2.437455
-21.374367 17.185434 2.399492 2.437146
-21.302597 17.373972 2.404992 2.436864
-21.238934 17.570379 2.411595 2.436526
-21.168161 17.762197 2.417581 2.436220
-21.083305 17.943306 2.422137 2.435987
-20.903694 18.043587 2.415916 2.436305
-20.726524 18.144699 2.410021 2.436607
-20.468117 18.172449 2.394668 2.437393
-20.203148 18.190996 2.378468 2.438222
-19.449455 17.759800 2.304279 2.442021
-19.233135 17.810080 2.293325 2.442582
-19.239035 18.066654 2.309012 2.441778
-19.384024 18.459162 2.341823 2.440099
-19.383995 18.718906 2.357550 2.439293
-19.120602 18.724283 2.341358 2.440122
-18.856562 18.725378 2.324977 2.440961
-18.596178 18.726458 2.308935 2.441782
-18.470516 18.861475 2.309626 2.441747
-18.359526 19.011847 2.312288 2.441611
-18.248268 19.162577 2.315069 2.441468
-18.136742 19.313671 2.317970 2.441320
-18.024927 19.465149 2.320990 2.441165
-17.912809 19.617035 2.324132 2.441005
-17.800386 19.769333 2.327396 2.440837
-17.553324 19.770790 2.313084 2.441570
-17.308905 19.771805 2.299009 2.442291
-17.067430 19.772808 2.285215 2.442997
-16.828817 19.773798 2.271695 2.443689
-16.593008 19.774778 2.258445 2.444367
-16.359915 19.775747 2.245456 2.445033
-15.284137 18.740206 2.115707 2.451676
-15.068234 18.741102 2.103881 2.452281
-14.854714 18.741991 2.092287 2.452875
-14.715511 18.834997 2.091150 2.452933
-14.612419 18.974619 2.095274 2.452722
-14.508917 19.114796 2.099517 2.452505
-14.404989 19.255545 2.103879 2.452281
-14.300618 19.396891 2.108362 2.452052
-14.195799 19.538841 2.112968 2.451816
-14.090510 19.681423 2.117697 2.451574
-13.957299 19.785736 2.118385 2.451539
-13.752039 19.786589 2.108146 2.452063
-13.548737 19.787436 2.098107 2.452577
-13.347359 19.788273 2.088264 2.453081
-13.147844 19.789104 2.078614 2.453575
-12.950164 19.789927 2.069154 2.454059
-12.754265 19.790743 2.059879 2.454534
-12.560097 19.791552 2.050786 2.455000
-12.053797 19.290108 1.990059 2.458109
-11.538632 18.755787 1.926578 2.461359
-11.359359 18.756535 1.918462 2.461775
-11.181581 18.757275 1.910507 2.462182
-11.005256 18.758011 1.902710 2.462581
-10.903298 18.885069 1.907830 2.462319
-10.804325 19.019060 1.913699 2.462018
-10.704740 19.153879 1.919698 2.461711
-10.604521 19.289551 1.925829 2.461397
-10.503651 19.426102 1.932094 2.461077
-10.402121 19.563543 1.938494 2.460749
-10.299906 19.701912 1.945031 2.460414
-10.176580 19.801487 1.947800 2.460273
-10.002818 19.802212 1.940955 2.460623
-9.830258 19.802933 1.934252 2.460966
-9.658884 19.803648 1.927688 2.461302
-9.488655 19.804359 1.921262 2.461631
-9.319554 19.805065 1.914972 2.461953
-9.151550 19.805767 1.908816 2.462269
-8.984608 19.806463 1.902791 2.462577
-8.818714 19.807158 1.896897 2.462879
-8.653831 19.807846 1.891131 2.463174
-8.285622 19.331808 1.840114 2.465786
-7.922259 18.846306 1.788593 2.468424
-7.737113 18.771650 1.776338 2.469052
-7.584496 18.772289 1.771345 2.469307
-7.432723 18.772923 1.766465 2.469557
-7.281781 18.773556 1.761698 2.469801
-7.157948 18.843428 1.763523 2.469707
-7.058071 18.978586 1.771517 2.469298
-6.957282 19.114977 1.779671 2.468881
-6.855552 19.252638 1.787988 2.468455
-6.752865 19.391592 1.796471 2.468021
-6.649194 19.531876 1.805122 2.467578
-6.544509 19.673527 1.813947 2.467126
-6.438794 19.816570 1.822947 2.466665
-6.286556 19.817749 1.818973 2.466868
-6.134813 19.818384 1.815056 2.467069
-5.983715 19.819017 1.811244 2.467264
-5.833237 19.819649 1.807536 2.467454
-5.683372 19.820276 1.803931 2.467638
-5.534091 19.820902 1.800427 2.467818
-5.385388 19.821526 1.797025 2.467992
-5.237238 19.822145 1.793723 2.468161
-5.089619 19.822765 1.790520 2.468325
-4.942524 19.823381 1.787415 2.468484
-4.768420 19.710276 1.774172 2.469162
-4.556640 19.427362 1.745800 2.470615
-4.351533 19.153366 1.718406 2.472018
-4.152755 18.887825 1.691940 2.473373
-3.993371 18.787333 1.680399 2.473963
-3.856605 18.787907 1.678002 2.474086
-3.720213 18.788479 1.675692 2.474205
-3.584199 18.789051 1.673471 2.474318
-3.448538 18.789619 1.671336 2.474427
-3.333800 18.906919 1.679659 2.474001
-3.223177 19.056555 1.690912 2.473425
-3.111047 19.208223 1.702401 2.472837
-2.997386 19.361963 1.714130 2.472236
-2.882142 19.517841 1.726107 2.471623
-2.765270 19.675919 1.738337 2.470997
-2.646293 19.833027 1.750543 2.470372
-2.505562 19.833618 1.749008 2.470451
-2.365082 19.834209 1.747562 2.470525
-2.224827 19.834799 1.746203 2.470594
-2.084783 19.835388 1.744931 2.470659
-1.944937 19.835978 1.743745 2.470720
-1.805262 19.836565 1.742647 2.470777
-1.665768 19.837152 1.741634 2.470828
-1.526428 19.837740 1.740708 2.470876
-1.387231 19.838326 1.739867 2.470919
-1.248160 19.838911 1.739112 2.470957
-1.109193 19.839497 1.738442 2.470992
-0.963803 19.706469 1.726153 2.471621
-0.817769 19.511440 1.708529 2.472523
-0.674681 19.320349 1.691342 2.473403
-0.534437 19.133059 1.674579 2.474262
-0.396928 18.949423 1.658223 2.475099
-0.262553 18.803030 1.645212 2.475765
-0.131274 18.803583 1.645140 2.475769
0.000000 18.804136 1.645149 2.475768
0.131282 18.804691 1.645237 2.475764
0.262594 18.805246 1.645406 2.475755
0.393930 18.805799 1.645655 2.475742
0.530561 18.994310 1.662435 2.474883
0.670077 19.188499 1.679800 2.473994
0.812546 19.386797 1.697614 2.473082
0.958086 19.589367 1.715896 2.472146
1.106792 19.796341 1.734660 2.471185
1.248824 19.849447 1.740035 2.470910
1.388050 19.850035 1.740894 2.470866
1.527420 19.850624 1.741838 2.470818
1.666960 19.851213 1.742869 2.470765
1.806660 19.851805 1.743985 2.470708
1.946547 19.852396 1.745189 2.470646
2.086633 19.852989 1.746479 2.470580
2.226934 19.853582 1.747856 2.470510
2.367474 19.854177 1.749321 2.470435
2.508246 19.854773 1.750874 2.470355
2.649274 19.855370 1.752515 2.470271
2.783941 19.808767 1.750074 2.470396
2.901289 19.647503 1.737574 2.471036
3.016987 19.488510 1.725334 2.471663
3.131064 19.331747 1.713349 2.472276
3.243573 19.177141 1.701612 2.472878
3.354557 19.024635 1.690117 2.473466
3.464057 18.874170 1.678857 2.474042
3.589984 18.819319 1.676167 2.474180
3.726444 18.819897 1.678494 2.474061
3.863292 18.820477 1.680911 2.473937
4.000540 18.821060 1.683416 2.473809
4.138205 18.821644 1.686011 2.473676
4.315841 18.996214 1.704307 2.472739
4.520372 19.272686 1.731900 2.471327
4.731646 19.558270 1.760489 2.469863
4.950022 19.853453 1.790126 2.468345
5.100658 19.865761 1.794403 2.468127
5.248933 19.866390 1.797727 2.467956
5.397755 19.867022 1.801150 2.467781
5.547152 19.867655 1.804674 2.467601
5.697142 19.868292 1.808301 2.467415
5.847743 19.868933 1.812031 2.467224
5.998985 19.869576 1.815865 2.467028
6.150866 19.870220 1.819804 2.466826
6.303413 19.870869 1.823849 2.466619
6.456648 19.871519 1.828001 2.466406
6.590471 19.811693 1.826686 2.466474
6.696358 19.670401 1.817925 2.466922
6.801232 19.530464 1.809336 2.467362
6.905125 19.391836 1.800916 2.467793
7.008061 19.254490 1.792660 2.468216
7.110064 19.118391 1.784567 2.468630
7.211162 18.983500 1.776632 2.469037
7.311364 18.849808 1.768854 2.469435
7.457603 18.835749 1.772377 2.469254
7.610400 18.836399 1.777394 2.468997
7.764071 18.837053 1.782527 2.468735
7.918653 18.837711 1.787778 2.468466
8.203506 19.140202 1.821876 2.466720
8.590873 19.663725 1.877371 2.463878
8.851910 19.881712 1.904037 2.462513
9.019066 19.882425 1.910089 2.462204
9.187309 19.883142 1.916273 2.461887
9.356642 19.883863 1.922592 2.461563
9.527102 19.884590 1.929046 2.461233
9.698720 19.885323 1.935638 2.460895
9.871523 19.886059 1.942371 2.460551
10.045554 19.886801 1.949247 2.460199
10.220818 19.887548 1.956266 2.459839
10.373297 19.842281 1.958889 2.459705
10.476874 19.704134 1.952424 2.460036
10.579776 19.566891 1.946097 2.460360
10.682027 19.430519 1.939903 2.460677
10.783627 19.295017 1.933844 2.460987
10.884600 19.160357 1.927917 2.461291
10.984962 19.026512 1.922119 2.461587
11.084728 18.893465 1.916450 2.461878
11.237978 18.851870 1.920142 2.461689
11.417568 18.852636 1.928292 2.461272
11.598699 18.853411 1.936606 2.460846
11.821309 18.918049 1.951676 2.460074
12.627541 19.897825 2.061798 2.454436
12.823823 19.898663 2.071112 2.453959
13.021881 19.899509 2.080612 2.453473
13.221774 19.900364 2.090302 2.452976
13.423548 19.901228 2.100184 2.452471
13.627249 19.902098 2.110265 2.451954
13.832940 19.902979 2.120547 2.451428
14.040640 19.903866 2.131033 2.450891
14.193164 19.824797 2.133124 2.450784
14.300037 19.682312 2.128483 2.451022
14.406453 19.540442 2.123966 2.451253
14.512432 19.399155 2.119570 2.451478
14.617972 19.258459 2.115297 2.451697
14.723094 19.118322 2.111143 2.451910
14.827810 18.978731 2.107108 2.452116
14.954403 18.867765 2.106328 2.452156
15.170828 18.868692 2.118204 2.451548
15.389701 18.869629 2.130319 2.450928
16.474535 19.914286 2.261187 2.444227
16.710920 19.915298 2.274493 2.443546
16.950117 19.916325 2.288069 2.442851
17.192217 19.917360 2.301922 2.442142
17.437260 19.918411 2.316057 2.441418
17.685341 19.919476 2.330480 2.440679
17.932343 19.915882 2.344649 2.439954
18.046623 19.763578 2.341494 2.440115
18.160612 19.611666 2.338461 2.440271
18.274305 19.460150 2.335550 2.440420
18.387724 19.309008 2.332760 2.440563
18.500877 19.158218 2.330091 2.440699
18.613779 19.007769 2.327541 2.440830
18.752682 18.884047 2.328366 2.440788
19.017498 18.885183 2.344819 2.439945
19.286097 18.886337 2.361622 2.439085
20.640347 19.932150 2.510352 2.431470
20.932131 19.933403 2.528853 2.430523
21.228287 19.934675 2.547755 2.429555
21.528894 19.935965 2.567067 2.428566
21.769001 19.877825 2.579087 2.427951
21.893034 19.712576 2.577415 2.428036
22.016912 19.547535 2.575870 2.428115
22.140661 19.382671 2.574452 2.428188
22.264273 19.217995 2.573162 2.428254
22.387766 19.053478 2.571999 2.428313
22.524433 18.900242 2.572478 2.428289
22.848145 18.901632 2.594315 2.427171
24.459360 19.948555 2.761380 2.418617
24.812899 19.950073 2.785501 2.417382
25.172686 19.951620 2.810186 2.416118
25.527599 19.944345 2.834194 2.414889
25.663391 19.763475 2.833883 2.414905
25.799173 19.582624 2.833710 2.414914
25.934937 19.401802 2.833675 2.414916
26.070704 19.220976 2.833779 2.414911
23.224716 16.873743 2.511566 2.431408
22.826977 16.342512 2.456155 2.434245
22.652094 15.979283 2.425275 2.435826
22.565193 15.683210 2.404190 2.436905
22.505955 15.410146 2.386358 2.437819
22.451962 15.144039 2.369364 2.438689
22.353106 14.851370 2.347933 2.439786
22.336596 14.616648 2.335423 2.440426
22.249033 14.338515 2.315745 2.441434
21.906424 13.902235 2.269928 2.443780
20.970041 13.103536 2.163369 2.449235
20.495436 12.608878 2.105274 2.452210
20.172543 12.216917 2.063295 2.454359
19.947285 11.890962 2.031714 2.455976
19.797325 11.615019 2.008132 2.457184
19.645311 11.342226 1.984632 2.458387
19.545221 11.103233 1.966642 2.459308
19.502321 10.899470 1.954621 2.459923
19.491558 10.715569 1.945997 2.460365
19.467718 10.526153 1.936233 2.460865
19.417187 10.324301 1.923992 2.461492
19.390631 10.137179 1.914301 2.461988
19.361408 9.950404 1.904511 2.462489
19.330034 9.764297 1.894673 2.462993
19.312040 9.586577 1.886304 2.463421
19.295631 9.411108 1.878238 2.463834
19.295284 9.244754 1.871876 2.464160
19.280651 9.072778 1.864266 2.464550
19.264166 8.901289 1.856618 2.464941
19.248049 8.731299 1.849145 2.465324
19.232294 8.562769 1.841843 2.465698
19.216896 8.395658 1.834711 2.466063
19.201847 8.229915 1.827744 2.466419
19.187143 8.065527 1.820940 2.466768
19.172777 7.902446 1.814296 2.467108
19.158743 7.740634 1.807811 2.467440
19.140690 7.578337 1.801071 2.467785
19.111666 7.412920 1.793426 2.468177
19.098612 7.254877 1.787405 2.468485
19.073078 7.093212 1.780337 2.468847
19.053490 6.934903 1.773946 2.469174
19.037149 6.778826 1.767976 2.469480
19.009468 6.619790 1.761070 2.469833
18.982128 6.462039 1.754315 2.470179
18.966782 6.309406 1.748783 2.470462
18.955862 6.159132 1.743769 2.470719
18.944101 6.009425 1.738786 2.470974
18.918507 5.856249 1.732641 2.471289
18.904858 5.707708 1.727700 2.471542
18.895035 5.561109 1.723212 2.471771
18.885477 5.415323 1.718851 2.471995
18.876184 5.270327 1.714614 2.472212
18.867149 5.126084 1.710501 2.472422
18.858372 4.982592 1.706510 2.472627
18.849848 4.839816 1.702639 2.472825
18.841574 4.697732 1.698888 2.473017
18.833549 4.556317 1.695255 2.473203
18.825769 4.415537 1.691739 2.473383
18.818232 4.275393 1.688338 2.473557
18.810934 4.135850 1.685052 2.473725
18.803877 3.996887 1.681879 2.473888
18.797052 3.858483 1.678819 2.474045
18.801542 3.722799 1.676857 2.474145
18.804020 3.587054 1.674804 2.474250
18.797894 3.450057 1.672072 2.474390
18.803707 3.315601 1.670490 2.474471
18.806021 3.180802 1.668682 2.474563
18.800558 3.045020 1.666270 2.474687
18.807621 2.911569 1.665054 2.474749
18.814159 2.778231 1.663875 2.474809
18.822495 2.645329 1.662939 2.474858
18.820446 2.511185 1.661168 2.474948
18.823120 2.377907 1.659898 2.475013
18.832922 2.245686 1.659340 2.475042
18.842798 2.113556 1.658870 2.475066
18.852993 1.981529 1.658509 2.475084
18.863470 1.849581 1.658254 2.475097
18.874174 1.717678 1.658100 2.475105
18.888767 1.586130 1.658369 2.475091
18.906176 1.454749 1.658965 2.475061
18.916510 1.322771 1.659021 2.475058
18.927050 1.190791 1.659176 2.475050
18.937674 1.058774 1.659419 2.475038
18.957644 0.927179 1.660561 2.474979
18.979324 0.795467 1.661933 2.474909
18.990715 0.663170 1.662485 2.474881
19.002319 0.530785 1.663136 2.474847
19.013117 0.398262 1.663797 2.474814
19.024136 0.265640 1.664558 2.474775
19.046974 0.132973 1.666435 2.474679
17.597883 -0.000000 0.922266 2.512780
17.630951 -0.123089 0.924022 2.512690
17.669447 -0.246728 0.926107 2.512583
17.714207 -0.371060 0.928566 2.512457
17.759438 -0.496066 0.931096 2.512328
17.809488 -0.621921 0.933925 2.512183
17.872995 -0.749101 0.937506 2.512000
17.932005 -0.877022 0.940900 2.511826
18.003548 -1.006555 0.944999 2.511616
18.077271 -1.137326 0.949263 2.511398
18.151260 -1.269260 0.953590 2.511176
18.232733 -1.402933 0.958362 2.510932
18.286350 -1.535548 0.961720 2.510760
18.334236 -1.668547 0.964827 2.510601
18.476036 -1.811592 0.972932 2.510186
18.533522 -1.947952 0.976651 2.509995
18.603565 -2.086725 0.981086 2.509768
18.719553 -2.232172 0.988000 2.509414
18.805910 -2.375739 0.993409 2.509137
18.912039 -2.523405 0.999922 2.508804
19.047009 -2.676883 1.008021 2.508389
19.166279 -2.830230 1.015355 2.508014
19.295912 -2.987165 1.023302 2.507607
19.400913 -3.142262 1.030009 2.507263
19.644028 -3.322539 1.044122 2.506541
19.859619 -3.501787 1.056855 2.505889
20.020205 -3.674396 1.066739 2.505383
20.069401 -3.828443 1.070759 2.505177
20.098639 -3.979638 1.073775 2.505023
20.102936 -4.126541 1.075517 2.504934
20.156057 -4.284303 1.079933 2.504707
20.156307 -4.431652 1.081578 2.504623
20.277962 -4.607040 1.089805 2.504202
20.300573 -4.761456 1.092780 2.504050
20.262281 -4.901962 1.092535 2.504062
20.262133 -5.051918 1.094402 2.503967
20.232578 -5.194844 1.094738 2.503949
20.152769 -5.324592 1.092404 2.504069
20.095190 -5.459743 1.091323 2.504124
20.082664 -5.607181 1.092742 2.504051
20.067934 -5.754388 1.094099 2.503982
20.046316 -5.899952 1.095140 2.503929
19.996119 -6.037185 1.094673 2.503953
19.912775 -6.164034 1.092440 2.504067
19.873489 -6.304243 1.092673 2.504055
19.820803 -6.440169 1.092221 2.504078
19.723587 -6.561164 1.089362 2.504225
19.660984 -6.693145 1.088459 2.504271
19.606291 -6.827633 1.088043 2.504292
19.555521 -6.963408 1.087897 2.504300
19.530228 -7.108422 1.089224 2.504232
19.513409 -7.256971 1.091085 2.504137
19.486048 -7.402056 1.092418 2.504068
19.478680 -7.555283 1.094935 2.503939
19.447922 -7.699977 1.096202 2.503874
19.428467 -7.849611 1.098167 2.503774
19.423096 -8.005623 1.100996 2.503629
19.401108 -8.155476 1.102950 2.503529
19.420881 -8.323801 1.107351 2.503304
19.413105 -8.481378 1.110257 2.503155
19.388563 -8.632344 1.112273 2.503052
19.388401 -8.794969 1.115758 2.502873
19.382746 -8.956087 1.119004 2.502707
19.407421 -9.132440 1.124082 2.502447
19.443314 -9.315675 1.129900 2.502149
19.458689 -9.490638 1.134617 2.501908
19.469122 -9.664557 1.139131 2.501677
19.508492 -9.854449 1.145432 2.501354
19.560020 -10.052485 1.152550 2.500989
19.609653 -10.251679 1.159664 2.500625
19.688406 -10.468512 1.168615 2.500167
19.752827 -10.680314 1.176836 2.499746
19.855055 -10.915410 1.187437 2.499203
19.972706 -11.162369 1.199105 2.498606
20.036528 -11.382333 1.207678 2.498167
20.031338 -11.565098 1.212202 2.497935
20.094345 -11.789282 1.220966 2.497486
20.084511 -11.972773 1.225418 2.497258
20.067839 -12.153516 1.229547 2.497047
20.024233 -12.318991 1.232115 2.496916
19.973455 -12.480801 1.234322 2.496803
19.917416 -12.639978 1.236282 2.496702
19.863548 -12.801183 1.238456 2.496591
19.811293 -12.964147 1.240810 2.496470
19.733700 -13.111041 1.241653 2.496427
19.656672 -13.258593 1.242600 2.496379
19.586475 -13.411141 1.244052 2.496305
19.512815 -13.561760 1.245356 2.496238
19.440439 -13.713722 1.246817 2.496163
19.365986 -13.864686 1.248220 2.496091
19.283304 -14.010141 1.249164 2.496043
19.191380 -14.149106 1.249578 2.496022
19.097761 -14.286950 1.249946 2.496003
18.996008 -14.418756 1.249845 2.496008
18.885612 -14.543881 1.249231 2.496039
18.776770 -14.670021 1.248776 2.496063
18.668907 -14.796795 1.248442 2.496080
18.555567 -14.919059 1.247798 2.496113
18.446426 -15.044539 1.247491 2.496129
18.341993 -15.173818 1.247562 2.496125
18.225300 -15.292843 1.246856 2.496161
18.111044 -15.413708 1.246372 2.496186
17.992022 -15.530296 1.245612 2.496225
17.871916 -15.645679 1.244828 2.496265
17.750240 -15.759403 1.243986 2.496308
17.622293 -15.867186 1.242753 2.496371
17.482956 -15.964134 1.240756 2.496473
17.351900 -16.068035 1.239386 2.496543
17.222797 -16.173283 1.238199 2.496604
17.099249 -16.283398 1.237460 2.496642
16.975210 -16.392771 1.236735 2.496679
16.855202 -16.505835 1.236358 2.496698
16.729769 -16.613379 1.235634 2.496736
16.604254 -16.720581 1.234956 2.496770
16.481554 -16.830410 1.234539 2.496792
16.347645 -16.928482 1.233331 2.496853
16.217138 -17.029675 1.232425 2.496900
16.089499 -17.133577 1.231785 2.496933
15.958341 -17.233442 1.230925 2.496977
15.826950 -17.332724 1.230094 2.497019
15.696877 -17.433149 1.229414 2.497054
15.569054 -17.535849 1.228961 2.497077
15.435093 -17.631365 1.228073 2.497123
15.288383 -17.711761 1.226209 2.497218
15.148463 -17.799385 1.224924 2.497284
15.003579 -17.880569 1.223272 2.497368
14.855900 -17.957701 1.221424 2.497463
14.711773 -18.038416 1.219898 2.497541
14.560438 -18.109533 1.217803 2.497648
14.411451 -18.182728 1.215930 2.497744
14.263437 -18.256367 1.214166 2.497835
14.104082 -18.314526 1.211455 2.497973
13.949847 -18.378244 1.209199 2.498089
13.790936 -18.434725 1.206551 2.498224
13.625607 -18.481325 1.203345 2.498389
13.459491 -18.525400 1.200068 2.498556
13.303794 -18.582544 1.197724 2.498677
13.144013 -18.632826 1.195021 2.498815
12.981038 -18.677267 1.192029 2.498968
12.820283 -18.723553 1.189242 2.499111
12.661483 -18.771421 1.186639 2.499244
12.508303 -18.826509 1.184572 2.499350
12.349698 -18.872316 1.182001 2.499482
12.198317 -18.928083 1.180131 2.499577
12.048348 -18.985161 1.178417 2.499665
11.896419 -19.038250 1.176528 2.499762
11.755765 -19.108725 1.175783 2.499800
11.616971 -19.181898 1.175266 2.499826
11.482603 -19.262247 1.175249 2.499827
11.357462 -19.358328 1.176244 2.499776
11.236639 -19.462431 1.177775 2.499698
11.123613 -19.581102 1.180228 2.499572
11.019955 -19.717888 1.183806 2.499389
10.923948 -19.870588 1.188366 2.499156
10.835640 -20.040098 1.193951 2.498870
10.751451 -20.220537 1.200200 2.498550
10.677316 -20.423824 1.207812 2.498160
10.611325 -20.647406 1.216623 2.497709
10.515839 -20.817823 1.222309 2.497418
10.334438 -20.818594 1.218089 2.497634
10.154280 -20.819359 1.213956 2.497845
9.975328 -20.820120 1.209910 2.498052
9.797558 -20.820873 1.205950 2.498255
9.620938 -20.821623 1.202073 2.498454
9.445445 -20.822369 1.198280 2.498648
9.271045 -20.823109 1.194569 2.498838
9.097713 -20.823843 1.190938 2.499024
8.925423 -20.824575 1.187387 2.499206
8.743672 -20.800381 1.182498 2.499456
8.416257 -20.419369 1.157470 2.500737
8.114967 -20.085249 1.135291 2.501873
7.952585 -20.085938 1.132164 2.502033
7.791086 -20.086624 1.129109 2.502190
7.630449 -20.087305 1.126125 2.502342
7.470986 -20.088875 1.123262 2.502489
7.359784 -20.220840 1.127741 2.502260
7.247686 -20.353870 1.132310 2.502026
7.134671 -20.487989 1.136973 2.501787
7.020717 -20.623226 1.141729 2.501543
6.905801 -20.759602 1.146582 2.501295
6.769285 -20.833717 1.148038 2.501220
6.609059 -20.834396 1.145505 2.501350
6.449531 -20.835072 1.143038 2.501476
6.290680 -20.835745 1.140638 2.501599
6.132491 -20.836414 1.138303 2.501719
5.974937 -20.837082 1.136033 2.501835
5.818003 -20.837746 1.133827 2.501948
5.661669 -20.838409 1.131685 2.502058
5.505917 -20.839067 1.129606 2.502164
5.350732 -20.839725 1.127589 2.502267
5.196090 -20.840380 1.125634 2.502367
5.041975 -20.841032 1.123741 2.502464
4.856515 -20.705864 1.114597 2.502933
4.649523 -20.464958 1.099855 2.503687
4.447927 -20.230333 1.085550 2.504420
4.272711 -20.101526 1.077012 2.504857
4.126377 -20.102144 1.075475 2.504936
3.980453 -20.102762 1.073995 2.505012
3.834923 -20.103378 1.072572 2.505084
3.689773 -20.103992 1.071204 2.505154
3.564336 -20.214354 1.075732 2.504922
3.443895 -20.361532 1.082259 2.504588
3.321978 -20.510517 1.088918 2.504247
3.198545 -20.661356 1.095714 2.503899
3.073558 -20.814095 1.102649 2.503544
2.930271 -20.849964 1.103439 2.503504
2.782062 -20.850592 1.102417 2.503556
2.634120 -20.851217 1.101451 2.503606
2.486429 -20.851841 1.100540 2.503652
2.338979 -20.852465 1.099685 2.503696
2.191747 -20.853086 1.098884 2.503737
2.044723 -20.853706 1.098137 2.503775
1.897891 -20.854328 1.097446 2.503811
1.751237 -20.854946 1.096808 2.503843
1.604749 -20.855566 1.096225 2.503873
1.458406 -20.856184 1.095695 2.503900
1.312198 -20.856800 1.095220 2.503925
1.166109 -20.857418 1.094798 2.503946
1.011175 -20.675007 1.084826 2.504457
0.858892 -20.492546 1.074912 2.504964
0.709359 -20.313375 1.065228 2.505460
0.562488 -20.137396 1.055768 2.505945
0.421407 -20.117800 1.054561 2.506006
0.280922 -20.118393 1.054463 2.506011
0.140460 -20.118984 1.054417 2.506014
-0.000000 -20.119577 1.054422 2.506014
-0.140500 -20.124716 1.054717 2.505998
-0.283382 -20.294352 1.063686 2.505539
-0.428723 -20.466908 1.072860 2.505069
-0.576596 -20.642473 1.082248 2.504589
-0.727091 -20.821152 1.091856 2.504097
-0.874546 -20.866028 1.094502 2.503962
-1.020550 -20.866642 1.094882 2.503942
-1.166663 -20.867258 1.095315 2.503920
-1.312895 -20.867874 1.095801 2.503895
-1.459267 -20.868492 1.096342 2.503867
-1.605791 -20.869108 1.096937 2.503837
-1.752481 -20.869728 1.097585 2.503804
-1.899352 -20.870346 1.098289 2.503767
-2.046416 -20.870966 1.099046 2.503729
-2.193692 -20.871586 1.099859 2.503687
-2.341194 -20.872208 1.100726 2.503643
-2.488936 -20.872829 1.101648 2.503596
-2.636614 -20.870934 1.102493 2.503552
-2.764855 -20.721624 1.095599 2.503905
-2.891510 -20.574160 1.088843 2.504251
-3.016618 -20.428493 1.082222 2.504590
-3.140221 -20.284582 1.075733 2.504922
-3.262355 -20.142376 1.069373 2.505248
-3.405399 -20.133926 1.070161 2.505208
-3.550262 -20.134537 1.071485 2.505140
-3.695492 -20.135147 1.072864 2.505069
-3.841103 -20.135759 1.074299 2.504996
-4.005512 -20.229303 1.080756 2.504665
-4.199849 -20.460070 1.094624 2.503955
-4.399252 -20.696854 1.108908 2.503224
-4.591135 -20.881676 1.120501 2.502630
-4.744348 -20.882320 1.122286 2.502539
-4.898057 -20.882967 1.124131 2.502445
-5.052278 -20.883615 1.126037 2.502347
-5.207033 -20.884266 1.128005 2.502246
-5.362337 -20.884918 1.130034 2.502142
-5.518208 -20.885574 1.132127 2.502035
-5.674665 -20.886230 1.134282 2.501925
-5.831725 -20.886890 1.136501 2.501811
-5.989410 -20.887554 1.138785 2.501694
-6.147738 -20.888220 1.141133 2.501574
-6.306728 -20.888887 1.143547 2.501450
-6.455223 -20.853449 1.144047 2.501425
-6.571972 -20.717484 1.139077 2.501679
-6.687720 -20.582684 1.134205 2.501929
-6.802486 -20.449026 1.129429 2.502173
-6.916296 -20.316483 1.124748 2.502413
-7.029171 -20.185024 1.120160 2.502648
-7.175010 -20.149771 1.120956 2.502607
-7.334160 -20.150438 1.123814 2.502461
-7.494132 -20.151110 1.126742 2.502311
-7.654947 -20.151785 1.129740 2.502157
-7.901689 -20.371765 1.145138 2.501369
-8.211361 -20.739532 1.169004 2.500147
-8.443282 -20.897858 1.181222 2.499521
-8.613770 -20.898573 1.184633 2.499347
-8.785254 -20.899292 1.188122 2.499168
-8.957760 -20.900015 1.191689 2.498986
-9.131310 -20.900743 1.195336 2.498799
-9.305937 -20.901476 1.199064 2.498608
-9.481665 -20.902212 1.202875 2.498413
-9.658523 -20.902954 1.206769 2.498214
-9.836537 -20.903700 1.210747 2.498010
-10.015735 -20.904451 1.214811 2.497802
-10.196152 -20.905209 1.218962 2.497589
-10.317435 -20.784336 1.216084 2.497736
-10.431694 -20.651239 1.212528 2.497919
-10.545291 -20.518913 1.209052 2.498096
-10.658241 -20.387337 1.205654 2.498271
-10.770566 -20.256489 1.202334 2.498440
-10.903396 -20.165407 1.201416 2.498487
-11.086450 -20.166174 1.206044 2.498250
-11.270927 -20.166946 1.210767 2.498009
-11.456862 -20.167725 1.215586 2.497762
-11.945679 -20.690521 1.252093 2.495893
-12.179940 -20.760204 1.261425 2.495415
-12.306185 -20.643814 1.259542 2.495511
-12.421531 -20.510382 1.256662 2.495659
-12.526325 -20.361252 1.252852 2.495854
-12.641497 -20.230623 1.250215 2.495989
-12.741983 -20.078152 1.246259 2.496192
-12.853668 -19.944986 1.243533 2.496331
-12.949357 -19.788689 1.239395 2.496543
-13.050547 -19.642653 1.235924 2.496721
-13.129144 -19.464754 1.230469 2.497000
-13.208666 -19.290768 1.225269 2.497266
-13.277469 -19.103771 1.219250 2.497574
-13.328136 -18.893835 1.211761 2.497958
-13.386340 -18.697844 1.205155 2.498296
-13.439870 -18.498394 1.198318 2.498646
-13.486885 -18.293163 1.191094 2.499016
-13.533550 -18.090668 1.184032 2.499377
-13.589581 -17.903608 1.177970 2.499688
-13.628805 -17.697365 1.170632 2.500064
-13.678955 -17.508263 1.164412 2.500382
-13.720940 -17.311510 1.157669 2.500727
-13.792434 -17.154325 1.153569 2.500937
-13.845023 -16.975677 1.148027 2.501221
-13.904913 -16.808149 1.143235 2.501466
-13.965627 -16.643585 1.138646 2.501701
-14.021801 -16.475555 1.133820 2.501948
-14.099057 -16.333912 1.130819 2.502102
-14.152358 -16.166111 1.126014 2.502348
-14.239136 -16.037920 1.123982 2.502452
-14.318858 -15.902703 1.121484 2.502580
-14.417494 -15.789165 1.120549 2.502628
-14.513737 -15.673409 1.119497 2.502681
-14.601713 -15.549246 1.117883 2.502764
-14.707764 -15.444670 1.117719 2.502773
-14.816648 -15.343087 1.117827 2.502767
-14.923261 -15.239126 1.117816 2.502768
-15.039841 -15.145205 1.118601 2.502728
-15.137919 -15.032605 1.118063 2.502755
-15.233296 -14.917542 1.117388 2.502789
-15.336324 -14.810116 1.117334 2.502793
-15.441768 -14.704991 1.117509 2.502784
-15.550124 -14.602536 1.117946 2.502761
-15.660594 -14.501870 1.118582 2.502728
-15.760269 -14.391100 1.118498 2.502733
-15.849743 -14.271173 1.117750 2.502771
-15.952315 -14.163124 1.117983 2.502759
-16.035084 -14.037653 1.116888 2.502815
-16.126684 -13.920182 1.116472 2.502837
-16.197287 -13.784967 1.114670 2.502929
-16.272572 -13.654309 1.113264 2.503001
-16.357624 -13.532199 1.112592 2.503035
-16.425928 -13.396658 1.110849 2.503124
-16.494287 -13.261748 1.109184 2.503210
-16.558950 -13.124459 1.107343 2.503304
-16.605877 -12.973932 1.104398 2.503455
-16.642689 -12.816591 1.100868 2.503635
-16.689693 -12.668165 1.098100 2.503777
-16.713903 -12.503598 1.093923 2.503991
-16.742504 -12.343636 1.090128 2.504185
-16.753941 -12.172450 1.085313 2.504432
-16.751354 -11.992787 1.079695 2.504719
-16.750484 -11.816166 1.074296 2.504996
-16.716024 -11.617941 1.066858 2.505377
-16.676626 -11.418721 1.059230 2.505767
-16.640743 -11.224323 1.051948 2.506140
-16.596998 -11.027016 1.044291 2.506532
-16.584000 -10.852263 1.038680 2.506819
-16.562992 -10.674122 1.032672 2.507127
-16.526247 -10.487872 1.025791 2.507479
-16.501297 -10.311154 1.019749 2.507789
-16.472631 -10.134027 1.013581 2.508105
-16.450100 -9.962533 1.007890 2.508396
-16.411858 -9.783432 1.001338 2.508731
-16.385845 -9.613516 0.995631 2.509024
-16.358803 -9.444759 0.989958 2.509314
-16.338638 -9.281634 0.984792 2.509579
-16.333237 -9.128336 0.980601 2.509793
-16.338263 -8.982038 0.977115 2.509972
-16.331512 -8.830414 0.973000 2.510182
-16.320784 -8.677915 0.968728 2.510401
-16.308365 -8.525804 0.964434 2.510621
-16.331709 -8.393356 0.962326 2.510729
-16.335157 -8.251482 0.959111 2.510894
-16.336376 -8.109446 0.955836 2.511061
-16.349966 -7.974411 0.953350 2.511189
-16.357462 -7.837179 0.950574 2.511331
-16.379784 -7.707740 0.948721 2.511425
-16.420786 -7.587470 0.948004 2.511462
-16.431297 -7.453565 0.945584 2.511586
-16.438118 -7.318721 0.943013 2.511718
-16.460648 -7.191476 0.941402 2.511800
-16.480665 -7.063621 0.939704 2.511887
-16.513140 -6.941486 0.938770 2.511935
-16.544386 -6.819101 0.937816 2.511984
-16.574875 -6.696684 0.936872 2.512032
-16.606417 -6.574942 0.936037 2.512075
-16.665407 -6.464085 0.936796 2.512036
-16.701010 -6.344119 0.936285 2.512062
-16.735279 -6.223792 0.935747 2.512090
-16.778265 -6.106789 0.935744 2.512090
-16.819048 -5.988990 0.935664 2.512094
-16.869286 -5.874506 0.936154 2.512069
-16.918764 -5.759618 0.936646 2.512044
-16.953674 -5.639734 0.936376 2.512058
-16.990936 -5.520689 0.936282 2.512062
-17.043438 -5.406494 0.937072 2.512022
-17.086027 -5.289008 0.937361 2.512007
-17.128210 -5.171312 0.937672 2.511991
-17.178383 -5.055871 0.938463 2.511950
-17.228216 -4.940111 0.939279 2.511909
-17.273127 -4.822741 0.939869 2.511879
-17.329273 -4.708258 0.941112 2.511815
-17.359921 -4.586689 0.941015 2.511820
-17.400267 -4.467627 0.941488 2.511796
-17.443758 -4.349217 0.942175 2.511760
-17.472202 -4.226967 0.942095 2.511765
-17.524982 -4.110446 0.943370 2.511699
-17.563284 -3.990281 0.943910 2.511672
-17.595043 -3.868519 0.944142 2.511660
-17.628248 -3.747000 0.944497 2.511642
-17.673195 -3.627783 0.945525 2.511589
-17.700830 -3.504858 0.945671 2.511582
-17.731428 -3.382452 0.946021 2.511564
-17.771086 -3.261602 0.946899 2.511519
-17.809862 -3.140359 0.947774 2.511474
-17.845234 -3.018292 0.948512 2.511436
-17.869574 -2.894238 0.948709 2.511426
-17.900776 -2.771187 0.949315 2.511395
-17.940022 -2.649150 0.950392 2.511340
-17.970585 -2.525601 0.951054 2.511306
-18.006334 -2.402555 0.952035 2.511256
-18.037439 -2.278657 0.952815 2.511216
-18.069962 -2.154713 0.953716 2.511170
-18.112007 -2.031585 0.955163 2.511096
-18.160589 -1.908755 0.956999 2.511002
-18.210194 -1.785522 0.958932 2.510903
-18.255293 -1.661361 0.960673 2.510813
-18.305746 -1.537177 0.962740 2.510708
-18.359098 -1.412653 0.965004 2.510592
-18.410875 -1.287413 0.967229 2.510478
-18.473194 -1.162232 0.970053 2.510333
-18.543312 -1.036731 0.973332 2.510165
-18.606964 -0.910033 0.976315 2.510013
-18.657799 -0.781991 0.978672 2.509892
-18.729145 -0.654036 0.982151 2.509714
-18.814646 -0.525537 0.986418 2.509495
-18.878519 -0.395447 0.989598 2.509333
-18.951015 -0.264624 0.993277 2.509144
-19.027325 -0.132836 0.997204 2.508943
-19.108377 0.000000 1.001428 2.508727
-19.183397 0.133931 1.005384 2.508524
-19.262554 0.268975 1.009606 2.508308
-19.340809 0.405131 1.013831 2.508092
-19.415468 0.542325 1.017918 2.507883
-19.492006 0.680676 1.022155 2.507666
-19.564993 0.820020 1.026258 2.507456
-19.645950 0.960849 1.030831 2.507221
-19.720634 1.102554 1.035129 2.507001
-19.795635 1.245438 1.039497 2.506778
-19.876925 1.389930 1.044249 2.506534
-19.951878 1.535217 1.048724 2.506305
-20.019506 1.681086 1.052870 2.506093
-20.092140 1.828527 1.057336 2.505864
-20.179871 1.978656 1.062654 2.505592
-20.260950 2.129512 1.067680 2.505335
-20.343924 2.281940 1.072866 2.505069
-20.443865 2.437785 1.079008 2.504755
-20.558409 2.597130 1.085984 2.504398
-20.656525 2.756171 1.092157 2.504081
-20.759212 2.917517 1.098636 2.503750
-20.863060 3.080792 1.105243 2.503412
-20.981079 3.248044 1.112670 2.503031
-21.091652 3.416101 1.119771 2.502668
-21.218100 3.588776 1.127787 2.502257
-21.361374 3.766587 1.136772 2.501797
-21.484974 3.943234 1.144787 2.501387
-21.609303 4.122196 1.152917 2.500971
-21.705196 4.297744 1.159606 2.500628
-21.771999 4.469152 1.164813 2.500361
-21.814941 4.636909 1.168814 2.500157
-21.827446 4.799079 1.171251 2.500032
-21.867132 4.968092 1.175213 2.499829
-21.877790 5.131389 1.177682 2.499703
-21.882154 5.293853 1.179878 2.499590
-21.888668 5.457458 1.182254 2.499469
-21.920408 5.628208 1.186062 2.499274
-21.890783 5.783796 1.186615 2.499245
-21.877861 5.944082 1.188135 2.499167
-21.884464 6.110255 1.190781 2.499032
-21.879694 6.273902 1.192876 2.498925
-21.850698 6.431014 1.193714 2.498882
-21.847559 6.596169 1.196029 2.498763
-21.845123 6.762194 1.198451 2.498639
-21.838657 6.927633 1.200721 2.498523
-21.835651 7.094834 1.203249 2.498394
-21.841944 7.265852 1.206362 2.498234
-21.858526 7.441251 1.210117 2.498042
-21.856361 7.611189 1.212910 2.497899
-21.847771 7.779644 1.215418 2.497771
-21.860813 7.956686 1.219204 2.497577
-21.873064 8.134524 1.223024 2.497381
-21.883844 8.312895 1.226842 2.497186
-21.902662 8.495481 1.231192 2.496963
-21.934052 8.684308 1.236335 2.496700
-21.968204 8.875731 1.241722 2.496424
-22.009285 9.071577 1.247594 2.496123
-22.070986 9.277789 1.254732 2.495758
-22.105997 9.474641 1.260452 2.495465
-22.165937 9.684063 1.267694 2.495094
-22.215515 9.890985 1.274448 2.494748
-22.248814 10.092514 1.280369 2.494445
-22.286419 10.297773 1.286639 2.494124
-22.322996 10.504404 1.292953 2.493801
-22.354895 10.710674 1.299100 2.493486
-22.345396 10.898578 1.302938 2.493289
-22.321608 11.080547 1.306030 2.493131
-22.298546 11.263808 1.309249 2.492966
-22.255556 11.437801 1.311382 2.492857
-22.223362 11.618096 1.314232 2.492711
-22.159046 11.782174 1.315261 2.492659
-22.105747 11.952538 1.317018 2.492569
-22.062794 12.129126 1.319472 2.492443
-22.018431 12.305684 1.321924 2.492317
-21.963804 12.477180 1.323842 2.492219
-21.913195 12.651589 1.326083 2.492105
-21.872049 12.832260 1.328983 2.491956
-21.839369 13.018879 1.332487 2.491777
-21.789583 13.196239 1.335038 2.491646
-21.760189 13.386962 1.338931 2.491447
-21.703243 13.561691 1.341220 2.491329
-21.652494 13.741096 1.343979 2.491188
-21.622375 13.934672 1.348115 2.490977
-21.602137 14.136041 1.352973 2.490728
-21.559677 14.324220 1.356545 2.490545
-21.533037 14.524217 1.361215 2.490306
-21.490341 14.714748 1.364977 2.490113
-21.425755 14.891290 1.367445 2.489987
-21.349054 15.060101 1.369227 2.489895
-21.287737 15.240526 1.372085 2.489749
-21.206692 15.407563 1.373760 2.489663
-21.111362 15.564645 1.374591 2.489621
-20.995371 15.706546 1.374145 2.489644
-20.870846 15.841833 1.373200 2.489692
-20.738214 15.970579 1.371776 2.489765
-20.578506 16.077692 1.368603 2.489928
-20.353069 16.131649 1.361067 2.490313
-20.055653 16.125162 1.348673 2.490948
-19.738367 16.098219 1.334862 2.491655
-19.397982 16.047409 1.319387 2.492447
-18.912893 15.869802 1.293897 2.493752
-18.074299 15.382440 1.243843 2.496315
-17.603270 15.194737 1.218698 2.497603
-17.457563 15.282940 1.215968 2.497742
-17.409901 15.457237 1.220135 2.497529
-17.403236 15.669945 1.227304 2.497162
-17.423937 15.910247 1.236568 2.496688
-17.433996 16.144060 1.245250 2.496243
-17.447559 16.384348 1.254358 2.495777
-17.463995 16.630741 1.263857 2.495291
-17.495226 16.894943 1.274621 2.494739
-17.542997 17.179379 1.286809 2.494115
-17.603178 17.480713 1.300143 2.493433
-17.587708 17.710922 1.308101 2.493025
-17.578817 17.950901 1.316729 2.492583
-17.559101 18.182981 1.324728 2.492174
-17.508364 18.385599 1.330552 2.491876
-17.469210 18.602821 1.337414 2.491524
-17.456079 18.850851 1.346451 2.491062
-17.495737 19.160282 1.359795 2.490378
-17.489719 19.424301 1.369833 2.489864
-17.494011 19.703985 1.380910 2.489297
-17.307970 19.770737 1.377087 2.489493
-17.066515 19.771748 1.368824 2.489916
-16.827921 19.772743 1.360727 2.490331
-16.592129 19.773729 1.352790 2.490737
-16.359053 19.774704 1.345010 2.491136
-15.283335 18.739223 1.267292 2.495115
-15.067449 18.740126 1.260209 2.495477
-14.853945 18.741018 1.253264 2.495833
-14.724352 18.846312 1.253401 2.495826
-14.621215 18.986040 1.255874 2.495699
-14.517668 19.126324 1.258419 2.495569
-14.413695 19.267183 1.261035 2.495435
-14.309279 19.408640 1.263724 2.495297
-14.204415 19.550701 1.266486 2.495156
-14.099083 19.693398 1.269323 2.495011
-13.956605 19.784750 1.268900 2.495032
-13.751358 19.785610 1.262767 2.495346
-13.548069 19.786461 1.256754 2.495654
-13.346704 19.787304 1.250858 2.495956
-13.147202 19.788137 1.245078 2.496252
-12.949534 19.788965 1.239412 2.496542
-12.753648 19.789785 1.233857 2.496826
-12.559492 19.790598 1.228410 2.497105
-11.964197 19.146717 1.183231 2.499418
-11.538082 18.754892 1.154011 2.500915
-11.358819 18.755642 1.149150 2.501163
-11.181052 18.756388 1.144385 2.501407
-11.008593 18.763697 1.140114 2.501626
-10.910183 18.896992 1.143557 2.501450
-10.811168 19.031105 1.147077 2.501270
-10.711539 19.166046 1.150675 2.501085
-10.611279 19.301844 1.154352 2.500897
-10.510366 19.438522 1.158110 2.500705
-10.408793 19.576094 1.161948 2.500508
-10.306536 19.714592 1.165870 2.500307
-10.176115 19.800581 1.166725 2.500264
-10.002362 19.801310 1.162625 2.500473
-9.829812 19.802032 1.158610 2.500679
-9.658447 19.802752 1.154679 2.500880
-9.488227 19.803465 1.150830 2.501077
-9.319136 19.804174 1.147062 2.501271
-9.151139 19.804878 1.143375 2.501459
-8.984206 19.805578 1.139766 2.501644
-8.818321 19.806274 1.136236 2.501825
-8.646798 19.791748 1.131912 2.502046
-8.263568 19.280352 1.099338 2.503714
-7.901761 18.797544 1.068637 2.505286
-7.736773 18.770824 1.064022 2.505522
-7.584164 18.771465 1.061031 2.505675
-7.432397 18.772102 1.058108 2.505825
-7.281463 18.772736 1.055253 2.505971
-7.162874 18.856396 1.057119 2.505876
-7.062950 18.991707 1.061914 2.505630
-6.962114 19.128252 1.066805 2.505379
-6.860335 19.266071 1.071794 2.505124
-6.757599 19.405186 1.076883 2.504864
-6.653877 19.545633 1.082073 2.504598
-6.549141 19.687454 1.087366 2.504327
-6.438694 19.816261 1.091971 2.504091
-6.286288 19.816902 1.089561 2.504214
-6.134552 19.817539 1.087215 2.504334
-5.983460 19.818174 1.084932 2.504452
-5.832990 19.818808 1.082711 2.504565
-5.683132 19.819437 1.080551 2.504676
-5.533857 19.820065 1.078453 2.504783
-5.385160 19.820688 1.076415 2.504887
-5.237017 19.821312 1.074437 2.504989
-5.089405 19.821932 1.072519 2.505087
-4.942317 19.822550 1.070659 2.505182
-4.760832 19.678913 1.061080 2.505673
-4.549505 19.396944 1.044138 2.506540
-4.344827 19.123846 1.027779 2.507378
-4.146453 18.859161 1.011974 2.508187
-3.993204 18.786551 1.006557 2.508464
-3.856445 18.787127 1.005121 2.508538
-3.720058 18.787699 1.003738 2.508609
-3.584050 18.788271 1.002407 2.508677
-3.448395 18.788841 1.001128 2.508742
-3.336462 18.922018 1.006959 2.508444
-3.225768 19.071875 1.013710 2.508098
-3.113565 19.223772 1.020604 2.507745
-2.999829 19.377743 1.027641 2.507385
-2.884507 19.533859 1.034827 2.507017
-2.767555 19.692181 1.042166 2.506641
-2.646184 19.832211 1.048573 2.506313
-2.505459 19.832804 1.047654 2.506360
-2.364985 19.833395 1.046788 2.506404
-2.224736 19.833986 1.045974 2.506446
-2.084698 19.834576 1.045212 2.506485
-1.944857 19.835165 1.044502 2.506521
-1.805188 19.835754 1.043844 2.506555
-1.665700 19.836342 1.043237 2.506586
-1.526366 19.836929 1.042682 2.506615
-1.387174 19.837515 1.042179 2.506640
-1.248109 19.838102 1.041726 2.506664
-1.109148 19.838688 1.041325 2.506684
-0.962721 19.684361 1.032847 2.507118
-0.816861 19.489777 1.022313 2.507658
-0.673940 19.299112 1.012040 2.508183
-0.533855 19.112236 1.002020 2.508696
-0.396500 18.929001 0.992245 2.509197
-0.262542 18.802263 0.985481 2.509543
-0.131268 18.802816 0.985438 2.509545
0.000000 18.803370 0.985443 2.509545
0.131277 18.803925 0.985496 2.509542
0.262583 18.804480 0.985597 2.509537
0.394301 18.823536 0.986716 2.509480
0.531116 19.014164 0.996879 2.508960
0.670785 19.208767 1.007302 2.508426
0.813413 19.407490 1.017996 2.507879
0.959120 19.610502 1.028971 2.507317
1.107999 19.817932 1.040236 2.506740
1.248773 19.848637 1.042280 2.506635
1.387993 19.849224 1.042794 2.506609
1.527358 19.849813 1.043360 2.506580
1.666891 19.850403 1.043977 2.506548
1.806586 19.850992 1.044646 2.506514
1.946467 19.851583 1.045367 2.506477
2.086548 19.852175 1.046139 2.506438
2.226843 19.852768 1.046964 2.506395
2.367377 19.853361 1.047842 2.506351
2.508142 19.853956 1.048772 2.506303
2.649165 19.854553 1.049755 2.506253
2.781403 19.790710 1.047380 2.506374
2.898663 19.629723 1.039906 2.506757
3.014276 19.470997 1.032587 2.507132
3.128270 19.314495 1.025421 2.507498
3.240698 19.160145 1.018402 2.507858
3.351604 19.007887 1.011528 2.508210
3.461027 18.857666 1.004796 2.508554
3.589834 18.818537 1.004022 2.508594
3.726289 18.819115 1.005416 2.508523
3.863131 18.819693 1.006863 2.508449
4.000373 18.820274 1.008364 2.508372
4.138032 18.820858 1.009918 2.508292
4.322066 19.023617 1.022393 2.507653
4.526999 19.300940 1.038970 2.506805
4.738697 19.587416 1.056146 2.505925
4.952726 19.864298 1.072914 2.505067
5.100443 19.864923 1.074845 2.504968
5.248712 19.865551 1.076835 2.504866
5.397527 19.866180 1.078886 2.504761
5.546916 19.866814 1.080997 2.504653
5.696899 19.867449 1.083169 2.504542
5.847494 19.868088 1.085403 2.504427
5.998730 19.868727 1.087700 2.504310
6.150603 19.869371 1.090059 2.504189
6.303144 19.870018 1.092482 2.504065
6.456371 19.870667 1.094969 2.503937
6.585432 19.796547 1.093392 2.504018
6.691263 19.655434 1.088151 2.504287
6.796081 19.515673 1.083014 2.504550
6.899920 19.377218 1.077978 2.504807
7.002802 19.240042 1.073040 2.505060
7.104753 19.104109 1.068199 2.505308
7.205800 18.969383 1.063453 2.505551
7.305951 18.835852 1.058801 2.505789
7.457275 18.834921 1.061649 2.505644
7.610065 18.835569 1.064654 2.505490
7.763728 18.836222 1.067729 2.505332
7.918302 18.836878 1.070874 2.505171
8.224207 19.188501 1.094101 2.503982
8.613214 19.714861 1.127514 2.502271
8.851514 19.880823 1.140512 2.501606
9.018661 19.881533 1.144137 2.501420
9.186896 19.882248 1.147841 2.501230
9.356219 19.882967 1.151626 2.501037
9.526670 19.883690 1.155492 2.500839
9.698279 19.884418 1.159441 2.500637
9.871073 19.885153 1.163473 2.500430
10.045094 19.885891 1.167591 2.500219
10.220347 19.886635 1.171796 2.500004
10.366074 19.828465 1.172604 2.499963
10.469603 19.690458 1.168737 2.500161
10.572456 19.553354 1.164951 2.500355
10.674660 19.417120 1.161247 2.500544
10.776214 19.281754 1.157622 2.500730
10.877140 19.147224 1.154076 2.500911
10.977456 19.013512 1.150608 2.501089
11.077176 18.880594 1.147217 2.501262
11.237443 18.850971 1.150156 2.501112
11.417023 18.851736 1.155037 2.500862
11.598142 18.852505 1.160017 2.500607
11.909204 19.058708 1.177792 2.499697
12.626929 19.896862 1.235006 2.496768
12.823199 19.897696 1.240585 2.496482
13.021245 19.898539 1.246275 2.496191
13.221125 19.899387 1.252079 2.495893
13.422886 19.900246 1.257998 2.495590
13.626574 19.901112 1.264036 2.495281
13.832252 19.901987 1.270194 2.494966
14.039937 19.902870 1.276475 2.494644
14.183810 19.811731 1.276950 2.494620
14.290634 19.669369 1.274173 2.494762
14.396999 19.527618 1.271471 2.494901
14.502930 19.386452 1.268842 2.495035
14.608419 19.245872 1.266285 2.495166
14.713491 19.105854 1.263800 2.495293
14.818157 18.966377 1.261386 2.495417
14.953622 18.866779 1.261674 2.495402
15.170032 18.867701 1.268788 2.495038
15.388888 18.868633 1.276044 2.494667
16.473660 19.913229 1.354432 2.490653
16.710028 19.914234 1.362402 2.490245
16.949205 19.915253 1.370534 2.489829
17.191288 19.916285 1.378831 2.489404
17.436310 19.917328 1.387297 2.488970
17.684374 19.918385 1.395936 2.488528
17.920856 19.903128 1.403601 2.488136
18.035080 19.750937 1.401713 2.488232
18.149012 19.599138 1.399899 2.488325
18.262648 19.447735 1.398157 2.488414
18.376007 19.296703 1.396488 2.488500
18.489101 19.146025 1.394891 2.488582
18.601946 18.995684 1.393366 2.488660
18.751600 18.882957 1.394666 2.488593
19.016392 18.884087 1.404521 2.488088
19.284967 18.885231 1.414585 2.487573
20.639130 19.930975 1.503672 2.483012
20.930889 19.932219 1.514753 2.482445
21.227016 19.933481 1.526075 2.481865
21.527596 19.934763 1.537641 2.481273
21.755257 19.865274 1.543959 2.480949
21.879221 19.700138 1.542958 2.481000
22.003029 19.535208 1.542034 2.481048
22.126707 19.370455 1.541186 2.481091
22.250246 19.205889 1.540414 2.481131
22.373671 19.041481 1.539718 2.481166
22.522997 18.899038 1.540877 2.481107
22.846676 18.900417 1.553956 2.480438
24.457775 19.947260 1.654025 2.475314
24.811275 19.948769 1.668472 2.474574
25.171024 19.950304 1.683257 2.473817
22.032345 17.213554 1.465293 2.484977
21.693583 16.706312 1.434971 2.486529
21.438139 16.272421 1.410524 2.487781
21.228167 15.880691 1.389381 2.488864
20.926409 15.428275 1.362548 2.490237
20.212984 14.685593 1.309389 2.492959
18.964111 13.576973 1.222317 2.497417
18.508213 13.056100 1.187028 2.499224
18.227758 12.668616 1.163341 2.500437
18.074064 12.375566 1.147989 2.501223
17.922493 12.088874 1.132974 2.501992
17.773849 11.808920 1.118339 2.502741
17.717426 11.593950 1.109668 2.503185
17.676910 11.391985 1.102123 2.503571
17.651651 11.202076 1.095645 2.503903
17.626919 11.014522 1.089311 2.504227
17.602583 10.829184 1.083108 2.504545
17.578489 10.645905 1.077026 2.504856
17.554895 10.464812 1.071078 2.505161
17.541256 10.291391 1.065836 2.505429
17.527700 10.119622 1.060694 2.505692
17.514423 9.949579 1.055661 2.505950
17.501421 9.781206 1.050736 2.506202
17.488688 9.614482 1.045916 2.506449
17.476217 9.449352 1.041200 2.506691
17.477266 9.292827 1.037372 2.506886
17.481863 9.139298 1.033832 2.507068
17.474430 8.980630 1.029659 2.507281
17.490904 8.835286 1.026971 2.507419
17.485161 8.679707 1.023051 2.507620
17.474129 8.522701 1.018899 2.507832
17.463329 8.367027 1.014838 2.508040
17.452755 8.212636 1.010867 2.508244
17.442408 8.059519 1.006984 2.508442
17.432280 7.907630 1.003188 2.508637
17.422369 7.756938 0.999477 2.508827
17.412672 7.607411 0.995850 2.509012
17.403183 7.459007 0.992304 2.509194
17.393900 7.311718 0.988840 2.509371
17.381819 7.164266 0.985286 2.509553
17.373892 7.019508 0.982035 2.509720
17.366142 6.875744 0.978860 2.509882
17.358564 6.732936 0.975759 2.510041
17.351156 6.591082 0.972733 2.510196
17.343918 6.450143 0.969779 2.510347
17.336845 6.310095 0.966897 2.510495
17.325914 6.169482 0.963861 2.510650
17.304855 6.026182 0.960326 2.510831
17.302402 5.890214 0.957884 2.510956
17.296614 5.753815 0.955317 2.511088
17.290964 5.618174 0.952815 2.511216
17.285452 5.483270 0.950379 2.511341
17.280077 5.349071 0.948007 2.511462
17.285040 5.218657 0.946257 2.511551
17.280285 5.085862 0.944030 2.511666
17.274754 4.953455 0.941816 2.511779
17.269365 4.821695 0.939664 2.511889
17.264120 4.690551 0.937574 2.511996
17.259016 4.560024 0.935545 2.512100
17.254049 4.430085 0.933576 2.512201
17.249222 4.300714 0.931668 2.512299
17.244532 4.171893 0.929819 2.512393
17.239975 4.043593 0.928028 2.512485
17.244625 3.917879 0.926784 2.512549
17.251148 3.792909 0.925689 2.512605
17.246984 3.665959 0.924069 2.512688
17.242950 3.539471 0.922507 2.512768
17.239046 3.413417 0.921000 2.512845
17.247093 3.290055 0.920181 2.512887
17.251484 3.166238 0.919213 2.512936
17.247955 3.041280 0.917872 2.513005
17.253668 2.918241 0.917069 2.513046
17.253405 2.794436 0.915996 2.513101
17.251997 2.670746 0.914909 2.513157
17.261028 2.548885 0.914422 2.513182
17.263268 2.426194 0.913621 2.513223
17.260775 2.303081 0.912616 2.513274
17.269243 2.181607 0.912236 2.513294
17.278770 2.060365 0.911957 2.513308
17.288404 1.939203 0.911729 2.513319
17.298147 1.818108 0.911551 2.513329
17.307999 1.697066 0.911424 2.513335
17.321226 1.576349 0.911518 2.513330
17.343027 1.456331 0.912108 2.513300
17.357779 1.335606 0.912372 2.513286
17.368082 1.214494 0.912445 2.513283
17.378838 1.093385 0.912587 2.513276
17.392740 0.972399 0.912938 2.513258
17.415377 0.851750 0.913792 2.513214
17.438168 0.730874 0.914698 2.513167
17.461025 0.609752 0.915651 2.513119
17.482136 0.488322 0.916557 2.513072
17.496319 0.366490 0.917144 2.513042
17.527313 0.244739 0.918657 2.512965
17.563017 0.122613 0.920461 2.512872
16.055996 -0.000000 0.280258 2.545651
16.088812 -0.112323 0.280838 2.545621
16.133781 -0.225285 0.281644 2.545580
16.178864 -0.338899 0.282465 2.545538
16.224361 -0.453188 0.283308 2.545495
16.270161 -0.568167 0.284170 2.545450
16.325016 -0.684221 0.285204 2.545397
16.383982 -0.801311 0.286325 2.545340
16.455166 -0.919987 0.287675 2.545271
16.531580 -1.040079 0.289130 2.545197
16.634811 -1.163220 0.291071 2.545097
16.751774 -1.288979 0.293268 2.544985
16.896961 -1.418878 0.295976 2.544846
17.027510 -1.549625 0.298445 2.544720
17.126566 -1.679275 0.300379 2.544621
17.219400 -1.809832 0.302221 2.544526
17.359116 -1.947137 0.304905 2.544389
17.475674 -2.083848 0.307200 2.544271
17.571566 -2.219805 0.309151 2.544171
17.626760 -2.351912 0.310403 2.544107
17.716963 -2.489957 0.312290 2.544011
17.796888 -2.628016 0.314014 2.543922
17.870972 -2.766573 0.315655 2.543839
17.881483 -2.896168 0.316190 2.543811
17.974203 -3.040109 0.318197 2.543708
17.984741 -3.171196 0.318768 2.543679
18.001539 -3.303901 0.319466 2.543643
18.008156 -3.435240 0.320002 2.543616
17.991766 -3.562466 0.320145 2.543608
17.996962 -3.694246 0.320688 2.543581
17.997555 -3.825499 0.321167 2.543556
17.978458 -3.952821 0.321311 2.543549
17.937353 -4.075267 0.321077 2.543561
17.901562 -4.198774 0.320953 2.543567
17.904039 -4.331443 0.321532 2.543537
17.860735 -4.453182 0.321304 2.543549
17.802639 -4.570941 0.320826 2.543574
17.776560 -4.696770 0.320939 2.543568
17.756054 -4.824213 0.321169 2.543556
17.747646 -4.955232 0.321635 2.543532
17.753748 -5.090806 0.322381 2.543494
17.779858 -5.232897 0.323511 2.543436
17.780863 -5.368360 0.324203 2.543401
17.790808 -5.507175 0.325078 2.543356
17.808878 -5.649310 0.326121 2.543303
17.830173 -5.793375 0.327243 2.543245
17.861197 -5.941629 0.328566 2.543177
17.885426 -6.088696 0.329786 2.543115
17.971777 -6.258436 0.332175 2.542993
17.999952 -6.409495 0.333515 2.542924
18.082212 -6.581388 0.335882 2.542803
18.212997 -6.773354 0.339182 2.542634
18.240414 -6.928884 0.340585 2.542562
18.300655 -7.098357 0.342627 2.542457
18.346031 -7.263708 0.344417 2.542366
18.360538 -7.418139 0.345654 2.542302
18.465462 -7.610915 0.348621 2.542150
18.441065 -7.751910 0.349173 2.542122
18.507914 -7.932503 0.351479 2.542004
18.528086 -8.094722 0.352927 2.541930
18.542446 -8.255630 0.354290 2.541860
18.562414 -8.420284 0.355786 2.541784
18.586046 -8.587959 0.357379 2.541702
18.621092 -8.762421 0.359220 2.541608
18.620386 -8.921395 0.360400 2.541547
18.629566 -9.086247 0.361796 2.541476
18.665108 -9.265440 0.363734 2.541377
18.679773 -9.435834 0.365294 2.541297
18.704382 -9.612747 0.367079 2.541205
18.748192 -9.801318 0.369273 2.541093
18.763142 -9.976540 0.370930 2.541008
18.799532 -10.164869 0.373043 2.540900
18.834017 -10.354089 0.375153 2.540792
18.870781 -10.546524 0.377343 2.540680
18.928442 -10.752851 0.379987 2.540545
18.992664 -10.965420 0.382804 2.540400
19.034712 -11.167600 0.385214 2.540277
19.100031 -11.385905 0.388135 2.540128
19.187420 -11.620316 0.391550 2.539953
19.230629 -11.830763 0.394107 2.539822
19.266394 -12.038980 0.396553 2.539696
19.279242 -12.234980 0.398566 2.539593
19.268427 -12.417653 0.400125 2.539514
19.236528 -12.588032 0.401278 2.539454
19.214552 -12.766119 0.402669 2.539383
19.172792 -12.932212 0.403676 2.539332
19.132589 -13.100359 0.404745 2.539277
19.075474 -13.257799 0.405485 2.539239
19.017263 -13.415205 0.406229 2.539201
18.941799 -13.560997 0.406629 2.539181
18.856443 -13.700008 0.406840 2.539170
18.770414 -13.838744 0.407058 2.539159
18.687103 -13.979740 0.407358 2.539143
18.591122 -14.111431 0.407404 2.539141
18.492468 -14.241119 0.407411 2.539140
18.394264 -14.371175 0.407448 2.539139
18.285061 -14.492561 0.407260 2.539148
18.177595 -14.615162 0.407129 2.539155
18.077982 -14.744043 0.407194 2.539152
17.965813 -14.862614 0.406994 2.539162
17.847330 -14.975688 0.406669 2.539178
17.728273 -15.087945 0.406346 2.539195
17.609060 -15.199734 0.406036 2.539211
17.486671 -15.308425 0.405668 2.539230
17.364069 -15.416544 0.405311 2.539248
17.239605 -15.522611 0.404926 2.539268
17.108404 -15.622121 0.404396 2.539295
16.978912 -15.722646 0.403920 2.539319
16.850731 -15.823891 0.403489 2.539341
16.717443 -15.919808 0.402949 2.539369
16.581253 -16.012331 0.402351 2.539400
16.446098 -16.105211 0.401790 2.539428
16.319059 -16.205526 0.401440 2.539446
16.194172 -16.307625 0.401159 2.539461
16.065069 -16.405109 0.400788 2.539480
15.934622 -16.500784 0.400398 2.539500
15.806279 -16.598230 0.400075 2.539516
15.685163 -16.703001 0.399951 2.539522
15.558356 -16.801497 0.399699 2.539535
15.427175 -16.894913 0.399350 2.539553
15.300168 -16.992559 0.399123 2.539565
15.169952 -17.086330 0.398828 2.539580
15.037835 -17.177580 0.398498 2.539597
14.903710 -17.266115 0.398128 2.539616
14.771557 -17.356522 0.397825 2.539631
14.636512 -17.443115 0.397458 2.539650
14.492693 -17.518658 0.396864 2.539680
14.346272 -17.590267 0.396208 2.539714
14.201000 -17.662483 0.395592 2.539746
14.060127 -17.739468 0.395108 2.539770
13.911908 -17.806431 0.394427 2.539805
13.760463 -17.868326 0.393660 2.539845
13.608489 -17.928522 0.392884 2.539884
13.453014 -17.983017 0.392010 2.539929
13.305183 -18.046715 0.391364 2.539962
13.153055 -18.103628 0.390597 2.540001
12.997646 -18.154922 0.389737 2.540045
12.844225 -18.207850 0.388939 2.540086
12.687829 -18.255394 0.388053 2.540132
12.532750 -18.303621 0.387208 2.540175
12.379211 -18.352936 0.386414 2.540215
12.226493 -18.402353 0.385648 2.540255
12.075805 -18.453764 0.384949 2.540291
11.927394 -18.507694 0.384328 2.540322
11.781195 -18.564194 0.383784 2.540350
11.636246 -18.621885 0.383287 2.540375
11.491669 -18.679441 0.382812 2.540400
11.350310 -18.741590 0.382452 2.540418
11.210118 -18.805149 0.382143 2.540434
11.074512 -18.876051 0.382003 2.540441
10.942583 -18.953110 0.382007 2.540441
10.811497 -19.031679 0.382060 2.540438
10.687498 -19.123028 0.382387 2.540422
10.566123 -19.219707 0.382835 2.540399
10.447682 -19.322588 0.383422 2.540369
10.329058 -19.426134 0.384037 2.540337
10.216483 -19.542332 0.384915 2.540292
10.105042 -19.662285 0.385878 2.540243
9.996183 -19.789082 0.386988 2.540186
9.889204 -19.921675 0.388221 2.540123
9.784107 -20.060392 0.389584 2.540053
9.682457 -20.208849 0.391144 2.539973
9.580711 -20.360052 0.392767 2.539890
9.478329 -20.512987 0.394431 2.539805
9.371053 -20.658371 0.395959 2.539727
9.262434 -20.803768 0.397497 2.539648
9.098115 -20.824764 0.396674 2.539690
8.925817 -20.825493 0.395492 2.539751
8.754534 -20.826218 0.394335 2.539810
8.432316 -20.458330 0.386245 2.540224
8.117532 -20.091599 0.378242 2.540634
7.952931 -20.086815 0.377098 2.540693
7.791425 -20.087498 0.376080 2.540745
7.630780 -20.088177 0.375086 2.540795
7.470977 -20.088850 0.374116 2.540845
7.355161 -20.208138 0.375372 2.540781
7.243115 -20.341032 0.376892 2.540703
7.130153 -20.475014 0.378443 2.540624
7.016251 -20.610109 0.380025 2.540543
6.901390 -20.746344 0.381640 2.540460
6.769573 -20.834606 0.382385 2.540422
6.609340 -20.835281 0.381541 2.540465
6.449804 -20.835957 0.380719 2.540507
6.290946 -20.836628 0.379920 2.540548
6.132750 -20.837296 0.379142 2.540588
5.975189 -20.837961 0.378386 2.540627
5.818248 -20.838625 0.377651 2.540664
5.661907 -20.839285 0.376938 2.540701
5.506148 -20.839943 0.376245 2.540736
5.350956 -20.840599 0.375573 2.540771
5.196307 -20.841251 0.374922 2.540804
5.042186 -20.841902 0.374292 2.540836
4.862809 -20.732700 0.371712 2.540968
4.655468 -20.491131 0.366789 2.541220
4.453542 -20.255869 0.362012 2.541465
4.272888 -20.102360 0.358727 2.541633
4.126548 -20.102978 0.358215 2.541659
3.980617 -20.103594 0.357722 2.541684
3.835081 -20.104208 0.357248 2.541709
3.689925 -20.104822 0.356793 2.541732
3.561741 -20.199636 0.358025 2.541669
3.441372 -20.346619 0.360196 2.541558
3.319529 -20.495401 0.362411 2.541445
3.196173 -20.646034 0.364671 2.541329
3.071265 -20.798561 0.366977 2.541211
2.930391 -20.850819 0.367529 2.541182
2.782176 -20.851444 0.367189 2.541200
2.634228 -20.852070 0.366867 2.541216
2.486531 -20.852694 0.366564 2.541232
2.339074 -20.853315 0.366279 2.541246
2.191837 -20.853937 0.366012 2.541260
2.044806 -20.854557 0.365763 2.541273
1.897968 -20.855177 0.365533 2.541285
1.751308 -20.855797 0.365321 2.541296
1.604814 -20.856415 0.365126 2.541305
1.458466 -20.857033 0.364950 2.541315
1.312251 -20.857649 0.364791 2.541323
1.166157 -20.858265 0.364651 2.541330
1.012188 -20.695734 0.361677 2.541482
0.859746 -20.512901 0.358368 2.541651
0.710057 -20.333372 0.355137 2.541817
0.563036 -20.157043 0.351980 2.541979
0.421424 -20.118618 0.351249 2.542016
0.280934 -20.119209 0.351216 2.542018
0.140465 -20.119802 0.351201 2.542018
-0.000000 -20.120396 0.351203 2.542018
-0.140474 -20.120987 0.351222 2.542017
-0.283139 -20.276909 0.353969 2.541877
-0.428351 -20.449165 0.357020 2.541720
-0.576092 -20.624422 0.360141 2.541561
-0.726449 -20.802784 0.363335 2.541397
-0.874582 -20.866875 0.364552 2.541335
-1.020592 -20.867491 0.364679 2.541328
-1.166710 -20.868107 0.364823 2.541321
-1.312949 -20.868725 0.364985 2.541313
-1.459327 -20.869341 0.365165 2.541303
-1.605857 -20.869959 0.365363 2.541293
-1.752553 -20.870579 0.365579 2.541282
-1.899430 -20.871197 0.365814 2.541270
-2.046499 -20.871819 0.366066 2.541257
-2.193782 -20.872438 0.366337 2.541244
-2.341290 -20.873060 0.366625 2.541229
-2.489038 -20.873684 0.366933 2.541213
-2.637040 -20.874308 0.367258 2.541196
-2.767068 -20.738214 0.365195 2.541302
-2.893811 -20.590530 0.362941 2.541417
-3.019004 -20.444651 0.360733 2.541530
-3.142689 -20.300528 0.358568 2.541641
-3.264904 -20.158115 0.356446 2.541750
-3.405539 -20.134756 0.356445 2.541750
-3.550409 -20.135366 0.356886 2.541727
-3.695645 -20.135979 0.357345 2.541704
-3.841262 -20.136593 0.357824 2.541679
-4.001001 -20.206524 0.359554 2.541591
-4.195059 -20.436733 0.364162 2.541355
-4.394169 -20.672941 0.368909 2.541112
-4.591326 -20.882545 0.373212 2.540892
-4.744546 -20.883190 0.373807 2.540861
-4.898262 -20.883839 0.374421 2.540830
-5.052489 -20.884489 0.375056 2.540797
-5.207251 -20.885141 0.375712 2.540763
-5.362562 -20.885796 0.376388 2.540729
-5.518440 -20.886452 0.377085 2.540693
-5.674905 -20.887112 0.377803 2.540656
-5.831971 -20.887774 0.378542 2.540619
-5.989663 -20.888437 0.379303 2.540580
-6.147999 -20.889105 0.380085 2.540540
-6.306996 -20.889774 0.380889 2.540498
-6.459776 -20.868158 0.381308 2.540477
-6.576588 -20.732035 0.379650 2.540562
-6.692397 -20.597078 0.378025 2.540645
-6.807224 -20.463266 0.376432 2.540727
-6.921093 -20.330572 0.374871 2.540807
-7.034026 -20.198965 0.373341 2.540885
-7.175320 -20.150640 0.373364 2.540884
-7.334478 -20.151312 0.374316 2.540835
-7.494457 -20.151985 0.375292 2.540785
-7.655280 -20.152662 0.376291 2.540734
-7.888421 -20.337557 0.380762 2.540505
-8.197286 -20.703981 0.388684 2.540099
-8.443653 -20.898773 0.393438 2.539856
-8.614150 -20.899492 0.394574 2.539798
-8.785643 -20.900213 0.395736 2.539738
-8.958157 -20.900940 0.396924 2.539677
-9.131715 -20.901670 0.398139 2.539615
-9.306352 -20.902407 0.399381 2.539552
-9.482089 -20.903147 0.400650 2.539487
-9.658956 -20.903891 0.401947 2.539420
-9.836980 -20.904640 0.403273 2.539352
-10.016187 -20.905396 0.404626 2.539283
-10.196613 -20.906155 0.406009 2.539212
-10.324127 -20.797817 0.405295 2.539249
-10.438439 -20.664595 0.404109 2.539310
-10.552091 -20.532143 0.402950 2.539369
-10.665094 -20.400446 0.401816 2.539427
-10.777472 -20.269476 0.400709 2.539484
-10.903900 -20.166340 0.400165 2.539511
-11.086965 -20.167110 0.401707 2.539433
-11.271453 -20.167887 0.403280 2.539352
-11.457398 -20.168669 0.404885 2.539270
-11.588627 -20.072090 0.404560 2.539286
-11.709178 -19.957809 0.403895 2.539320
-11.827847 -19.841394 0.403200 2.539356
-11.940544 -19.716177 0.402340 2.539400
-12.038968 -19.569063 0.401043 2.539467
-12.149052 -19.442547 0.400179 2.539511
-12.249884 -19.302727 0.399052 2.539568
-12.334883 -19.139988 0.397458 2.539650
-12.431541 -18.997383 0.396289 2.539710
-12.515586 -18.837471 0.394766 2.539788
-12.602046 -18.683300 0.393370 2.539860
-12.681316 -18.520594 0.391798 2.539940
-12.743986 -18.336189 0.389770 2.540044
-12.808794 -18.157619 0.387866 2.540141
-12.873822 -17.981964 0.386024 2.540236
-12.929461 -17.795876 0.383958 2.540341
-12.994335 -17.625086 0.382221 2.540430
-13.046943 -17.440207 0.380177 2.540535
-13.098945 -17.257219 0.378173 2.540637
-13.160621 -17.089415 0.376500 2.540723
-13.221820 -16.923157 0.374861 2.540807
-13.274032 -16.747654 0.373018 2.540901
-13.336862 -16.587708 0.371520 2.540978
-13.397120 -16.426493 0.369995 2.541056
-13.456675 -16.266321 0.368494 2.541133
-13.531251 -16.125917 0.367445 2.541187
-13.590549 -15.968837 0.366019 2.541260
-13.654313 -15.818672 0.364753 2.541325
-13.717828 -15.669749 0.363518 2.541388
-13.785224 -15.526668 0.362423 2.541444
-13.847743 -15.379477 0.361235 2.541505
-13.905109 -15.228032 0.359949 2.541571
-13.970324 -15.086575 0.358902 2.541624
-14.028988 -14.939356 0.357721 2.541685
-14.091578 -14.797610 0.356674 2.541738
-14.148746 -14.651455 0.355523 2.541797
-14.206225 -14.506914 0.354414 2.541854
-14.285733 -14.385815 0.353883 2.541881
-14.356846 -14.256966 0.353171 2.541918
-14.421474 -14.122548 0.352327 2.541961
-14.509966 -14.012111 0.352090 2.541973
-14.593313 -13.897019 0.351750 2.541990
-14.668365 -13.774509 0.351232 2.542017
-14.743268 -13.652416 0.350735 2.542042
-14.830410 -13.542022 0.350550 2.542052
-14.918976 -13.433105 0.350419 2.542058
-15.023515 -13.338496 0.350678 2.542045
-15.106071 -13.224363 0.350442 2.542057
-15.205667 -13.125181 0.350618 2.542048
-15.294074 -13.016274 0.350552 2.542052
-15.384932 -12.909491 0.350561 2.542051
-15.474917 -12.801961 0.350566 2.542051
-15.558154 -12.688919 0.350436 2.542058
-15.632904 -12.569179 0.350135 2.542073
-15.677914 -12.426158 0.349191 2.542121
-15.711372 -12.275069 0.348019 2.542181
-15.720295 -12.106253 0.346336 2.542268
-15.732552 -11.941655 0.344761 2.542348
-15.744693 -11.778536 0.343217 2.542427
-15.744052 -11.607513 0.341428 2.542519
-15.741593 -11.436936 0.339635 2.542611
-15.737388 -11.266859 0.337839 2.542703
-15.725364 -11.093022 0.335910 2.542801
-15.720469 -10.926012 0.334168 2.542891
-15.688621 -10.742220 0.331889 2.543007
-15.683645 -10.578753 0.330213 2.543093
-15.665937 -10.408420 0.328302 2.543191
-15.648991 -10.240411 0.326441 2.543286
-15.632898 -10.074717 0.324630 2.543379
-15.628839 -9.918361 0.323100 2.543457
-15.611502 -9.755149 0.321326 2.543548
-15.602935 -9.598986 0.319762 2.543628
-15.600273 -9.447860 0.318348 2.543700
-15.599507 -9.299173 0.317000 2.543769
-15.599496 -9.152167 0.315694 2.543836
-15.619329 -9.017824 0.314813 2.543882
-15.633375 -8.880990 0.313839 2.543931
-15.652454 -8.747860 0.312989 2.543975
-15.651744 -8.604620 0.311766 2.544038
-15.654943 -8.464594 0.310645 2.544095
-15.674820 -8.334449 0.309877 2.544134
-15.698989 -8.207230 0.309214 2.544168
-15.721107 -8.079551 0.308531 2.544203
-15.741504 -7.951607 0.307835 2.544239
-15.757106 -7.821893 0.307065 2.544278
-15.776980 -7.694947 0.306397 2.544312
-15.807769 -7.573811 0.305961 2.544335
-15.815754 -7.442328 0.305103 2.544379
-15.840101 -7.319155 0.304579 2.544405
-15.886447 -7.206409 0.304495 2.544410
-15.917048 -7.086727 0.304126 2.544429
-15.955229 -6.970665 0.303918 2.544439
-15.994358 -6.855189 0.303745 2.544448
-16.028086 -6.737588 0.303485 2.544461
-16.063650 -6.620957 0.303275 2.544472
-16.107109 -6.507694 0.303231 2.544475
-16.155924 -6.396580 0.303302 2.544471
-16.200817 -6.283882 0.303313 2.544470
-16.243423 -6.170299 0.303297 2.544471
-16.281656 -6.055092 0.303214 2.544475
-16.330109 -5.943673 0.303337 2.544469
-16.387159 -5.835202 0.303632 2.544454
-16.435631 -5.723491 0.303782 2.544446
-16.479692 -5.610146 0.303866 2.544442
-16.537838 -5.501404 0.304222 2.544424
-16.580214 -5.387238 0.304302 2.544420
-16.630447 -5.275486 0.304541 2.544407
-16.685947 -5.165162 0.304889 2.544389
-16.741528 -5.054566 0.305253 2.544371
-16.782339 -4.939309 0.305361 2.544366
-16.839483 -4.828644 0.305780 2.544344
-16.891184 -4.716100 0.306113 2.544327
-16.944168 -4.603628 0.306483 2.544308
-16.993319 -4.489829 0.306798 2.544292
-17.040676 -4.375300 0.307094 2.544277
-17.093290 -4.261836 0.307499 2.544256
-17.130737 -4.144358 0.307644 2.544249
-17.177919 -4.029044 0.307979 2.544231
-17.227140 -3.913911 0.308364 2.544212
-17.274857 -3.798121 0.308736 2.544193
-17.304613 -3.678209 0.308801 2.544189
-17.342739 -3.559950 0.309031 2.544178
-17.386358 -3.442590 0.309372 2.544160
-17.428282 -3.324623 0.309697 2.544143
-17.471855 -3.206683 0.310066 2.544125
-17.498430 -3.085445 0.310148 2.544121
-17.526165 -2.964326 0.310265 2.544114
-17.561207 -2.844294 0.310527 2.544101
-17.595245 -2.723889 0.310785 2.544088
-17.630487 -2.603442 0.311078 2.544073
-17.660427 -2.482011 0.311293 2.544062
-17.689491 -2.360279 0.311508 2.544051
-17.728918 -2.239682 0.311919 2.544030
-17.764191 -2.118252 0.312272 2.544012
-17.799326 -1.996512 0.312637 2.543993
-17.834846 -1.874518 0.313023 2.543973
-17.876322 -1.752786 0.313529 2.543947
-17.925312 -1.631330 0.314181 2.543914
-17.967438 -1.508769 0.314727 2.543886
-18.008297 -1.385661 0.315265 2.543858
-18.055336 -1.262552 0.315927 2.543824
-18.106627 -1.139169 0.316677 2.543786
-18.149887 -1.014735 0.317302 2.543754
-18.198746 -0.890068 0.318040 2.543716
-18.252493 -0.765004 0.318878 2.543673
-18.316206 -0.639616 0.319905 2.543621
-18.362633 -0.512912 0.320646 2.543583
-18.420191 -0.385847 0.321596 2.543534
-18.476681 -0.258001 0.322543 2.543486
-18.535421 -0.129402 0.323545 2.543435
-18.619631 0.000000 0.325007 2.543360
-18.677727 0.130400 0.326029 2.543307
-18.751163 0.261834 0.327335 2.543240
-18.825340 0.394334 0.328670 2.543172
-18.890497 0.527662 0.329863 2.543111
-18.968245 0.662386 0.331294 2.543038
-19.052896 0.798556 0.332862 2.542957
-19.110046 0.934638 0.333966 2.542901
-19.194242 1.073124 0.335560 2.542819
-19.258194 1.211625 0.336818 2.542755
-19.327398 1.351503 0.338185 2.542685
-19.402826 1.492970 0.339679 2.542608
-19.473394 1.635228 0.341106 2.542535
-19.546417 1.778863 0.342594 2.542459
-19.613194 1.923093 0.343991 2.542388
-19.678366 2.068280 0.345379 2.542316
-19.750700 2.215399 0.346912 2.542238
-19.827110 2.364241 0.348535 2.542155
-19.898333 2.513743 0.350087 2.542076
-19.975071 2.665246 0.351756 2.541990
-20.034103 2.815610 0.353133 2.541919
-20.112106 2.969901 0.354865 2.541831
-20.186644 3.125059 0.356556 2.541744
-20.277336 3.284211 0.358555 2.541642
-20.356750 3.443089 0.360375 2.541549
-20.445631 3.605116 0.362385 2.541446
-20.527895 3.767577 0.364301 2.541348
-20.595734 3.928848 0.365982 2.541262
-20.681286 4.095004 0.368002 2.541158
-20.757488 4.260903 0.369878 2.541062
-20.844173 4.430566 0.371965 2.540955
-20.898718 4.594885 0.373501 2.540877
-20.963942 4.762892 0.375252 2.540787
-21.016027 4.929264 0.376791 2.540708
-21.052063 5.093033 0.378066 2.540643
-21.077995 5.255335 0.379181 2.540586
-21.098667 5.417221 0.380224 2.540533
-21.111727 5.577960 0.381152 2.540485
-21.132124 5.741470 0.382234 2.540430
-21.134645 5.900902 0.383016 2.540390
-21.136864 6.060898 0.383814 2.540349
-21.149426 6.224618 0.384821 2.540297
-21.146776 6.384590 0.385575 2.540259
-21.134344 6.542171 0.386172 2.540228
-21.126030 6.701574 0.386865 2.540193
-21.115534 6.860853 0.387541 2.540158
-21.103144 7.020085 0.388203 2.540124
-21.093544 7.180830 0.388939 2.540086
-21.088354 7.343741 0.389780 2.540043
-21.075212 7.504548 0.390496 2.540007
-21.055237 7.663480 0.391107 2.539975
-21.038826 7.824274 0.391807 2.539939
-21.018974 7.984361 0.392466 2.539906
-21.000633 8.145608 0.393176 2.539869
-20.988914 8.310102 0.394033 2.539825
-20.980852 8.476815 0.394983 2.539777
-20.960033 8.639106 0.395717 2.539739
-20.933874 8.799792 0.396374 2.539706
-20.884653 8.951173 0.396615 2.539693
-20.838535 9.104136 0.396937 2.539677
-20.798491 9.260084 0.397396 2.539653
-20.760590 9.417426 0.397918 2.539627
-20.690075 9.560159 0.397836 2.539631
-20.640440 9.712652 0.398176 2.539613
-20.598492 9.869147 0.398686 2.539587
-20.542963 10.019473 0.398955 2.539573
-20.481928 10.167322 0.399139 2.539564
-20.427485 10.318666 0.399472 2.539547
-20.370531 10.469030 0.399778 2.539531
-20.298941 10.612033 0.399817 2.539529
-20.243353 10.763582 0.400193 2.539510
-20.181770 10.912247 0.400471 2.539496
-20.114962 11.058295 0.400668 2.539486
-20.038885 11.199353 0.400700 2.539484
-19.959057 11.338326 0.400677 2.539485
-19.884459 11.480298 0.400779 2.539480
-19.817942 11.627122 0.401064 2.539465
-19.730568 11.761781 0.400948 2.539471
-19.648386 11.899485 0.400956 2.539471
-19.569448 12.039208 0.401051 2.539466
-19.475447 12.169610 0.400856 2.539476
-19.386438 12.303013 0.400782 2.539480
-19.295240 12.434936 0.400682 2.539485
-19.208046 12.569392 0.400684 2.539485
-19.116253 12.700811 0.400609 2.539489
-19.015505 12.826120 0.400364 2.539501
-18.913376 12.950264 0.400108 2.539514
-18.806046 13.070543 0.399758 2.539532
-18.686312 13.181742 0.399159 2.539563
-18.530779 13.266738 0.397806 2.539632
-18.371677 13.347806 0.396381 2.539705
-18.210802 13.426167 0.394923 2.539780
-18.064207 13.513755 0.393780 2.539838
-17.955803 13.629195 0.393481 2.539854
-17.823784 13.726165 0.392679 2.539895
-17.693539 13.823708 0.391926 2.539933
-17.551201 13.910914 0.390915 2.539985
-17.408211 13.996563 0.389897 2.540037
-17.261969 14.078517 0.388813 2.540093
-17.112583 14.156763 0.387665 2.540152
-16.964064 14.234540 0.386543 2.540209
-16.819984 14.314934 0.385528 2.540261
-16.682455 14.399911 0.384670 2.540305
-16.603230 14.535028 0.385174 2.540279
-16.530127 14.676137 0.385845 2.540245
-16.458424 14.819232 0.386577 2.540207
-16.391144 14.967176 0.387442 2.540163
-16.328640 15.120489 0.388450 2.540111
-16.266544 15.275301 0.389500 2.540058
-16.208639 15.435283 0.390685 2.539997
-16.155357 15.601048 0.392016 2.539929
-16.110107 15.776188 0.393581 2.539849
-16.068705 15.956916 0.395282 2.539762
-16.031242 16.143553 0.397123 2.539667
-16.015247 16.354237 0.399545 2.539543
-16.005264 16.573936 0.402173 2.539409
-16.008575 16.810667 0.405196 2.539254
-16.012991 17.052107 0.408311 2.539094
-16.011620 17.290976 0.411344 2.538939
-16.003834 17.526440 0.414277 2.538789
-15.996001 17.765360 0.417275 2.538635
-15.993960 18.014437 0.420492 2.538471
-15.967868 18.239950 0.423144 2.538335
-15.959484 18.489239 0.426332 2.538172
-15.957878 18.750448 0.429775 2.537995
-15.955567 19.015104 0.433278 2.537816
-15.947392 19.277094 0.436700 2.537641
-15.282537 18.738243 0.422065 2.538390
-15.066667 18.739153 0.419706 2.538511
-14.853177 18.740051 0.417394 2.538630
-14.733171 18.857597 0.417711 2.538613
-14.629989 18.997435 0.418536 2.538571
-14.526398 19.137825 0.419384 2.538527
-14.422380 19.278791 0.420256 2.538483
-14.317920 19.420359 0.421153 2.538437
-14.213012 19.562532 0.422074 2.538390
-14.107634 19.705341 0.423020 2.538341
-13.955913 19.783770 0.422602 2.538363
-13.750680 19.784634 0.420559 2.538467
-13.547403 19.785490 0.418557 2.538570
-13.346052 19.786337 0.416594 2.538670
-13.146564 19.787176 0.414669 2.538769
-12.948907 19.788008 0.412782 2.538866
-12.753033 19.788832 0.410932 2.538960
-12.558889 19.789648 0.409118 2.539053
-11.876240 19.005957 0.391193 2.539971
-11.537533 18.754000 0.384339 2.540322
-11.358281 18.754755 0.382721 2.540405
-11.180525 18.755503 0.381134 2.540486
-11.015501 18.775471 0.379967 2.540546
-10.917050 18.908886 0.381116 2.540487
-10.817994 19.043121 0.382290 2.540427
-10.718324 19.178186 0.383490 2.540365
-10.618022 19.314108 0.384716 2.540303
-10.517067 19.450914 0.385969 2.540238
-10.415451 19.588615 0.387249 2.540173
-10.313149 19.727243 0.388557 2.540106
-10.175652 19.799679 0.388575 2.540105
-10.001908 19.800411 0.387209 2.540175
-9.829367 19.801138 0.385872 2.540243
-9.658011 19.801859 0.384563 2.540310
-9.487800 19.802576 0.383281 2.540376
-9.318718 19.803288 0.382026 2.540440
-9.150731 19.803995 0.380798 2.540503
-8.983807 19.804697 0.379596 2.540565
-8.817930 19.805395 0.378421 2.540625
-8.623252 19.737852 0.375971 2.540750
-8.241711 19.229355 0.365180 2.541303
-7.889911 18.769354 0.355389 2.541804
-7.736434 18.770000 0.354370 2.541856
-7.583832 18.770643 0.353374 2.541907
-7.432073 18.771282 0.352401 2.541957
-7.281146 18.771919 0.351450 2.542006
-7.167789 18.869333 0.352328 2.541961
-7.067818 19.004797 0.353928 2.541879
-6.966935 19.141497 0.355559 2.541795
-6.865108 19.279474 0.357223 2.541710
-6.762323 19.418749 0.358920 2.541623
-6.658551 19.559362 0.360651 2.541535
-6.553764 19.701349 0.362416 2.541444
-6.438419 19.815416 0.363679 2.541380
-6.286020 19.816059 0.362877 2.541421
-6.134291 19.816698 0.362095 2.541461
-5.983207 19.817335 0.361335 2.541500
-5.832743 19.817968 0.360595 2.541538
-5.682892 19.818600 0.359876 2.541574
-5.533625 19.819229 0.359177 2.541610
-5.384934 19.819855 0.358498 2.541645
-5.236797 19.820480 0.357840 2.541678
-5.089191 19.821102 0.357201 2.541711
-4.942110 19.821722 0.356581 2.541743
-4.753296 19.647764 0.352846 2.541934
-4.542419 19.366732 0.347221 2.542222
-4.338165 19.094524 0.341790 2.542500
-4.140193 18.830690 0.336542 2.542769
-3.993039 18.785770 0.335232 2.542836
-3.856285 18.786348 0.334754 2.542861
-3.719904 18.786922 0.334293 2.542884
-3.583902 18.787495 0.333850 2.542907
-3.448422 18.788988 0.333441 2.542928
-3.339119 18.937086 0.335647 2.542815
-3.228354 19.087164 0.337900 2.542700
-3.116078 19.239286 0.340199 2.542582
-3.002266 19.393490 0.342547 2.542461
-2.886868 19.549845 0.344944 2.542339
-2.769836 19.708410 0.347392 2.542213
-2.646075 19.831400 0.349226 2.542120
-2.505357 19.831993 0.348920 2.542135
-2.364888 19.832584 0.348632 2.542150
-2.224645 19.833176 0.348360 2.542164
-2.084613 19.833767 0.348107 2.542177
-1.944777 19.834356 0.347870 2.542189
-1.805115 19.834946 0.347651 2.542200
-1.665632 19.835533 0.347449 2.542211
-1.526304 19.836121 0.347264 2.542220
-1.387118 19.836708 0.347097 2.542229
-1.248059 19.837294 0.346946 2.542236
-1.109103 19.837881 0.346812 2.542243
-0.961647 19.662384 0.343618 2.542407
-0.815959 19.468237 0.340118 2.542586
-0.673202 19.278000 0.336704 2.542761
-0.533277 19.091534 0.333374 2.542931
-0.396074 18.908697 0.330125 2.543097
-0.262531 18.801498 0.328213 2.543195
-0.131263 18.802053 0.328199 2.543196
0.000000 18.802607 0.328201 2.543196
0.131271 18.803160 0.328218 2.543195
0.262573 18.803715 0.328252 2.543194
0.394708 18.842958 0.328977 2.543156
0.531670 19.033985 0.332369 2.542983
0.671492 19.229000 0.335848 2.542804
0.814279 19.428150 0.339417 2.542622
0.960152 19.631605 0.343081 2.542434
1.109204 19.839491 0.346840 2.542242
1.248722 19.847828 0.347130 2.542227
1.387937 19.848415 0.347301 2.542218
1.527296 19.849003 0.347490 2.542208
1.666824 19.849592 0.347695 2.542198
1.806513 19.850182 0.347918 2.542186
1.946388 19.850773 0.348158 2.542174
2.086463 19.851364 0.348415 2.542161
2.226752 19.851955 0.348690 2.542147
2.367280 19.852549 0.348982 2.542132
2.508040 19.853144 0.349292 2.542116
2.649057 19.853739 0.349620 2.542099
2.778879 19.772753 0.348527 2.542156
2.896052 19.612038 0.346042 2.542283
3.011580 19.453579 0.343608 2.542407
3.125491 19.297337 0.341226 2.542529
3.237839 19.143240 0.338892 2.542649
3.348666 18.991230 0.336607 2.542766
3.458014 18.841249 0.334368 2.542880
3.589686 18.817759 0.334388 2.542879
3.726135 18.818335 0.334852 2.542856
3.862970 18.818913 0.335334 2.542831
4.000207 18.819492 0.335834 2.542805
4.137860 18.820074 0.336352 2.542779
4.328288 19.050999 0.341011 2.542540
4.533621 19.329172 0.346548 2.542257
4.745743 19.616541 0.352286 2.541963
4.952518 19.863464 0.357332 2.541704
5.100229 19.864090 0.357975 2.541672
5.248491 19.864716 0.358638 2.541638
5.397299 19.865343 0.359321 2.541603
5.546682 19.865974 0.360024 2.541567
5.696659 19.866608 0.360748 2.541530
5.847246 19.867245 0.361492 2.541492
5.998475 19.867884 0.362257 2.541452
6.150341 19.868525 0.363042 2.541412
6.302875 19.869169 0.363849 2.541371
6.456095 19.869818 0.364678 2.541328
6.580420 19.781477 0.363890 2.541369
6.686193 19.640543 0.362148 2.541458
6.790957 19.500957 0.360439 2.541545
6.894742 19.362677 0.358764 2.541631
6.997571 19.225668 0.357122 2.541715
7.099469 19.089901 0.355512 2.541798
7.200465 18.955338 0.353934 2.541878
7.305021 18.833454 0.352602 2.541947
7.456949 18.834097 0.353580 2.541897
7.609730 18.834743 0.354581 2.541846
7.763387 18.835392 0.355605 2.541793
7.917952 18.836046 0.356652 2.541739
8.244936 19.236866 0.365322 2.541296
8.635588 19.766073 0.376508 2.540723
8.851119 19.879938 0.379845 2.540552
9.018258 19.880646 0.381052 2.540490
9.186484 19.881355 0.382286 2.540427
9.355799 19.882072 0.383546 2.540362
9.526241 19.882792 0.384834 2.540296
9.697840 19.883518 0.386149 2.540229
9.870625 19.884249 0.387492 2.540160
10.044637 19.884985 0.388863 2.540090
10.219880 19.885725 0.390263 2.540019
10.358886 19.814716 0.390280 2.540018
10.462367 19.676851 0.388993 2.540084
10.565174 19.539885 0.387734 2.540148
10.667331 19.403788 0.386502 2.540211
10.768837 19.268555 0.385297 2.540273
10.869718 19.134157 0.384117 2.540333
10.969988 19.000574 0.382964 2.540392
11.069662 18.867786 0.381836 2.540450
11.236911 18.850079 0.383056 2.540387
11.416479 18.850838 0.384681 2.540304
11.597588 18.851604 0.386340 2.540219
11.998086 19.200951 0.395206 2.539765
12.626321 19.895901 0.411314 2.538941
12.822577 19.896732 0.413172 2.538846
13.020611 19.897570 0.415067 2.538749
13.220479 19.898415 0.417000 2.538650
13.422226 19.899269 0.418971 2.538548
13.625900 19.900129 0.420982 2.538446
13.831565 19.900999 0.423033 2.538341
14.039238 19.901878 0.425125 2.538234
14.174503 19.798731 0.425025 2.538239
14.281278 19.656492 0.424102 2.538286
14.387593 19.514860 0.423203 2.538332
14.493474 19.373812 0.422328 2.538377
14.598914 19.233351 0.421477 2.538420
14.703937 19.093447 0.420651 2.538463
14.808553 18.954082 0.419848 2.538504
14.952845 18.865799 0.420195 2.538486
15.169238 18.866714 0.422564 2.538365
15.388080 18.867640 0.424980 2.538241
16.472788 19.912174 0.451087 2.536904
16.709139 19.913176 0.453741 2.536768
16.948299 19.914188 0.456449 2.536630
17.190361 19.915213 0.459212 2.536488
17.435366 19.916248 0.462032 2.536344
17.683409 19.917299 0.464909 2.536197
17.909430 19.890434 0.467189 2.536080
18.023596 19.738359 0.466561 2.536112
18.137468 19.586672 0.465957 2.536143
18.251047 19.435381 0.465378 2.536173
18.364347 19.284460 0.464823 2.536201
18.477385 19.133890 0.464291 2.536228
18.590168 18.983660 0.463784 2.536254
18.750521 18.881872 0.464484 2.536218
19.015291 18.882992 0.467766 2.536050
19.283842 18.884130 0.471118 2.535879
20.637918 19.929806 0.500787 2.534360
20.929649 19.931040 0.504478 2.534171
21.225752 19.932293 0.508248 2.533978
21.526302 19.933565 0.512100 2.533780
21.741581 19.852787 0.513911 2.533688
21.865475 19.687761 0.513579 2.533705
21.989214 19.522942 0.513271 2.533720
22.112822 19.358299 0.512989 2.533735
21.325239 18.407444 0.491725 2.534824
20.751402 17.660824 0.475639 2.535647
20.342241 17.069168 0.463518 2.536268
16.604279 13.736257 0.376150 2.540741
16.213617 13.223495 0.365200 2.541302
16.032442 12.890409 0.359083 2.541615
15.901019 12.602989 0.354161 2.541867
15.722204 12.283531 0.348259 2.542169
15.628571 12.035622 0.344316 2.542371
15.603339 11.843571 0.341930 2.542493
15.589489 11.662422 0.339834 2.542601
15.576067 11.483665 0.337785 2.542705
15.570008 11.312273 0.335933 2.542800
15.564063 11.142777 0.334118 2.542893
15.558228 10.975115 0.332340 2.542984
15.552503 10.809266 0.330598 2.543073
15.546883 10.645170 0.328890 2.543161
15.541368 10.482784 0.327217 2.543247
15.550958 10.332034 0.325893 2.543314
15.576972 10.193277 0.324939 2.543363
15.601014 10.054162 0.323968 2.543413
15.611318 9.907241 0.322738 2.543476
15.617790 9.759078 0.321455 2.543541
15.613396 9.605427 0.319977 2.543617
15.609081 9.453188 0.318528 2.543691
15.614043 9.307833 0.317295 2.543754
15.624269 9.166702 0.316195 2.543811
15.634412 9.026531 0.315117 2.543866
15.644450 8.887286 0.314062 2.543920
15.649405 8.746150 0.312928 2.543978
15.645530 8.601198 0.311642 2.544044
15.655266 8.464768 0.310651 2.544095
15.658150 8.325585 0.309547 2.544151
15.655923 8.184721 0.308366 2.544212
15.665864 8.051154 0.307447 2.544259
15.675826 7.918425 0.306550 2.544305
15.684361 7.785782 0.305647 2.544351
15.680943 7.648107 0.304532 2.544408
15.680528 7.512852 0.303498 2.544461
15.691254 7.383737 0.302701 2.544502
15.691193 7.250345 0.301716 2.544552
15.688019 7.116399 0.300692 2.544605
15.684904 6.983369 0.299691 2.544656
15.681848 6.851233 0.298711 2.544706
15.678848 6.719957 0.297753 2.544755
15.675906 6.589540 0.296816 2.544803
15.673020 6.459950 0.295900 2.544850
15.670189 6.331167 0.295005 2.544896
15.667412 6.203169 0.294131 2.544940
15.664688 6.075926 0.293276 2.544984
15.662018 5.949438 0.292441 2.545027
15.659399 5.823676 0.291626 2.545069
15.664968 5.701582 0.290981 2.545102
15.662733 5.577250 0.290210 2.545141
15.660542 5.453572 0.289456 2.545180
15.658396 5.330549 0.288722 2.545217
15.656294 5.208154 0.288006 2.545254
15.655975 5.086935 0.287339 2.545288
15.662530 4.968449 0.286816 2.545315
15.660300 4.847667 0.286149 2.545349
15.658117 4.727460 0.285499 2.545382
15.655980 4.607803 0.284866 2.545415
15.653889 4.488680 0.284251 2.545446
15.651841 4.370074 0.283653 2.545477
15.649838 4.251962 0.283072 2.545506
15.654180 4.136009 0.282621 2.545530
15.655791 4.019722 0.282137 2.545555
15.654138 3.903015 0.281609 2.545582
15.662413 3.789138 0.281275 2.545599
15.660620 3.673160 0.280776 2.545624
15.662958 3.558533 0.280365 2.545645
15.666303 3.444458 0.279988 2.545665
15.664836 3.329664 0.279539 2.545687
15.672184 3.217039 0.279263 2.545702
15.680214 3.104761 0.279013 2.545714
15.678855 2.990898 0.278610 2.545735
15.681455 2.878083 0.278293 2.545751
15.691179 2.766778 0.278116 2.545760
15.700889 2.655608 0.277952 2.545769
15.710668 2.544568 0.277804 2.545776
15.720470 2.433654 0.277670 2.545783
15.726209 2.322242 0.277479 2.545793
15.725090 2.210017 0.277180 2.545808
15.733139 2.099250 0.277057 2.545815
15.742193 1.988696 0.276965 2.545819
15.751149 1.878207 0.276885 2.545823
15.762826 1.768082 0.276867 2.545824
15.783690 1.658933 0.277023 2.545816
15.796563 1.548868 0.277052 2.545815
15.805841 1.438439 0.277032 2.545816
15.819823 1.328424 0.277108 2.545812
15.829907 1.218043 0.277129 2.545811
15.849170 1.108282 0.277324 2.545801
15.870344 0.998479 0.277566 2.545789
15.888391 0.888294 0.277766 2.545778
15.897814 0.777529 0.277829 2.545775
15.914329 0.667006 0.278030 2.545765
15.935798 0.556490 0.278330 2.545749
15.957194 0.445726 0.278643 2.545733
15.978106 0.334688 0.278960 2.545717
15.997909 0.223384 0.279272 2.545701
16.025887 0.111882 0.279740 2.545677
14.687224 -0.000000 -0.256366 2.573126
14.707458 -0.102679 -0.256726 2.573144
14.727667 -0.205651 -0.257097 2.573164
14.747956 -0.308926 -0.257483 2.573183
14.769418 -0.412547 -0.257902 2.573205
14.803988 -0.516967 -0.258562 2.573238
14.830903 -0.621599 -0.259102 2.573266
14.862160 -0.726881 -0.259730 2.573298
14.893503 -0.832676 -0.260373 2.573331
14.935521 -0.939664 -0.261216 2.573374
14.983222 -1.047729 -0.262172 2.573423
15.029774 -1.156478 -0.263121 2.573472
15.074022 -1.265801 -0.264044 2.573519
15.166123 -1.380226 -0.265820 2.573610
15.235023 -1.493807 -0.267204 2.573681
15.315155 -1.609688 -0.268800 2.573762
15.405005 -1.727948 -0.270582 2.573854
15.539022 -1.852916 -0.273156 2.573986
15.739617 -1.988376 -0.276920 2.574178
15.817061 -2.110447 -0.278535 2.574261
15.921525 -2.237625 -0.280642 2.574369
16.176792 -2.388781 -0.285429 2.574614
16.337713 -2.529212 -0.288573 2.574775
16.496681 -2.671880 -0.291703 2.574935
16.550270 -2.799269 -0.292989 2.575001
16.645130 -2.934986 -0.295024 2.575105
16.666410 -3.058859 -0.295772 2.575144
16.729973 -3.191413 -0.297289 2.575221
16.742420 -3.315089 -0.297914 2.575253
16.745163 -3.437289 -0.298382 2.575277
16.692539 -3.548109 -0.297879 2.575251
16.662817 -3.663558 -0.297797 2.575247
16.670776 -3.787508 -0.298405 2.575278
16.660078 -3.907586 -0.298695 2.575293
16.627272 -4.022561 -0.298603 2.575288
16.579096 -4.133633 -0.298248 2.575270
16.541620 -4.247167 -0.298100 2.575263
16.576859 -4.379795 -0.299279 2.575323
16.557409 -4.498549 -0.299488 2.575334
16.538500 -4.617632 -0.299722 2.575346
16.535347 -4.741435 -0.300257 2.575373
16.533213 -4.865989 -0.300828 2.575402
16.531725 -4.991222 -0.301427 2.575433
16.552366 -5.123814 -0.302449 2.575485
16.584906 -5.261042 -0.303707 2.575550
16.613129 -5.397933 -0.304906 2.575611
16.621012 -5.529075 -0.305752 2.575655
16.654625 -5.669697 -0.307091 2.575723
16.708954 -5.818674 -0.308834 2.575812
16.742210 -5.961633 -0.310211 2.575883
16.767838 -6.102994 -0.311467 2.575947
16.796167 -6.246439 -0.312796 2.576015
16.814213 -6.387121 -0.313955 2.576074
16.863789 -6.541033 -0.315726 2.576165
16.889698 -6.687105 -0.317077 2.576234
16.938734 -6.843693 -0.318887 2.576327
16.999912 -7.006858 -0.320952 2.576433
17.063572 -7.172866 -0.323091 2.576542
17.096315 -7.327491 -0.324672 2.576623
17.125582 -7.481983 -0.326212 2.576702
17.168602 -7.643955 -0.328040 2.576796
17.180187 -7.793279 -0.329292 2.576860
17.226130 -7.959590 -0.331230 2.576959
17.233545 -8.109491 -0.332453 2.577022
17.236126 -8.258168 -0.333607 2.577080
17.251783 -8.414258 -0.335039 2.577154
17.291159 -8.583405 -0.336959 2.577252
17.313862 -8.745861 -0.338583 2.577336
17.340078 -8.911591 -0.340304 2.577424
17.402632 -9.097877 -0.342770 2.577550
17.462872 -9.285174 -0.345225 2.577676
17.517609 -9.471736 -0.347606 2.577797
17.581951 -9.665760 -0.350213 2.577931
17.645380 -9.861670 -0.352839 2.578065
17.718176 -10.065326 -0.355691 2.578211
17.800447 -10.277093 -0.358775 2.578369
17.861332 -10.479181 -0.361468 2.578507
17.945425 -10.697621 -0.364672 2.578671
18.019051 -10.912726 -0.367707 2.578826
18.083313 -11.124928 -0.370595 2.578974
18.166775 -11.351861 -0.373920 2.579145
18.233582 -11.571384 -0.376949 2.579300
18.337141 -11.817480 -0.380786 2.579496
18.357185 -12.012607 -0.382934 2.579606
18.399082 -12.224322 -0.385579 2.579741
18.389374 -12.403790 -0.387181 2.579823
18.419701 -12.612233 -0.389664 2.579951
18.384226 -12.777369 -0.390791 2.580009
18.348909 -12.943732 -0.391952 2.580068
18.320219 -13.115991 -0.393285 2.580136
18.268709 -13.272995 -0.394159 2.580181
18.206223 -13.422786 -0.394823 2.580215
18.135208 -13.566869 -0.395328 2.580241
18.052471 -13.702573 -0.395600 2.580255
17.970398 -13.839071 -0.395909 2.580271
17.888939 -13.976372 -0.396254 2.580288
17.793518 -14.102969 -0.396312 2.580291
17.694557 -14.226789 -0.396310 2.580291
17.591856 -14.347569 -0.396244 2.580288
17.483181 -14.463346 -0.396061 2.580278
17.372673 -14.577403 -0.395853 2.580268
17.258734 -14.688334 -0.395584 2.580254
17.147009 -14.800900 -0.395382 2.580244
17.024366 -14.903708 -0.394944 2.580221
16.901554 -15.005903 -0.394515 2.580199
16.774195 -15.103553 -0.393994 2.580172
16.647072 -15.200866 -0.393491 2.580147
16.517017 -15.294925 -0.392932 2.580118
16.385036 -15.386575 -0.392338 2.580088
16.255428 -15.479837 -0.391812 2.580061
16.123837 -15.570609 -0.391251 2.580032
15.989536 -15.658112 -0.390635 2.580001
15.855047 -15.744743 -0.390026 2.579969
15.719102 -15.829227 -0.389391 2.579937
15.586070 -15.915973 -0.388838 2.579909
15.460024 -16.009323 -0.388473 2.579890
15.326768 -16.094694 -0.387938 2.579862
15.193626 -16.179569 -0.387418 2.579836
15.066219 -16.270037 -0.387056 2.579817
14.942038 -16.363621 -0.386791 2.579804
14.821953 -16.461447 -0.386648 2.579796
14.701456 -16.558651 -0.386511 2.579789
14.576468 -16.650566 -0.386272 2.579777
14.446551 -16.736492 -0.385916 2.579759
14.322344 -16.828699 -0.385727 2.579749
14.195029 -16.916979 -0.385470 2.579736
14.067866 -17.005131 -0.385231 2.579724
13.941259 -17.093674 -0.385023 2.579713
13.814099 -17.181276 -0.384814 2.579702
13.679033 -17.258646 -0.384399 2.579681
13.544250 -17.335852 -0.384003 2.579661
13.409144 -17.412130 -0.383610 2.579641
13.264780 -17.475702 -0.382960 2.579607
13.122863 -17.541693 -0.382390 2.579578
12.980451 -17.606256 -0.381812 2.579549
12.834007 -17.664495 -0.381123 2.579513
12.685767 -17.719294 -0.380385 2.579476
12.532971 -17.766621 -0.379513 2.579431
12.385570 -17.820499 -0.378808 2.579395
12.243505 -17.881189 -0.378272 2.579367
12.097092 -17.934677 -0.377608 2.579334
11.949621 -17.985628 -0.376915 2.579298
11.802497 -18.036106 -0.376237 2.579263
11.657392 -18.088732 -0.375628 2.579232
11.514469 -18.143904 -0.375095 2.579205
11.372057 -18.199097 -0.374585 2.579179
11.230404 -18.254763 -0.374108 2.579154
11.088120 -18.308662 -0.373617 2.579129
10.949807 -18.368473 -0.373269 2.579111
10.814017 -18.432049 -0.373017 2.579098
10.681453 -18.500820 -0.372891 2.579092
10.548964 -18.569536 -0.372782 2.579087
10.418047 -18.640900 -0.372746 2.579084
10.294462 -18.725557 -0.372993 2.579097
10.170700 -18.810320 -0.373257 2.579111
10.046769 -18.895226 -0.373541 2.579125
9.924360 -18.983553 -0.373909 2.579144
9.804109 -19.076733 -0.374387 2.579169
9.686750 -19.176508 -0.375008 2.579200
9.571003 -19.280663 -0.375729 2.579237
9.457438 -19.390621 -0.376576 2.579281
9.342695 -19.499710 -0.377419 2.579324
9.228683 -19.611956 -0.378335 2.579371
9.120008 -19.737509 -0.379520 2.579431
9.009371 -19.861048 -0.380677 2.579491
8.894588 -19.977571 -0.381710 2.579544
8.778881 -20.094067 -0.382756 2.579597
8.662819 -20.211874 -0.383839 2.579653
8.546067 -20.330296 -0.384945 2.579709
8.429839 -20.452322 -0.386132 2.579770
8.132710 -20.129164 -0.378949 2.579402
7.953278 -20.087688 -0.377114 2.579308
7.791764 -20.088369 -0.376097 2.579256
7.631111 -20.089046 -0.375103 2.579205
7.471300 -20.089720 -0.374132 2.579156
7.350548 -20.195467 -0.375137 2.579207
7.238554 -20.328226 -0.376655 2.579285
7.125645 -20.462070 -0.378204 2.579364
7.011797 -20.597025 -0.379784 2.579445
6.896990 -20.733118 -0.381396 2.579527
6.769862 -20.835493 -0.382401 2.579579
6.609621 -20.836168 -0.381557 2.579536
6.450078 -20.836840 -0.380735 2.579494
6.291213 -20.837509 -0.379936 2.579453
6.133009 -20.838177 -0.379158 2.579413
5.975441 -20.838840 -0.378402 2.579374
5.818492 -20.839500 -0.377667 2.579336
5.662145 -20.840160 -0.376953 2.579300
5.506379 -20.840816 -0.376261 2.579265
5.351181 -20.841471 -0.375589 2.579230
5.196524 -20.842121 -0.374938 2.579197
5.042396 -20.842772 -0.374307 2.579165
4.869112 -20.759571 -0.372193 2.579056
4.661423 -20.517336 -0.367258 2.578804
4.459163 -20.281435 -0.362469 2.578558
4.273066 -20.103193 -0.358742 2.578367
4.126719 -20.103809 -0.358230 2.578341
3.980782 -20.104425 -0.357737 2.578316
3.835239 -20.105038 -0.357263 2.578292
3.690078 -20.105650 -0.356807 2.578269
3.559152 -20.184958 -0.357765 2.578317
3.438856 -20.331745 -0.359932 2.578429
3.317088 -20.480328 -0.362144 2.578542
3.193807 -20.630754 -0.364401 2.578657
3.068977 -20.783072 -0.366704 2.578775
2.930511 -20.851673 -0.367544 2.578818
2.782290 -20.852299 -0.367204 2.578801
2.634335 -20.852922 -0.366882 2.578784
2.486633 -20.853544 -0.366579 2.578769
2.339170 -20.854166 -0.366294 2.578754
2.191926 -20.854788 -0.366027 2.578741
2.044890 -20.855408 -0.365778 2.578728
1.898046 -20.856028 -0.365548 2.578716
1.751379 -20.856646 -0.365335 2.578705
1.604879 -20.857264 -0.365141 2.578695
1.458525 -20.857880 -0.364965 2.578686
1.312305 -20.858498 -0.364806 2.578678
1.166204 -20.859114 -0.364666 2.578671
1.013203 -20.716476 -0.362040 2.578537
0.860599 -20.533274 -0.358724 2.578367
0.710756 -20.353384 -0.355486 2.578201
0.563586 -20.176704 -0.352323 2.578039
0.421441 -20.119434 -0.351263 2.577985
0.280945 -20.120026 -0.351231 2.577983
0.140471 -20.120619 -0.351215 2.577982
-0.000000 -20.121212 -0.351217 2.577982
-0.140480 -20.121803 -0.351236 2.577983
-0.282896 -20.259518 -0.353666 2.578108
-0.427980 -20.431475 -0.356711 2.578264
-0.575589 -20.606424 -0.359827 2.578423
-0.725810 -20.784470 -0.363015 2.578586
-0.874618 -20.867723 -0.364567 2.578666
-1.020633 -20.868340 -0.364694 2.578672
-1.166758 -20.868956 -0.364838 2.578680
-1.313002 -20.869574 -0.365000 2.578688
-1.459386 -20.870190 -0.365180 2.578697
-1.605922 -20.870810 -0.365378 2.578707
-1.752624 -20.871428 -0.365594 2.578718
-1.899507 -20.872047 -0.365829 2.578730
-2.046583 -20.872669 -0.366081 2.578743
-2.193871 -20.873291 -0.366352 2.578757
-2.341385 -20.873913 -0.366640 2.578772
-2.489139 -20.874537 -0.366948 2.578788
-2.637148 -20.875162 -0.367273 2.578804
-2.769283 -20.754810 -0.365487 2.578713
-2.896112 -20.606907 -0.363230 2.578597
-3.021390 -20.460812 -0.361018 2.578484
-3.145158 -20.316479 -0.358850 2.578373
-3.267454 -20.173861 -0.356725 2.578264
-3.405679 -20.135586 -0.356460 2.578251
-3.550555 -20.136198 -0.356901 2.578273
-3.695797 -20.136810 -0.357360 2.578297
-3.841421 -20.137424 -0.357838 2.578321
-3.996506 -20.183823 -0.359150 2.578388
-4.190286 -20.413481 -0.363748 2.578624
-4.389104 -20.649113 -0.368484 2.578866
-4.591517 -20.883413 -0.373228 2.579109
-4.744744 -20.884060 -0.373822 2.579139
-4.898467 -20.884710 -0.374437 2.579171
-5.052701 -20.885361 -0.375072 2.579204
-5.207469 -20.886015 -0.375727 2.579237
-5.362786 -20.886671 -0.376404 2.579272
-5.518672 -20.887329 -0.377101 2.579308
-5.675143 -20.887991 -0.377819 2.579344
-5.832217 -20.888655 -0.378558 2.579382
-5.989916 -20.889320 -0.379319 2.579421
-6.148259 -20.889990 -0.380101 2.579461
-6.307264 -20.890661 -0.380905 2.579502
-6.464331 -20.882872 -0.381577 2.579537
-6.581205 -20.746588 -0.379917 2.579452
-6.697075 -20.611477 -0.378289 2.579368
-6.811962 -20.477510 -0.376694 2.579287
-6.925890 -20.344664 -0.375131 2.579206
-7.038882 -20.212910 -0.373599 2.579128
-7.175630 -20.151510 -0.373381 2.579117
-7.334795 -20.152184 -0.374333 2.579166
-7.494782 -20.152859 -0.375308 2.579216
-7.655612 -20.153538 -0.376307 2.579267
-7.875213 -20.303505 -0.380124 2.579462
-8.183276 -20.668596 -0.388020 2.579867
-8.444023 -20.899691 -0.393455 2.580145
-8.614529 -20.900410 -0.394592 2.580203
-8.786030 -20.901134 -0.395754 2.580262
-8.958553 -20.901865 -0.396942 2.580323
-9.132120 -20.902597 -0.398157 2.580385
-9.306766 -20.903336 -0.399399 2.580449
-9.482512 -20.904079 -0.400668 2.580514
-9.659388 -20.904827 -0.401965 2.580581
-9.805795 -20.838369 -0.401994 2.580582
-9.909008 -20.681696 -0.400296 2.580495
-10.016896 -20.537680 -0.398853 2.580421
-10.107804 -20.362038 -0.396803 2.580316
-10.212014 -20.216349 -0.395343 2.580241
-10.324320 -20.088949 -0.394252 2.580186
-10.426068 -19.943230 -0.392811 2.580112
-10.540108 -19.823059 -0.391884 2.580064
-10.667980 -19.730015 -0.391507 2.580045
-10.787360 -19.622133 -0.390851 2.580011
-10.901093 -19.505205 -0.390029 2.579969
-11.023666 -19.405163 -0.389558 2.579945
-11.150065 -19.312479 -0.389250 2.579930
-11.272999 -19.214359 -0.388849 2.579909
-11.386870 -19.101648 -0.388168 2.579874
-11.511354 -19.007502 -0.387878 2.579859
-11.622807 -18.892603 -0.387180 2.579823
-11.729432 -18.771013 -0.386357 2.579781
-11.822596 -18.629429 -0.385132 2.579719
-11.932374 -18.515417 -0.384488 2.579686
-12.016275 -18.362791 -0.383051 2.579612
-12.097021 -18.207481 -0.381564 2.579536
-12.181068 -18.059177 -0.380229 2.579468
-12.250229 -17.891006 -0.378480 2.579378
-12.317577 -17.722670 -0.376729 2.579288
-12.384116 -17.555601 -0.375006 2.579200
-12.452848 -17.393955 -0.373401 2.579118
-12.510365 -17.219040 -0.371512 2.579021
-12.567330 -17.045910 -0.369661 2.578927
-12.632957 -16.886820 -0.368114 2.578847
-12.698913 -16.730196 -0.366624 2.578771
-12.759740 -16.568859 -0.365031 2.578690
-12.835574 -16.428785 -0.363911 2.578632
-12.905622 -16.282835 -0.362665 2.578568
-12.974463 -16.136976 -0.361425 2.578505
-13.033765 -15.980976 -0.359960 2.578430
-13.108042 -15.844897 -0.358947 2.578378
-13.169811 -15.695169 -0.357630 2.578310
-13.241667 -15.558901 -0.356622 2.578259
-13.303665 -15.412442 -0.355386 2.578196
-13.362926 -15.264348 -0.354113 2.578130
-13.414561 -15.109179 -0.352678 2.578057
-13.467913 -14.957632 -0.351326 2.577988
-13.510715 -14.796115 -0.349740 2.577907
-13.552406 -14.635265 -0.348166 2.577826
-13.590633 -14.472555 -0.346544 2.577743
-13.628952 -14.311806 -0.344964 2.577662
-13.667851 -14.153474 -0.343440 2.577584
-13.702229 -13.992250 -0.341840 2.577502
-13.730077 -13.826264 -0.340119 2.577414
-13.740239 -13.644649 -0.338003 2.577306
-13.745512 -13.460597 -0.335812 2.577193
-13.755795 -13.283817 -0.333790 2.577090
-13.768294 -13.111365 -0.331864 2.576991
-13.765368 -12.926539 -0.329610 2.576876
-13.783943 -12.764072 -0.327913 2.576789
-13.782416 -12.585073 -0.325779 2.576680
-13.803573 -12.428792 -0.324220 2.576600
-13.816214 -12.266604 -0.322497 2.576512
-13.819217 -12.097809 -0.320588 2.576414
-13.820228 -11.929302 -0.318672 2.576316
-13.825583 -11.766490 -0.316893 2.576225
-13.839582 -11.612788 -0.315348 2.576146
-13.858381 -11.464646 -0.313945 2.576074
-13.875375 -11.316479 -0.312533 2.576002
-13.879132 -11.159110 -0.310855 2.575916
-13.887146 -11.006814 -0.309306 2.575836
-13.903208 -10.862376 -0.307967 2.575768
-13.908476 -10.710964 -0.306420 2.575689
-13.913150 -10.560654 -0.304891 2.575610
-13.942931 -10.430646 -0.303941 2.575562
-13.980355 -10.307204 -0.303180 2.575523
-14.010813 -10.179451 -0.302292 2.575477
-14.059912 -10.065905 -0.301828 2.575454
-14.097926 -9.944991 -0.301146 2.575419
-14.147720 -9.832923 -0.300736 2.575397
-14.194660 -9.719284 -0.300284 2.575375
-14.274231 -9.628090 -0.300538 2.575387
-14.337004 -9.525479 -0.300453 2.575383
-14.403533 -9.425406 -0.300460 2.575383
-14.475145 -9.328595 -0.300588 2.575390
-14.543511 -9.229590 -0.300663 2.575394
-14.600783 -9.123582 -0.300523 2.575387
-14.668231 -9.023952 -0.300607 2.575391
-14.714388 -8.911349 -0.300270 2.575374
-14.764839 -8.801612 -0.300039 2.575362
-14.808919 -8.688339 -0.299695 2.575344
-14.850432 -8.573901 -0.299316 2.575325
-14.906615 -8.468132 -0.299249 2.575321
-14.935115 -8.346952 -0.298645 2.575290
-14.979118 -8.234840 -0.298368 2.575276
-15.017820 -8.120103 -0.298002 2.575258
-15.064313 -8.009837 -0.297808 2.575248
-15.099692 -7.893925 -0.297410 2.575227
-15.144814 -7.783376 -0.297222 2.575218
-15.185324 -7.670660 -0.296958 2.575204
-15.215784 -7.553178 -0.296516 2.575181
-15.259335 -7.442474 -0.296344 2.575173
-15.295864 -7.328547 -0.296053 2.575158
-15.344170 -7.220417 -0.296005 2.575155
-15.392645 -7.112401 -0.295975 2.575154
-15.433656 -7.001014 -0.295817 2.575146
-15.469736 -6.887570 -0.295579 2.575134
-15.508584 -6.775530 -0.295411 2.575125
-15.563578 -6.670557 -0.295564 2.575133
-15.617907 -6.565165 -0.295718 2.575141
-15.666841 -6.457404 -0.295784 2.575144
-15.715962 -6.349661 -0.295867 2.575148
-15.768704 -6.243268 -0.296032 2.575157
-15.818525 -6.135601 -0.296156 2.575163
-15.861662 -6.025281 -0.296169 2.575164
-15.917630 -5.919712 -0.296435 2.575177
-15.966928 -5.811486 -0.296590 2.575185
-16.020161 -5.704519 -0.296832 2.575198
-16.086321 -5.601849 -0.297326 2.575223
-16.128126 -5.490463 -0.297383 2.575226
-16.182529 -5.383209 -0.297686 2.575242
-16.240183 -5.276755 -0.298062 2.575261
-16.292776 -5.168370 -0.298357 2.575276
-16.343683 -5.059214 -0.298636 2.575290
-16.397020 -4.950553 -0.298971 2.575307
-16.452084 -4.842109 -0.299352 2.575327
-16.505850 -4.732976 -0.299721 2.575346
-16.561102 -4.623940 -0.300131 2.575367
-16.615393 -4.514301 -0.300537 2.575387
-16.654846 -4.400401 -0.300687 2.575395
-16.712236 -4.290971 -0.301175 2.575420
-16.758018 -4.178243 -0.301467 2.575435
-16.810465 -4.066876 -0.301892 2.575457
-16.864122 -3.955443 -0.302353 2.575480
-16.914093 -3.842789 -0.302760 2.575501
-16.968313 -3.730724 -0.303257 2.575527
-17.002459 -3.613984 -0.303409 2.575535
-17.040100 -3.497827 -0.303638 2.575546
-17.083549 -3.382633 -0.303984 2.575564
-17.117790 -3.265394 -0.304180 2.575574
-17.153006 -3.148163 -0.304408 2.575586
-17.189270 -3.030932 -0.304668 2.575599
-17.227411 -2.913796 -0.304976 2.575615
-17.272516 -2.797536 -0.305422 2.575637
-17.299080 -2.678040 -0.305553 2.575644
-17.330645 -2.559165 -0.305788 2.575656
-17.368595 -2.440997 -0.306149 2.575675
-17.402388 -2.321971 -0.306452 2.575690
-17.428438 -2.201723 -0.306632 2.575700
-17.466757 -2.082785 -0.307043 2.575721
-17.505169 -1.963517 -0.307470 2.575742
-17.535511 -1.843056 -0.307769 2.575758
-17.571407 -1.722888 -0.308181 2.575779
-17.610706 -1.602699 -0.308666 2.575804
-17.644424 -1.481644 -0.309069 2.575824
-17.676701 -1.360146 -0.309460 2.575844
-17.721325 -1.239196 -0.310082 2.575876
-17.752962 -1.116919 -0.310492 2.575897
-17.789967 -0.994612 -0.311010 2.575924
-17.834507 -0.872254 -0.311675 2.575958
-17.882378 -0.749492 -0.312412 2.575995
-17.926462 -0.626006 -0.313098 2.576030
-17.959696 -0.501657 -0.313610 2.576057
-18.009750 -0.377249 -0.314430 2.576099
-18.058556 -0.252162 -0.315244 2.576140
-18.112082 -0.126446 -0.316155 2.576187
-18.171221 0.000000 -0.317180 2.576240
-18.229515 0.127271 -0.318205 2.576292
-18.278429 0.255233 -0.319082 2.576337
-18.337557 0.384116 -0.320153 2.576392
-18.397455 0.513890 -0.321254 2.576448
-18.460251 0.644646 -0.322421 2.576508
-18.526690 0.776502 -0.323668 2.576572
-18.582352 0.908830 -0.324744 2.576627
-18.655735 1.043017 -0.326146 2.576699
-18.714243 1.177402 -0.327304 2.576758
-18.778122 1.313094 -0.328574 2.576823
-18.861410 1.451310 -0.330200 2.576906
-18.917656 1.588561 -0.331371 2.576966
-18.998287 1.728979 -0.332987 2.577049
-19.068758 1.869710 -0.334443 2.577123
-19.138147 2.011501 -0.335898 2.577198
-19.204603 2.154145 -0.337320 2.577271
-19.264450 2.297148 -0.338644 2.577339
-19.335066 2.442586 -0.340177 2.577417
-19.408482 2.589647 -0.341779 2.577499
-19.468138 2.736069 -0.343157 2.577570
-19.540663 2.885518 -0.344782 2.577653
-19.611872 3.036079 -0.346404 2.577736
-19.678659 3.187247 -0.347968 2.577816
-19.749296 3.340346 -0.349621 2.577900
-19.815165 3.493948 -0.351211 2.577982
-19.874949 3.647739 -0.352713 2.578059
-19.934685 3.802746 -0.354236 2.578137
-20.005157 3.961127 -0.355971 2.578226
-20.061142 4.117963 -0.357470 2.578302
-20.125145 4.277732 -0.359134 2.578388
-20.186596 4.438314 -0.360774 2.578472
-20.246624 4.599922 -0.362412 2.578555
-20.298073 4.760869 -0.363919 2.578633
-20.343960 4.921725 -0.365349 2.578706
-20.388144 5.083335 -0.366771 2.578779
-20.419868 5.242935 -0.367991 2.578841
-20.441378 5.400846 -0.369049 2.578895
-20.471050 5.561860 -0.370277 2.578958
-20.497360 5.722968 -0.371467 2.579019
-20.510319 5.881239 -0.372436 2.579069
-20.516439 6.038321 -0.373304 2.579113
-20.527815 6.197714 -0.374289 2.579164
-20.535042 6.356657 -0.375221 2.579211
-20.533010 6.513457 -0.376006 2.579252
-20.524376 6.668774 -0.376691 2.579287
-20.512489 6.823601 -0.377338 2.579320
-20.493292 6.976487 -0.377871 2.579347
-20.476957 7.130830 -0.378479 2.579378
-20.456964 7.284400 -0.379040 2.579407
-20.427816 7.435117 -0.379453 2.579428
-20.399105 7.586363 -0.379894 2.579451
-20.365730 7.736217 -0.380269 2.579470
-20.334246 7.887134 -0.380700 2.579492
-20.305817 8.039644 -0.381209 2.579518
-20.259932 8.185544 -0.381411 2.579528
-20.219196 8.333755 -0.381730 2.579545
-20.176706 8.481508 -0.382037 2.579560
-20.131296 8.628284 -0.382308 2.579574
-20.081915 8.773576 -0.382524 2.579585
-20.029903 8.917888 -0.382710 2.579595
-19.978498 9.062654 -0.382928 2.579606
-19.927547 9.207821 -0.383174 2.579618
-19.867748 9.349052 -0.383270 2.579623
-19.807503 9.490168 -0.383376 2.579629
-19.750118 9.632777 -0.383558 2.579638
-19.682631 9.770547 -0.383563 2.579638
-19.615820 9.908666 -0.383599 2.579640
-19.550859 10.047775 -0.383692 2.579645
-19.482372 10.185141 -0.383734 2.579647
-19.408237 10.319543 -0.383683 2.579644
-19.334284 10.454012 -0.383655 2.579643
-19.256973 10.586612 -0.383578 2.579639
-19.182653 10.720822 -0.383579 2.579639
-19.109106 10.855486 -0.383614 2.579641
-19.029066 10.986437 -0.383538 2.579637
-18.949282 11.117482 -0.383485 2.579634
-18.867735 11.247430 -0.383414 2.579631
-18.781883 11.374712 -0.383274 2.579623
-18.694262 11.500790 -0.383115 2.579615
-18.604897 11.625629 -0.382938 2.579606
-18.519634 11.752922 -0.382862 2.579602
-18.432039 11.878640 -0.382757 2.579597
-18.344027 12.003993 -0.382660 2.579592
-18.252762 12.127109 -0.382513 2.579585
-18.160072 12.249124 -0.382353 2.579576
-18.062550 12.367690 -0.382109 2.579564
-17.963455 12.484928 -0.381847 2.579551
-17.864475 12.602000 -0.381604 2.579538
-17.755409 12.711628 -0.381160 2.579515
-17.640743 12.816751 -0.380610 2.579487
-17.530523 12.924621 -0.380170 2.579465
-17.424440 13.035149 -0.379834 2.579448
-17.312679 13.141038 -0.379388 2.579425
-17.203308 13.248334 -0.379009 2.579405
-17.085123 13.348361 -0.378449 2.579376
-16.962191 13.444072 -0.377796 2.579343
-16.832926 13.534021 -0.377012 2.579303
-16.702642 13.622341 -0.376215 2.579262
-16.569302 13.707321 -0.375358 2.579218
-16.424238 13.781573 -0.374242 2.579161
-16.287769 13.861982 -0.373329 2.579114
-16.198957 13.982568 -0.373521 2.579124
-16.115398 14.107964 -0.373857 2.579141
-16.033478 14.235191 -0.374253 2.579162
-15.951410 14.362715 -0.374668 2.579183
-15.871701 14.492860 -0.375164 2.579208
-15.797499 14.628646 -0.375815 2.579242
-15.723021 14.764898 -0.376486 2.579276
-15.652233 14.905423 -0.377273 2.579316
-15.580992 15.046389 -0.378079 2.579358
-15.517255 15.195623 -0.379097 2.579410
-15.453982 15.346470 -0.380160 2.579464
-15.391932 15.499763 -0.381286 2.579522
-15.329695 15.654173 -0.382442 2.579581
-15.271332 15.813928 -0.383731 2.579647
-15.209189 15.971228 -0.384962 2.579710
-15.153627 16.136976 -0.386398 2.579783
-15.106796 16.313854 -0.388098 2.579871
-15.067307 16.500811 -0.390034 2.579970
-15.025331 16.687321 -0.391954 2.580068
-14.992486 16.886450 -0.394163 2.580181
-14.964918 17.094290 -0.396566 2.580304
-14.940804 17.309088 -0.399119 2.580435
-14.920225 17.531210 -0.401829 2.580574
-14.903813 17.761673 -0.404717 2.580721
-14.884031 17.991709 -0.407581 2.580868
-14.866669 18.228340 -0.410580 2.581022
-14.858583 18.480349 -0.413910 2.581192
-14.849245 18.735088 -0.417283 2.581365
-14.741988 18.868885 -0.417961 2.581399
-14.638762 19.008827 -0.418787 2.581442
-14.535127 19.149324 -0.419636 2.581485
-14.431065 19.290401 -0.420510 2.581530
-14.326560 19.432079 -0.421407 2.581576
-14.221607 19.574364 -0.422330 2.581623
-14.116185 19.717285 -0.423277 2.581672
-13.955222 19.782791 -0.422581 2.581636
-13.750003 19.783659 -0.420539 2.581532
-13.546740 19.784519 -0.418536 2.581429
-13.345401 19.785370 -0.416573 2.581328
-13.145925 19.786215 -0.414649 2.581230
-12.948281 19.787050 -0.412762 2.581133
-12.752419 19.787880 -0.410912 2.581039
-12.558288 19.788700 -0.409098 2.580946
-11.789672 18.867418 -0.388341 2.579883
-11.536985 18.753109 -0.384321 2.579677
-11.357744 18.753866 -0.382702 2.579594
-11.179997 18.754620 -0.381116 2.579513
-11.022409 18.787247 -0.380206 2.579467
-10.923918 18.920780 -0.381355 2.579525
-10.824820 19.055138 -0.382531 2.579586
-10.725109 19.190325 -0.383732 2.579647
-10.624764 19.326372 -0.384960 2.579710
-10.523767 19.463306 -0.386215 2.579774
-10.422109 19.601135 -0.387497 2.579840
-10.319764 19.739897 -0.388806 2.579907
-10.175188 19.798779 -0.388557 2.579894
-10.001454 19.799513 -0.387192 2.579824
-9.828922 19.800241 -0.385855 2.579756
-9.657577 19.800966 -0.384545 2.579689
-9.487374 19.801685 -0.383264 2.579623
-9.318301 19.802401 -0.382009 2.579559
-9.150323 19.803110 -0.380781 2.579496
-8.983407 19.803816 -0.379580 2.579434
-8.817539 19.804518 -0.378404 2.579374
-8.599861 19.684315 -0.374951 2.579197
-8.219995 19.178690 -0.364218 2.578648
-7.889565 18.768530 -0.355374 2.578195
-7.736094 18.769178 -0.354355 2.578143
-7.583501 18.769823 -0.353359 2.578092
-7.431749 18.770466 -0.352385 2.578042
-7.280830 18.771103 -0.351435 2.577993
-7.172704 18.882275 -0.352570 2.578052
-7.072687 19.017889 -0.354171 2.578134
-6.971756 19.154743 -0.355805 2.578217
-6.869882 19.292879 -0.357471 2.578302
-6.767047 19.432316 -0.359171 2.578389
-6.663225 19.573092 -0.360904 2.578478
-6.558387 19.715246 -0.362672 2.578569
-6.438145 19.814573 -0.363664 2.578619
-6.285753 19.815216 -0.362861 2.578578
-6.134031 19.815857 -0.362080 2.578538
-5.982954 19.816496 -0.361320 2.578500
-5.832497 19.817131 -0.360580 2.578462
-5.682652 19.817764 -0.359861 2.578425
-5.533391 19.818396 -0.359162 2.578389
-5.384708 19.819023 -0.358483 2.578354
-5.236578 19.819649 -0.357825 2.578321
-5.088978 19.820272 -0.357186 2.578288
-4.941904 19.820894 -0.356567 2.578256
-4.745794 19.616753 -0.352290 2.578037
-4.535363 19.336649 -0.346682 2.577750
-4.331532 19.065329 -0.341267 2.577473
-4.133960 18.802340 -0.336035 2.577205
-3.992873 18.784992 -0.335219 2.577163
-3.856126 18.785570 -0.334740 2.577139
-3.719750 18.786146 -0.334280 2.577115
-3.583754 18.786718 -0.333837 2.577092
-3.451149 18.803846 -0.333705 2.577086
-3.341777 18.952160 -0.335914 2.577199
-3.230941 19.102457 -0.338170 2.577314
-3.118592 19.254808 -0.340474 2.577432
-3.004705 19.409245 -0.342825 2.577553
-2.889229 19.565838 -0.345226 2.577676
-2.772118 19.724648 -0.347679 2.577801
-2.645967 19.830587 -0.349212 2.577880
-2.505254 19.831182 -0.348906 2.577864
-2.364791 19.831776 -0.348617 2.577849
-2.224554 19.832367 -0.348346 2.577835
-2.084528 19.832958 -0.348092 2.577822
-1.944698 19.833548 -0.347856 2.577810
-1.805041 19.834137 -0.347637 2.577799
-1.665564 19.834726 -0.347435 2.577789
-1.526242 19.835314 -0.347250 2.577779
-1.387061 19.835901 -0.347082 2.577771
-1.248008 19.836489 -0.346932 2.577763
-1.109058 19.837074 -0.346798 2.577756
-0.960575 19.640482 -0.343236 2.577574
-0.815059 19.446774 -0.339743 2.577395
-0.672468 19.256958 -0.336336 2.577220
-0.532700 19.070902 -0.333014 2.577050
-0.395651 18.888462 -0.329772 2.576884
-0.262521 18.800735 -0.328200 2.576804
-0.131258 18.801291 -0.328186 2.576803
0.000000 18.801844 -0.328187 2.576803
0.131266 18.802399 -0.328205 2.576804
0.262562 18.802952 -0.328239 2.576806
0.395115 18.862398 -0.329317 2.576861
0.532224 19.053825 -0.332715 2.577035
0.672199 19.249252 -0.336202 2.577214
0.815146 19.448830 -0.339779 2.577397
0.961185 19.652727 -0.343450 2.577585
1.109592 19.846434 -0.346962 2.577764
1.248671 19.847021 -0.347116 2.577772
1.387880 19.847609 -0.347287 2.577781
1.527234 19.848196 -0.347476 2.577791
1.666756 19.848783 -0.347681 2.577801
1.806439 19.849373 -0.347904 2.577813
1.946308 19.849962 -0.348144 2.577825
2.086378 19.850554 -0.348401 2.577838
2.226661 19.851145 -0.348676 2.577852
2.367183 19.851738 -0.348968 2.577867
2.507937 19.852331 -0.349278 2.577883
2.648948 19.852926 -0.349605 2.577900
2.776363 19.754848 -0.348211 2.577828
2.893448 19.594406 -0.345731 2.577701
3.008891 19.436213 -0.343302 2.577577
3.122720 19.280230 -0.340923 2.577455
3.234988 19.126385 -0.338594 2.577336
3.345738 18.974621 -0.336313 2.577219
3.455010 18.824883 -0.334078 2.577105
3.589537 18.816980 -0.334374 2.577120
3.725981 18.817554 -0.334839 2.577144
3.862810 18.818132 -0.335321 2.577168
4.000041 18.818710 -0.335820 2.577194
4.137688 18.819292 -0.336338 2.577220
4.334519 19.078426 -0.341502 2.577485
4.540254 19.357452 -0.347055 2.577769
4.752802 19.645718 -0.352810 2.578064
4.952311 19.862635 -0.357317 2.578295
5.100015 19.863256 -0.357960 2.578327
5.248271 19.863880 -0.358623 2.578362
5.397072 19.864508 -0.359306 2.578396
5.546449 19.865137 -0.360009 2.578432
5.696418 19.865768 -0.360732 2.578470
5.846999 19.866404 -0.361476 2.578508
5.998220 19.867041 -0.362241 2.578547
6.150079 19.867680 -0.363027 2.578587
6.302606 19.868322 -0.363834 2.578628
6.455820 19.868969 -0.364662 2.578671
6.575420 19.766449 -0.363614 2.578617
6.681139 19.625694 -0.361874 2.578528
6.785847 19.486282 -0.360168 2.578441
6.889577 19.348173 -0.358496 2.578355
6.992354 19.211334 -0.356856 2.578271
7.094199 19.075733 -0.355249 2.578189
7.195144 18.941332 -0.353673 2.578108
7.304702 18.832634 -0.352587 2.578052
7.456623 18.833275 -0.353565 2.578103
7.609397 18.833918 -0.354565 2.578154
7.763045 18.834564 -0.355589 2.578206
7.917603 18.835217 -0.356636 2.578260
8.265745 19.285416 -0.366244 2.578752
8.658051 19.817492 -0.377488 2.579327
8.850725 19.879055 -0.379828 2.579447
9.017856 19.879757 -0.381035 2.579509
9.186073 19.880466 -0.382269 2.579572
9.355378 19.881178 -0.383529 2.579637
9.525811 19.881897 -0.384816 2.579702
9.697401 19.882618 -0.386131 2.579770
9.870176 19.883347 -0.387474 2.579839
10.044179 19.884079 -0.388845 2.579909
10.219413 19.884815 -0.390246 2.579981
10.351718 19.801004 -0.390010 2.579968
10.455152 19.663279 -0.388725 2.579903
10.557911 19.526451 -0.387468 2.579838
10.660020 19.390490 -0.386237 2.579775
10.761480 19.255390 -0.385033 2.579714
10.862314 19.121126 -0.383856 2.579653
10.962538 18.987673 -0.382704 2.579594
11.062167 18.855011 -0.381577 2.579537
11.236379 18.849186 -0.383037 2.579612
11.415936 18.849941 -0.384663 2.579695
11.597034 18.850704 -0.386321 2.579780
12.088194 19.345154 -0.398174 2.580386
12.625712 19.894943 -0.411295 2.581058
12.821958 19.895769 -0.413152 2.581153
13.019978 19.896603 -0.415047 2.581250
13.219833 19.897444 -0.416980 2.581349
13.421568 19.898293 -0.418951 2.581450
13.625229 19.899149 -0.420961 2.581553
13.830879 19.900013 -0.423012 2.581658
14.038539 19.900887 -0.425104 2.581765
14.165220 19.785765 -0.424747 2.581747
14.271944 19.643646 -0.423824 2.581700
14.378211 19.502134 -0.422927 2.581654
14.484041 19.361204 -0.422053 2.581609
14.589433 19.220860 -0.421204 2.581566
14.694406 19.081070 -0.420378 2.581523
14.798972 18.941820 -0.419576 2.581482
14.952068 18.864819 -0.420173 2.581513
15.168446 18.865728 -0.422541 2.581634
15.387271 18.866650 -0.424958 2.581758
16.471918 19.911123 -0.451063 2.583094
16.708250 19.912117 -0.453717 2.583230
16.947393 19.913122 -0.456425 2.583369
17.189436 19.914141 -0.459188 2.583510
17.434422 19.915171 -0.462007 2.583655
17.682446 19.916214 -0.464883 2.583802
17.898029 19.877775 -0.466891 2.583905
18.012138 19.725811 -0.466264 2.583873
18.125956 19.574238 -0.465661 2.583842
18.239473 19.423058 -0.465083 2.583812
18.352716 19.272247 -0.464528 2.583784
18.465696 19.121788 -0.463998 2.583757
18.578423 18.971663 -0.463491 2.583731
18.749445 18.880787 -0.464458 2.583780
19.014193 18.881901 -0.467739 2.583948
19.282721 18.883030 -0.471090 2.584120
14.854355 14.344684 -0.360447 2.578455
14.355247 13.670320 -0.346011 2.577716
13.994022 13.141253 -0.335085 2.577156
13.784295 12.764392 -0.327921 2.576790
13.720741 12.528755 -0.324321 2.576605
13.693740 12.329898 -0.321640 2.576468
13.639606 12.109812 -0.318375 2.576301
13.603521 11.908975 -0.315584 2.576158
13.588753 11.729491 -0.313334 2.576043
13.617854 11.589700 -0.312132 2.575981
13.663509 11.465046 -0.311336 2.575940
13.704825 11.337620 -0.310467 2.575896
13.737159 11.203746 -0.309420 2.575842
13.755276 11.059521 -0.308081 2.575774
13.773192 10.916494 -0.306768 2.575706
13.790929 10.774654 -0.305480 2.575641
13.808529 10.634001 -0.304218 2.575576
13.825892 10.494416 -0.302979 2.575512
13.845935 10.358078 -0.301826 2.575454
13.874985 10.229518 -0.300895 2.575406
13.903874 10.101755 -0.299985 2.575359
13.932582 9.974751 -0.299095 2.575314
13.961090 9.848458 -0.298223 2.575269
13.989360 9.722854 -0.297370 2.575225
14.017403 9.597913 -0.296535 2.575182
14.034459 9.466362 -0.295490 2.575129
14.050447 9.335096 -0.294447 2.575076
14.066373 9.204769 -0.293427 2.575023
14.082088 9.075282 -0.292426 2.574972
14.097654 8.946641 -0.291445 2.574922
14.113082 8.818832 -0.290484 2.574873
14.118563 8.685800 -0.289342 2.574814
14.124589 8.554149 -0.288235 2.574758
14.139678 8.428935 -0.287335 2.574712
14.143676 8.298043 -0.286232 2.574655
14.150314 8.169688 -0.285205 2.574602
14.164930 8.046803 -0.284360 2.574559
14.168262 7.918367 -0.283310 2.574505
14.174720 7.792614 -0.282345 2.574456
14.188965 7.671942 -0.281555 2.574415
14.192416 7.546241 -0.280571 2.574365
14.197974 7.422523 -0.279650 2.574318
14.203224 7.299460 -0.278743 2.574272
14.206485 7.176208 -0.277817 2.574224
14.217972 7.057860 -0.277071 2.574186
14.219661 6.935391 -0.276153 2.574139
14.221306 6.813710 -0.275255 2.574093
14.222909 6.692787 -0.274375 2.574048
14.234164 6.577104 -0.273699 2.574013
14.235781 6.457634 -0.272857 2.573970
14.242273 6.341069 -0.272126 2.573933
14.247286 6.224488 -0.271385 2.573895
14.248689 6.106990 -0.270593 2.573854
14.250051 5.990166 -0.269818 2.573815
14.251375 5.873991 -0.269060 2.573776
14.252661 5.758449 -0.268319 2.573738
14.260393 5.646091 -0.267716 2.573707
14.267331 5.533927 -0.267114 2.573676
14.268567 5.420116 -0.266423 2.573641
14.269762 5.306875 -0.265747 2.573606
14.270919 5.194190 -0.265086 2.573572
14.277924 5.084141 -0.264551 2.573545
14.278954 4.972453 -0.263920 2.573513
14.279948 4.861287 -0.263305 2.573481
14.280908 4.750624 -0.262705 2.573450
14.281832 4.640449 -0.262119 2.573421
14.283025 4.530844 -0.261554 2.573391
14.294615 4.424917 -0.261194 2.573373
14.298979 4.317112 -0.260717 2.573349
14.299795 4.208657 -0.260190 2.573322
14.304312 4.101695 -0.259745 2.573299
14.305036 3.994039 -0.259245 2.573273
14.305727 3.886775 -0.258760 2.573248
14.306386 3.779907 -0.258288 2.573224
14.314951 3.675453 -0.257973 2.573208
14.325943 3.571859 -0.257716 2.573195
14.326507 3.465948 -0.257284 2.573173
14.328259 3.360658 -0.256888 2.573153
14.339226 3.257789 -0.256671 2.573142
14.346470 3.154274 -0.256400 2.573128
14.346909 3.049529 -0.256021 2.573108
14.351397 2.945920 -0.255728 2.573093
14.361163 2.843582 -0.255542 2.573084
14.366391 2.740532 -0.255288 2.573071
14.366709 2.636783 -0.254960 2.573054
14.374495 2.534611 -0.254778 2.573045
14.384996 2.433041 -0.254657 2.573038
14.391315 2.330879 -0.254475 2.573029
14.400840 2.229364 -0.254362 2.573023
14.410382 2.127938 -0.254262 2.573018
14.419870 2.026580 -0.254173 2.573014
14.429280 1.925278 -0.254096 2.573010
14.438657 1.824022 -0.254031 2.573006
14.447998 1.722816 -0.253977 2.573004
14.457308 1.621645 -0.253936 2.573001
14.466586 1.520499 -0.253906 2.573000
14.475884 1.419374 -0.253889 2.572999
14.485499 1.318279 -0.253890 2.572999
14.505616 1.218067 -0.254088 2.573009
14.518355 1.117125 -0.254168 2.573013
14.528366 1.015922 -0.254213 2.573015
14.540037 0.914783 -0.254299 2.573020
14.549191 0.813421 -0.254354 2.573023
14.566304 0.712408 -0.254560 2.573033
14.585607 0.611316 -0.254816 2.573047
14.602157 0.509918 -0.255037 2.573058
14.620530 0.408390 -0.255302 2.573071
14.631067 0.306472 -0.255442 2.573079
14.646851 0.204519 -0.255687 2.573091
14.666990 0.102395 -0.256020 2.573108
13.475261 -0.000000 -0.706208 2.596158
13.490517 -0.094183 -0.707025 2.596200
13.497997 -0.188480 -0.707469 2.596222
13.516937 -0.283140 -0.708548 2.596278
13.540515 -0.378221 -0.709905 2.596347
13.559726 -0.473516 -0.711068 2.596406
13.576547 -0.569026 -0.712141 2.596462
13.585678 -0.664451 -0.712846 2.596498
13.592796 -0.759955 -0.713481 2.596530
13.622184 -0.857035 -0.715320 2.596624
13.656530 -0.954958 -0.717456 2.596734
13.693444 -1.053653 -0.719764 2.596852
13.736552 -1.153491 -0.722436 2.596989
13.777843 -1.253882 -0.725050 2.597123
13.819024 -1.354967 -0.727697 2.597258
13.845803 -1.455253 -0.729625 2.597357
13.878053 -1.556673 -0.731879 2.597472
13.922134 -1.660114 -0.734797 2.597622
13.944330 -1.761579 -0.736600 2.597714
13.970645 -1.864082 -0.738659 2.597819
14.001301 -1.967755 -0.740988 2.597939
14.032075 -2.072077 -0.743364 2.598060
14.086054 -2.180637 -0.747012 2.598247
14.181594 -2.296917 -0.752911 2.598549
14.266758 -2.413042 -0.758308 2.598825
14.302155 -2.521856 -0.761107 2.598969
14.347633 -2.633284 -0.764487 2.599142
14.393190 -2.745648 -0.767917 2.599317
14.563022 -2.883556 -0.778033 2.599835
14.654701 -3.008178 -0.784034 2.600142
14.626138 -3.108882 -0.783648 2.600123
14.635442 -3.217811 -0.785331 2.600209
14.713320 -3.342784 -0.790743 2.600486
14.715103 -3.451396 -0.792114 2.600556
14.683571 -3.552330 -0.791733 2.600537
14.653630 -3.653561 -0.791474 2.600523
14.623384 -3.754647 -0.791237 2.600511
14.647452 -3.870024 -0.793982 2.600652
14.690230 -3.991247 -0.797792 2.600847
14.728431 -4.112252 -0.801406 2.601032
14.760265 -4.232438 -0.804726 2.601202
14.798765 -4.355514 -0.808464 2.601393
14.840135 -4.480502 -0.812413 2.601595
14.879127 -4.605859 -0.816288 2.601794
14.911610 -4.730242 -0.819862 2.601977
14.949830 -4.857494 -0.823807 2.602179
14.999696 -4.989735 -0.828455 2.602417
15.032816 -5.117589 -0.832237 2.602611
15.077991 -5.250712 -0.836747 2.602841
15.115565 -5.382411 -0.840897 2.603054
15.153554 -5.515443 -0.845132 2.603271
15.189829 -5.649047 -0.849334 2.603486
15.227077 -5.784225 -0.853654 2.603707
15.268121 -5.922114 -0.858252 2.603942
15.287589 -6.052785 -0.861700 2.604119
15.296993 -6.180387 -0.864641 2.604270
15.316468 -6.312993 -0.868212 2.604452
15.346537 -6.451090 -0.872448 2.604669
15.366106 -6.585922 -0.876153 2.604859
15.385233 -6.721643 -0.879898 2.605051
15.400249 -6.856633 -0.883473 2.605234
15.405538 -6.988262 -0.886554 2.605392
15.423380 -7.126603 -0.890422 2.605590
15.443368 -7.267098 -0.894483 2.605797
15.463207 -7.408728 -0.898606 2.606009
15.468034 -7.544264 -0.901926 2.606179
15.481209 -7.684939 -0.905800 2.606377
15.498789 -7.829002 -0.910004 2.606592
15.513606 -7.972911 -0.914120 2.606803
15.536432 -8.122251 -0.918784 2.607042
15.555059 -8.270772 -0.923278 2.607272
15.560284 -8.413414 -0.927052 2.607465
15.580636 -8.565528 -0.931805 2.607708
15.602922 -8.720180 -0.936755 2.607962
15.626184 -8.876908 -0.941850 2.608222
15.649549 -9.035272 -0.947037 2.608488
15.673023 -9.195308 -0.952319 2.608759
15.696363 -9.356911 -0.957683 2.609033
15.719982 -9.520360 -0.963156 2.609313
15.749228 -9.688991 -0.969069 2.609616
15.774167 -9.856793 -0.974814 2.609910
15.817202 -10.037902 -0.981780 2.610267
15.842000 -10.209472 -0.987719 2.610571
15.890730 -10.398602 -0.995260 2.610957
15.930665 -10.584310 -1.002365 2.611321
15.988688 -10.784507 -1.010728 2.611749
16.047218 -10.987761 -1.019253 2.612186
16.088665 -11.181913 -1.026819 2.612573
16.160830 -11.400211 -1.036479 2.613068
16.242506 -11.628493 -1.046898 2.613601
16.381117 -11.901579 -1.061162 2.614331
16.665686 -12.287004 -1.085127 2.615558
16.760288 -12.538298 -1.096959 2.616164
16.751408 -12.715011 -1.102161 2.616431
16.702665 -12.862785 -1.104835 2.616568
16.685701 -13.036299 -1.109706 2.616817
16.639711 -13.188474 -1.112744 2.616972
16.560402 -13.314905 -1.113630 2.617018
16.478775 -13.439762 -1.114423 2.617058
16.396980 -13.564764 -1.115269 2.617102
16.314707 -13.689664 -1.116146 2.617147
16.228756 -13.811755 -1.116836 2.617182
16.116583 -13.911461 -1.115773 2.617127
16.006950 -14.013026 -1.114928 2.617084
15.895654 -14.112823 -1.114012 2.617038
15.781180 -14.209438 -1.112914 2.616981
15.655999 -14.295893 -1.111098 2.616888
15.539856 -14.390064 -1.109958 2.616830
15.420862 -14.481154 -1.108653 2.616763
15.300180 -14.570167 -1.107263 2.616692
15.175210 -14.654531 -1.105596 2.616606
15.042769 -14.730969 -1.103413 2.616495
14.909944 -14.806213 -1.101225 2.616383
14.774406 -14.877913 -1.098859 2.616261
14.647394 -14.957428 -1.097153 2.616174
14.527962 -15.044145 -1.096047 2.616117
14.411503 -15.133570 -1.095205 2.616074
14.302135 -15.230227 -1.094947 2.616061
14.189218 -15.322962 -1.094466 2.616037
14.081655 -15.421381 -1.094447 2.616036
13.974008 -15.519709 -1.094475 2.616037
13.866265 -15.617952 -1.094550 2.616041
13.761772 -15.719946 -1.094938 2.616061
13.659478 -15.824658 -1.095562 2.616093
13.555224 -15.927337 -1.096092 2.616120
13.453666 -16.033455 -1.096905 2.616161
13.356548 -16.145294 -1.098150 2.616225
13.257255 -16.255001 -1.099290 2.616283
13.154174 -16.360495 -1.100187 2.616329
13.046856 -16.461039 -1.100796 2.616361
12.937890 -16.559744 -1.101329 2.616388
12.826970 -16.656162 -1.101759 2.616410
12.711496 -16.746778 -1.101856 2.616415
12.594018 -16.834772 -1.101834 2.616414
12.468516 -16.911886 -1.101157 2.616379
12.345683 -16.992374 -1.100759 2.616359
12.221360 -17.070618 -1.100273 2.616334
12.095325 -17.146217 -1.099677 2.616303
11.970884 -17.223846 -1.099269 2.616282
11.840998 -17.293343 -1.098401 2.616238
11.713786 -17.366402 -1.097821 2.616208
11.585663 -17.437824 -1.097196 2.616176
11.453168 -17.502275 -1.096193 2.616125
11.318638 -17.563089 -1.095026 2.616065
11.184629 -17.624159 -1.093939 2.616009
11.049459 -17.682831 -1.092766 2.615950
10.918294 -17.747437 -1.092021 2.615911
10.785957 -17.809732 -1.091194 2.615869
10.651970 -17.868847 -1.090233 2.615820
10.521218 -17.932983 -1.089638 2.615789
10.391430 -17.998486 -1.089184 2.615766
10.261720 -18.063894 -1.088780 2.615746
10.135172 -18.134754 -1.088759 2.615744
10.008939 -18.206194 -1.088827 2.615748
9.882507 -18.277317 -1.088928 2.615753
9.758320 -18.352732 -1.089335 2.615774
9.635695 -18.431387 -1.089984 2.615807
9.515279 -18.514729 -1.090958 2.615857
9.395328 -18.599588 -1.092067 2.615914
9.277246 -18.688894 -1.093481 2.615986
9.159433 -18.779621 -1.095021 2.616065
9.041772 -18.871635 -1.096679 2.616150
8.924678 -18.965910 -1.098510 2.616244
8.807856 -19.061951 -1.100484 2.616345
8.693085 -19.163799 -1.102833 2.616465
8.577783 -19.266016 -1.105242 2.616588
8.461937 -19.368610 -1.107712 2.616715
8.346032 -19.472757 -1.110309 2.616848
8.230778 -19.580252 -1.113134 2.616992
8.114908 -19.688242 -1.116026 2.617140
8.000590 -19.802156 -1.119289 2.617308
7.890420 -19.928928 -1.123314 2.617514
7.777831 -20.052450 -1.127188 2.617712
7.631442 -20.089918 -1.126272 2.617665
7.471623 -20.090590 -1.123358 2.617516
7.345937 -20.182796 -1.125619 2.617632
7.233995 -20.315420 -1.130171 2.617865
7.121138 -20.449127 -1.134816 2.618103
7.007343 -20.583942 -1.139555 2.618345
6.892591 -20.719893 -1.144389 2.618593
6.770151 -20.836382 -1.148185 2.618787
6.609902 -20.837055 -1.145651 2.618657
6.450352 -20.837725 -1.143184 2.618531
6.291480 -20.838392 -1.140783 2.618408
6.133268 -20.839058 -1.138448 2.618289
5.975693 -20.839720 -1.136177 2.618172
5.818738 -20.840380 -1.133970 2.618059
5.662383 -20.841036 -1.131828 2.617949
5.506610 -20.841690 -1.129748 2.617843
5.351405 -20.842342 -1.127731 2.617740
5.196742 -20.842993 -1.125775 2.617640
5.042607 -20.843641 -1.123881 2.617543
4.875439 -20.786547 -1.118940 2.617290
4.667399 -20.543642 -1.104084 2.616529
4.464806 -20.307100 -1.089669 2.615791
4.273243 -20.104027 -1.077146 2.615150
4.126890 -20.104643 -1.075609 2.615071
3.980947 -20.105257 -1.074128 2.614995
3.835398 -20.105869 -1.072704 2.614922
3.690230 -20.106480 -1.071336 2.614852
3.556565 -20.170284 -1.073387 2.614957
3.436341 -20.316874 -1.079885 2.615290
3.314647 -20.465256 -1.086515 2.615629
3.191442 -20.615477 -1.093281 2.615976
3.066690 -20.767586 -1.100185 2.616329
2.930631 -20.852528 -1.103575 2.616503
2.782404 -20.853151 -1.102553 2.616451
2.634443 -20.853775 -1.101586 2.616401
2.486734 -20.854397 -1.100675 2.616354
2.339265 -20.855019 -1.099819 2.616311
2.192016 -20.855639 -1.099018 2.616270
2.044973 -20.856258 -1.098272 2.616231
1.898123 -20.856876 -1.097580 2.616196
1.751451 -20.857494 -1.096942 2.616163
1.604945 -20.858112 -1.096359 2.616133
1.458584 -20.858728 -1.095829 2.616106
1.312358 -20.859346 -1.095353 2.616082
1.166252 -20.859962 -1.094931 2.616060
1.014221 -20.737288 -1.088094 2.615710
0.861456 -20.553711 -1.078120 2.615200
0.711457 -20.373459 -1.068379 2.614701
0.564137 -20.196428 -1.058863 2.614214
0.421458 -20.120251 -1.054689 2.614000
0.280956 -20.120844 -1.054592 2.613995
0.140477 -20.121435 -1.054546 2.613993
-0.000000 -20.122028 -1.054551 2.613993
-0.140485 -20.122622 -1.054608 2.613996
-0.282653 -20.242134 -1.060949 2.614321
-0.427610 -20.413794 -1.070076 2.614788
-0.575087 -20.588436 -1.079415 2.615266
-0.725171 -20.766165 -1.088972 2.615755
-0.874653 -20.868572 -1.094636 2.616045
-1.020675 -20.869188 -1.095015 2.616065
-1.166805 -20.869804 -1.095448 2.616087
-1.313055 -20.870422 -1.095935 2.616112
-1.459446 -20.871040 -1.096476 2.616140
-1.605987 -20.871660 -1.097071 2.616170
-1.752696 -20.872278 -1.097720 2.616203
-1.899585 -20.872900 -1.098423 2.616239
-2.046666 -20.873522 -1.099181 2.616278
-2.193961 -20.874144 -1.099993 2.616320
-2.341481 -20.874767 -1.100861 2.616364
-2.489241 -20.875391 -1.101783 2.616411
-2.637256 -20.876017 -1.102761 2.616461
-2.771503 -20.771454 -1.098233 2.616230
-2.898420 -20.623329 -1.091445 2.615882
-3.023784 -20.477016 -1.084792 2.615541
-3.147635 -20.332474 -1.078273 2.615207
-3.270012 -20.189650 -1.071883 2.614880
-3.405820 -20.136415 -1.070293 2.614799
-3.550702 -20.137028 -1.071617 2.614867
-3.695950 -20.137642 -1.072997 2.614938
-3.841580 -20.138258 -1.074433 2.615011
-3.992016 -20.161144 -1.077114 2.615148
-4.185517 -20.390251 -1.090889 2.615854
-4.384045 -20.625309 -1.105075 2.616580
-4.587814 -20.866571 -1.119691 2.617328
-4.744941 -20.884932 -1.122426 2.617468
-4.898671 -20.885582 -1.124272 2.617563
-5.052912 -20.886234 -1.126178 2.617660
-5.207687 -20.886890 -1.128146 2.617761
-5.363012 -20.887548 -1.130177 2.617865
-5.518904 -20.888208 -1.132270 2.617972
-5.675383 -20.888870 -1.134426 2.618083
-5.832463 -20.889536 -1.136645 2.618196
-5.990170 -20.890203 -1.138929 2.618313
-6.148520 -20.890875 -1.141278 2.618433
-6.307532 -20.891548 -1.143693 2.618557
-6.467226 -20.892225 -1.146174 2.618684
-6.585834 -20.761181 -1.141479 2.618444
-6.701765 -20.625912 -1.136587 2.618193
-6.816712 -20.491791 -1.131791 2.617948
-6.930700 -20.358793 -1.127090 2.617707
-7.043750 -20.226889 -1.122483 2.617471
-7.175940 -20.152380 -1.121101 2.617400
-7.335113 -20.153055 -1.123960 2.617547
-7.495107 -20.153734 -1.126889 2.617697
-7.655946 -20.154415 -1.129888 2.617850
-7.831274 -20.190224 -1.134933 2.618109
-7.941360 -20.057587 -1.130566 2.617885
-8.068233 -19.969576 -1.128752 2.617792
-8.195386 -19.883493 -1.127093 2.617707
-8.312314 -19.774210 -1.124161 2.617557
-8.428469 -19.665087 -1.121275 2.617409
-8.556277 -19.584545 -1.120061 2.617347
-8.679914 -19.495403 -1.118402 2.617262
-8.794577 -19.387533 -1.115709 2.617124
-8.909495 -19.281910 -1.113183 2.616995
-9.011550 -19.150515 -1.109202 2.616791
-9.114129 -19.022655 -1.105455 2.616599
-9.238065 -18.940838 -1.104421 2.616546
-9.345682 -18.826754 -1.101547 2.616399
-9.469775 -18.746965 -1.100720 2.616357
-9.585041 -18.650469 -1.098956 2.616266
-9.715120 -18.583311 -1.098969 2.616267
-9.843758 -18.513414 -1.098873 2.616262
-9.975419 -18.449150 -1.099165 2.616277
-10.109267 -18.388685 -1.099741 2.616307
-10.237292 -18.317474 -1.099730 2.616306
-10.380757 -18.273438 -1.101410 2.616392
-10.508812 -18.201796 -1.101487 2.616396
-10.651710 -18.155397 -1.103153 2.616481
-10.783853 -18.090078 -1.103731 2.616511
-10.922908 -18.035860 -1.105049 2.616578
-11.039712 -17.944796 -1.104165 2.616533
-11.161918 -17.862801 -1.103888 2.616519
-11.269190 -17.757399 -1.102209 2.616433
-11.366290 -17.637028 -1.099636 2.616301
-11.463809 -17.518534 -1.097212 2.616177
-11.568858 -17.412533 -1.095604 2.616095
-11.659662 -17.286160 -1.092748 2.615949
-11.739784 -17.145521 -1.089012 2.615757
-11.830538 -17.021910 -1.086381 2.615623
-11.903328 -16.874039 -1.082221 2.615410
-11.997470 -16.757891 -1.080117 2.615302
-12.064352 -16.605156 -1.075675 2.615075
-12.146213 -16.474720 -1.072693 2.614922
-12.230144 -16.348368 -1.069999 2.614784
-12.301879 -16.207123 -1.066350 2.614597
-12.379587 -16.075222 -1.063332 2.614443
-12.462152 -15.950827 -1.060833 2.614315
-12.539494 -15.820897 -1.057988 2.614169
-12.611121 -15.685070 -1.054767 2.614004
-12.681890 -15.549536 -1.051581 2.613841
-12.751964 -15.414473 -1.048442 2.613680
-12.818608 -15.276622 -1.045127 2.613510
-12.880734 -15.134807 -1.041552 2.613328
-12.922886 -14.971306 -1.036484 2.613068
-12.975330 -14.821602 -1.032366 2.612857
-13.026722 -14.672346 -1.028279 2.612648
-13.067732 -14.513186 -1.023494 2.612403
-13.101613 -14.348093 -1.018277 2.612136
-13.120407 -14.168749 -1.012025 2.611815
-13.150920 -14.004308 -1.006812 2.611549
-13.171575 -13.831513 -1.000976 2.611250
-13.178460 -13.646694 -0.994235 2.610905
-13.179593 -13.458552 -0.987208 2.610545
-13.181379 -13.273725 -0.980376 2.610195
-13.185722 -13.093989 -0.973877 2.609862
-13.177576 -12.904433 -0.966597 2.609490
-13.159208 -12.707699 -0.958719 2.609086
-13.141738 -12.514703 -0.951058 2.608694
-13.139943 -12.339226 -0.944671 2.608367
-13.131954 -12.160324 -0.937970 2.608024
-13.122877 -11.982831 -0.931323 2.607684
-13.112445 -11.806498 -0.924711 2.607345
-13.094041 -11.625429 -0.917667 2.606985
-13.094555 -11.463414 -0.912072 2.606698
-13.087157 -11.296532 -0.906041 2.606389
-13.076312 -11.128811 -0.899890 2.606074
-13.063615 -10.961674 -0.893728 2.605759
-13.080502 -10.821128 -0.889693 2.605552
-13.084256 -10.671258 -0.884859 2.605305
-13.089675 -10.524369 -0.880235 2.605068
-13.104416 -10.386430 -0.876329 2.604868
-13.126377 -10.255449 -0.872988 2.604697
-13.140249 -10.119350 -0.869191 2.604502
-13.166079 -9.993596 -0.866264 2.604353
-13.197803 -9.873219 -0.863795 2.604226
-13.237130 -9.759252 -0.861888 2.604129
-13.272819 -9.643268 -0.859808 2.604022
-13.309745 -9.528838 -0.857869 2.603923
-13.351392 -9.418369 -0.856295 2.603842
-13.399485 -9.312885 -0.855188 2.603786
-13.450159 -9.209514 -0.854298 2.603740
-13.512951 -9.114600 -0.854224 2.603736
-13.567034 -9.013912 -0.853644 2.603707
-13.618432 -8.911651 -0.852942 2.603671
-13.684621 -8.819137 -0.853211 2.603684
-13.745584 -8.723210 -0.853194 2.603683
-13.818256 -8.634604 -0.853942 2.603722
-13.891749 -8.546258 -0.854776 2.603764
-13.958970 -8.453852 -0.855260 2.603789
-14.016320 -8.355405 -0.855179 2.603785
-14.095018 -8.269496 -0.856437 2.603850
-14.164208 -8.177710 -0.857151 2.603886
-14.232414 -8.085134 -0.857842 2.603921
-14.300167 -7.992092 -0.858542 2.603957
-14.371592 -7.900850 -0.859497 2.604006
-14.437319 -7.806227 -0.860148 2.604040
-14.500616 -7.710114 -0.860691 2.604067
-14.561244 -7.612431 -0.861114 2.604089
-14.618787 -7.513035 -0.861394 2.604103
-14.679014 -7.414904 -0.861872 2.604128
-14.733865 -7.313951 -0.862073 2.604138
-14.792007 -7.214544 -0.862507 2.604160
-14.847641 -7.113794 -0.862834 2.604177
-14.897755 -7.010350 -0.862881 2.604179
-14.954948 -6.910157 -0.863379 2.604205
-15.015583 -6.811368 -0.864113 2.604243
-15.065420 -6.707557 -0.864265 2.604250
-15.112021 -6.602277 -0.864273 2.604251
-15.160077 -6.497616 -0.864406 2.604258
-15.216391 -6.396382 -0.865049 2.604290
-15.274244 -6.295587 -0.865819 2.604330
-15.329466 -6.193506 -0.866477 2.604364
-15.383633 -6.090808 -0.867114 2.604396
-15.443319 -5.990067 -0.868100 2.604447
-15.503680 -5.889296 -0.869160 2.604501
-15.559821 -5.786644 -0.870022 2.604545
-15.614366 -5.683164 -0.870832 2.604586
-15.668287 -5.579223 -0.871645 2.604628
-15.720035 -5.474294 -0.872377 2.604666
-15.782611 -5.372839 -0.873747 2.604736
-15.840447 -5.269413 -0.874891 2.604794
-15.896476 -5.165078 -0.875972 2.604850
-15.955926 -5.061515 -0.877279 2.604917
-15.998929 -4.952495 -0.877721 2.604939
-16.059475 -4.848642 -0.879165 2.605013
-16.110893 -4.741692 -0.880146 2.605063
-16.160849 -4.634048 -0.881086 2.605111
-16.219606 -4.528593 -0.882544 2.605186
-16.268278 -4.419992 -0.883492 2.605235
-16.323549 -4.312869 -0.884837 2.605304
-16.383219 -4.206493 -0.886458 2.605387
-16.436977 -4.098198 -0.887797 2.605455
-16.484772 -3.988083 -0.888853 2.605509
-16.549301 -3.881602 -0.890849 2.605612
-16.591259 -3.769443 -0.891670 2.605654
-16.635826 -3.657621 -0.892671 2.605705
-16.682323 -3.545937 -0.893816 2.605763
-16.725819 -3.433315 -0.894840 2.605816
-16.763859 -3.319332 -0.895613 2.605855
-16.800968 -3.204957 -0.896379 2.605895
-16.840240 -3.090760 -0.897301 2.605942
-16.880491 -2.976486 -0.898317 2.605994
-16.915911 -2.861109 -0.899117 2.606035
-16.953463 -2.745861 -0.900072 2.606084
-16.991711 -2.630456 -0.901105 2.606137
-17.028946 -2.514614 -0.902127 2.606189
-17.063622 -2.398135 -0.903055 2.606236
-17.095041 -2.280962 -0.903853 2.606277
-17.123110 -2.163151 -0.904517 2.606311
-17.155930 -2.045722 -0.905474 2.606360
-17.184500 -1.927548 -0.906249 2.606400
-17.222176 -1.810123 -0.907548 2.606466
-17.258732 -1.692230 -0.908829 2.606532
-17.292831 -1.573770 -0.910024 2.606593
-17.310307 -1.453588 -0.910388 2.606612
-17.345480 -1.334660 -0.911725 2.606680
-17.380943 -1.215394 -0.913121 2.606752
-17.406319 -1.095110 -0.914030 2.606798
-17.449690 -0.975588 -0.915928 2.606895
-17.474630 -0.854653 -0.916901 2.606945
-17.505428 -0.733693 -0.918226 2.607013
-17.542021 -0.612581 -0.919899 2.607099
-17.573938 -0.490882 -0.921370 2.607174
-17.616125 -0.369004 -0.923425 2.607279
-17.659153 -0.246585 -0.925567 2.607389
-17.696552 -0.123545 -0.927460 2.607486
-17.727068 0.000000 -0.929036 2.607567
-17.763790 0.124020 -0.930983 2.607666
-17.802979 0.248594 -0.933106 2.607775
-17.863270 0.374181 -0.936380 2.607943
-17.911350 0.500311 -0.939060 2.608080
-17.959743 0.627168 -0.941804 2.608220
-17.997738 0.754332 -0.944050 2.608335
-18.048405 0.882715 -0.947007 2.608487
-18.098194 1.011845 -0.949967 2.608638
-18.159218 1.142483 -0.953566 2.608823
-18.216129 1.273796 -0.956998 2.608998
-18.296980 1.407879 -0.961739 2.609241
-18.338140 1.539898 -0.964444 2.609380
-18.409773 1.675420 -0.968803 2.609603
-18.475555 1.811546 -0.972906 2.609813
-18.541662 1.948807 -0.977080 2.610027
-18.616686 2.088199 -0.981778 2.610267
-18.691641 2.228844 -0.986527 2.610510
-18.738869 2.367269 -0.989868 2.610681
-18.805347 2.509171 -0.994281 2.610907
-18.878107 2.653145 -0.999083 2.611153
-18.951536 2.798523 -1.003978 2.611404
-19.018105 2.944160 -1.008569 2.611639
-19.091763 3.092190 -1.013595 2.611896
-19.152607 3.239423 -1.018002 2.612122
-19.212429 3.387670 -1.022413 2.612348
-19.285341 3.539526 -1.027584 2.612612
-19.334591 3.688272 -1.031555 2.612816
-19.385513 3.838434 -1.035676 2.613026
-19.449547 3.992421 -1.040561 2.613277
-19.503386 4.145573 -1.044964 2.613502
-19.555193 4.299491 -1.049323 2.613725
-19.604315 4.453992 -1.053601 2.613944
-19.664816 4.612340 -1.058558 2.614198
-19.703529 4.766788 -1.062407 2.614395
-19.741278 4.922054 -1.066269 2.614593
-19.768652 5.075730 -1.069636 2.614765
-19.797152 5.230635 -1.073128 2.614944
-19.829937 5.387673 -1.076917 2.615138
-19.852242 5.542848 -1.080204 2.615306
-19.864952 5.696183 -1.083033 2.615451
-19.875219 5.849599 -1.085793 2.615592
-19.891241 6.005521 -1.088932 2.615753
-19.896954 6.159135 -1.091572 2.615888
-19.901579 6.313156 -1.094217 2.616024
-19.900875 6.466186 -1.096634 2.616148
-19.888769 6.616117 -1.098485 2.616242
-19.875952 6.766328 -1.100360 2.616338
-19.861614 6.916544 -1.102212 2.616433
-19.846262 7.066938 -1.104071 2.616529
-19.822319 7.214735 -1.105514 2.616602
-19.796722 7.362339 -1.106927 2.616675
-19.765032 7.508033 -1.108058 2.616733
-19.732180 7.653607 -1.109185 2.616790
-19.697021 7.798605 -1.110242 2.616844
-19.661730 7.943855 -1.111352 2.616901
-19.626320 8.089389 -1.112516 2.616961
-19.584517 8.232574 -1.113377 2.617005
-19.541899 8.375668 -1.114251 2.617049
-19.498259 8.518582 -1.115127 2.617095
-19.449526 8.659487 -1.115770 2.617127
-19.394974 8.797954 -1.116137 2.617146
-19.343382 8.937900 -1.116732 2.617177
-19.288031 9.076257 -1.117167 2.617199
-19.225800 9.211462 -1.117260 2.617204
-19.167282 9.348508 -1.117625 2.617222
-19.106869 9.484736 -1.117936 2.617238
-19.040379 9.617989 -1.117947 2.617239
-18.973839 9.751228 -1.118010 2.617242
-18.906746 9.884211 -1.118096 2.617246
-18.835491 10.015008 -1.117990 2.617241
-18.764196 10.145767 -1.117935 2.617238
-18.688318 10.273992 -1.117660 2.617224
-18.605869 10.398468 -1.117044 2.617193
-18.529221 10.526065 -1.116827 2.617181
-18.450209 10.652233 -1.116520 2.617166
-18.370424 10.777868 -1.116218 2.617150
-18.286053 10.900677 -1.115688 2.617123
-18.198658 11.021498 -1.115023 2.617089
-18.111530 11.142291 -1.114424 2.617059
-18.025799 11.263769 -1.113961 2.617035
-17.937614 11.383561 -1.113395 2.617006
-17.845121 11.500398 -1.112610 2.616966
-17.752188 11.616705 -1.111846 2.616926
-17.659512 11.732954 -1.111145 2.616891
-17.566902 11.849026 -1.110495 2.616857
-17.472797 11.963879 -1.109800 2.616822
-17.375946 12.076599 -1.108976 2.616779
-17.277067 12.187630 -1.108069 2.616733
-17.176353 12.297064 -1.107089 2.616683
-17.075876 12.406350 -1.106168 2.616636
-16.977026 12.516547 -1.105398 2.616596
-16.876841 12.625491 -1.104587 2.616555
-16.769741 12.728925 -1.103367 2.616492
-16.662277 12.831684 -1.102164 2.616431
-16.552336 12.932102 -1.100837 2.616363
-16.434912 13.026155 -1.099049 2.616271
-16.310175 13.113719 -1.096803 2.616156
-16.178988 13.195259 -1.094149 2.616020
-16.045366 13.273884 -1.091353 2.615877
-15.912508 13.352180 -1.088630 2.615738
-15.802504 13.448989 -1.087502 2.615680
-15.718326 13.567697 -1.088201 2.615716
-15.642921 13.694342 -1.089573 2.615786
-15.567384 13.821373 -1.091006 2.615860
-15.487417 13.944933 -1.092198 2.615921
-15.409034 14.070386 -1.093571 2.615991
-15.338074 14.203214 -1.095545 2.616092
-15.265590 14.335341 -1.097490 2.616191
-15.191157 14.466347 -1.099373 2.616288
-15.115508 14.596877 -1.101246 2.616384
-15.040939 14.729180 -1.103279 2.616488
-14.966370 14.862249 -1.105393 2.616596
-14.885900 14.990187 -1.107152 2.616686
-14.812534 15.126066 -1.109522 2.616807
-14.744691 15.268575 -1.112398 2.616955
-14.672471 15.407618 -1.115038 2.617090
-14.599906 15.547323 -1.117744 2.617229
-14.530143 15.691126 -1.120763 2.617383
-14.466903 15.843284 -1.124389 2.617569
-14.402944 15.996090 -1.128070 2.617757
-14.338966 16.150372 -1.131863 2.617951
-14.275946 16.307283 -1.135847 2.618155
-14.220285 16.474358 -1.140542 2.618396
-14.174253 16.654694 -1.146148 2.618683
-14.140253 16.851698 -1.152884 2.619028
-14.092966 17.035477 -1.158697 2.619325
-14.061440 17.241032 -1.165973 2.619698
-14.030116 17.449944 -1.173448 2.620080
-14.004214 17.668926 -1.181571 2.620497
-13.996105 17.914198 -1.191409 2.621000
-13.986809 18.162249 -1.201383 2.621511
-13.974004 18.410072 -1.211293 2.622018
-13.958127 18.658213 -1.221178 2.622524
-13.952169 18.924267 -1.232186 2.623088
-13.942670 19.190439 -1.243149 2.623649
-13.931362 19.459127 -1.254223 2.624216
-13.922036 19.735748 -1.265757 2.624807
-13.749325 19.782684 -1.262580 2.624644
-13.546075 19.783548 -1.256569 2.624336
-13.344748 19.784405 -1.250675 2.624034
-13.145286 19.785252 -1.244897 2.623739
-12.947655 19.786093 -1.239232 2.623449
-12.751804 19.786926 -1.233678 2.623164
-12.557685 19.787750 -1.228234 2.622885
-11.717205 18.751448 -1.158804 2.619331
-11.536436 18.752216 -1.153846 2.619077
-11.357206 18.752979 -1.148986 2.618828
-11.179470 18.753735 -1.144223 2.618584
-11.029335 18.799051 -1.142262 2.618484
-10.930802 18.932705 -1.145718 2.618661
-10.831663 19.067183 -1.149252 2.618842
-10.731910 19.202496 -1.152864 2.619026
-10.631524 19.338669 -1.156555 2.619215
-10.530484 19.475729 -1.160327 2.619409
-10.428782 19.613688 -1.164180 2.619606
-10.326395 19.752581 -1.168116 2.619807
-10.174725 19.797876 -1.166566 2.619728
-10.001000 19.798615 -1.162467 2.619518
-9.828478 19.799347 -1.158453 2.619313
-9.657141 19.800074 -1.154522 2.619112
-9.486948 19.800797 -1.150674 2.618914
-9.317883 19.801514 -1.146908 2.618722
-9.149915 19.802227 -1.143221 2.618533
-8.983006 19.802935 -1.139614 2.618348
-8.817148 19.803638 -1.136084 2.618167
-8.576570 19.631001 -1.122718 2.617483
-8.198368 19.128229 -1.090664 2.615842
-7.889217 18.767704 -1.066941 2.614627
-7.735755 18.768356 -1.063882 2.614471
-7.583169 18.769003 -1.060892 2.614317
-7.431425 18.769648 -1.057970 2.614168
-7.280513 18.770287 -1.055115 2.614022
-7.177632 18.895247 -1.059297 2.614236
-7.077569 19.031015 -1.064112 2.614483
-6.976591 19.168026 -1.069024 2.614734
-6.874667 19.306318 -1.074033 2.614990
-6.771784 19.445917 -1.079143 2.615252
-6.667912 19.586859 -1.084355 2.615519
-6.563023 19.729181 -1.089671 2.615791
-6.437870 19.813728 -1.091832 2.615902
-6.285486 19.814373 -1.089422 2.615778
-6.133771 19.815016 -1.087077 2.615658
-5.982700 19.815657 -1.084794 2.615541
-5.832250 19.816294 -1.082574 2.615428
-5.682413 19.816929 -1.080415 2.615317
-5.533159 19.817560 -1.078317 2.615210
-5.384482 19.818190 -1.076279 2.615105
-5.236358 19.818817 -1.074302 2.615004
-5.088765 19.819443 -1.072384 2.614906
-4.941697 19.820065 -1.070525 2.614811
-4.738306 19.585800 -1.056059 2.614070
-4.528321 19.306623 -1.039276 2.613211
-4.324911 19.036186 -1.023068 2.612381
-4.129847 18.783632 -1.007921 2.611605
-3.992708 18.784214 -1.006432 2.611529
-3.855966 18.784792 -1.004996 2.611456
-3.719597 18.785368 -1.003613 2.611385
-3.583606 18.785942 -1.002283 2.611317
-3.453884 18.818745 -1.002722 2.611339
-3.344442 18.967276 -1.009367 2.611680
-3.233535 19.117796 -1.016151 2.612027
-3.121113 19.270374 -1.023078 2.612381
-3.007151 19.425043 -1.030150 2.612744
-2.891598 19.581875 -1.037371 2.613113
-2.774406 19.740931 -1.044746 2.613491
-2.645859 19.829777 -1.048445 2.613680
-2.505152 19.830370 -1.047526 2.613633
-2.364695 19.830965 -1.046659 2.613589
-2.224463 19.831556 -1.045846 2.613547
-2.084443 19.832148 -1.045084 2.613508
-1.944619 19.832739 -1.044374 2.613472
-1.804968 19.833328 -1.043716 2.613438
-1.665496 19.833918 -1.043110 2.613407
-1.526180 19.834507 -1.042555 2.613379
-1.387005 19.835094 -1.042052 2.613353
-1.247957 19.835682 -1.041599 2.613330
-1.107874 19.815895 -1.040129 2.613255
-0.959505 19.618603 -1.029396 2.612705
-0.814160 19.425331 -1.018932 2.612169
-0.671733 19.235937 -1.008727 2.611647
-0.532125 19.050289 -0.998773 2.611137
-0.395227 18.868244 -0.989060 2.610640
-0.262510 18.799973 -0.985361 2.610450
-0.131252 18.800526 -0.985318 2.610448
0.000000 18.801081 -0.985323 2.610448
0.131261 18.801634 -0.985376 2.610451
0.262551 18.802189 -0.985477 2.610456
0.395524 18.881903 -0.989776 2.610677
0.532780 19.073729 -1.000002 2.611200
0.672909 19.269573 -1.010491 2.611737
0.816015 19.469580 -1.021253 2.612288
0.962222 19.673920 -1.032299 2.612854
1.109547 19.845627 -1.041690 2.613334
1.248620 19.846212 -1.042152 2.613358
1.387824 19.846800 -1.042667 2.613384
1.527171 19.847387 -1.043232 2.613413
1.666688 19.847975 -1.043849 2.613445
1.806365 19.848564 -1.044518 2.613479
1.946229 19.849154 -1.045238 2.613516
2.086292 19.849743 -1.046011 2.613556
2.226570 19.850334 -1.046836 2.613598
2.367086 19.850925 -1.047713 2.613643
2.507834 19.851519 -1.048643 2.613690
2.648840 19.852112 -1.049626 2.613741
2.773849 19.736958 -1.044535 2.613480
2.890846 19.576784 -1.037102 2.613100
3.006204 19.418856 -1.029822 2.612727
3.119951 19.263132 -1.022694 2.612362
3.232139 19.109539 -1.015713 2.612005
3.342811 18.958023 -1.008875 2.611654
3.453312 18.815630 -1.002556 2.611331
3.589389 18.816202 -1.003897 2.611400
3.725826 18.816774 -1.005291 2.611471
3.862650 18.817350 -1.006738 2.611545
3.999874 18.817928 -1.008238 2.611622
4.141115 18.834879 -1.010671 2.611746
4.340775 19.105967 -1.026818 2.612573
4.546915 19.385849 -1.043541 2.613429
4.759890 19.675016 -1.060870 2.614316
4.952104 19.861801 -1.072779 2.614926
5.099802 19.862423 -1.074709 2.615025
5.248050 19.863045 -1.076699 2.615127
5.396845 19.863670 -1.078749 2.615232
5.546215 19.864298 -1.080860 2.615340
5.696177 19.864929 -1.083032 2.615451
5.846751 19.865561 -1.085265 2.615566
5.997966 19.866198 -1.087561 2.615683
6.149817 19.866835 -1.089920 2.615804
6.302337 19.867476 -1.092342 2.615928
6.455544 19.868118 -1.094829 2.616055
6.570423 19.751425 -1.090899 2.615854
6.676085 19.610847 -1.085683 2.615587
6.780738 19.471613 -1.080569 2.615325
6.884414 19.333675 -1.075555 2.615068
6.987138 19.197002 -1.070640 2.614817
7.088931 19.061567 -1.065821 2.614570
7.189825 18.927328 -1.061095 2.614328
7.304383 18.831812 -1.058574 2.614199
7.456297 18.832449 -1.061510 2.614349
7.609063 18.833092 -1.064514 2.614503
7.762703 18.833736 -1.067588 2.614661
7.917253 18.834385 -1.070732 2.614821
8.286684 19.334272 -1.102413 2.616443
8.680660 19.869240 -1.136343 2.618181
8.850331 19.878168 -1.140360 2.618387
9.017453 19.878870 -1.143984 2.618572
9.185661 19.879576 -1.147687 2.618762
9.354958 19.880285 -1.151471 2.618955
9.525382 19.880999 -1.155335 2.619153
9.696962 19.881718 -1.159283 2.619355
9.869728 19.882442 -1.163315 2.619562
10.043721 19.883171 -1.167432 2.619772
10.218946 19.883905 -1.171635 2.619988
10.344550 19.787294 -1.170169 2.619913
10.447936 19.649710 -1.166318 2.619715
10.550648 19.513020 -1.162548 2.619522
10.652711 19.377193 -1.158859 2.619334
10.754124 19.242229 -1.155249 2.619149
10.854912 19.108095 -1.151718 2.618968
10.955090 18.974771 -1.148264 2.618791
11.057787 18.847546 -1.145208 2.618635
11.235846 18.848291 -1.149992 2.618880
11.415393 18.849045 -1.154873 2.619129
11.596479 18.849802 -1.159851 2.619384
12.179779 19.491720 -1.204552 2.621673
12.625103 19.893984 -1.234828 2.623223
12.821336 19.894806 -1.240405 2.623509
13.019344 19.895634 -1.246093 2.623800
13.219187 19.896471 -1.251895 2.624097
13.420908 19.897314 -1.257813 2.624400
13.624557 19.898167 -1.263849 2.624709
13.830194 19.899027 -1.270006 2.625024
14.037839 19.899895 -1.276285 2.625346
14.155937 19.772799 -1.274441 2.625251
14.262612 19.630800 -1.271675 2.625110
14.368830 19.489410 -1.268983 2.624972
14.474610 19.348598 -1.266364 2.624838
14.579952 19.208368 -1.263817 2.624707
14.684875 19.068695 -1.261342 2.624581
14.789392 18.929560 -1.258937 2.624458
14.951290 18.863838 -1.261478 2.624588
15.167652 18.864742 -1.268589 2.624952
15.386461 18.865658 -1.275843 2.625323
16.471046 19.910070 -1.354218 2.629336
16.707361 19.911058 -1.362185 2.629744
16.946486 19.912056 -1.370314 2.630160
17.188511 19.913069 -1.378609 2.630585
17.433477 19.914091 -1.387072 2.631018
13.709081 15.440906 -1.082142 2.615406
13.176576 14.634069 -1.032018 2.612839
12.846543 14.068763 -0.998452 2.611121
12.589345 13.595247 -0.971062 2.609718
12.394295 13.198577 -0.948886 2.608583
12.235943 12.849003 -0.929873 2.607610
12.149717 12.581400 -0.916623 2.606931
12.128508 12.385226 -0.908477 2.606514
12.086880 12.171550 -0.898972 2.606027
12.068960 11.984990 -0.891394 2.605639
12.047197 11.797484 -0.883682 2.605244
12.059259 11.645491 -0.878582 2.604983
12.076002 11.499824 -0.873931 2.604745
12.099346 11.362035 -0.869859 2.604537
12.111564 11.215425 -0.865087 2.604292
12.143791 11.088802 -0.861838 2.604126
12.180516 10.967386 -0.858990 2.603980
12.216915 10.846686 -0.856196 2.603837
12.252963 10.726651 -0.853453 2.603697
12.288729 10.607342 -0.850765 2.603559
12.314413 10.480384 -0.847457 2.603390
12.344064 10.357899 -0.844501 2.603238
12.386579 10.247071 -0.842494 2.603136
12.418454 10.128237 -0.839832 2.602999
12.450045 10.010089 -0.837222 2.602866
12.481314 9.892565 -0.834660 2.602735
12.512296 9.775677 -0.832148 2.602606
12.543070 9.659466 -0.829690 2.602480
12.570546 9.541557 -0.827080 2.602346
12.591008 9.419273 -0.824080 2.602193
12.611282 9.297837 -0.821138 2.602042
12.631274 9.177157 -0.818249 2.601894
12.651073 9.057281 -0.815415 2.601749
12.670667 8.938166 -0.812636 2.601607
12.689997 8.819773 -0.809907 2.601467
12.709110 8.702107 -0.807230 2.601330
12.728013 8.585154 -0.804604 2.601196
12.746772 8.468936 -0.802033 2.601064
12.765313 8.353381 -0.799510 2.600935
12.783602 8.238465 -0.797034 2.600808
12.801692 8.124199 -0.794606 2.600684
12.812946 8.006417 -0.791816 2.600541
12.820075 7.886965 -0.788835 2.600388
12.837572 7.774704 -0.786552 2.600271
12.854907 7.663059 -0.784317 2.600157
12.869358 7.550406 -0.781964 2.600036
12.876225 7.434092 -0.779208 2.599895
12.885532 7.320003 -0.776660 2.599765
12.891629 7.204883 -0.773977 2.599627
12.904024 7.094043 -0.771729 2.599512
12.920275 6.985964 -0.769765 2.599412
12.934715 6.877510 -0.767746 2.599308
12.948378 6.769250 -0.765733 2.599205
12.953894 6.657392 -0.763292 2.599080
12.963077 6.548117 -0.761121 2.598969
12.968795 6.437764 -0.758800 2.598850
12.974392 6.328033 -0.756524 2.598734
12.979868 6.218912 -0.754293 2.598620
12.985226 6.110378 -0.752107 2.598508
12.990466 6.002435 -0.749965 2.598398
12.995591 5.895060 -0.747867 2.598291
13.000601 5.788240 -0.745811 2.598186
13.005497 5.681963 -0.743799 2.598082
13.010283 5.576209 -0.741828 2.597982
13.014956 5.470981 -0.739898 2.597883
13.019521 5.366258 -0.738010 2.597786
13.023977 5.262028 -0.736162 2.597691
13.028326 5.158281 -0.734355 2.597599
13.035891 5.056283 -0.732773 2.597518
13.050418 4.957385 -0.731627 2.597459
13.059135 4.856647 -0.730197 2.597386
13.063072 4.754569 -0.728543 2.597301
13.066908 4.652918 -0.726928 2.597219
13.070642 4.551674 -0.725350 2.597138
13.074277 4.450843 -0.723810 2.597059
13.077812 4.350407 -0.722306 2.596982
13.081249 4.250355 -0.720840 2.596907
13.087454 4.151587 -0.719567 2.596842
13.099664 4.055018 -0.718664 2.596796
13.109540 3.958000 -0.717672 2.596745
13.112597 3.859245 -0.716347 2.596677
13.115560 3.760826 -0.715057 2.596611
13.118428 3.662732 -0.713802 2.596547
13.122800 3.565381 -0.712668 2.596489
13.134272 3.470221 -0.711958 2.596452
13.144943 3.375046 -0.711242 2.596416
13.147449 3.278027 -0.710122 2.596358
13.150001 3.181321 -0.709043 2.596303
13.161053 3.086892 -0.708460 2.596273
13.172005 2.992603 -0.707907 2.596245
13.175051 2.896721 -0.706967 2.596197
13.177114 2.800882 -0.706011 2.596148
13.186179 2.706735 -0.705467 2.596120
13.196778 2.613028 -0.705041 2.596098
13.207241 2.519413 -0.704643 2.596078
13.217612 2.425884 -0.704276 2.596059
13.227893 2.332434 -0.703939 2.596041
13.238106 2.239059 -0.703633 2.596026
13.248244 2.145743 -0.703359 2.596012
13.258262 2.052484 -0.703113 2.595999
13.268206 1.959277 -0.702898 2.595988
13.278071 1.866111 -0.702713 2.595979
13.287825 1.772976 -0.702557 2.595971
13.297493 1.679860 -0.702431 2.595964
13.307076 1.586770 -0.702335 2.595959
13.316613 1.493696 -0.702271 2.595956
13.326088 1.400628 -0.702238 2.595954
13.329740 1.306994 -0.701932 2.595939
13.330359 1.213153 -0.701502 2.595917
13.336317 1.119879 -0.701387 2.595911
13.344673 1.026815 -0.701432 2.595913
13.353582 0.933773 -0.701541 2.595919
13.362509 0.840699 -0.701684 2.595926
13.374723 0.747759 -0.702034 2.595944
13.392122 0.654981 -0.702690 2.595978
13.407393 0.561935 -0.703269 2.596007
13.416026 0.468498 -0.703533 2.596021
13.425425 0.375007 -0.703871 2.596038
13.442554 0.281577 -0.704649 2.596078
13.450686 0.187816 -0.704989 2.596095
13.458411 0.093957 -0.705343 2.596113
12.470363 -0.000000 -1.091015 2.615860
12.483690 -0.087154 -1.092208 2.615921
12.496939 -0.174502 -1.093447 2.615984
12.510763 -0.262063 -1.094790 2.616053
12.532557 -0.350066 -1.096884 2.616160
12.553476 -0.438377 -1.098956 2.616266
12.573513 -0.526987 -1.101006 2.616371
12.593493 -0.615925 -1.103105 2.616479
12.613449 -0.705201 -1.105257 2.616589
12.633374 -0.794825 -1.107462 2.616702
12.658385 -0.885161 -1.110170 2.616841
12.685555 -0.976100 -1.113123 2.616992
12.720393 -1.068161 -1.116807 2.617180
12.762804 -1.161506 -1.121215 2.617406
12.805483 -1.255589 -1.125707 2.617636
12.846043 -1.350174 -1.130074 2.617860
12.878592 -1.444566 -1.133797 2.618050
12.911250 -1.539574 -1.137590 2.618244
12.945202 -1.635360 -1.141560 2.618448
12.988704 -1.733063 -1.146435 2.618697
13.025361 -1.830595 -1.150771 2.618919
13.057271 -1.928130 -1.154751 2.619123
13.081647 -2.025146 -1.158129 2.619296
13.117899 -2.124636 -1.162623 2.619526
13.157292 -2.225390 -1.167463 2.619774
13.168419 -2.321948 -1.169860 2.619897
13.175952 -2.418240 -1.172001 2.620006
13.179248 -2.514076 -1.173826 2.620100
13.183995 -2.610502 -1.175844 2.620203
13.181975 -2.705871 -1.177320 2.620279
13.179256 -2.801338 -1.178795 2.620354
13.188598 -2.899702 -1.181412 2.620488
13.201273 -2.999256 -1.184395 2.620641
13.235197 -3.104288 -1.189354 2.620895
13.256953 -3.207195 -1.193292 2.621096
13.280499 -3.311200 -1.197463 2.621310
13.304946 -3.416130 -1.201788 2.621531
13.324351 -3.520446 -1.205732 2.621733
13.340204 -3.624454 -1.209427 2.621922
13.375246 -3.734436 -1.214938 2.622205
13.407089 -3.844421 -1.220238 2.622476
13.434898 -3.954106 -1.225252 2.622733
13.465481 -4.065469 -1.230600 2.623007
13.485285 -4.174394 -1.235043 2.623234
13.512908 -4.286547 -1.240283 2.623502
13.529976 -4.396156 -1.244636 2.623725
13.537821 -4.503434 -1.248220 2.623909
13.539379 -4.609181 -1.251300 2.624067
13.586076 -4.731173 -1.258638 2.624442
13.619408 -4.849653 -1.264831 2.624759
13.650270 -4.968292 -1.270888 2.625069
13.691021 -5.091645 -1.277960 2.625432
13.718967 -5.211348 -1.283934 2.625737
13.755431 -5.335381 -1.290801 2.626089
13.790173 -5.459916 -1.297606 2.626437
13.812591 -5.580649 -1.303350 2.626731
13.854107 -5.710251 -1.310997 2.627123
13.874794 -5.832427 -1.316776 2.627419
13.879458 -5.948744 -1.321128 2.627642
13.891426 -6.069015 -1.326268 2.627905
13.903362 -6.190176 -1.331501 2.628173
13.906007 -6.308044 -1.335939 2.628400
13.906002 -6.425476 -1.340216 2.628619
13.905837 -6.543591 -1.344570 2.628842
13.905535 -6.662416 -1.349005 2.629069
13.905052 -6.781947 -1.353519 2.629300
13.906766 -6.903378 -1.358344 2.629547
13.917760 -7.030367 -1.364178 2.629846
13.916606 -7.152164 -1.368926 2.630089
13.920564 -7.277495 -1.374280 2.630363
13.919220 -7.400980 -1.379214 2.630616
13.917732 -7.525290 -1.384239 2.630873
13.916087 -7.650434 -1.389354 2.631135
13.914208 -7.776389 -1.394552 2.631401
13.912148 -7.903201 -1.399842 2.631672
13.911372 -8.031734 -1.405371 2.631955
13.921992 -8.167984 -1.412171 2.632303
13.918693 -8.297207 -1.417677 2.632585
13.915530 -8.427546 -1.423313 2.632874
13.912153 -8.558814 -1.429045 2.633167
13.909459 -8.691595 -1.434966 2.633470
13.919916 -8.833848 -1.442372 2.633849
13.915369 -8.967843 -1.448353 2.634156
13.910541 -9.102803 -1.454429 2.634467
13.905457 -9.238765 -1.460606 2.634783
13.900113 -9.375745 -1.466884 2.635104
13.894514 -9.513773 -1.473267 2.635431
13.888735 -9.652922 -1.479764 2.635764
13.882627 -9.793118 -1.486361 2.636102
13.876222 -9.934400 -1.493065 2.636445
13.869533 -10.076805 -1.499878 2.636794
13.862207 -10.220101 -1.506765 2.637146
13.839378 -10.353178 -1.512103 2.637420
13.824373 -10.493271 -1.518431 2.637744
13.816563 -10.640187 -1.525695 2.638116
13.808504 -10.788386 -1.533085 2.638494
13.787245 -10.927636 -1.539157 2.638805
13.768023 -11.069775 -1.545601 2.639135
13.758632 -11.221267 -1.553304 2.639529
13.732992 -11.360921 -1.559326 2.639838
13.706944 -11.501492 -1.565447 2.640151
13.680479 -11.643001 -1.571670 2.640470
13.653592 -11.785464 -1.577995 2.640793
13.615692 -11.919639 -1.583194 2.641059
13.576334 -12.053635 -1.588364 2.641324
13.544847 -12.195836 -1.594602 2.641644
13.508754 -12.335189 -1.600453 2.641943
13.465710 -12.469384 -1.605628 2.642208
13.422192 -12.604278 -1.610892 2.642478
13.376831 -12.738585 -1.616082 2.642743
13.327703 -12.870414 -1.620963 2.642993
13.278152 -13.002928 -1.625937 2.643248
13.217129 -13.125176 -1.629646 2.643438
13.157348 -13.249526 -1.633640 2.643642
13.099275 -13.376541 -1.637985 2.643865
13.040644 -13.503982 -1.642402 2.644091
12.980270 -13.630628 -1.646744 2.644313
12.911271 -13.749107 -1.650127 2.644486
12.841382 -13.867433 -1.653528 2.644661
12.771043 -13.986078 -1.657004 2.644839
12.700247 -14.105054 -1.660554 2.645020
12.628986 -14.224370 -1.664181 2.645206
12.560036 -14.347213 -1.668253 2.645415
12.489683 -14.469439 -1.672285 2.645621
12.413913 -14.586300 -1.675734 2.645797
12.343110 -14.709946 -1.679998 2.646016
12.273721 -14.836381 -1.684611 2.646252
12.196545 -14.954441 -1.688307 2.646441
12.121982 -15.076705 -1.692514 2.646657
12.050000 -15.203319 -1.697243 2.646899
11.974356 -15.326476 -1.701617 2.647123
11.896401 -15.447794 -1.705824 2.647338
11.824524 -15.578235 -1.711071 2.647607
11.750331 -15.706993 -1.716161 2.647867
11.673725 -15.833857 -1.721075 2.648119
11.590932 -15.953549 -1.725248 2.648333
11.508856 -16.075401 -1.729694 2.648560
11.422782 -16.192825 -1.733706 2.648766
11.332788 -16.305746 -1.737282 2.648949
11.240751 -16.416704 -1.740701 2.649124
11.144447 -16.522324 -1.743607 2.649273
11.047174 -16.627337 -1.746508 2.649421
10.942581 -16.722017 -1.748386 2.649517
10.837373 -16.816311 -1.750291 2.649615
10.724593 -16.899258 -1.751089 2.649656
10.609653 -16.978996 -1.751634 2.649683
10.496354 -17.061581 -1.752551 2.649731
10.379943 -17.139324 -1.753050 2.649756
10.263400 -17.217016 -1.753625 2.649786
10.142648 -17.287727 -1.753572 2.649783
10.020561 -17.356121 -1.753371 2.649773
9.903261 -17.432894 -1.754099 2.649810
9.785789 -17.509607 -1.754901 2.649851
9.666116 -17.582600 -1.755411 2.649877
9.544934 -17.652988 -1.755742 2.649894
9.422455 -17.721060 -1.755927 2.649904
9.306552 -17.801794 -1.757446 2.649981
9.190269 -17.882332 -1.759020 2.650062
9.072227 -17.959959 -1.760383 2.650131
8.954309 -18.038340 -1.761895 2.650209
8.835876 -18.116230 -1.763435 2.650288
8.717114 -18.194023 -1.765040 2.650370
8.598630 -18.273022 -1.766837 2.650462
8.483341 -18.359636 -1.769442 2.650595
8.367386 -18.445799 -1.772073 2.650730
8.251036 -18.532129 -1.774790 2.650869
8.135720 -18.621929 -1.777907 2.651029
8.021832 -18.716341 -1.781530 2.651214
7.907872 -18.812090 -1.785346 2.651410
7.793383 -18.908163 -1.789256 2.651610
7.678361 -19.004610 -1.793267 2.651815
7.563720 -19.103779 -1.797598 2.652037
7.449039 -19.204771 -1.802163 2.652271
7.334776 -19.308939 -1.807089 2.652523
7.220711 -19.415907 -1.812338 2.652792
7.106670 -19.525415 -1.817884 2.653076
6.993314 -19.639509 -1.823917 2.653384
6.877090 -19.748316 -1.829518 2.653671
6.759942 -19.857206 -1.835189 2.653962
6.644182 -19.973146 -1.841572 2.654288
6.526298 -20.085880 -1.847721 2.654603
6.408011 -20.200615 -1.854115 2.654931
6.281582 -20.292519 -1.858480 2.655154
6.155914 -20.389378 -1.863369 2.655404
6.030842 -20.491041 -1.868766 2.655681
5.902523 -20.584545 -1.873490 2.655923
5.771491 -20.671160 -1.877660 2.656136
5.637739 -20.750332 -1.881231 2.656319
5.500739 -20.819468 -1.883971 2.656459
5.351630 -20.843220 -1.882694 2.656394
5.196960 -20.843868 -1.879429 2.656227
5.042818 -20.844515 -1.876267 2.656065
4.881805 -20.813690 -1.870379 2.655763
4.673413 -20.570112 -1.845514 2.654490
4.470483 -20.332922 -1.821389 2.653255
4.273421 -20.104864 -1.798244 2.652070
4.127061 -20.105478 -1.795678 2.651939
3.981112 -20.106092 -1.793206 2.651812
3.835557 -20.106703 -1.790829 2.651690
3.690383 -20.107313 -1.788545 2.651573
3.553972 -20.155577 -1.790588 2.651678
3.433820 -20.301971 -1.801419 2.652233
3.312201 -20.450151 -1.812472 2.652799
3.189073 -20.600168 -1.823750 2.653376
3.064399 -20.752066 -1.835258 2.653965
2.930752 -20.853386 -1.842365 2.654329
2.782518 -20.854010 -1.840659 2.654242
2.634551 -20.854631 -1.839045 2.654159
2.486836 -20.855253 -1.837524 2.654081
2.339361 -20.855873 -1.836095 2.654008
2.192106 -20.856493 -1.834758 2.653939
2.045057 -20.857113 -1.833511 2.653876
1.898201 -20.857731 -1.832356 2.653816
1.751523 -20.858349 -1.831292 2.653762
1.605010 -20.858965 -1.830317 2.653712
1.458644 -20.859581 -1.829433 2.653667
1.312412 -20.860197 -1.828639 2.653626
1.166299 -20.860813 -1.827935 2.653590
1.015244 -20.758215 -1.818279 2.653096
0.862317 -20.574265 -1.801595 2.652241
0.712162 -20.393646 -1.785300 2.651407
0.564691 -20.216263 -1.769384 2.650592
0.421475 -20.121073 -1.760752 2.650151
0.280968 -20.121664 -1.760589 2.650142
0.140482 -20.122257 -1.760512 2.650138
-0.000000 -20.122849 -1.760521 2.650139
-0.140491 -20.123442 -1.760616 2.650143
-0.282410 -20.224718 -1.769606 2.650604
-0.427239 -20.396078 -1.784817 2.651382
-0.574583 -20.570414 -1.800380 2.652179
-0.724530 -20.747826 -1.816306 2.652995
-0.874689 -20.869423 -1.827441 2.653565
-1.020717 -20.870039 -1.828074 2.653597
-1.166853 -20.870657 -1.828797 2.653634
-1.313109 -20.871275 -1.829610 2.653676
-1.459505 -20.871893 -1.830513 2.653722
-1.606053 -20.872513 -1.831506 2.653773
-1.752767 -20.873133 -1.832590 2.653828
-1.899662 -20.873755 -1.833764 2.653889
-2.046750 -20.874376 -1.835029 2.653954
-2.194051 -20.875000 -1.836386 2.654023
-2.341577 -20.875624 -1.837834 2.654097
-2.489343 -20.876249 -1.839374 2.654176
-2.637365 -20.876875 -1.841007 2.654259
-2.773736 -20.788183 -1.834849 2.653944
-2.900740 -20.639837 -1.823498 2.653363
-3.026189 -20.493309 -1.812375 2.652793
-3.150124 -20.348553 -1.801474 2.652236
-3.272582 -20.205523 -1.790790 2.651688
-3.405961 -20.137249 -1.786803 2.651484
-3.550849 -20.137863 -1.789014 2.651597
-3.696103 -20.138477 -1.791317 2.651715
-3.841739 -20.139095 -1.793714 2.651838
-3.987773 -20.139715 -1.796205 2.651966
-4.126198 -20.101273 -1.795302 2.651919
-4.238680 -19.941420 -1.783625 2.651321
-4.362398 -19.841318 -1.777352 2.651000
-4.481264 -19.724350 -1.769634 2.650605
-4.599773 -19.611225 -1.762322 2.650231
-4.721986 -19.518351 -1.756896 2.649953
-4.850462 -19.454140 -1.754122 2.649811
-4.980758 -19.398769 -1.752222 2.649714
-5.115860 -19.362747 -1.752151 2.649710
-5.253731 -19.336935 -1.753092 2.649758
-5.380314 -19.270119 -1.750397 2.649620
-5.508079 -19.208952 -1.748291 2.649513
-5.648236 -19.191057 -1.750209 2.649611
-5.788255 -19.171621 -1.752079 2.649706
-5.925414 -19.141914 -1.753102 2.649759
-6.054848 -19.087301 -1.751929 2.649699
-6.181637 -19.025122 -1.750140 2.649607
-6.311382 -18.972713 -1.749330 2.649565
-6.434036 -18.899853 -1.746711 2.649431
-6.559828 -18.837254 -1.745116 2.649350
-6.680877 -18.762083 -1.742430 2.649212
-6.805141 -18.696970 -1.740753 2.649127
-6.917593 -18.600843 -1.736258 2.648896
-7.040104 -18.533201 -1.734489 2.648806
-7.175399 -18.499277 -1.735960 2.648881
-7.284651 -18.398930 -1.731274 2.648641
-7.412380 -18.346285 -1.731147 2.648635
-7.537385 -18.287064 -1.730483 2.648601
-7.646124 -18.189407 -1.726251 2.648384
-7.762904 -18.112207 -1.724026 2.648270
-7.889541 -18.058447 -1.724109 2.648274
-8.013762 -17.999205 -1.723753 2.648256
-8.151834 -17.970617 -1.726423 2.648393
-8.275796 -17.910460 -1.726152 2.648379
-8.402947 -17.857168 -1.726628 2.648403
-8.541626 -17.827749 -1.729507 2.648551
-8.671843 -17.779911 -1.730698 2.648612
-8.798661 -17.724787 -1.731269 2.648641
-8.926716 -17.671890 -1.732147 2.648686
-9.049144 -17.607725 -1.732008 2.648679
-9.178606 -17.557055 -1.733285 2.648744
-9.299486 -17.489790 -1.733011 2.648730
-9.430809 -17.441916 -1.734749 2.648819
-9.577688 -17.421747 -1.739352 2.649055
-9.706321 -17.367413 -1.740650 2.649121
-9.827853 -17.300150 -1.740743 2.649126
-9.943987 -17.223490 -1.739972 2.649086
-10.064061 -17.153776 -1.739985 2.649087
-10.201402 -17.113007 -1.743032 2.649243
-10.313242 -17.029182 -1.741785 2.649179
-10.441193 -16.971918 -1.743341 2.649259
-10.560345 -16.900084 -1.743493 2.649267
-10.674047 -16.819605 -1.742836 2.649233
-10.791638 -16.745342 -1.742905 2.649237
-10.894372 -16.648342 -1.740683 2.649123
-10.995372 -16.549366 -1.738318 2.649002
-11.096112 -16.450663 -1.736045 2.648885
-11.196452 -16.352005 -1.733840 2.648772
-11.304622 -16.265217 -1.732964 2.648728
-11.402548 -16.164139 -1.730634 2.648608
-11.496089 -16.057568 -1.727775 2.648462
-11.604666 -15.972452 -1.727292 2.648437
-11.687443 -15.852461 -1.723098 2.648223
-11.781399 -15.748519 -1.720698 2.648100
-11.875218 -15.645020 -1.718406 2.647982
-11.967945 -15.540694 -1.716083 2.647863
-12.048656 -15.421575 -1.712176 2.647663
-12.128424 -15.302257 -1.708288 2.647464
-12.209413 -15.185445 -1.704722 2.647282
-12.265780 -15.039333 -1.697891 2.646932
-12.320812 -14.893300 -1.691074 2.646583
-12.383551 -14.758141 -1.685503 2.646298
-12.429750 -14.604902 -1.677872 2.645907
-12.477392 -14.455196 -1.670640 2.645537
-12.519603 -14.301028 -1.662883 2.645140
-12.551257 -14.136818 -1.653938 2.644682
-12.575512 -13.966521 -1.644245 2.644185
-12.587640 -13.785219 -1.633207 2.643620
-12.591413 -13.597487 -1.621341 2.643013
-12.590873 -13.407919 -1.609179 2.642390
-12.593573 -13.224550 -1.597685 2.641802
-12.588113 -13.035372 -1.585408 2.641173
-12.576869 -12.843072 -1.572661 2.640520
-12.571535 -12.659607 -1.560905 2.639918
-12.562001 -12.474608 -1.548870 2.639302
-12.550190 -12.290051 -1.536797 2.638684
-12.538166 -12.107966 -1.524936 2.638077
-12.515317 -11.918171 -1.512000 2.637414
-12.498164 -11.736556 -1.499993 2.636800
-12.483511 -11.559859 -1.488512 2.636212
-12.466540 -11.383512 -1.476976 2.635621
-12.461033 -11.219964 -1.467008 2.635111
-12.445937 -11.050016 -1.456113 2.634553
-12.438973 -10.889497 -1.446368 2.634054
-12.438819 -10.736901 -1.437599 2.633605
-12.460365 -10.604600 -1.431498 2.633293
-12.470163 -10.463709 -1.424197 2.632919
-12.476870 -10.321760 -1.416698 2.632535
-12.497951 -10.193078 -1.410977 2.632242
-12.523471 -10.069130 -1.405888 2.631981
-12.539766 -9.938894 -1.399893 2.631675
-12.565493 -9.817239 -1.395080 2.631428
-12.594404 -9.698994 -1.390738 2.631206
-12.638967 -9.593496 -1.388229 2.631077
-12.675676 -9.482618 -1.384956 2.630910
-12.710814 -9.371218 -1.381613 2.630738
-12.752018 -9.264883 -1.379028 2.630606
-12.793935 -9.159554 -1.376612 2.630482
-12.832176 -9.052103 -1.373893 2.630343
-12.873065 -8.947014 -1.371550 2.630223
-12.928905 -8.852603 -1.370881 2.630189
-12.974196 -8.751205 -1.369172 2.630101
-13.025686 -8.654243 -1.368196 2.630052
-13.080851 -8.559868 -1.367680 2.630025
-13.136168 -8.465683 -1.367251 2.630003
-13.196692 -8.374873 -1.367432 2.630013
-13.257605 -8.284270 -1.367717 2.630027
-13.318460 -8.193568 -1.368061 2.630045
-13.381037 -8.103843 -1.368644 2.630075
-13.461720 -8.024796 -1.371132 2.630202
-13.531717 -7.939009 -1.372583 2.630276
-13.593943 -7.848466 -1.373304 2.630313
-13.663996 -7.762227 -1.374872 2.630394
-13.744012 -7.681267 -1.377494 2.630528
-13.818518 -7.596795 -1.379612 2.630636
-13.887590 -7.508990 -1.381241 2.630719
-13.960480 -7.422919 -1.383303 2.630825
-14.038759 -7.339283 -1.385948 2.630960
-14.093458 -7.243052 -1.386322 2.630980
-14.166361 -7.155944 -1.388546 2.631094
-14.238103 -7.067853 -1.390707 2.631204
-14.300470 -6.974805 -1.392009 2.631271
-14.358757 -6.879560 -1.392973 2.631320
-14.434046 -6.792145 -1.395643 2.631457
-14.493324 -6.696857 -1.396820 2.631517
-14.552307 -6.601217 -1.398029 2.631579
-14.615920 -6.507427 -1.399741 2.631667
-14.675479 -6.411556 -1.401124 2.631737
-14.731812 -6.314061 -1.402260 2.631796
-14.796947 -6.220065 -1.404292 2.631900
-14.861431 -6.125438 -1.406319 2.632004
-14.914477 -6.025840 -1.407324 2.632055
-14.975501 -5.929217 -1.409141 2.632148
-15.050557 -5.837725 -1.412335 2.632311
-15.106847 -5.738554 -1.413823 2.632388
-15.159127 -5.637627 -1.414998 2.632448
-15.234310 -5.544835 -1.418368 2.632620
-15.292086 -5.445264 -1.420172 2.632713
-15.347607 -5.344601 -1.421829 2.632797
-15.404234 -5.244030 -1.423649 2.632891
-15.470840 -5.146461 -1.426449 2.633034
-15.519911 -5.042725 -1.427693 2.633098
-15.575980 -4.940989 -1.429642 2.633198
-15.630980 -4.838595 -1.431555 2.633296
-15.685609 -4.735765 -1.433495 2.633395
-15.740239 -4.632602 -1.435497 2.633497
-15.800602 -4.530749 -1.438082 2.633630
-15.842793 -4.423384 -1.439077 2.633681
-15.887069 -4.316420 -1.440326 2.633745
-15.939725 -4.211458 -1.442399 2.633851
-15.995134 -4.106851 -1.444783 2.633973
-16.052755 -4.002401 -1.447429 2.634108
-16.104256 -3.896027 -1.449585 2.634219
-16.155676 -3.789279 -1.451797 2.634332
-16.201551 -3.680903 -1.453574 2.634423
-16.253000 -3.573452 -1.455916 2.634543
-16.308836 -3.466550 -1.458715 2.634686
-16.356441 -3.357492 -1.460840 2.634795
-16.403269 -3.247934 -1.462962 2.634904
-16.452242 -3.138434 -1.465340 2.635025
-16.488297 -3.026167 -1.466634 2.635092
-16.529190 -2.914542 -1.468426 2.635183
-16.571892 -2.802923 -1.470445 2.635287
-16.607853 -2.689884 -1.471933 2.635363
-16.646696 -2.577045 -1.473746 2.635456
-16.682766 -2.463495 -1.475380 2.635539
-16.718525 -2.349635 -1.477056 2.635625
-16.745087 -2.234269 -1.477988 2.635673
-16.770746 -2.118637 -1.478912 2.635720
-16.805239 -2.003904 -1.480684 2.635811
-16.838734 -1.888765 -1.482437 2.635901
-16.873562 -1.773483 -1.484377 2.636000
-16.898289 -1.656889 -1.485498 2.636057
-16.917320 -1.539596 -1.486190 2.636093
-16.937502 -1.422282 -1.487055 2.636137
-16.970806 -1.305830 -1.489142 2.636244
-17.007141 -1.189255 -1.491565 2.636368
-17.030113 -1.071441 -1.492888 2.636436
-17.055134 -0.953529 -1.494461 2.636516
-17.073576 -0.835038 -1.495530 2.636571
-17.095860 -0.716527 -1.497007 2.636647
-17.124802 -0.598011 -1.499139 2.636756
-17.155943 -0.479206 -1.501536 2.636879
-17.188478 -0.360046 -1.504127 2.637011
-17.222038 -0.240481 -1.506880 2.637152
-17.253828 -0.120454 -1.509551 2.637289
-17.271017 0.000000 -1.511018 2.637364
-17.295853 0.120753 -1.513228 2.637477
-17.324106 0.241907 -1.515811 2.637609
-17.360435 0.363649 -1.519174 2.637782
-17.397196 0.485950 -1.522651 2.637960
-17.441790 0.609081 -1.526889 2.638177
-17.474869 0.732417 -1.530195 2.638346
-17.506844 0.856229 -1.533481 2.638514
-17.558784 0.981688 -1.538594 2.638776
-17.590029 1.106673 -1.541971 2.638949
-17.632301 1.232971 -1.546393 2.639175
-17.682327 1.360584 -1.551576 2.639441
-17.728329 1.488690 -1.556487 2.639692
-17.778227 1.617945 -1.561821 2.639965
-17.832094 1.748454 -1.567588 2.640260
-17.886522 1.879949 -1.573488 2.640563
-17.924257 2.010531 -1.578004 2.640794
-17.982916 2.144334 -1.584447 2.641124
-18.047632 2.279945 -1.591513 2.641485
-18.101887 2.415310 -1.597745 2.641804
-18.166981 2.553203 -1.605025 2.642177
-18.224607 2.691179 -1.611737 2.642521
-18.291567 2.831686 -1.619367 2.642911
-18.355801 2.972990 -1.626852 2.643295
-18.425030 3.116363 -1.634876 2.643706
-18.493797 3.260956 -1.642958 2.644120
-18.552309 3.404989 -1.650228 2.644491
-18.613678 3.550750 -1.657851 2.644882
-18.692423 3.701199 -1.667125 2.645357
-18.738327 3.846428 -1.673573 2.645687
-18.795719 3.995154 -1.681149 2.646075
-18.835546 4.141267 -1.687257 2.646387
-18.902060 4.294444 -1.695859 2.646828
-18.949507 4.444566 -1.702858 2.647186
-18.985044 4.592968 -1.708892 2.647495
-19.016991 4.741468 -1.714705 2.647793
-19.042122 4.889189 -1.720007 2.648064
-19.075989 5.040095 -1.726202 2.648381
-19.109291 5.191879 -1.732454 2.648701
-19.129326 5.341006 -1.737608 2.648966
-19.145061 5.489758 -1.742476 2.649215
-19.156633 5.638107 -1.747070 2.649450
-19.174551 5.789140 -1.752347 2.649720
-19.170780 5.934347 -1.755746 2.649894
-19.166201 6.079879 -1.759171 2.650069
-19.160015 6.225467 -1.762550 2.650243
-19.143581 6.368225 -1.765085 2.650372
-19.137497 6.514937 -1.768674 2.650556
-19.126289 6.660478 -1.771892 2.650721
-19.100752 6.801475 -1.773883 2.650823
-19.074505 6.942552 -1.775903 2.650926
-19.047434 7.083681 -1.777944 2.651031
-19.019846 7.224963 -1.780033 2.651138
-18.978821 7.361398 -1.780960 2.651185
-18.942474 7.499859 -1.782420 2.651260
-18.905956 7.638503 -1.783958 2.651339
-18.869259 7.777351 -1.785575 2.651421
-18.827694 7.914435 -1.786827 2.651485
-18.788572 8.052792 -1.788406 2.651566
-18.749292 8.191367 -1.790067 2.651651
-18.704241 8.327664 -1.791273 2.651713
-18.657345 8.463351 -1.792397 2.651771
-18.607290 8.597776 -1.793311 2.651818
-18.555851 8.731720 -1.794184 2.651862
-18.503304 8.865300 -1.795044 2.651906
-18.447886 8.997636 -1.795718 2.651941
-18.383392 9.125599 -1.795598 2.651934
-18.318869 9.253528 -1.795562 2.651933
-18.263063 9.385939 -1.796471 2.651979
-18.195658 9.512463 -1.796330 2.651972
-18.124733 9.637092 -1.795926 2.651951
-18.069477 9.770133 -1.797166 2.652015
-18.000475 9.895846 -1.797131 2.652013
-17.921349 10.015902 -1.796168 2.651964
-17.855675 10.143438 -1.796640 2.651988
-17.783625 10.267382 -1.796559 2.651984
-17.698057 10.383392 -1.795194 2.651914
-17.621483 10.504514 -1.794822 2.651895
-17.549875 10.628581 -1.795042 2.651906
-17.467583 10.746131 -1.794255 2.651866
-17.386488 10.864284 -1.793673 2.651836
-17.303940 10.981419 -1.793022 2.651803
-17.211868 11.092294 -1.791462 2.651723
-17.119844 11.202911 -1.789981 2.651647
-17.031576 11.315755 -1.788969 2.651595
-16.944166 11.428986 -1.788125 2.651552
-16.847090 11.535448 -1.786336 2.651460
-16.749878 11.641470 -1.784602 2.651372
-16.649513 11.744939 -1.782601 2.651269
-16.549875 11.848550 -1.780747 2.651174
-16.457500 11.957074 -1.779746 2.651123
-16.361811 12.062972 -1.778462 2.651057
-16.260542 12.164441 -1.776642 2.650964
-16.160198 12.266257 -1.774992 2.650879
-16.057108 12.365642 -1.773108 2.650783
-15.951606 12.462761 -1.771022 2.650676
-15.834397 12.550193 -1.767694 2.650506
-15.713493 12.633975 -1.764001 2.650317
-15.588497 12.713667 -1.759890 2.650106
-15.479595 12.805838 -1.757646 2.649991
-15.385002 12.909550 -1.757096 2.649963
-15.300171 13.021471 -1.757747 2.649997
-15.231128 13.147159 -1.760317 2.650128
-15.160656 13.272150 -1.762838 2.650257
-15.088212 13.395945 -1.765246 2.650381
-15.019451 13.523575 -1.768204 2.650532
-14.951620 13.652710 -1.771397 2.650695
-14.879911 13.778951 -1.774255 2.650842
-14.811284 13.908720 -1.777606 2.651013
-14.745884 14.042319 -1.781480 2.651212
-14.662838 14.159739 -1.783347 2.651307
-14.579423 14.277230 -1.785281 2.651406
-14.495743 14.394897 -1.787296 2.651510
-14.413829 14.514809 -1.789647 2.651630
-14.331996 14.635356 -1.792130 2.651757
-14.249085 14.755361 -1.794599 2.651883
-14.166205 14.875986 -1.797198 2.652017
-14.085790 14.999844 -1.800237 2.652172
-14.007472 15.126692 -1.803680 2.652348
-13.930723 15.256092 -1.807469 2.652542
-13.852700 15.384982 -1.811237 2.652735
-13.776876 15.517275 -1.815444 2.652951
-13.701035 15.650568 -1.819803 2.653174
-13.631406 15.792134 -1.825154 2.653448
-13.561716 15.934967 -1.830675 2.653730
-13.494046 16.081577 -1.836650 2.654037
-13.433575 16.238409 -1.843805 2.654403
-13.370580 16.393951 -1.850823 2.654762
-13.317834 16.564043 -1.859483 2.655205
-13.277900 16.752544 -1.870192 2.655754
-13.248391 16.957169 -1.882665 2.656392
-13.210203 17.153805 -1.894210 2.656984
-13.179712 17.363632 -1.907174 2.657647
-13.159349 17.590464 -1.921951 2.658404
-13.158614 17.847914 -1.939995 2.659328
-13.135817 18.079901 -1.955196 2.660106
-13.131418 18.341778 -1.973553 2.661046
-13.116374 18.593649 -1.990753 2.661927
-13.112792 18.866833 -2.010151 2.662920
-13.101418 19.134142 -2.028836 2.663876
-13.083778 19.397501 -2.047026 2.664808
-13.061786 19.659576 -2.065009 2.665728
-12.947025 19.785131 -2.068653 2.665915
-12.751187 19.785969 -2.059382 2.665440
-12.557080 19.786798 -2.050294 2.664975
-11.716643 18.750549 -1.934396 2.659041
-11.535886 18.751322 -1.926120 2.658617
-11.356667 18.752087 -1.918007 2.658202
-11.178941 18.752846 -1.910056 2.657795
-11.036295 18.810915 -1.908076 2.657693
-10.937721 18.944689 -1.913853 2.657989
-10.838540 19.079288 -1.919760 2.658292
-10.738746 19.214725 -1.925797 2.658601
-10.638317 19.351025 -1.931967 2.658916
-10.537234 19.488213 -1.938271 2.659239
-10.435490 19.626303 -1.944712 2.659569
-10.333059 19.765327 -1.951292 2.659906
-10.174259 19.796970 -1.947356 2.659705
-10.000545 19.797710 -1.940514 2.659354
-9.828032 19.798447 -1.933814 2.659011
-9.656704 19.799177 -1.927253 2.658675
-9.486520 19.799902 -1.920830 2.658346
-9.317465 19.800623 -1.914543 2.658025
-9.149504 19.801338 -1.908389 2.657710
-8.982606 19.802050 -1.902367 2.657401
-8.816755 19.802757 -1.896476 2.657099
-8.553319 19.577782 -1.869166 2.655701
-8.176775 19.077848 -1.815941 2.652976
-7.888869 18.766876 -1.781055 2.651190
-7.735415 18.767530 -1.775948 2.650928
-7.582836 18.768179 -1.770957 2.650673
-7.431100 18.768826 -1.766080 2.650423
-7.281795 18.773592 -1.761702 2.650199
-7.182585 18.908287 -1.769593 2.650603
-7.082475 19.044209 -1.777642 2.651015
-6.981449 19.181374 -1.785853 2.651436
-6.879478 19.319828 -1.794228 2.651864
-6.776544 19.459589 -1.802770 2.652302
-6.672622 19.600695 -1.811483 2.652748
-6.567681 19.743187 -1.820369 2.653203
-2.484626 7.646894 -0.703446 2.596016
-2.422125 7.635509 -0.700826 2.595882
-2.360082 7.624195 -0.698258 2.595751
-2.298486 7.612950 -0.695741 2.595622
-2.237322 7.601771 -0.693275 2.595496
-2.176586 7.590659 -0.690859 2.595372
-2.116264 7.579610 -0.688492 2.595251
-2.056349 7.568623 -0.686173 2.595132
-1.996830 7.557697 -0.683902 2.595016
-1.937695 7.546829 -0.681678 2.594902
-1.878940 7.536019 -0.679500 2.594790
-1.820554 7.525264 -0.677368 2.594681
-1.762522 7.514564 -0.675281 2.594574
-1.704846 7.503916 -0.673238 2.594470
-1.647512 7.493320 -0.671239 2.594367
-1.590512 7.482773 -0.669283 2.594267
-1.533839 7.472275 -0.667370 2.594169
-1.477478 7.461823 -0.665499 2.594074
-1.421432 7.451417 -0.663670 2.593980
-1.365689 7.441056 -0.661882 2.593888
-1.310240 7.430738 -0.660134 2.593799
-1.255078 7.420462 -0.658427 2.593711
-1.200192 7.410225 -0.656759 2.593626
-1.145583 7.400029 -0.655131 2.593543
-1.091240 7.389870 -0.653541 2.593461
-1.049661 7.468728 -0.659851 2.593784
-0.996210 7.466241 -0.659000 2.593741
-0.941843 7.455475 -0.657454 2.593662
-0.887732 7.444760 -0.655946 2.593584
-0.833866 7.434093 -0.654478 2.593509
-0.780238 7.423472 -0.653047 2.593436
-0.727690 7.421553 -0.652416 2.593404
-0.680185 7.474005 -0.656593 2.593617
-0.632069 7.527132 -0.660856 2.593836
-0.583322 7.580955 -0.665208 2.594059
-0.533926 7.635495 -0.669650 2.594286
-0.486774 7.737033 -0.678241 2.594726
-0.444495 7.950418 -0.696658 2.595669
-0.399857 8.175709 -0.716137 2.596666
-0.352649 8.413973 -0.736773 2.597723
-0.284985 8.160899 -0.714421 2.596578
-0.227638 8.149541 -0.713271 2.596519
-0.394803 18.847998 -1.649348 2.644447
-0.262499 18.799206 -1.644878 2.644218
-0.131247 18.799759 -1.644806 2.644214
0.000000 18.800314 -1.644814 2.644214
0.131255 18.800867 -1.644903 2.644219
0.262541 18.801422 -1.645072 2.644228
0.395935 18.901518 -1.654031 2.644686
0.533339 19.093750 -1.671138 2.645562
0.673622 19.290010 -1.688686 2.646461
0.816890 19.490450 -1.706690 2.647382
0.963264 19.695238 -1.725170 2.648329
1.109502 19.844816 -1.738908 2.649032
1.248569 19.845402 -1.739681 2.649072
1.387767 19.845989 -1.740539 2.649116
1.527109 19.846575 -1.741483 2.649164
1.666619 19.847162 -1.742513 2.649217
1.806291 19.847752 -1.743629 2.649274
1.946149 19.848339 -1.744832 2.649335
2.086207 19.848928 -1.746122 2.649401
2.226478 19.849520 -1.747498 2.649472
2.366989 19.850111 -1.748963 2.649547
2.507731 19.850702 -1.750515 2.649626
2.648731 19.851295 -1.752155 2.649710
2.771329 19.719030 -1.742146 2.649198
2.888239 19.559132 -1.729759 2.648564
3.003512 19.401466 -1.717628 2.647943
3.117177 19.246002 -1.705749 2.647334
3.229285 19.092663 -1.694116 2.646739
3.339879 18.941391 -1.682721 2.646155
3.453169 18.814850 -1.673581 2.645687
3.589240 18.815420 -1.675819 2.645802
3.725671 18.815992 -1.678146 2.645921
3.862489 18.816568 -1.680561 2.646045
3.999708 18.817144 -1.683066 2.646173
4.147028 18.861776 -1.689606 2.646508
4.347074 19.133686 -1.716640 2.647892
4.553619 19.414434 -1.744638 2.649325
4.767025 19.704512 -1.773653 2.650811
4.951895 19.860966 -1.790804 2.651689
5.099586 19.861586 -1.794026 2.651854
5.247828 19.862207 -1.797348 2.652024
5.396616 19.862831 -1.800770 2.652199
5.545979 19.863457 -1.804293 2.652380
5.695935 19.864086 -1.807918 2.652565
5.846502 19.864716 -1.811646 2.652756
5.997710 19.865351 -1.815479 2.652952
6.149555 19.865986 -1.819416 2.653154
6.302067 19.866625 -1.823459 2.653361
6.455266 19.867266 -1.827610 2.653574
6.565414 19.736368 -1.819741 2.653171
6.671020 19.595972 -1.811046 2.652725
6.775618 19.456911 -1.802522 2.652289
6.879241 19.319145 -1.794165 2.651861
6.981911 19.182642 -1.785971 2.651442
7.083652 19.047371 -1.777938 2.651030
7.184494 18.913294 -1.770062 2.650627
7.304063 18.830988 -1.767088 2.650475
7.455969 18.831623 -1.771989 2.650726
7.608728 18.832262 -1.777004 2.650983
7.762361 18.832903 -1.782135 2.651245
7.935130 18.876911 -1.791498 2.651725
8.307808 19.383556 -1.845040 2.654466
8.683870 19.876587 -1.897694 2.657162
8.849936 19.877279 -1.903613 2.657465
9.017049 19.877977 -1.909662 2.657774
9.185248 19.878681 -1.915843 2.658091
9.354535 19.879387 -1.922159 2.658414
9.524950 19.880098 -1.928610 2.658745
9.696522 19.880816 -1.935200 2.659082
9.869278 19.881536 -1.941929 2.659427
10.043262 19.882261 -1.948802 2.659779
10.218476 19.882994 -1.955818 2.660138
10.337367 19.773554 -1.952104 2.659948
10.440704 19.636108 -1.945684 2.659619
10.543369 19.499557 -1.939400 2.659297
10.645385 19.363867 -1.933249 2.658982
10.746751 19.229036 -1.927232 2.658674
10.847492 19.095036 -1.921344 2.658373
10.947624 18.961842 -1.915586 2.658078
11.057263 18.846653 -1.911701 2.657879
11.235312 18.847395 -1.919687 2.658288
11.414847 18.848145 -1.927833 2.658705
11.595922 18.848898 -1.936143 2.659130
12.273106 19.641073 -2.026266 2.663745
12.624493 19.893021 -2.061301 2.665539
12.820713 19.893837 -2.070610 2.666015
13.018708 19.894663 -2.080105 2.666501
13.218538 19.895494 -2.089790 2.666997
13.420246 19.896334 -2.099668 2.667503
13.623881 19.897181 -2.109743 2.668019
13.829505 19.898037 -2.120020 2.668545
13.604052 19.284964 -2.064770 2.665716
12.781193 17.852575 -1.920916 2.658351
12.387444 17.049854 -1.843804 2.654403
12.046542 16.339535 -1.776040 2.650933
11.783698 15.751584 -1.721033 2.648117
11.609027 15.294321 -1.679887 2.646010
11.439512 14.854506 -1.640311 2.643984
11.310729 14.477073 -1.607313 2.642294
11.182906 14.109319 -1.575112 2.640646
11.102482 13.808694 -1.550168 2.639369
10.991617 13.477048 -1.521514 2.637902
10.882051 13.154136 -1.493599 2.636472
10.793303 12.862958 -1.469057 2.635216
10.707182 12.580898 -1.445345 2.634002
10.679275 12.372050 -1.429883 2.633210
10.672732 12.191359 -1.417577 2.632580
10.680374 12.029592 -1.407403 2.632059
10.689473 11.871862 -1.397646 2.631559
10.702398 11.720624 -1.388603 2.631096
10.723059 11.579843 -1.380761 2.630695
10.743350 11.440500 -1.373055 2.630300
10.763281 11.302555 -1.365485 2.629913
10.783073 11.166200 -1.358073 2.629533
10.812227 11.041085 -1.352004 2.629223
10.836851 10.912765 -1.345523 2.628891
10.855438 10.779911 -1.338454 2.628529
10.882647 10.657073 -1.332603 2.628229
10.910289 10.535943 -1.326948 2.627940
10.938007 10.416125 -1.321443 2.627658
10.980292 10.311174 -1.317822 2.627472
11.018550 10.203284 -1.313832 2.627268
11.069405 10.107753 -1.311450 2.627146
11.131974 10.023274 -1.310541 2.627100
11.177800 9.924117 -1.307747 2.626956
11.211595 9.815002 -1.303652 2.626747
11.245051 9.706464 -1.299631 2.626541
11.278131 9.598440 -1.295678 2.626339
11.304828 9.485876 -1.291106 2.626105
11.329206 9.372336 -1.286386 2.625863
11.353230 9.259462 -1.281742 2.625625
11.376957 9.147305 -1.277180 2.625391
11.400394 9.035839 -1.272698 2.625162
11.423571 8.925072 -1.268299 2.624937
11.446498 8.814992 -1.263981 2.624716
11.469116 8.705527 -1.259736 2.624498
11.491439 8.596691 -1.255565 2.624285
11.513494 8.488478 -1.251470 2.624075
11.535284 8.380875 -1.247448 2.623869
11.556867 8.273905 -1.243505 2.623667
11.578154 8.167483 -1.239630 2.623469
11.599171 8.061629 -1.235824 2.623274
11.618587 7.955410 -1.231945 2.623075
11.635400 7.848176 -1.227888 2.622868
11.657349 7.745126 -1.224469 2.622693
11.670124 7.636710 -1.220180 2.622473
11.681396 7.528142 -1.215834 2.622251
11.692463 7.420260 -1.211565 2.622032
11.703326 7.313050 -1.207371 2.621817
11.713989 7.206496 -1.203251 2.621606
11.724456 7.100578 -1.199205 2.621399
11.735392 6.995694 -1.195299 2.621199
11.748287 6.892677 -1.191682 2.621014
11.759024 6.789075 -1.187934 2.620822
11.769558 6.686041 -1.184254 2.620634
11.779894 6.583555 -1.180640 2.620449
11.790031 6.481621 -1.177092 2.620267
11.799973 6.380220 -1.173609 2.620089
11.809724 6.279342 -1.170191 2.619914
11.819284 6.178974 -1.166835 2.619742
11.828657 6.079099 -1.163542 2.619573
11.837843 5.979722 -1.160311 2.619408
11.846846 5.880824 -1.157141 2.619246
11.855667 5.782395 -1.154031 2.619086
11.864308 5.684425 -1.150981 2.618930
11.872773 5.586898 -1.147991 2.618777
11.881062 5.489818 -1.145058 2.618627
11.889176 5.393167 -1.142184 2.618480
11.897119 5.296938 -1.139366 2.618335
11.904891 5.201120 -1.136606 2.618194
11.912496 5.105697 -1.133901 2.618056
11.919665 5.010563 -1.131226 2.617919
11.927205 4.916038 -1.128657 2.617787
11.934313 4.821775 -1.126117 2.617657
11.941259 4.727880 -1.123630 2.617530
11.948047 4.634337 -1.121197 2.617405
11.954674 4.541152 -1.118816 2.617283
11.961143 4.448308 -1.116488 2.617164
11.969229 4.356443 -1.114377 2.617056
11.983692 4.267202 -1.112923 2.616982
11.991672 4.175937 -1.110929 2.616879
11.997073 4.084134 -1.108761 2.616769
12.002337 3.992644 -1.106644 2.616660
12.007462 3.901461 -1.104579 2.616554
12.017384 3.812140 -1.103016 2.616474
12.026038 3.722676 -1.101398 2.616391
12.031157 3.632417 -1.099518 2.616295
12.039150 3.543313 -1.097961 2.616215
12.048090 3.454734 -1.096550 2.616143
12.052420 3.365097 -1.094779 2.616053
12.059425 3.276469 -1.093311 2.615978
12.071907 3.189533 -1.092397 2.615931
12.081621 3.102031 -1.091290 2.615874
12.085439 3.013238 -1.089708 2.615793
12.090302 2.924953 -1.088279 2.615720
12.102194 2.838540 -1.087539 2.615682
12.113945 2.752218 -1.086842 2.615646
12.125611 2.665987 -1.086192 2.615613
12.136494 2.579691 -1.085527 2.615579
12.139846 2.491954 -1.084244 2.615513
12.142795 2.404334 -1.082982 2.615448
12.152443 2.318200 -1.082373 2.615417
12.163363 2.232393 -1.081931 2.615395
12.174150 2.146631 -1.081531 2.615374
12.184804 2.060907 -1.081173 2.615356
12.195328 1.975208 -1.080857 2.615340
12.205720 1.889542 -1.080582 2.615326
12.215982 1.803898 -1.080350 2.615314
12.226148 1.718273 -1.080161 2.615304
12.236200 1.632659 -1.080016 2.615297
12.248837 1.547384 -1.080152 2.615304
12.262545 1.462217 -1.080434 2.615318
12.271394 1.376456 -1.080341 2.615313
12.280126 1.290693 -1.080290 2.615311
12.288741 1.204923 -1.080281 2.615310
12.298984 1.119291 -1.080468 2.615320
12.316000 1.034201 -1.081303 2.615363
12.330898 0.948809 -1.082003 2.615399
12.339113 0.862835 -1.082169 2.615407
12.348104 0.776878 -1.082455 2.615422
12.364717 0.691291 -1.083462 2.615473
12.380018 0.605481 -1.084406 2.615521
12.392737 0.519408 -1.085176 2.615561
12.407744 0.433288 -1.086199 2.615613
12.422618 0.346996 -1.087262 2.615668
12.436300 0.260499 -1.088274 2.615720
12.443424 0.173751 -1.088765 2.615745
12.456956 0.086966 -1.089869 2.615801
11.561856 -0.000000 -1.419617 2.632684
11.582313 -0.080861 -1.422164 2.632815
11.602516 -0.162012 -1.424749 2.632947
11.615999 -0.243321 -1.426578 2.633041
11.634624 -0.324985 -1.429109 2.633170
11.653124 -0.406936 -1.431696 2.633303
11.676370 -0.489385 -1.434937 2.633469
11.693422 -0.571904 -1.437488 2.633599
11.712729 -0.654843 -1.440388 2.633748
11.744524 -0.738903 -1.444897 2.633979
11.773721 -0.823299 -1.449161 2.634197
11.803007 -0.908192 -1.453511 2.634420
11.832577 -0.993609 -1.457971 2.634648
11.866225 -1.079911 -1.463010 2.634906
11.902515 -1.167052 -1.468454 2.635185
11.941178 -1.255069 -1.474269 2.635483
11.984706 -1.344300 -1.480765 2.635815
12.028433 -1.434304 -1.487369 2.636153
12.072427 -1.525102 -1.494089 2.636497
12.116673 -1.616709 -1.500925 2.636847
12.159667 -1.708930 -1.507692 2.637194
12.201161 -1.801711 -1.514360 2.637535
12.237719 -1.894499 -1.520502 2.637850
12.272703 -1.987744 -1.526535 2.638159
12.303716 -2.081018 -1.532163 2.638447
12.332129 -2.174487 -1.537554 2.638723
12.359351 -2.268366 -1.542885 2.638996
12.385919 -2.362741 -1.548223 2.639269
12.410311 -2.457308 -1.553378 2.639533
12.429641 -2.551439 -1.557989 2.639769
12.442686 -2.644775 -1.561901 2.639969
12.454198 -2.738233 -1.565708 2.640164
12.460963 -2.831062 -1.569005 2.640333
12.470716 -2.924980 -1.572766 2.640526
12.490858 -3.021857 -1.577928 2.640790
12.501348 -3.116936 -1.581964 2.640996
12.508117 -3.211539 -1.585619 2.641184
12.521572 -3.308342 -1.590214 2.641419
12.533467 -3.405268 -1.594705 2.641649
12.545056 -3.502643 -1.599252 2.641881
12.557706 -3.600864 -1.604030 2.642126
12.565438 -3.698210 -1.608276 2.642344
12.571663 -3.795609 -1.612425 2.642556
12.579752 -3.894084 -1.616910 2.642786
12.586646 -3.992719 -1.621340 2.643013
12.600597 -4.094182 -1.626779 2.643291
12.614494 -4.196284 -1.632316 2.643574
12.628304 -4.299026 -1.637946 2.643863
12.642047 -4.402427 -1.643675 2.644156
12.655772 -4.506518 -1.649510 2.644455
12.662430 -4.608747 -1.654531 2.644712
12.662477 -4.709133 -1.658793 2.644930
12.676525 -4.815361 -1.664997 2.645248
12.683468 -4.919593 -1.670379 2.645523
12.689640 -5.024184 -1.675770 2.645799
12.695712 -5.129401 -1.681260 2.646080
12.699971 -5.234550 -1.686623 2.646355
12.699087 -5.338205 -1.691414 2.646600
12.705734 -5.445685 -1.697321 2.646903
12.705192 -5.550762 -1.702384 2.647162
12.699870 -5.654347 -1.706919 2.647394
12.694457 -5.758461 -1.711553 2.647631
12.690948 -5.864042 -1.716558 2.647888
12.687196 -5.970141 -1.721646 2.648148
12.678794 -6.074660 -1.726219 2.648382
12.671624 -6.180364 -1.731075 2.648631
12.666778 -6.287843 -1.736367 2.648902
12.655379 -6.392693 -1.740880 2.649133
12.647893 -6.500134 -1.746051 2.649398
12.642865 -6.609530 -1.751684 2.649686
12.629677 -6.715319 -1.756310 2.649923
12.620046 -6.823633 -1.761552 2.650191
12.613740 -6.934463 -1.767386 2.650490
12.601511 -7.042747 -1.772519 2.650753
12.586056 -7.149875 -1.777323 2.650999
12.574341 -7.259799 -1.782782 2.651278
12.567013 -7.373023 -1.788998 2.651597
12.559420 -7.486917 -1.795314 2.651920
12.551558 -7.601494 -1.801732 2.652249
12.535199 -7.711706 -1.807068 2.652522
12.516470 -7.821159 -1.812196 2.652784
12.507519 -7.937514 -1.818879 2.653126
12.495957 -8.053095 -1.825329 2.653457
12.476256 -8.164234 -1.830733 2.653733
12.461010 -8.279076 -1.836932 2.654051
12.451201 -8.398442 -1.844085 2.654417
12.432861 -8.512959 -1.850125 2.654726
12.411817 -8.626437 -1.855910 2.655023
12.390432 -8.740489 -1.861792 2.655324
12.371945 -8.857444 -1.868260 2.655655
12.359440 -8.979659 -1.875793 2.656041
12.341706 -9.099092 -1.882697 2.656394
12.318890 -9.215707 -1.888985 2.656716
12.299218 -9.335615 -1.895916 2.657071
12.282016 -9.458426 -1.903397 2.657454
12.255763 -9.575252 -1.909642 2.657773
12.235890 -9.698049 -1.917049 2.658153
12.216583 -9.822385 -1.924721 2.658546
12.191582 -9.943213 -1.931671 2.658901
12.165645 -10.064298 -1.938647 2.659259
12.137258 -10.184369 -1.945407 2.659605
12.108440 -10.305092 -1.952272 2.659956
12.079187 -10.426475 -1.959244 2.660313
12.049492 -10.548533 -1.966324 2.660676
12.019348 -10.671278 -1.973515 2.661044
11.988751 -10.794720 -1.980816 2.661418
11.957708 -10.918889 -1.988234 2.661798
11.926214 -11.043796 -1.995769 2.662183
11.894247 -11.169441 -2.003419 2.662575
11.861799 -11.295840 -2.011188 2.662973
11.828865 -11.423002 -2.019076 2.663377
11.795437 -11.550946 -2.027086 2.663787
11.761508 -11.679683 -2.035219 2.664203
11.727071 -11.809229 -2.043476 2.664626
11.682975 -11.930263 -2.050256 2.664973
11.636687 -12.050142 -2.056846 2.665310
11.589971 -12.170670 -2.063557 2.665654
11.542682 -12.291708 -2.070366 2.666003
11.494813 -12.413269 -2.077274 2.666356
11.446408 -12.535418 -2.084291 2.666716
11.401824 -12.663009 -2.092219 2.667122
11.361301 -12.796542 -2.101126 2.667578
11.312280 -12.921913 -2.108692 2.667965
11.256623 -13.040924 -2.115237 2.668300
11.200436 -13.160469 -2.121892 2.668641
11.144472 -13.281465 -2.128804 2.668995
11.092099 -13.408046 -2.136629 2.669395
11.039127 -13.535308 -2.144575 2.669802
10.985546 -13.663264 -2.152645 2.670215
10.931347 -13.791929 -2.160840 2.670635
10.876521 -13.921313 -2.169161 2.671061
10.818463 -14.048061 -2.177089 2.671467
10.766458 -14.184284 -2.186498 2.671949
10.708205 -14.313954 -2.194909 2.672379
10.645994 -14.439877 -2.202767 2.672781
10.583157 -14.566465 -2.210753 2.673191
10.523672 -14.699311 -2.219711 2.673649
10.463410 -14.832830 -2.228788 2.674114
10.402485 -14.967215 -2.238013 2.674586
10.340843 -15.102423 -2.247381 2.675066
10.278475 -15.238465 -2.256892 2.675553
10.215488 -15.375547 -2.266577 2.676049
10.151793 -15.513565 -2.276419 2.676553
10.087364 -15.652527 -2.286420 2.677065
10.022126 -15.792345 -2.296567 2.677584
9.947226 -15.918889 -2.304815 2.678006
9.867219 -16.038937 -2.312166 2.678383
9.780361 -16.149296 -2.318175 2.678691
9.685286 -16.247219 -2.322469 2.678910
9.586035 -16.339003 -2.325966 2.679089
9.490216 -16.437538 -2.330504 2.679322
9.390344 -16.529995 -2.334261 2.679514
9.289878 -16.622280 -2.338077 2.679709
9.184268 -16.706123 -2.340795 2.679849
9.076982 -16.787529 -2.343265 2.679975
8.968576 -16.867439 -2.345622 2.680096
8.857132 -16.942131 -2.347353 2.680184
8.746934 -17.019691 -2.349581 2.680298
8.636779 -17.097918 -2.351998 2.680422
8.525573 -17.174658 -2.354310 2.680541
8.414059 -17.251377 -2.356716 2.680664
8.302229 -17.328091 -2.359221 2.680792
8.189918 -17.404463 -2.361777 2.680923
8.074267 -17.474319 -2.363549 2.681014
7.959374 -17.546341 -2.365717 2.681124
7.846267 -17.623005 -2.368610 2.681273
7.731886 -17.697590 -2.371321 2.681412
7.615717 -17.768803 -2.373682 2.681532
7.502099 -17.846792 -2.377045 2.681705
7.386597 -17.921227 -2.380033 2.681858
7.270617 -17.995407 -2.383085 2.682014
7.152120 -18.064194 -2.385524 2.682139
7.030668 -18.126148 -2.387165 2.682223
6.913861 -18.200871 -2.390591 2.682398
6.797709 -18.278488 -2.394494 2.682598
6.672392 -18.332249 -2.395376 2.682643
6.547700 -18.388081 -2.396640 2.682708
6.424750 -18.449375 -2.398724 2.682815
6.300207 -18.506742 -2.400405 2.682901
6.174150 -18.560181 -2.401687 2.682966
6.044929 -18.604378 -2.401887 2.682976
5.913145 -18.640598 -2.401175 2.682940
5.779481 -18.670490 -2.399770 2.682868
5.638910 -18.676977 -2.395485 2.682649
5.503576 -18.699547 -2.393393 2.682542
5.369202 -18.724632 -2.391748 2.682457
5.237386 -18.758211 -2.391309 2.682435
5.100271 -18.772121 -2.388484 2.682290
4.964535 -18.790018 -2.386293 2.682178
4.837513 -18.840870 -2.388404 2.682286
4.708042 -18.882925 -2.389510 2.682343
4.577940 -18.922941 -2.390471 2.682392
4.442461 -18.940536 -2.388718 2.682302
4.311908 -18.978943 -2.389707 2.682353
4.188271 -19.049347 -2.394832 2.682615
4.061233 -19.106598 -2.398406 2.682798
3.932313 -19.156740 -2.401196 2.682941
3.800253 -19.192688 -2.402318 2.682999
3.670455 -19.241211 -2.405125 2.683142
3.537927 -19.276648 -2.406409 2.683208
3.403520 -19.302320 -2.406589 2.683217
3.271064 -19.339697 -2.408342 2.683307
3.137487 -19.371435 -2.409508 2.683367
2.999564 -19.376017 -2.407415 2.683259
2.862524 -19.384970 -2.405986 2.683187
2.727906 -19.410063 -2.406677 2.683222
2.588538 -19.400198 -2.403155 2.683042
2.446594 -19.366793 -2.396843 2.682718
2.310489 -19.376356 -2.395972 2.682674
2.174695 -19.387836 -2.395456 2.682647
2.036294 -19.374044 -2.391937 2.682467
1.895895 -19.335844 -2.385528 2.682139
1.759371 -19.332243 -2.383511 2.682036
1.623043 -19.328327 -2.381572 2.681937
1.486908 -19.324095 -2.379714 2.681841
1.350954 -19.319548 -2.377935 2.681750
1.215176 -19.314686 -2.376234 2.681663
1.079568 -19.309509 -2.374612 2.681580
0.944579 -19.313349 -2.374216 2.681560
0.810353 -19.334423 -2.376053 2.681654
0.675469 -19.342899 -2.376457 2.681674
0.540673 -19.356407 -2.377595 2.681733
0.405643 -19.365246 -2.378275 2.681767
0.270656 -19.383209 -2.380191 2.681866
0.135322 -19.383078 -2.380001 2.681856
-0.000000 -19.386639 -2.380380 2.681875
-0.135324 -19.383270 -2.380024 2.681857
-0.270740 -19.388990 -2.380901 2.681902
-0.406021 -19.383150 -2.380474 2.681880
-0.541169 -19.374144 -2.379774 2.681844
-0.675885 -19.354797 -2.377919 2.681749
-0.809516 -19.314444 -2.373597 2.681528
-0.942219 -19.265039 -2.368277 2.681256
-1.072986 -19.191736 -2.360129 2.680839
-1.205331 -19.158192 -2.356981 2.680677
-1.336728 -19.116095 -2.352893 2.680468
-1.467056 -19.066082 -2.347940 2.680214
-1.596810 -19.015886 -2.343075 2.679965
-1.724475 -18.948767 -2.336231 2.679615
-1.851106 -18.879044 -2.329171 2.679253
-1.977126 -18.811100 -2.322435 2.678909
-2.104871 -18.765345 -2.318544 2.678709
-2.233600 -18.731520 -2.316235 2.678591
-2.362941 -18.704594 -2.314889 2.678522
-2.483755 -18.614882 -2.305876 2.678061
-2.605398 -18.538368 -2.298595 2.677688
-2.727297 -18.469215 -2.292326 2.677367
-2.853604 -18.433149 -2.290266 2.677262
-2.976874 -18.379761 -2.286160 2.677051
-3.097944 -18.316149 -2.280882 2.676781
-3.219459 -18.258455 -2.276441 2.676554
-3.335424 -18.173294 -2.268671 2.676156
-3.455304 -18.113329 -2.264142 2.675924
-3.580890 -18.084808 -2.263646 2.675899
-3.696592 -18.008390 -2.257256 2.675571
-3.816766 -17.956470 -2.254033 2.675406
-3.940248 -17.921272 -2.253013 2.675354
-4.065394 -17.893894 -2.253085 2.675358
-4.193646 -17.879696 -2.254928 2.675452
-4.312784 -17.826912 -2.252014 2.675303
-4.439866 -17.807327 -2.253401 2.675374
-4.562013 -17.767864 -2.252382 2.675322
-4.684055 -17.728432 -2.251474 2.675275
-4.812849 -17.714222 -2.253882 2.675399
-4.933983 -17.671541 -2.252779 2.675342
-5.061055 -17.649994 -2.254482 2.675429
-5.189590 -17.632710 -2.256847 2.675550
-5.319284 -17.618317 -2.259702 2.675697
-5.448690 -17.601868 -2.262417 2.675836
-5.573671 -17.570436 -2.263323 2.675882
-5.704380 -17.556274 -2.266573 2.676049
-5.834099 -17.537949 -2.269411 2.676194
-5.956526 -17.497177 -2.269461 2.676196
-6.084648 -17.472723 -2.271743 2.676313
-6.215616 -17.455479 -2.275088 2.676485
-6.336802 -17.410221 -2.274899 2.676475
-6.466040 -17.386656 -2.277663 2.676616
-6.586483 -17.339035 -2.277393 2.676602
-6.705762 -17.288483 -2.276847 2.676574
-6.819728 -17.224667 -2.274658 2.676462
-6.952534 -17.208124 -2.278827 2.676676
-7.086419 -17.192940 -2.283313 2.676906
-7.207251 -17.145370 -2.283622 2.676921
-7.343108 -17.132750 -2.288713 2.677182
-7.472272 -17.103357 -2.291700 2.677335
-7.592883 -17.053894 -2.292119 2.677356
-7.716723 -17.011419 -2.293595 2.677432
-7.854393 -16.998461 -2.299185 2.677718
-7.980078 -16.958525 -2.301263 2.677824
-8.105336 -16.917143 -2.303270 2.677927
-8.227821 -16.869534 -2.304553 2.677993
-8.351439 -16.823862 -2.306222 2.678078
-8.480800 -16.789125 -2.309521 2.678247
-8.615159 -16.763283 -2.314183 2.678486
-8.753330 -16.743576 -2.319843 2.678776
-8.878753 -16.698503 -2.322129 2.678893
-8.996572 -16.638811 -2.322506 2.678912
-9.125178 -16.598635 -2.325734 2.679077
-9.252344 -16.555117 -2.328630 2.679226
-9.361217 -16.478724 -2.327021 2.679143
-9.483676 -16.426208 -2.328898 2.679240
-9.592480 -16.349983 -2.327529 2.679169
-9.706626 -16.283014 -2.327586 2.679172
-9.827991 -16.227940 -2.329464 2.679269
-9.931181 -16.142904 -2.327154 2.679150
-10.030758 -16.052568 -2.324169 2.678997
-10.135293 -15.970666 -2.322500 2.678912
-10.236072 -15.883272 -2.320126 2.678790
-10.338749 -15.799261 -2.318341 2.678699
-10.442207 -15.716785 -2.316880 2.678624
-10.538023 -15.623260 -2.313882 2.678471
-10.644585 -15.546022 -2.313393 2.678446
-10.744726 -15.459633 -2.311644 2.678356
-10.844345 -15.372836 -2.309929 2.678268
-10.938726 -15.279052 -2.307256 2.678131
-11.039705 -15.194850 -2.306123 2.678073
-11.138837 -15.108350 -2.304741 2.678003
-11.221944 -15.000680 -2.300212 2.677771
-11.301580 -14.889279 -2.295173 2.677513
-11.380859 -14.778347 -2.290265 2.677261
-11.449642 -14.654874 -2.283462 2.676913
-11.511001 -14.523263 -2.275421 2.676502
-11.570298 -14.390547 -2.267228 2.676082
-11.618886 -14.246162 -2.257205 2.675569
-11.658378 -14.092555 -2.245709 2.674980
-11.690798 -13.932550 -2.233163 2.674338
-11.718171 -13.768799 -2.219975 2.673663
-11.731174 -13.590695 -2.204410 2.672866
-11.747736 -13.419333 -2.189865 2.672121
-11.763295 -13.249315 -2.175469 2.671384
-11.786538 -13.090277 -2.162814 2.670736
-11.766591 -12.886057 -2.142593 2.669701
-11.784468 -12.726066 -2.129618 2.669036
-11.780741 -12.545216 -2.113066 2.668189
-11.788188 -12.378814 -2.098849 2.667461
-11.770762 -12.188981 -2.080545 2.666524
-11.767363 -12.016431 -2.065065 2.665731
-11.770101 -11.852558 -2.050974 2.665010
-11.766999 -11.685137 -2.036169 2.664252
-11.758905 -11.515168 -2.020808 2.663465
-11.735293 -11.332641 -2.003104 2.662559
-11.733301 -11.173468 -1.989401 2.661857
-11.746054 -11.030276 -1.978458 2.661297
-11.751637 -10.882135 -1.966554 2.660687
-11.761481 -10.739706 -1.955607 2.660127
-11.773667 -10.601057 -1.945280 2.659598
-11.788260 -10.466105 -1.935571 2.659101
-11.803045 -10.332784 -1.926107 2.658617
-11.833625 -10.214512 -1.919413 2.658274
-11.858099 -10.092031 -1.911908 2.657890
-11.879815 -9.968349 -1.904143 2.657492
-11.918373 -9.859733 -1.899243 2.657241
-11.941640 -9.739363 -1.892070 2.656874
-11.972071 -9.625793 -1.886198 2.656573
-12.006931 -9.516574 -1.881176 2.656316
-12.049793 -9.414330 -1.877549 2.656130
-12.084803 -9.306547 -1.872834 2.655889
-12.118321 -9.198306 -1.868031 2.655643
-12.164893 -9.100503 -1.865371 2.655507
-12.206800 -8.999627 -1.862117 2.655340
-12.248762 -8.899246 -1.858995 2.655180
-12.291299 -8.799703 -1.856082 2.655031
-12.335260 -8.701568 -1.853502 2.654899
-12.378078 -8.602989 -1.850866 2.654764
-12.416843 -8.501988 -1.847742 2.654604
-12.460917 -8.404995 -1.845523 2.654491
-12.511219 -8.312431 -1.844333 2.654430
-12.566374 -8.223204 -1.843956 2.654410
-12.614597 -8.129554 -1.842659 2.654344
-12.674599 -8.043543 -1.843176 2.654371
-12.740951 -7.961430 -1.844697 2.654448
-12.799786 -7.874477 -1.845211 2.654475
-12.851147 -7.782929 -1.844737 2.654450
-12.913156 -7.697787 -1.845879 2.654509
-12.978710 -7.614562 -1.847606 2.654597
-13.043426 -7.530625 -1.849289 2.654684
-13.102928 -7.443496 -1.850312 2.654736
-13.171811 -7.361475 -1.852737 2.654860
-13.243926 -7.280910 -1.855686 2.655011
-13.316455 -7.200178 -1.858759 2.655169
-13.387537 -7.118279 -1.861699 2.655319
-13.451009 -7.032015 -1.863653 2.655419
-13.516301 -6.946434 -1.865935 2.655536
-13.586573 -6.863072 -1.868976 2.655692
-13.663080 -6.782410 -1.872941 2.655895
-13.733204 -6.698131 -1.876098 2.656056
-13.802662 -6.613125 -1.879233 2.656217
-13.871326 -6.527349 -1.882332 2.656375
-13.937964 -6.440245 -1.885227 2.656523
-14.011824 -6.356043 -1.889169 2.656725
-14.073686 -6.266008 -1.891566 2.656848
-14.136382 -6.176031 -1.894151 2.656981
-14.199722 -6.086008 -1.896899 2.657121
-14.263822 -5.995959 -1.899823 2.657271
-14.324057 -5.903948 -1.902310 2.657398
-14.388940 -5.813509 -1.905490 2.657561
-14.458714 -5.724607 -1.909391 2.657761
-14.528323 -5.635164 -1.913341 2.657963
-14.602551 -5.546989 -1.917970 2.658200
-14.658587 -5.451478 -1.920285 2.658319
-14.714981 -5.355815 -1.922727 2.658443
-14.771230 -5.259795 -1.925232 2.658572
-14.827513 -5.163485 -1.927822 2.658705
-14.888391 -5.068423 -1.931090 2.658872
-14.952195 -4.973931 -1.934814 2.659062
-15.002306 -4.874545 -1.936848 2.659167
-15.053982 -4.775401 -1.939167 2.659285
-15.105515 -4.675937 -1.941553 2.659408
-15.160731 -4.577295 -1.944496 2.659558
-15.209175 -4.476302 -1.946653 2.659669
-15.260907 -4.375995 -1.949317 2.659805
-15.304337 -4.273045 -1.951006 2.659892
-15.358017 -4.172680 -1.954088 2.660049
-15.411922 -4.072006 -1.957282 2.660213
-15.458598 -3.969091 -1.959643 2.660334
-15.503380 -3.865427 -1.961851 2.660447
-15.551898 -3.762397 -1.964619 2.660589
-15.604651 -3.660037 -1.968007 2.660762
-15.674751 -3.561217 -1.973664 2.661052
-15.704271 -3.452806 -1.974298 2.661084
-15.764496 -3.350847 -1.978880 2.661319
-15.822014 -3.247790 -1.983205 2.661540
-15.873387 -3.143014 -1.986846 2.661726
-15.913938 -3.035747 -1.989220 2.661848
-15.969284 -2.930910 -1.993532 2.662069
-16.031935 -2.826863 -1.998841 2.662341
-16.088249 -2.721121 -2.003445 2.662576
-16.124222 -2.611553 -2.005605 2.662687
-16.163446 -2.502234 -2.008262 2.662823
-16.205011 -2.392946 -2.011302 2.662979
-16.245121 -2.283103 -2.014253 2.663130
-16.282314 -2.172522 -2.016934 2.663267
-16.313351 -2.060854 -2.018948 2.663370
-16.340796 -1.948523 -2.020611 2.663455
-16.368797 -1.836053 -2.022439 2.663549
-16.395533 -1.723240 -2.024207 2.663639
-16.416973 -1.609695 -2.025417 2.663701
-16.436020 -1.495794 -2.026429 2.663753
-16.482298 -1.384058 -2.030894 2.663982
-16.506464 -1.270101 -2.032730 2.664076
-16.530933 -1.155955 -2.034700 2.664176
-16.545687 -1.040964 -2.035572 2.664221
-16.564981 -0.926125 -2.037100 2.664299
-16.576059 -0.810705 -2.037717 2.664331
-16.592865 -0.695445 -2.039136 2.664404
-16.623266 -0.580497 -2.042325 2.664567
-16.641817 -0.464845 -2.044155 2.664661
-16.657726 -0.348929 -2.045760 2.664743
-16.680693 -0.232922 -2.048331 2.664875
-16.696978 -0.116567 -2.050181 2.664969
-16.707047 0.000000 -2.051368 2.665030
-16.728542 0.116792 -2.054057 2.665168
-16.758673 0.234012 -2.057907 2.665365
-16.775198 0.351390 -2.060187 2.665482
-16.795870 0.469153 -2.063078 2.665630
-16.820757 0.587394 -2.066588 2.665809
-16.846874 0.706096 -2.070352 2.666002
-16.880930 0.825616 -2.075195 2.666250
-16.904858 0.945128 -2.078897 2.666439
-16.927711 1.065003 -2.082571 2.666628
-16.939695 1.184539 -2.085012 2.666753
-16.959200 1.304942 -2.088483 2.666930
-16.988106 1.426532 -2.093218 2.667173
-17.018305 1.548786 -2.098221 2.667429
-17.054359 1.672197 -2.104054 2.667727
-17.084656 1.795670 -2.109287 2.667995
-17.113953 1.919640 -2.114507 2.668263
-17.146328 2.044577 -2.120219 2.668555
-17.186920 2.171212 -2.127061 2.668905
-17.232603 2.299322 -2.134649 2.669294
-17.274109 2.427718 -2.141838 2.669662
-17.313307 2.556610 -2.148859 2.670022
-17.353863 2.686521 -2.156168 2.670396
-17.398584 2.817955 -2.164116 2.670803
-17.430721 2.948188 -2.170621 2.671136
-17.479780 3.082157 -2.179356 2.671583
-17.526180 3.216659 -2.187888 2.672020
-17.578274 3.353236 -2.197260 2.672500
-17.609007 3.486676 -2.204091 2.672849
-17.643732 3.621740 -2.211548 2.673231
-17.691610 3.760468 -2.220786 2.673704
-17.742292 3.900899 -2.230513 2.674202
-17.788061 4.041349 -2.239759 2.674675
-17.826807 4.181239 -2.248258 2.675111
-17.858023 4.320313 -2.255944 2.675504
-17.913633 4.466371 -2.266853 2.676063
-17.917376 4.600403 -2.271335 2.676292
-17.942106 4.740510 -2.278610 2.676665
-17.953020 4.877727 -2.284265 2.676954
-17.950611 5.011903 -2.288355 2.677164
-17.944769 5.145580 -2.292134 2.677357
-17.934490 5.278411 -2.295472 2.677528
-17.923893 5.411543 -2.298895 2.677703
-17.912212 5.544755 -2.302306 2.677878
-17.899580 5.678083 -2.305722 2.678053
-17.886585 5.811704 -2.309218 2.678232
-17.873224 5.945633 -2.312795 2.678415
-17.853624 6.077871 -2.315693 2.678563
-17.824865 6.207274 -2.317528 2.678657
-17.795721 6.336774 -2.319434 2.678755
-17.762190 6.464909 -2.320889 2.678829
-17.735451 6.595759 -2.323356 2.678956
-17.704042 6.725136 -2.325335 2.679057
-17.666548 6.852401 -2.326637 2.679124
-17.617077 6.975096 -2.326479 2.679116
-17.585140 7.104858 -2.328755 2.679232
-17.559366 7.237452 -2.331976 2.679397
-17.515379 7.362789 -2.332904 2.679445
-17.474693 7.489662 -2.334392 2.679521
-17.442032 7.620238 -2.337079 2.679658
-17.396381 7.745368 -2.338151 2.679713
-17.356825 7.873408 -2.340165 2.679816
-17.318966 8.002487 -2.342536 2.679938
-17.269047 8.126195 -2.343400 2.679982
-17.215858 8.248460 -2.343940 2.680010
-17.162319 8.370623 -2.344550 2.680041
-17.108425 8.492700 -2.345231 2.680076
-17.054174 8.614685 -2.345981 2.680114
-16.999567 8.736589 -2.346802 2.680156
-16.947878 8.860139 -2.348149 2.680225
-16.906586 8.989391 -2.351066 2.680375
-16.846746 9.109006 -2.351531 2.680398
-16.775263 9.222281 -2.350482 2.680345
-16.721033 9.345069 -2.351968 2.680421
-16.664209 9.466592 -2.353214 2.680485
-16.603199 9.585862 -2.353992 2.680524
-16.541328 9.704744 -2.354769 2.680564
-16.471375 9.818912 -2.354511 2.680551
-16.401041 9.932823 -2.354312 2.680541
-16.329166 10.045773 -2.354005 2.680525
-16.247646 10.152657 -2.352414 2.680444
-16.168444 10.260810 -2.351261 2.680384
-16.101091 10.376448 -2.351944 2.680419
-16.030813 10.490270 -2.352319 2.680439
-15.955446 10.600776 -2.352062 2.680425
-15.873901 10.707082 -2.351003 2.680371
-15.791117 10.812407 -2.349865 2.680313
-15.711226 10.919588 -2.349264 2.680282
-15.634882 11.029195 -2.349304 2.680284
-15.550477 11.133051 -2.348243 2.680230
-15.458614 11.231341 -2.346155 2.680123
-15.383537 11.341726 -2.346721 2.680152
-15.309977 11.453327 -2.347640 2.680199
-15.224317 11.555884 -2.346818 2.680157
-15.137911 11.657763 -2.345988 2.680115
-15.050924 11.759071 -2.345172 2.680073
-14.965199 11.861275 -2.344661 2.680047
-14.889051 11.971107 -2.345768 2.680103
-14.816434 12.083988 -2.347561 2.680195
-14.748403 12.200943 -2.350221 2.680331
-14.683439 12.320869 -2.353518 2.680500
-14.615687 12.438930 -2.356521 2.680654
-14.547256 12.556856 -2.359564 2.680810
-14.474790 12.671720 -2.362102 2.680940
-14.401990 12.786688 -2.364732 2.681074
-14.323879 12.897279 -2.366633 2.681172
-14.239456 13.002415 -2.367625 2.681222
-14.158665 13.111069 -2.369354 2.681311
-14.084412 13.226142 -2.372322 2.681463
-14.015835 13.347103 -2.376409 2.681672
-13.945270 13.466790 -2.380327 2.681873
-13.863876 13.576515 -2.382555 2.681987
-13.787031 13.691115 -2.385717 2.682148
-13.712307 13.808372 -2.389409 2.682338
-13.633430 13.922004 -2.392543 2.682498
-13.554955 14.036567 -2.395910 2.682671
-13.467903 14.142696 -2.397918 2.682773
-13.379095 14.247292 -2.399757 2.682868
-13.304570 14.367628 -2.404322 2.683101
-13.228571 14.487138 -2.408807 2.683331
-13.152841 14.607710 -2.413528 2.683573
-13.080323 14.732727 -2.419037 2.683855
-13.005055 14.855557 -2.424238 2.684121
-12.935501 14.985922 -2.430716 2.684453
-12.865409 15.116808 -2.437317 2.684791
-12.793579 15.246795 -2.443815 2.685123
-12.723500 15.380075 -2.450880 2.685485
-12.659153 15.521657 -2.459298 2.685916
-12.596838 15.667306 -2.468381 2.686381
-12.538999 15.820283 -2.478630 2.686906
-12.482924 15.977414 -2.489534 2.687464
-12.428668 16.138960 -2.501124 2.688058
-12.372230 16.299814 -2.512605 2.688645
-12.326568 16.477262 -2.526632 2.689363
-12.283311 16.660683 -2.541546 2.690127
-12.244510 16.853123 -2.557799 2.690959
-12.209144 17.053558 -2.575220 2.691851
-12.141319 17.211420 -2.586196 2.692413
-12.101916 17.412374 -2.603632 2.693306
-12.084338 17.648735 -2.626296 2.694466
-12.053390 17.869884 -2.646618 2.695507
-12.027591 18.102987 -2.668640 2.696634
-11.981315 18.309370 -2.686668 2.697557
-11.866293 18.412882 -2.689635 2.697709
-11.750472 18.515787 -2.692618 2.697862
-11.633862 18.618071 -2.695616 2.698015
-11.516455 18.719738 -2.698628 2.698170
-11.356123 18.751190 -2.691668 2.697814
-11.178409 18.751953 -2.680510 2.697242
-11.043306 18.822865 -2.679560 2.697193
-10.944691 18.956760 -2.687678 2.697609
-10.845469 19.091484 -2.695978 2.698034
-10.745631 19.227047 -2.704462 2.698468
-10.645160 19.363472 -2.713132 2.698912
-10.544035 19.500790 -2.721991 2.699366
-10.424540 19.605707 -2.726411 2.699592
-10.299333 19.700813 -2.729571 2.699754
-10.173363 19.795227 -2.732745 2.699917
-10.000086 19.796804 -2.723258 2.699431
-9.827582 19.797543 -2.713856 2.698949
-9.656264 19.798275 -2.704649 2.698478
-9.486089 19.799004 -2.695636 2.698017
-9.317043 19.799728 -2.686813 2.697565
-9.149092 19.800446 -2.678177 2.697123
-8.982202 19.801161 -2.669727 2.696690
-8.816360 19.801870 -2.661459 2.696267
-8.530052 19.524527 -2.616115 2.693945
-8.155165 19.027428 -2.541817 2.690141
-7.888519 18.766043 -2.499482 2.687973
-7.735073 18.766699 -2.492316 2.687607
-7.582501 18.767351 -2.485312 2.687248
-7.430773 18.768000 -2.478467 2.686897
-7.286831 18.786577 -2.474142 2.686676
-7.187576 18.921425 -2.485232 2.687244
-7.087418 19.057501 -2.496545 2.687823
-6.986344 19.194824 -2.508084 2.688414
-6.884324 19.333437 -2.519854 2.689017
-2.636503 7.571007 -0.984356 2.610399
-2.573631 7.559991 -0.980564 2.610205
-2.511230 7.549040 -0.976846 2.610014
-2.449294 7.538154 -0.973201 2.609828
-2.387808 7.527329 -0.969627 2.609645
-2.326765 7.516565 -0.966125 2.609466
-2.266153 7.505861 -0.962692 2.609290
-2.205960 7.495214 -0.959328 2.609118
-2.146181 7.484622 -0.956031 2.608949
-2.086801 7.474085 -0.952801 2.608783
-2.027815 7.463602 -0.949637 2.608621
-1.969213 7.453169 -0.946537 2.608463
-1.910982 7.442787 -0.943501 2.608307
-1.853119 7.432453 -0.940528 2.608155
-1.795612 7.422166 -0.937617 2.608006
-1.738449 7.411924 -0.934767 2.607860
-1.681630 7.401728 -0.931978 2.607717
-1.625142 7.391575 -0.929249 2.607578
-1.568978 7.381464 -0.926578 2.607441
-1.513130 7.371393 -0.923965 2.607307
-1.457586 7.361361 -0.921409 2.607176
-1.402347 7.351367 -0.918911 2.607048
-1.347400 7.341411 -0.916468 2.606923
-1.292740 7.331491 -0.914081 2.606801
-1.238357 7.321604 -0.911748 2.606681
-1.184243 7.311751 -0.909469 2.606565
-1.130397 7.301930 -0.907244 2.606451
-1.080220 7.315242 -0.907939 2.606487
-1.049724 7.469174 -0.926112 2.607417
-0.996013 7.464763 -0.924681 2.607343
-0.941657 7.454003 -0.922511 2.607233
-0.887557 7.443293 -0.920396 2.607124
-0.833702 7.432631 -0.918335 2.607019
-0.780085 7.422016 -0.916329 2.606916
-0.727612 7.420756 -0.915524 2.606875
-0.680112 7.473197 -0.921385 2.607175
-0.632000 7.526312 -0.927367 2.607481
-0.583258 7.580124 -0.933473 2.607794
-0.533867 7.634653 -0.939707 2.608113
-0.486811 7.737628 -0.951940 2.608739
-0.438072 7.835532 -0.963585 2.609335
-0.383402 7.839266 -0.963691 2.609341
-0.328702 7.842603 -0.963796 2.609346
-0.273972 7.845542 -0.963899 2.609351
-0.219218 7.848083 -0.963999 2.609357
-0.164436 7.850226 -0.964098 2.609362
-0.109640 7.851970 -0.964195 2.609367
-0.054826 7.853315 -0.964289 2.609372
0.000000 7.854261 -0.964382 2.609376
0.054837 7.854808 -0.964473 2.609381
0.109686 7.854956 -0.964561 2.609385
0.164534 7.854703 -0.964648 2.609390
0.219384 7.854052 -0.964732 2.609394
0.274632 7.864422 -0.966218 2.609470
0.329555 7.862960 -0.966298 2.609474
0.384474 7.861097 -0.966375 2.609478
0.439379 7.858834 -0.966450 2.609482
0.494269 7.856171 -0.966524 2.609486
0.549143 7.853107 -0.966595 2.609490
0.603996 7.849643 -0.966664 2.609493
0.658831 7.845778 -0.966731 2.609497
0.713635 7.841514 -0.966796 2.609500
0.768411 7.836850 -0.966859 2.609503
0.823154 7.831787 -0.966919 2.609506
0.835227 7.446223 -0.920015 2.607105
0.887246 7.440644 -0.920069 2.607107
0.939221 7.434686 -0.920120 2.607110
1.041746 7.807520 -0.967139 2.609518
2.768799 19.701029 -2.442755 2.685069
2.885621 19.541401 -2.425401 2.684180
3.000809 19.384003 -2.408407 2.683311
3.114390 19.228798 -2.391767 2.682458
3.226417 19.075712 -2.375469 2.681624
3.336933 18.924688 -2.359506 2.680807
3.453025 18.814064 -2.348662 2.680252
3.589090 18.814634 -2.351804 2.680412
3.725515 18.815205 -2.355069 2.680579
3.862327 18.815779 -2.358458 2.680753
3.999540 18.816355 -2.361973 2.680933
4.152996 18.888916 -2.374663 2.681583
4.353429 19.161659 -2.412714 2.683531
4.560385 19.443281 -2.452123 2.685549
4.774226 19.734276 -2.492965 2.687640
4.951686 19.860126 -2.513169 2.688674
5.099370 19.860744 -2.517691 2.688906
5.247606 19.861364 -2.522352 2.689144
5.396387 19.861986 -2.527154 2.689390
5.545743 19.862610 -2.532098 2.689643
5.695692 19.863237 -2.537185 2.689904
5.846251 19.863867 -2.542417 2.690172
5.997453 19.864498 -2.547795 2.690447
6.149291 19.865131 -2.553320 2.690730
6.301795 19.865768 -2.558995 2.691020
6.453818 19.862808 -2.564355 2.691295
6.560383 19.721245 -2.551929 2.690659
6.665932 19.581026 -2.539745 2.690035
6.770474 19.442141 -2.527800 2.689423
6.874043 19.304546 -2.516089 2.688824
6.976659 19.168213 -2.504607 2.688236
7.078348 19.033110 -2.493350 2.687660
7.179138 18.899195 -2.482313 2.687094
7.303742 18.830158 -2.479882 2.686970
7.455640 18.830791 -2.486759 2.687322
7.608391 18.831427 -2.493797 2.687682
7.762016 18.832067 -2.500997 2.688051
7.954940 18.924038 -2.520526 2.689051
8.329169 19.433395 -2.596050 2.692918
8.683480 19.875696 -2.663169 2.696354
8.849538 19.876387 -2.671474 2.696779
9.016642 19.877081 -2.679963 2.697214
9.184833 19.877781 -2.688638 2.697658
9.354111 19.878485 -2.697500 2.698112
9.524516 19.879192 -2.706554 2.698575
9.696078 19.879906 -2.715801 2.699049
9.861475 19.865818 -2.723215 2.699429
9.874767 19.548700 -2.689130 2.697683
9.853629 19.173077 -2.646857 2.695519
9.832375 18.807592 -2.605815 2.693418
9.810894 18.451607 -2.565920 2.691375
9.758533 18.048035 -2.519211 2.688983
9.741573 17.719843 -2.482833 2.687121
9.712120 17.377783 -2.444346 2.685151
9.670283 17.022772 -2.403848 2.683077
9.649983 16.714262 -2.369738 2.681331
9.606994 16.374727 -2.331051 2.679350
9.590402 16.088036 -2.299715 2.677745
9.545511 15.761504 -2.262509 2.675840
9.530797 15.492085 -2.233332 2.674347
9.506690 15.213883 -2.202741 2.672780
9.471066 14.924015 -2.170293 2.671119
9.455410 14.671914 -2.143179 2.669731
9.443119 14.430592 -2.117507 2.668416
9.409985 14.163162 -2.087854 2.666898
9.398735 13.934196 -2.063723 2.665663
9.387970 13.710787 -2.040293 2.664463
9.377040 13.491782 -2.017396 2.663291
9.366060 13.277230 -1.995043 2.662146
9.344982 13.052930 -1.971094 2.660920
9.335227 12.848838 -1.950069 2.659843
9.325470 12.648762 -1.929537 2.658792
9.315615 12.452431 -1.909463 2.657764
9.305785 12.259913 -1.889858 2.656761
9.295893 12.070960 -1.870689 2.655779
9.285918 11.885433 -1.851939 2.654819
9.294870 11.727210 -1.837351 2.654072
9.338604 11.614873 -1.829922 2.653692
9.375727 11.495772 -1.821425 2.653257
9.416350 11.382409 -1.813836 2.652868
9.456476 11.269790 -1.806365 2.652486
9.494408 11.155893 -1.798690 2.652093
9.530851 11.041590 -1.790946 2.651696
9.569027 10.930607 -1.783737 2.651327
9.611912 10.826154 -1.777598 2.651013
9.654344 10.722235 -1.771559 2.650704
9.695079 10.617468 -1.765389 2.650388
9.734156 10.511926 -1.759098 2.650066
9.772797 10.406966 -1.752908 2.649749
9.810993 10.302555 -1.746816 2.649437
9.848846 10.198779 -1.740836 2.649131
9.886309 10.095568 -1.734958 2.648830
9.924305 9.993826 -1.729338 2.648542
9.973495 9.904104 -1.725819 2.648362
10.024175 9.816395 -1.722688 2.648201
10.070464 9.724935 -1.718934 2.648009
10.106183 9.623990 -1.713521 2.647732
10.145605 9.527350 -1.708885 2.647495
10.180510 9.427251 -1.703637 2.647226
10.208325 9.321480 -1.697360 2.646905
10.235821 9.216374 -1.691192 2.646589
10.262948 9.111874 -1.685123 2.646278
10.289712 9.007957 -1.679150 2.645972
10.316145 8.904654 -1.673278 2.645672
10.342247 8.801940 -1.667504 2.645376
10.368056 8.699832 -1.661832 2.645086
10.393528 8.598276 -1.656253 2.644800
10.418663 8.497249 -1.650764 2.644519
10.443544 8.396821 -1.645378 2.644243
10.468087 8.296902 -1.640079 2.643972
10.492314 8.197495 -1.634869 2.643705
10.511182 8.094702 -1.628964 2.643403
10.527457 7.990769 -1.622800 2.643087
10.543456 7.887509 -1.616739 2.642777
10.559185 7.784901 -1.610777 2.642472
10.574647 7.682930 -1.604915 2.642172
10.589847 7.581587 -1.599150 2.641876
10.604788 7.480849 -1.593480 2.641586
10.619473 7.380722 -1.587905 2.641301
10.633904 7.281185 -1.582424 2.641020
10.648088 7.182226 -1.577034 2.640744
10.662026 7.083835 -1.571736 2.640473
10.675724 6.985993 -1.566527 2.640206
10.689180 6.888703 -1.561406 2.639944
10.702724 6.792153 -1.556420 2.639688
10.716733 6.696558 -1.551621 2.639443
10.730497 6.601448 -1.546904 2.639201
10.744020 6.506804 -1.542266 2.638964
10.756346 6.412066 -1.537572 2.638724
10.760898 6.313379 -1.531885 2.638433
10.766594 6.216096 -1.526481 2.638156
10.779152 6.123412 -1.522164 2.637935
10.791481 6.031150 -1.517921 2.637717
10.803584 5.939317 -1.513754 2.637504
10.815462 5.847897 -1.509662 2.637295
10.827120 5.756881 -1.505642 2.637089
10.838557 5.666262 -1.501695 2.636887
10.849780 5.576025 -1.497820 2.636688
10.860787 5.486175 -1.494015 2.636493
10.871582 5.396698 -1.490281 2.636302
10.882167 5.307587 -1.486616 2.636115
10.892544 5.218834 -1.483021 2.635931
10.902716 5.130424 -1.479493 2.635750
10.912374 5.042222 -1.475990 2.635571
10.921421 4.954175 -1.472500 2.635392
10.930283 4.866475 -1.469078 2.635217
10.940486 4.779782 -1.465929 2.635056
10.950553 4.693409 -1.462852 2.634898
10.959530 4.606959 -1.459719 2.634738
10.968314 4.520811 -1.456650 2.634580
10.976907 4.434958 -1.453643 2.634427
10.985311 4.349393 -1.450700 2.634276
10.993527 4.264104 -1.447818 2.634128
11.001557 4.179097 -1.444998 2.633984
11.009402 4.094358 -1.442239 2.633842
11.017065 4.009883 -1.439540 2.633704
11.024545 3.925665 -1.436902 2.633569
11.031845 3.841691 -1.434322 2.633437
11.038967 3.757968 -1.431802 2.633308
11.045910 3.674484 -1.429341 2.633182
11.052677 3.591233 -1.426937 2.633059
11.064377 3.509828 -1.425250 2.632973
11.077673 3.429109 -1.423844 2.632901
11.088963 3.347952 -1.422256 2.632819
11.095046 3.265448 -1.420078 2.632708
11.100960 3.183149 -1.417956 2.632599
11.106704 3.101048 -1.415890 2.632493
11.112280 3.019135 -1.413879 2.632390
11.117887 2.937470 -1.411948 2.632292
11.122931 2.855882 -1.410022 2.632193
11.128010 2.774524 -1.408177 2.632099
11.139430 2.694913 -1.407207 2.632049
11.150984 2.615436 -1.406325 2.632004
11.159451 2.535362 -1.405126 2.631942
11.163882 2.454537 -1.403493 2.631859
11.171977 2.374677 -1.402392 2.631803
11.183845 2.295715 -1.401836 2.631774
11.195542 2.216773 -1.401328 2.631748
11.207068 2.137860 -1.400868 2.631724
11.217957 2.058879 -1.400398 2.631700
11.221442 1.978643 -1.399075 2.631633
11.230920 1.899569 -1.398569 2.631607
11.246869 1.821591 -1.398937 2.631625
11.262282 1.743491 -1.399306 2.631644
11.272801 1.664621 -1.399135 2.631636
11.283155 1.585744 -1.399012 2.631629
11.296239 1.507241 -1.399296 2.631644
11.305446 1.428206 -1.399167 2.631637
11.315281 1.349263 -1.399184 2.631638
11.331991 1.271085 -1.400119 2.631686
11.347487 1.192669 -1.400971 2.631730
11.357923 1.113655 -1.401265 2.631745
11.366386 1.034418 -1.401384 2.631751
11.376106 0.955276 -1.401726 2.631768
11.391023 0.876490 -1.402776 2.631822
11.405811 0.797572 -1.403877 2.631878
11.420502 0.718518 -1.405034 2.631938
11.435080 0.639316 -1.406244 2.631999
11.449525 0.559973 -1.407505 2.632064
11.463810 0.480475 -1.408815 2.632131
11.477970 0.400819 -1.410177 2.632201
11.496393 0.321124 -1.412130 2.632301
11.517220 0.241248 -1.414447 2.632420
11.536726 0.161091 -1.416670 2.632534
11.549349 0.080630 -1.418116 2.632607
10.710943 -0.000000 -1.696447 2.646858
10.729821 -0.074910 -1.699478 2.647013
10.747254 -0.150070 -1.702364 2.647161
10.767077 -0.225538 -1.705712 2.647332
10.792417 -0.301460 -1.710018 2.647553
10.814985 -0.377668 -1.713969 2.647755
10.833739 -0.454068 -1.717402 2.647931
10.856862 -0.530989 -1.721613 2.648147
10.879923 -0.608282 -1.725902 2.648366
10.907329 -0.686231 -1.730967 2.648626
10.936698 -0.764769 -1.736433 2.648905
10.967066 -0.843870 -1.742147 2.649198
11.003119 -0.923958 -1.748856 2.649541
11.033049 -1.004086 -1.754685 2.649840
11.068467 -1.085273 -1.761480 2.650188
11.108380 -1.167538 -1.769086 2.650577
11.151549 -1.250847 -1.777308 2.650998
11.205264 -1.336147 -1.787312 2.651510
11.250648 -1.421288 -1.796090 2.651960
11.304109 -1.508290 -1.806262 2.652481
11.363892 -1.597091 -1.817552 2.653059
11.399603 -1.683347 -1.825099 2.653445
11.439003 -1.770851 -1.833341 2.653867
11.488601 -1.860747 -1.843328 2.654378
11.525616 -1.949412 -1.851405 2.654792
11.561169 -2.038546 -1.859357 2.655199
11.591251 -2.127393 -1.866538 2.655567
11.621405 -2.216902 -1.873841 2.655941
11.651666 -2.307092 -1.881271 2.656321
11.674548 -2.396441 -1.887621 2.656646
11.699413 -2.486787 -1.894402 2.656993
11.720650 -2.576952 -1.900708 2.657316
11.742654 -2.667866 -1.907250 2.657651
11.766740 -2.759864 -1.914245 2.658009
11.780354 -2.849968 -1.919650 2.658286
11.785346 -2.938417 -1.923759 2.658496
11.790236 -3.027219 -1.927960 2.658711
11.795021 -3.116379 -1.932253 2.658931
11.802130 -3.206568 -1.937038 2.659176
11.812605 -3.298139 -1.942489 2.659455
11.822967 -3.390181 -1.948038 2.659739
11.826627 -3.480766 -1.952597 2.659973
11.827307 -3.570875 -1.956778 2.660187
11.831838 -3.662566 -1.961710 2.660439
11.836205 -3.754665 -1.966732 2.660697
11.839233 -3.846800 -1.971650 2.660948
11.837334 -3.937757 -1.975863 2.661164
11.835289 -4.029061 -1.980169 2.661385
11.839078 -4.122803 -1.985570 2.661661
11.837295 -4.215071 -1.990158 2.661896
11.830167 -4.305829 -1.993965 2.662091
11.828777 -4.399083 -1.998859 2.662342
11.823309 -4.491254 -2.003184 2.662563
11.813632 -4.582206 -2.006916 2.662754
11.803747 -4.673435 -2.010731 2.662949
11.793654 -4.764946 -2.014629 2.663149
11.784174 -4.857086 -2.018753 2.663360
11.766472 -4.946170 -2.021586 2.663505
11.749301 -5.035757 -2.024627 2.663661
11.737234 -5.127872 -2.028667 2.663868
11.725254 -5.220419 -2.032846 2.664082
11.713039 -5.313270 -2.037110 2.664300
11.700589 -5.406432 -2.041460 2.664523
11.688822 -5.500342 -2.046057 2.664758
11.682316 -5.597228 -2.051708 2.665047
11.665981 -5.689879 -2.055766 2.665255
11.648507 -5.782370 -2.059750 2.665459
11.632520 -5.876009 -2.064126 2.665683
11.616247 -5.969941 -2.068584 2.665911
11.599688 -6.064170 -2.073124 2.666144
11.582839 -6.158705 -2.077747 2.666381
11.565698 -6.253550 -2.082453 2.666621
11.548262 -6.348711 -2.087243 2.666867
11.530527 -6.444194 -2.092118 2.667116
11.512493 -6.540007 -2.097079 2.667371
11.494155 -6.636154 -2.102127 2.667629
11.475512 -6.732643 -2.107262 2.667892
11.456557 -6.829480 -2.112486 2.668159
11.437292 -6.926671 -2.117798 2.668431
11.417710 -7.024222 -2.123201 2.668708
11.397810 -7.122142 -2.128695 2.668989
11.377587 -7.220437 -2.134281 2.669275
11.357039 -7.319113 -2.139959 2.669566
11.334641 -7.417181 -2.145444 2.669847
11.311543 -7.515372 -2.150951 2.670129
11.288088 -7.613912 -2.156546 2.670415
11.264272 -7.712808 -2.162230 2.670706
11.240090 -7.812067 -2.168005 2.671002
11.215541 -7.911694 -2.173871 2.671302
11.190619 -8.011697 -2.179828 2.671607
11.165320 -8.112081 -2.185879 2.671917
11.140958 -8.213823 -2.192282 2.672245
11.116988 -8.316570 -2.198937 2.672585
11.092652 -8.419782 -2.205697 2.672932
11.068020 -8.523523 -2.212577 2.673284
11.050151 -8.633325 -2.221000 2.673715
11.022482 -8.736312 -2.227643 2.674055
10.994390 -8.839716 -2.234384 2.674400
10.965886 -8.943559 -2.241226 2.674751
10.934924 -9.046157 -2.247751 2.675085
10.902832 -9.148562 -2.254228 2.675416
10.870290 -9.251343 -2.260799 2.675753
10.837296 -9.354503 -2.267464 2.676094
10.803843 -9.458050 -2.274225 2.676440
10.769926 -9.561989 -2.281082 2.676791
10.737668 -9.668240 -2.288490 2.677171
10.705746 -9.775690 -2.296176 2.677564
10.673433 -9.883708 -2.303989 2.677964
10.640596 -9.992186 -2.311903 2.678370
10.607291 -10.101189 -2.319933 2.678780
10.573513 -10.210723 -2.328079 2.679198
10.537137 -10.318728 -2.335875 2.679597
10.499270 -10.426227 -2.343559 2.679990
10.460891 -10.534178 -2.351351 2.680389
10.422515 -10.643123 -2.359369 2.680799
10.393523 -10.762809 -2.369758 2.681332
10.360007 -10.879081 -2.379376 2.681824
10.319447 -10.989094 -2.387622 2.682246
10.278339 -11.099597 -2.395982 2.682674
10.233514 -11.207129 -2.403713 2.683070
10.192210 -11.319596 -2.412515 2.683521
10.151680 -11.434114 -2.421757 2.683994
10.104774 -11.542591 -2.429732 2.684402
10.056791 -11.650906 -2.437694 2.684810
10.015780 -11.768503 -2.447609 2.685318
9.970865 -11.882814 -2.456846 2.685790
9.920353 -11.991648 -2.464968 2.686206
9.873930 -12.106634 -2.474374 2.686688
9.835083 -12.232377 -2.485980 2.687282
9.788184 -12.349617 -2.495857 2.687788
9.738095 -12.464194 -2.505213 2.688267
9.680621 -12.570544 -2.512943 2.688663
9.625441 -12.681049 -2.521538 2.689103
9.575365 -12.799655 -2.531768 2.689626
9.524622 -12.918884 -2.542137 2.690157
9.473203 -13.038745 -2.552646 2.690696
9.421097 -13.159250 -2.563299 2.691241
9.368297 -13.280407 -2.574096 2.691794
9.314791 -13.402227 -2.585041 2.692354
9.260570 -13.524722 -2.596134 2.692922
9.205625 -13.647900 -2.607379 2.693498
9.151588 -13.774250 -2.619247 2.694105
9.099225 -13.905073 -2.631980 2.694757
9.046110 -14.036816 -2.644898 2.695419
8.992232 -14.169493 -2.658004 2.696090
8.933944 -14.297298 -2.670214 2.696715
8.870090 -14.418126 -2.681149 2.697275
8.811985 -14.550317 -2.694225 2.697944
8.755008 -14.686663 -2.708088 2.698654
8.697176 -14.823980 -2.722146 2.699374
8.638506 -14.962332 -2.736410 2.700104
8.575723 -15.096004 -2.749840 2.700792
8.502649 -15.213699 -2.760399 2.701332
8.424007 -15.323214 -2.769531 2.701800
8.340658 -15.425727 -2.777467 2.702206
8.253845 -15.523226 -2.784579 2.702570
8.165690 -15.619528 -2.791559 2.702928
8.069115 -15.700800 -2.795949 2.703152
7.970797 -15.779497 -2.799985 2.703359
7.875882 -15.865864 -2.805485 2.703641
7.777206 -15.945636 -2.809922 2.703868
7.678054 -16.025337 -2.814451 2.704100
7.576198 -16.100243 -2.818249 2.704294
7.468629 -16.163599 -2.820143 2.704391
7.358670 -16.222097 -2.821317 2.704451
7.249784 -16.283281 -2.823087 2.704542
7.142204 -16.347860 -2.825570 2.704669
7.034253 -16.412144 -2.828123 2.704800
6.922504 -16.467991 -2.829350 2.704863
6.806078 -16.512783 -2.828813 2.704835
6.689488 -16.557066 -2.828330 2.704810
6.572770 -16.600924 -2.827914 2.704789
6.455977 -16.644506 -2.827591 2.704772
6.337954 -16.684786 -2.826848 2.704735
6.219314 -16.723228 -2.825936 2.704688
6.100612 -16.761295 -2.825103 2.704645
5.979192 -16.791525 -2.823093 2.704542
5.851883 -16.804325 -2.818308 2.704297
5.726518 -16.821541 -2.814422 2.704098
5.599324 -16.832188 -2.809594 2.703851
5.468386 -16.829964 -2.802782 2.703502
5.339947 -16.833647 -2.797119 2.703212
5.213522 -16.842173 -2.792420 2.702972
5.090312 -16.859932 -2.789404 2.702817
4.967824 -16.879217 -2.786789 2.702683
4.842383 -16.887398 -2.782490 2.702463
4.717217 -16.895176 -2.778277 2.702248
4.592320 -16.902552 -2.774151 2.702036
4.469568 -16.916643 -2.771274 2.701889
4.348073 -16.934624 -2.769180 2.701782
4.228230 -16.958504 -2.768190 2.701731
4.110564 -16.991039 -2.768749 2.701760
3.992021 -17.020073 -2.768871 2.701766
3.868217 -17.026028 -2.765379 2.701587
3.745363 -17.034885 -2.762504 2.701440
3.624602 -17.052414 -2.761175 2.701372
3.502308 -17.061916 -2.758687 2.701245
3.379607 -17.068272 -2.755833 2.701099
3.266659 -17.124432 -2.761151 2.701371
3.153050 -17.179619 -2.766433 2.701641
3.037233 -17.225004 -2.770259 2.701837
2.919113 -17.258837 -2.772355 2.701944
2.797517 -17.272402 -2.771329 2.701892
2.677874 -17.298025 -2.772373 2.701946
2.557494 -17.319317 -2.772856 2.701970
2.437784 -17.345739 -2.774294 2.702044
2.317673 -17.370155 -2.775544 2.702108
2.194951 -17.374834 -2.773775 2.702017
2.075613 -17.406624 -2.776469 2.702155
1.953143 -17.412657 -2.775189 2.702090
1.830252 -17.413687 -2.773249 2.701990
1.707768 -17.417171 -2.771838 2.701918
1.586467 -17.432352 -2.772424 2.701948
1.464610 -17.441599 -2.772200 2.701937
1.342724 -17.450251 -2.772018 2.701927
1.220823 -17.458591 -2.771922 2.701922
1.099482 -17.475779 -2.773364 2.701996
0.978001 -17.492855 -2.774923 2.702076
0.855335 -17.488630 -2.773238 2.701990
0.733067 -17.490450 -2.772647 2.701960
0.611138 -17.500710 -2.773530 2.702005
0.489359 -17.519348 -2.775874 2.702125
0.367372 -17.538233 -2.778393 2.702254
0.244943 -17.541691 -2.778602 2.702264
0.122560 -17.555164 -2.780533 2.702363
-0.000000 -17.526264 -2.775887 2.702125
-0.122316 -17.520109 -2.774980 2.702079
-0.244631 -17.519156 -2.775032 2.702082
-0.366804 -17.510950 -2.774071 2.702032
-0.488814 -17.499815 -2.772779 2.701966
-0.610877 -17.493217 -2.772342 2.701944
-0.732016 -17.465355 -2.768669 2.701756
-0.852667 -17.434023 -2.764579 2.701546
-0.972713 -17.398212 -2.759910 2.701307
-1.094072 -17.389780 -2.759716 2.701297
-1.215401 -17.381041 -2.759609 2.701292
-1.334824 -17.347582 -2.755709 2.701092
-1.455126 -17.328623 -2.754244 2.701017
-1.573370 -17.288410 -2.749531 2.700776
-1.690801 -17.244127 -2.744299 2.700508
-1.809770 -17.218809 -2.742214 2.700401
-1.927344 -17.182653 -2.738532 2.700213
-2.047003 -17.166672 -2.738195 2.700196
-2.162975 -17.121696 -2.733364 2.699948
-2.278367 -17.075563 -2.728472 2.699697
-2.394897 -17.040575 -2.725486 2.699545
-2.511667 -17.008974 -2.723170 2.699426
-2.627259 -16.971054 -2.719970 2.699262
-2.742272 -16.931292 -2.716599 2.699090
-2.857542 -16.894804 -2.713879 2.698951
-2.969605 -16.841467 -2.708575 2.698679
-3.087397 -16.821898 -2.708829 2.698692
-3.204364 -16.797857 -2.708494 2.698675
-3.320602 -16.770256 -2.707716 2.698635
-3.434078 -16.729527 -2.704945 2.698493
-3.551119 -16.706701 -2.705196 2.698506
-3.662349 -16.657318 -2.701275 2.698305
-3.773468 -16.608978 -2.697642 2.698119
-3.890908 -16.588963 -2.698737 2.698175
-4.007514 -16.565079 -2.699337 2.698206
-4.120838 -16.527777 -2.697881 2.698131
-4.229363 -16.472281 -2.693577 2.697911
-4.339437 -16.424105 -2.690587 2.697758
-4.454397 -16.394899 -2.690832 2.697770
-4.565433 -16.351543 -2.688882 2.697671
-4.676707 -16.309616 -2.687290 2.697589
-4.792009 -16.281847 -2.688162 2.697634
-4.907256 -16.253613 -2.689091 2.697681
-5.022384 -16.224697 -2.690043 2.697730
-5.134561 -16.186188 -2.689536 2.697704
-5.249651 -16.156765 -2.690671 2.697762
-5.366297 -16.131681 -2.692667 2.697865
-5.480378 -16.098501 -2.693450 2.697905
-5.588097 -16.046824 -2.691265 2.697793
-5.695384 -15.994497 -2.689092 2.697681
-5.802242 -15.941528 -2.686932 2.697571
-5.908665 -15.887919 -2.684783 2.697461
-6.014650 -15.833674 -2.682647 2.697351
-6.120193 -15.778797 -2.680524 2.697243
-6.225292 -15.723292 -2.678412 2.697135
-6.329944 -15.667161 -2.676313 2.697027
-6.434147 -15.610409 -2.674227 2.696920
-6.537897 -15.553039 -2.672153 2.696814
-6.641191 -15.495054 -2.670092 2.696708
-6.744023 -15.436460 -2.668043 2.696604
-6.846396 -15.377258 -2.666007 2.696500
-6.948306 -15.317452 -2.663984 2.696396
-7.049747 -15.257048 -2.661973 2.696293
-7.150719 -15.196047 -2.659975 2.696191
-7.251215 -15.134455 -2.657990 2.696089
-7.344648 -15.058761 -2.653637 2.695866
-7.434136 -14.975968 -2.648129 2.695584
-7.508412 -14.864128 -2.637558 2.695043
-7.604597 -14.796941 -2.634992 2.694911
-7.696200 -14.721475 -2.631057 2.694710
-7.774638 -14.621966 -2.622910 2.694293
-7.872993 -14.560794 -2.621732 2.694232
-7.972438 -14.501808 -2.621070 2.694199
-8.063880 -14.428612 -2.617952 2.694039
-8.149191 -14.345171 -2.613071 2.693789
-8.233860 -14.261463 -2.608231 2.693541
-8.317887 -14.177495 -2.603431 2.693296
-8.397981 -14.087742 -2.597652 2.693000
-8.490318 -14.019179 -2.595876 2.692909
-8.582150 -13.950087 -2.594114 2.692818
-8.673478 -13.880466 -2.592365 2.692729
-8.764298 -13.810323 -2.590629 2.692640
-8.852589 -13.736527 -2.588316 2.692522
-8.932061 -13.649617 -2.583627 2.692281
-9.011401 -13.563251 -2.579125 2.692051
-9.102189 -13.494550 -2.578082 2.691998
-9.182531 -13.410748 -2.574256 2.691802
-9.250362 -13.309525 -2.567161 2.691439
-9.345164 -13.247612 -2.567740 2.691468
-9.421745 -13.160155 -2.563475 2.691250
-9.497518 -13.072211 -2.559198 2.691031
-9.572668 -12.984051 -2.554960 2.690814
-9.647199 -12.895675 -2.550761 2.690599
-9.722813 -12.809330 -2.547046 2.690409
-9.814883 -12.744886 -2.547795 2.690447
-9.874751 -12.639105 -2.540368 2.690067
-9.939152 -12.540085 -2.534351 2.689759
-10.002954 -12.441163 -2.528411 2.689455
-10.054601 -12.328159 -2.519650 2.689006
-10.116952 -12.229291 -2.513817 2.688707
-10.164560 -12.113651 -2.504573 2.688234
-10.230524 -12.020822 -2.500086 2.688004
-10.293967 -11.925674 -2.495183 2.687753
-10.344885 -11.816867 -2.487468 2.687358
-10.385891 -11.697907 -2.477630 2.686855
-10.446441 -11.601948 -2.472692 2.686602
-10.495075 -11.493570 -2.465150 2.686216
-10.536055 -11.377903 -2.456058 2.685750
-10.600368 -11.288246 -2.452619 2.685574
-10.650167 -11.183775 -2.446016 2.685236
-10.689392 -11.069190 -2.437217 2.684785
-10.729338 -10.956435 -2.428825 2.684356
-10.757892 -10.833258 -2.418109 2.683807
-10.803576 -10.728415 -2.411484 2.683468
-10.838065 -10.613415 -2.402584 2.683012
-10.869637 -10.496686 -2.393280 2.682536
-10.906070 -10.385706 -2.385278 2.682126
-10.950018 -10.282750 -2.379132 2.681812
-10.986726 -10.173820 -2.371618 2.681427
-11.032695 -10.074232 -2.366300 2.681154
-11.080842 -9.977235 -2.361630 2.680915
-11.123793 -9.876162 -2.356031 2.680629
-11.169094 -9.777802 -2.351110 2.680377
-11.210122 -9.676318 -2.345470 2.680088
-11.246668 -9.571663 -2.339077 2.679761
-11.286642 -9.470617 -2.333583 2.679479
-11.324134 -9.368135 -2.327755 2.679181
-11.349072 -9.256077 -2.319542 2.678761
-11.397559 -9.163874 -2.316320 2.678596
-11.444386 -9.070706 -2.312910 2.678421
-11.484451 -8.972636 -2.308291 2.678185
-11.523338 -8.874163 -2.303599 2.677944
-11.559031 -8.773780 -2.298433 2.677680
-11.599401 -8.677461 -2.294358 2.677471
-11.652550 -8.590999 -2.292952 2.677399
-11.692843 -8.495348 -2.289154 2.677205
-11.731178 -8.398695 -2.285124 2.676998
-11.775681 -8.306828 -2.282440 2.676861
-11.829583 -8.221775 -2.281707 2.676823
-11.882965 -8.136435 -2.280991 2.676787
-11.921458 -8.041125 -2.277549 2.676610
-11.970696 -7.953309 -2.276292 2.676546
-12.011443 -7.860067 -2.273550 2.676406
-12.055423 -7.769190 -2.271553 2.676303
-12.097478 -7.677291 -2.269322 2.676189
-12.138990 -7.585283 -2.267120 2.676076
-12.185846 -7.496780 -2.266041 2.676021
-12.242965 -7.414602 -2.266982 2.676069
-12.297848 -7.330989 -2.267612 2.676102
-12.348348 -7.244730 -2.267542 2.676098
-12.405906 -7.162553 -2.268874 2.676166
-12.459659 -7.078068 -2.269612 2.676204
-12.510795 -6.992045 -2.269979 2.676223
-12.569768 -6.910289 -2.271871 2.676320
-12.626035 -6.826869 -2.273371 2.676396
-12.680723 -6.742460 -2.274687 2.676464
-12.725424 -6.652688 -2.274318 2.676445
-12.787874 -6.572073 -2.277224 2.676594
-12.851487 -6.491754 -2.280426 2.676758
-12.914714 -6.410918 -2.283647 2.676923
-12.980041 -6.330789 -2.287328 2.677111
-13.038855 -6.247169 -2.289950 2.677245
-13.099372 -6.164095 -2.292965 2.677400
-13.148039 -6.075247 -2.294003 2.677453
-13.228315 -6.000628 -2.300644 2.677793
-13.299064 -5.921124 -2.305703 2.678052
-13.345812 -5.830639 -2.306694 2.678103
-13.402579 -5.744352 -2.309518 2.678247
-13.466401 -5.660755 -2.313650 2.678459
-13.531164 -5.577141 -2.318030 2.678683
-13.582618 -5.487733 -2.320225 2.678795
-13.642314 -5.401371 -2.323924 2.678985
-13.710143 -5.317813 -2.329098 2.679250
-13.778777 -5.234067 -2.334493 2.679526
-13.827998 -5.142585 -2.336692 2.679639
-13.885241 -5.053814 -2.340346 2.679826
-13.946772 -4.966219 -2.344816 2.680055
-14.006193 -4.877471 -2.349024 2.680270
-14.043964 -4.780956 -2.349704 2.680305
-14.089941 -4.687098 -2.351864 2.680415
-14.142705 -4.595243 -2.355259 2.680589
-14.195256 -4.502998 -2.358717 2.680766
-14.247812 -4.410434 -2.362277 2.680948
-14.296054 -4.316234 -2.365221 2.681099
-14.340714 -4.220700 -2.367677 2.681225
-14.388523 -4.125843 -2.370757 2.681383
-14.426670 -4.027996 -2.372351 2.681464
-14.471842 -3.931911 -2.375208 2.681611
-14.519764 -3.836288 -2.378619 2.681785
-14.562017 -3.738889 -2.381207 2.681918
-14.585764 -3.636639 -2.380880 2.681901
-14.618443 -3.536571 -2.382126 2.681965
-14.650785 -3.436310 -2.383429 2.682032
-14.680538 -3.335337 -2.384423 2.682082
-14.702302 -3.232509 -2.384234 2.682073
-14.726639 -3.130244 -2.384579 2.682090
-14.758823 -3.029549 -2.386308 2.682179
-14.800905 -2.930657 -2.389745 2.682355
-14.845288 -2.831891 -2.393661 2.682555
-14.890124 -2.732847 -2.397755 2.682765
-14.920602 -2.630904 -2.399647 2.682862
-14.958336 -2.530010 -2.402817 2.683024
-14.996546 -2.428910 -2.406172 2.683196
-15.042053 -2.328634 -2.410806 2.683433
-15.078746 -2.226634 -2.414137 2.683604
-15.111817 -2.123827 -2.416999 2.683750
-15.144108 -2.020653 -2.419848 2.683896
-15.175978 -1.917171 -2.422743 2.684044
-15.216342 -1.814440 -2.427105 2.684268
-15.254184 -1.711029 -2.431177 2.684476
-15.292711 -1.607329 -2.435469 2.684696
-15.334076 -1.503517 -2.440326 2.684945
-15.367408 -1.398543 -2.444017 2.685133
-15.387949 -1.292163 -2.445789 2.685224
-15.422234 -1.186674 -2.449862 2.685433
-15.454041 -1.080652 -2.453657 2.685627
-15.473618 -0.973515 -2.455626 2.685728
-15.505332 -0.866882 -2.459639 2.685934
-15.537581 -0.759915 -2.463853 2.686149
-15.556089 -0.651991 -2.466006 2.686260
-15.586239 -0.544283 -2.470123 2.686470
-15.606487 -0.435926 -2.472789 2.686607
-15.626452 -0.327327 -2.475530 2.686747
-15.633278 -0.218297 -2.476309 2.686787
-15.635558 -0.109157 -2.476490 2.686796
-15.625164 0.000000 -2.474783 2.686709
-15.622345 0.109069 -2.474397 2.686689
-15.656440 0.218620 -2.479978 2.686975
-15.662303 0.328078 -2.481209 2.687038
-15.662519 0.437496 -2.481667 2.687061
-15.662266 0.546939 -2.482171 2.687087
-15.664720 0.656549 -2.483226 2.687141
-15.680117 0.766887 -2.486455 2.687306
-15.684925 0.876923 -2.488128 2.687392
-15.668953 0.985809 -2.486625 2.687315
-15.662992 1.095263 -2.486832 2.687326
-15.676578 1.206250 -2.490265 2.687501
-15.677436 1.316472 -2.491801 2.687580
-15.673429 1.426393 -2.492686 2.687625
-15.680877 1.537525 -2.495517 2.687770
-15.692403 1.649338 -2.499123 2.687955
-15.685905 1.759459 -2.499983 2.687999
-15.682886 1.870072 -2.501522 2.688078
-15.676493 1.980401 -2.502647 2.688135
-15.669623 2.090776 -2.503819 2.688195
-15.662277 2.201190 -2.505040 2.688258
-15.658562 2.312258 -2.506967 2.688357
-15.668861 2.425669 -2.511266 2.688577
-15.667569 2.537592 -2.513836 2.688708
-15.658144 2.648379 -2.515230 2.688780
-15.659713 2.761230 -2.518517 2.688948
-15.660756 2.874289 -2.521850 2.689119
-15.648009 2.985018 -2.523092 2.689182
-15.634695 3.095752 -2.524369 2.689248
-15.620811 3.206494 -2.525680 2.689315
-15.606359 3.317234 -2.527026 2.689384
-15.606797 3.431380 -2.530914 2.689583
-15.610882 3.546706 -2.535530 2.689819
-15.594715 3.657707 -2.536990 2.689894
-15.577975 3.768711 -2.538486 2.689970
-15.560661 3.879709 -2.540016 2.690049
-15.542773 3.990709 -2.541582 2.690129
-15.525787 4.102091 -2.543426 2.690223
-15.502586 4.211959 -2.544380 2.690272
-15.478697 4.321732 -2.545349 2.690322
-15.454121 4.431398 -2.546333 2.690372
-15.428856 4.540962 -2.547332 2.690423
-15.402905 4.650413 -2.548345 2.690475
-15.376268 4.759749 -2.549374 2.690528
-15.348942 4.868973 -2.550417 2.690581
-15.320930 4.978072 -2.551475 2.690635
-15.292230 5.087050 -2.552548 2.690690
-15.262843 5.195897 -2.553635 2.690746
-15.232770 5.304611 -2.554738 2.690803
-15.202008 5.413194 -2.555855 2.690860
-15.170562 5.521633 -2.556986 2.690918
-15.138427 5.629933 -2.558132 2.690976
-15.105606 5.738083 -2.559293 2.691036
-15.072100 5.846082 -2.560469 2.691096
-15.037906 5.953930 -2.561659 2.691157
-15.003027 6.061616 -2.562864 2.691218
-14.967461 6.169145 -2.564083 2.691281
-14.931211 6.276504 -2.565317 2.691344
-14.894274 6.383693 -2.566566 2.691408
-14.856651 6.490714 -2.567829 2.691473
-14.818345 6.597553 -2.569106 2.691538
-14.779353 6.704215 -2.570398 2.691604
-14.739677 6.810688 -2.571705 2.691671
-14.699317 6.916973 -2.573025 2.691739
-14.658272 7.023069 -2.574361 2.691807
-14.616545 7.128965 -2.575711 2.691876
-14.574133 7.234665 -2.577075 2.691946
-14.531039 7.340157 -2.578453 2.692017
-14.487263 7.445441 -2.579846 2.692088
-14.442803 7.550517 -2.581253 2.692160
-14.397663 7.655374 -2.582674 2.692233
-14.351840 7.760014 -2.584110 2.692306
-14.305338 7.864427 -2.585559 2.692381
-14.258155 7.968612 -2.587023 2.692456
-14.210290 8.072570 -2.588501 2.692531
-14.161747 8.176289 -2.589994 2.692608
-14.112523 8.279772 -2.591500 2.692685
-14.062623 8.383007 -2.593021 2.692763
-14.012045 8.485995 -2.594555 2.692841
-13.960787 8.588736 -2.596104 2.692920
-13.908854 8.691216 -2.597667 2.693001
-13.856243 8.793443 -2.599243 2.693081
-13.802958 8.895401 -2.600834 2.693163
-13.748998 8.997091 -2.602438 2.693245
-13.694361 9.098514 -2.604056 2.693328
-13.639052 9.199657 -2.605689 2.693411
-13.583069 9.300525 -2.607335 2.693496
-13.526415 9.401104 -2.608994 2.693580
-13.469089 9.501396 -2.610668 2.693666
-13.411090 9.601399 -2.612355 2.693753
-13.352423 9.701103 -2.614056 2.693840
-13.293083 9.800510 -2.615771 2.693928
-13.233078 9.899609 -2.617499 2.694016
-13.172405 9.998399 -2.619241 2.694105
-13.111063 10.096880 -2.620997 2.694195
-13.049056 10.195041 -2.622766 2.694285
-12.986382 10.292884 -2.624548 2.694377
-12.923046 10.390397 -2.626344 2.694469
-12.859047 10.487582 -2.628153 2.694561
-12.794383 10.584436 -2.629976 2.694655
-12.729059 10.680949 -2.631812 2.694749
-12.663073 10.777123 -2.633661 2.694843
-12.596430 10.872948 -2.635524 2.694939
-12.529128 10.968421 -2.637400 2.695035
-12.461166 11.063543 -2.639289 2.695132
-12.392550 11.158303 -2.641191 2.695229
-12.323277 11.252703 -2.643106 2.695327
-12.253353 11.346731 -2.645034 2.695426
-12.182775 11.440387 -2.646976 2.695525
-12.127302 11.548676 -2.652376 2.695801
-12.072207 11.657995 -2.658062 2.696093
-11.999480 11.750763 -2.660048 2.696194
-11.926105 11.843137 -2.662046 2.696297
-11.852083 11.935116 -2.664057 2.696399
-11.777411 12.026699 -2.666080 2.696503
-11.702095 12.117875 -2.668117 2.696608
-11.626133 12.208646 -2.670166 2.696712
-11.549530 12.299002 -2.672228 2.696818
-11.472286 12.388941 -2.674302 2.696924
-11.394399 12.478462 -2.676389 2.697031
-11.315877 12.567554 -2.678489 2.697139
-11.236714 12.656220 -2.680601 2.697247
-11.156919 12.744448 -2.682725 2.697356
-11.076490 12.832236 -2.684861 2.697465
-10.995426 12.919585 -2.687010 2.697575
-10.913734 13.006483 -2.689171 2.697685
-10.831411 13.092932 -2.691344 2.697797
-10.748464 13.178920 -2.693529 2.697909
-10.664890 13.264447 -2.695727 2.698021
-10.580690 13.349512 -2.697936 2.698134
-10.495872 13.434103 -2.700157 2.698248
-10.410429 13.518222 -2.702390 2.698362
-10.324371 13.601859 -2.704635 2.698477
-10.237698 13.685012 -2.706892 2.698593
-10.150407 13.767680 -2.709160 2.698709
-10.062506 13.849852 -2.711440 2.698826
-9.973991 13.931528 -2.713732 2.698943
-9.884871 14.012701 -2.716034 2.699061
-9.795145 14.093366 -2.718349 2.699179
-9.704811 14.173523 -2.720675 2.699299
-9.613879 14.253161 -2.723012 2.699418
-9.522343 14.332283 -2.725360 2.699538
-9.430212 14.410876 -2.727720 2.699659
-9.337485 14.488940 -2.730090 2.699781
-9.244162 14.566472 -2.732472 2.699903
-9.150251 14.643463 -2.734865 2.700025
-9.055748 14.719913 -2.737268 2.700148
-8.960662 14.795814 -2.739683 2.700272
-8.864992 14.871161 -2.742108 2.700396
-8.768737 14.945953 -2.744544 2.700521
-8.671906 15.020182 -2.746990 2.700646
-8.574494 15.093846 -2.749447 2.700772
-8.476514 15.166937 -2.751914 2.700898
-8.377961 15.239452 -2.754392 2.701025
-8.278836 15.311392 -2.756881 2.701152
-8.179149 15.382742 -2.759379 2.701280
-8.078894 15.453505 -2.761887 2.701409
-7.978082 15.523671 -2.764406 2.701537
-7.876712 15.593239 -2.766934 2.701667
-7.774784 15.662206 -2.769473 2.701797
-7.672307 15.730562 -2.772021 2.701927
-7.569277 15.798307 -2.774579 2.702058
-7.465705 15.865434 -2.777147 2.702190
-7.361589 15.931938 -2.779724 2.702322
-7.256930 15.997818 -2.782311 2.702454
-7.151737 16.063065 -2.784907 2.702587
-7.046005 16.127676 -2.787513 2.702721
-6.939747 16.191647 -2.790128 2.702854
-6.832962 16.254971 -2.792751 2.702989
-6.725647 16.317648 -2.795384 2.703124
-6.617815 16.379669 -2.798026 2.703259
-6.509462 16.441032 -2.800677 2.703395
-6.400598 16.501730 -2.803336 2.703531
-6.291223 16.561760 -2.806005 2.703667
-6.181336 16.621119 -2.808681 2.703804
-6.070950 16.679796 -2.811366 2.703942
-2.685920 7.542943 -1.268165 2.624930
-2.622353 7.530373 -1.262943 2.624663
-2.559304 7.517906 -1.257825 2.624401
-2.496759 7.505538 -1.252809 2.624144
-2.434710 7.493268 -1.247893 2.623892
-2.373141 7.481092 -1.243076 2.623646
-2.312044 7.469009 -1.238356 2.623404
-2.251407 7.457017 -1.233732 2.623167
-2.191215 7.445113 -1.229201 2.622935
-2.131463 7.433295 -1.224764 2.622708
-2.072136 7.421562 -1.220417 2.622485
-2.013227 7.409910 -1.216160 2.622267
-1.954726 7.398339 -1.211992 2.622054
-1.896619 7.386845 -1.207910 2.621845
-1.838901 7.375428 -1.203915 2.621640
-1.781561 7.364086 -1.200004 2.621440
-1.724585 7.352815 -1.196176 2.621244
-1.667973 7.341616 -1.192430 2.621052
-1.611711 7.330486 -1.188766 2.620865
-1.555791 7.319423 -1.185182 2.620681
-1.500205 7.308426 -1.181677 2.620502
-1.444940 7.297493 -1.178249 2.620326
-1.389996 7.286622 -1.174898 2.620155
-1.335361 7.275812 -1.171623 2.619987
-1.281026 7.265061 -1.168424 2.619823
-1.226985 7.254368 -1.165298 2.619663
-1.173226 7.243731 -1.162245 2.619507
-1.119749 7.233149 -1.159265 2.619354
-1.080284 7.315674 -1.171254 2.619968
-1.049787 7.469624 -1.194699 2.621168
-0.995814 7.463273 -1.192542 2.621058
-0.941469 7.452518 -1.189744 2.620915
-0.887381 7.441814 -1.187018 2.620775
-0.833537 7.431158 -1.184361 2.620639
-0.779931 7.420548 -1.181773 2.620507
-0.727533 7.419951 -1.180840 2.620459
-0.680037 7.472382 -1.188400 2.620846
-0.631931 7.525486 -1.196115 2.621241
-0.583193 7.579287 -1.203990 2.621644
-0.533807 7.633803 -1.212028 2.622056
-0.486849 7.738227 -1.228038 2.622875
-0.436884 7.814285 -1.239594 2.623467
-0.381646 7.803352 -1.237407 2.623355
-0.326600 7.792458 -1.235288 2.623247
-0.271739 7.781599 -1.233235 2.623142
-0.217058 7.770776 -1.231250 2.623040
-0.162546 7.759985 -1.229331 2.622942
-0.108205 7.749229 -1.227477 2.622847
-0.054025 7.738548 -1.225695 2.622756
0.000000 7.727911 -1.223981 2.622668
0.053877 7.717303 -1.222330 2.622583
0.107616 7.706721 -1.220744 2.622502
0.161213 7.696167 -1.219221 2.622424
0.214724 7.687217 -1.218010 2.622362
0.268076 7.676687 -1.216609 2.622290
0.321307 7.666180 -1.215270 2.622222
0.374428 7.655682 -1.213990 2.622156
0.427434 7.645183 -1.212769 2.622094
0.480336 7.634705 -1.211609 2.622034
0.533139 7.624246 -1.210511 2.621978
0.585850 7.613805 -1.209473 2.621925
0.638879 7.608173 -1.209257 2.621914
0.691681 7.600276 -1.208740 2.621887
0.744989 7.597980 -1.209173 2.621910
0.798331 7.595609 -1.209653 2.621934
0.851734 7.593383 -1.210216 2.621963
0.905184 7.591080 -1.210827 2.621994
0.958687 7.588775 -1.211497 2.622029
1.031794 7.732932 -1.235630 2.623264
2.766252 19.682903 -3.148103 2.721183
2.882985 19.523550 -3.125759 2.720039
2.998087 19.366421 -3.103878 2.718919
3.111585 19.211475 -3.082451 2.717821
3.223531 19.058645 -3.061466 2.716747
3.333968 18.907869 -3.040911 2.715694
3.452880 18.813272 -3.029500 2.715110
3.588938 18.813841 -3.033552 2.715318
3.725358 18.814411 -3.037764 2.715533
3.862164 18.814983 -3.042136 2.715757
3.999371 18.815557 -3.046669 2.715989
4.159031 18.916368 -3.067619 2.717062
4.359858 19.189955 -3.116846 2.719582
4.567229 19.472462 -3.167833 2.722193
4.781511 19.764387 -3.220676 2.724899
4.915025 19.713087 -3.217830 2.724753
5.034231 19.607042 -3.206178 2.724156
5.149978 19.491858 -3.193145 2.723489
5.259323 19.357506 -3.177073 2.722666
5.367277 19.223415 -3.161138 2.721850
5.473846 19.089567 -3.145335 2.721041
5.579112 18.956202 -3.129703 2.720241
5.682967 18.822872 -3.114165 2.719445
5.785565 18.690126 -3.098809 2.718659
5.886820 18.557602 -3.083575 2.717879
5.986767 18.425375 -3.068474 2.717106
6.079591 18.275930 -3.050581 2.716190
6.167656 18.117352 -3.031225 2.715199
6.260890 17.978815 -3.015286 2.714383
6.344961 17.818714 -2.995791 2.713384
6.423101 17.647326 -2.974443 2.712291
6.506243 17.494764 -2.956312 2.711363
6.580025 17.322020 -2.934813 2.710263
6.646523 17.135746 -2.911044 2.709045
6.726772 16.989880 -2.894172 2.708182
6.794927 16.818033 -2.872909 2.707093
6.856637 16.635452 -2.849828 2.705911
6.916979 16.454826 -2.827089 2.704747
6.980838 16.287506 -2.806646 2.703700
7.032781 16.097395 -2.782279 2.702453
7.086511 15.916564 -2.759508 2.701287
7.151639 15.765705 -2.741943 2.700387
7.202181 15.586935 -2.719530 2.699240
7.249446 15.405849 -2.696700 2.698071
7.295638 15.227166 -2.674273 2.696923
7.340714 15.050694 -2.652216 2.695793
7.384697 14.876379 -2.630519 2.694683
7.427581 14.704100 -2.609162 2.693589
7.466443 14.528118 -2.587121 2.692461
7.503389 14.352655 -2.565141 2.691335
7.539447 14.179637 -2.543564 2.690230
7.574636 14.009000 -2.522379 2.689146
7.608853 13.840442 -2.501534 2.688078
7.642250 13.674189 -2.481068 2.687031
7.672183 13.505480 -2.460115 2.685958
7.701083 13.338667 -2.439463 2.684901
7.729227 13.174151 -2.419185 2.683862
7.767656 13.030354 -2.402680 2.683017
7.801802 12.882300 -2.385365 2.682131
7.827833 12.723957 -2.366107 2.681145
7.853225 12.567787 -2.347204 2.680177
7.877980 12.413713 -2.328644 2.679226
7.909333 12.272874 -2.312527 2.678401
7.936575 12.128352 -2.295679 2.677539
7.957550 11.977072 -2.277505 2.676608
7.977982 11.827845 -2.259664 2.675695
8.003233 11.688430 -2.243649 2.674875
8.033730 11.559014 -2.229520 2.674151
8.053740 11.416899 -2.212899 2.673300
8.088170 11.297434 -2.200635 2.672673
8.137752 11.200654 -2.192796 2.672271
8.195301 11.115838 -2.187339 2.671992
8.254907 11.034554 -2.182632 2.671751
8.314091 10.953404 -2.178009 2.671514
8.368310 10.866469 -2.172286 2.671221
8.422144 10.779853 -2.166672 2.670933
8.471501 10.688377 -2.160121 2.670598
8.516469 10.592343 -2.152677 2.670217
8.560946 10.496753 -2.145344 2.669842
8.604954 10.401600 -2.138123 2.669472
8.651183 10.310079 -2.131673 2.669142
8.701326 10.224026 -2.126389 2.668871
8.746220 10.132586 -2.120020 2.668545
8.788561 10.039088 -2.113243 2.668198
8.831029 9.946625 -2.106706 2.667863
8.877737 9.859726 -2.101377 2.667590
8.924063 9.773098 -2.096141 2.667322
8.965760 9.682134 -2.090006 2.667008
9.006082 9.590499 -2.083747 2.666688
9.042180 9.495222 -2.076711 2.666327
9.075706 9.398170 -2.069292 2.665948
9.108866 9.301669 -2.061996 2.665574
9.141634 9.205672 -2.054814 2.665206
9.173955 9.110127 -2.047733 2.664844
9.205886 9.015068 -2.040762 2.664487
9.237432 8.920484 -2.033900 2.664136
9.268597 8.826367 -2.027145 2.663790
9.299410 8.732721 -2.020500 2.663450
9.329885 8.639565 -2.013968 2.663115
9.359953 8.546809 -2.007529 2.662786
9.389647 8.454476 -2.001190 2.662461
9.418985 8.362568 -1.994951 2.662142
9.448000 8.271092 -1.988817 2.661827
9.476694 8.180059 -1.982788 2.661519
9.499860 8.085012 -1.975777 2.661160
9.521227 7.989258 -1.968573 2.660791
9.542260 7.894045 -1.961479 2.660428
9.562964 7.799358 -1.954494 2.660070
9.583342 7.705201 -1.947617 2.659718
9.603397 7.611557 -1.940846 2.659371
9.623136 7.518417 -1.934180 2.659030
9.642561 7.425773 -1.927618 2.658694
9.659506 7.331959 -1.920725 2.658341
9.671077 7.234886 -1.912936 2.657942
9.683697 7.139435 -1.905527 2.657563
9.702266 7.049109 -1.899451 2.657252
9.719958 6.958808 -1.893357 2.656940
9.730499 6.864108 -1.886029 2.656564
9.740751 6.769995 -1.878810 2.656195
9.750752 6.676477 -1.871703 2.655831
9.764262 6.586078 -1.865425 2.655510
9.781984 6.499136 -1.860097 2.655237
9.795028 6.409682 -1.854022 2.654926
9.804027 6.318261 -1.847331 2.654583
9.817101 6.230121 -1.841555 2.654287
9.832129 6.143796 -1.836283 2.654018
9.841044 6.054253 -1.830010 2.653696
9.849728 5.965203 -1.823835 2.653380
9.861204 5.878454 -1.818317 2.653098
9.868724 5.789944 -1.812206 2.652785
9.879245 5.703784 -1.806782 2.652507
9.894126 5.620647 -1.802283 2.652277
9.905972 5.536256 -1.797356 2.652025
9.912643 5.449519 -1.791620 2.651731
9.920651 5.364075 -1.786255 2.651456
9.934490 5.282262 -1.782063 2.651242
9.948079 5.200731 -1.777945 2.651031
9.957619 5.117517 -1.773221 2.650789
9.963657 5.033003 -1.767996 2.650522
9.970631 4.949462 -1.763059 2.650269
9.983212 4.869138 -1.759230 2.650073
9.995556 4.789069 -1.755471 2.649880
10.007664 4.709245 -1.751780 2.649691
10.019536 4.629673 -1.748158 2.649506
10.031176 4.550342 -1.744604 2.649323
10.040198 4.470184 -1.740703 2.649124
10.044180 4.388196 -1.736039 2.648885
10.047965 4.306560 -1.731455 2.648650
10.058578 4.228234 -1.728155 2.648481
10.069064 4.150167 -1.724936 2.648317
10.079328 4.072313 -1.721782 2.648155
10.089372 3.994666 -1.718692 2.647997
10.099198 3.917217 -1.715665 2.647842
10.108808 3.839973 -1.712702 2.647690
10.118206 3.762926 -1.709802 2.647542
10.127392 3.686069 -1.706964 2.647396
10.136364 3.609398 -1.704187 2.647254
10.145126 3.532903 -1.701472 2.647115
10.153679 3.456592 -1.698818 2.646979
10.162023 3.380454 -1.696224 2.646847
10.175141 3.306104 -1.694520 2.646759
10.189387 3.232265 -1.693093 2.646686
10.202907 3.158324 -1.691634 2.646612
10.210443 3.082712 -1.689274 2.646491
10.217777 3.007254 -1.686973 2.646373
10.224911 2.931946 -1.684730 2.646258
10.231844 2.856783 -1.682546 2.646146
10.238578 2.781756 -1.680418 2.646037
10.249975 2.708158 -1.679145 2.645972
10.262605 2.634988 -1.678159 2.645922
10.274769 2.561787 -1.677183 2.645872
10.284646 2.488119 -1.675919 2.645807
10.297826 2.415330 -1.675278 2.645774
10.309376 2.342230 -1.674456 2.645732
10.314761 2.267846 -1.672718 2.645643
10.319955 2.193574 -1.671036 2.645557
10.328846 2.120209 -1.670039 2.645506
10.339947 2.047361 -1.669482 2.645478
10.350862 1.974530 -1.668978 2.645452
10.361592 1.901707 -1.668526 2.645428
10.372139 1.828888 -1.668128 2.645408
10.383307 1.756206 -1.667912 2.645397
10.399657 1.684373 -1.668608 2.645433
10.412012 1.611862 -1.668744 2.645440
10.421088 1.538851 -1.668437 2.645424
10.430001 1.465841 -1.668185 2.645411
10.438781 1.392832 -1.667993 2.645401
10.447372 1.319807 -1.667853 2.645394
10.455783 1.246774 -1.667765 2.645390
10.464027 1.173728 -1.667733 2.645388
10.473324 1.100791 -1.667949 2.645399
10.488117 1.028370 -1.669121 2.645459
10.502759 0.955822 -1.670348 2.645522
10.517275 0.883158 -1.671635 2.645588
10.531633 0.810364 -1.672978 2.645656
10.545820 0.737435 -1.674373 2.645728
10.559828 0.664369 -1.675819 2.645802
10.573679 0.591157 -1.677322 2.645879
10.587399 0.517808 -1.678884 2.645959
10.600976 0.444311 -1.680504 2.646042
10.614397 0.370663 -1.682180 2.646127
10.633682 0.297027 -1.684867 2.646265
10.653197 0.223149 -1.687671 2.646409
10.672584 0.149025 -1.690536 2.646555
10.691822 0.074643 -1.693460 2.646705
9.892518 -0.000000 -1.922911 2.658453
9.910172 -0.069187 -1.926389 2.658631
9.927679 -0.138626 -1.929933 2.658813
9.945037 -0.208319 -1.933543 2.658997
9.965841 -0.278371 -1.937919 2.659221
9.989129 -0.348828 -1.942873 2.659475
10.012320 -0.419641 -1.947906 2.659733
10.035414 -0.490814 -1.953018 2.659994
10.058411 -0.562353 -1.958210 2.660260
10.081311 -0.634263 -1.963483 2.660530
10.110381 -0.706987 -1.970058 2.660867
10.139679 -0.780206 -1.976780 2.661211
10.165344 -0.853608 -1.982897 2.661524
10.192204 -0.927563 -1.989351 2.661855
10.224426 -1.002514 -1.996958 2.662244
10.268517 -1.079265 -2.006992 2.662758
10.309550 -1.156401 -2.016541 2.663247
10.349490 -1.234102 -2.025989 2.663731
10.403107 -1.314218 -2.038231 2.664357
10.457495 -1.395328 -2.050746 2.664998
10.515073 -1.477797 -2.064010 2.665677
10.574648 -1.561528 -2.077793 2.666383
10.631915 -1.645908 -2.091253 2.667072
10.679574 -1.729714 -2.102951 2.667671
10.721112 -1.813341 -2.113571 2.668215
10.776682 -1.900220 -2.127090 2.668907
10.831956 -1.988036 -2.140687 2.669603
10.871683 -2.073885 -2.151347 2.670149
10.901105 -2.158477 -2.160099 2.670597
10.931319 -2.243878 -2.169137 2.671060
10.967444 -2.331203 -2.179482 2.671589
10.999401 -2.418375 -2.189135 2.672084
11.026963 -2.505265 -2.198047 2.672540
11.049048 -2.591531 -2.206002 2.672947
11.069138 -2.677907 -2.213692 2.673341
11.083679 -2.763472 -2.220405 2.673685
11.094426 -2.848565 -2.226487 2.673996
11.101097 -2.933037 -2.231881 2.674272
11.110316 -3.018606 -2.237917 2.674581
11.114698 -3.103280 -2.243109 2.674847
11.117950 -3.188021 -2.248202 2.675108
11.118423 -3.272330 -2.252863 2.675346
11.115752 -3.356044 -2.257014 2.675559
11.112885 -3.440013 -2.261253 2.675776
11.109822 -3.524244 -2.265581 2.675997
11.106563 -3.608741 -2.269999 2.676224
11.103115 -3.693515 -2.274509 2.676455
11.099487 -3.778574 -2.279114 2.676691
11.091871 -3.862598 -2.283032 2.676891
11.085317 -3.947304 -2.287299 2.677110
11.080369 -4.032925 -2.292032 2.677352
11.069018 -4.116531 -2.295573 2.677533
11.057377 -4.200304 -2.299184 2.677718
11.041945 -4.282888 -2.302136 2.677869
11.023920 -4.364679 -2.304675 2.677999
11.005652 -4.446572 -2.307290 2.678133
10.987139 -4.528572 -2.309981 2.678271
10.968374 -4.610680 -2.312747 2.678413
10.949338 -4.692893 -2.315585 2.678558
10.930051 -4.775222 -2.318500 2.678707
10.910512 -4.857673 -2.321492 2.678860
10.890743 -4.940260 -2.324568 2.679018
10.870721 -5.022978 -2.327723 2.679179
10.850440 -5.105830 -2.330956 2.679345
10.829900 -5.188819 -2.334269 2.679514
10.809097 -5.271949 -2.337661 2.679688
10.788032 -5.355226 -2.341134 2.679866
10.766936 -5.438771 -2.344739 2.680051
10.751248 -5.525392 -2.349666 2.680303
10.734922 -5.612082 -2.354603 2.680556
10.712826 -5.696111 -2.358421 2.680751
10.688727 -5.779374 -2.361941 2.680931
10.664328 -5.862764 -2.365536 2.681115
10.639610 -5.946278 -2.369205 2.681303
10.614600 -6.029932 -2.372952 2.681495
10.589327 -6.113751 -2.376786 2.681691
10.563759 -6.197721 -2.380700 2.681892
10.537889 -6.281843 -2.384696 2.682096
10.511715 -6.366121 -2.388772 2.682305
10.485236 -6.450561 -2.392931 2.682518
10.459508 -6.535826 -2.397414 2.682748
10.437013 -6.623530 -2.402798 2.683023
10.408476 -6.707805 -2.406951 2.683236
10.378561 -6.791540 -2.410939 2.683440
10.351355 -6.877424 -2.415714 2.683685
10.327493 -6.965982 -2.421436 2.683977
10.302004 -7.053930 -2.426947 2.684260
10.270741 -7.138350 -2.431263 2.684481
10.239135 -7.222916 -2.435659 2.684705
10.212650 -7.311540 -2.441442 2.685002
10.187012 -7.401298 -2.447606 2.685317
10.157092 -7.488455 -2.452918 2.685589
10.124029 -7.573742 -2.457643 2.685831
10.092175 -7.660378 -2.462833 2.686097
10.065050 -7.751133 -2.469359 2.686431
10.037335 -7.842026 -2.475931 2.686768
10.002768 -7.928096 -2.480997 2.687027
9.967829 -8.014339 -2.486148 2.687291
9.937209 -8.104590 -2.492563 2.687619
9.908166 -8.196749 -2.499571 2.687978
9.875195 -8.286272 -2.505786 2.688296
9.840524 -8.374943 -2.511764 2.688602
9.807755 -8.465827 -2.518424 2.688943
9.774549 -8.556972 -2.525176 2.689289
9.740899 -8.648376 -2.532019 2.689639
9.706791 -8.740034 -2.538952 2.689994
9.672234 -8.831964 -2.545979 2.690354
9.631003 -8.918406 -2.551453 2.690634
9.588633 -9.004326 -2.556820 2.690909
9.549722 -9.094078 -2.563311 2.691242
9.513386 -9.186970 -2.570711 2.691620
9.476578 -9.280151 -2.578209 2.692004
9.439294 -9.373625 -2.585807 2.692393
9.401530 -9.467396 -2.593505 2.692787
9.363281 -9.561469 -2.601305 2.693187
9.322102 -9.653319 -2.608524 2.693556
9.277615 -9.742455 -2.615044 2.693890
9.231120 -9.830144 -2.621219 2.694206
9.189964 -9.924259 -2.629143 2.694612
9.149289 -10.019751 -2.637454 2.695038
9.108099 -10.115569 -2.645874 2.695469
9.066387 -10.211719 -2.654402 2.695905
9.024150 -10.308203 -2.663041 2.696347
8.981380 -10.405028 -2.671791 2.696796
8.936624 -10.500499 -2.680220 2.697227
8.889179 -10.593712 -2.688106 2.697631
8.841179 -10.687150 -2.696088 2.698040
8.792617 -10.780814 -2.704165 2.698453
8.745989 -10.877816 -2.713115 2.698911
8.704611 -10.982487 -2.723998 2.699469
8.659388 -11.083511 -2.733994 2.699980
8.608436 -11.178283 -2.742479 2.700415
8.556895 -11.273293 -2.751066 2.700855
8.504759 -11.368546 -2.759754 2.701299
8.452022 -11.464045 -2.768545 2.701749
8.398679 -11.559791 -2.777439 2.702205
8.344734 -11.655802 -2.786442 2.702666
8.290203 -11.752112 -2.795562 2.703133
8.235046 -11.848680 -2.804789 2.703605
8.187212 -11.957124 -2.816860 2.704223
8.136846 -12.063370 -2.828438 2.704816
8.080385 -12.161959 -2.838258 2.705319
8.022561 -12.259759 -2.847941 2.705815
7.964078 -12.357831 -2.857738 2.706316
7.900543 -12.449265 -2.866057 2.706742
7.843884 -12.552838 -2.877224 2.707314
7.784479 -12.653491 -2.887768 2.707854
7.723249 -12.752600 -2.898010 2.708378
7.661325 -12.851993 -2.908371 2.708909
7.598700 -12.951673 -2.918852 2.709445
7.535387 -13.051673 -2.929462 2.709988
7.472003 -13.153106 -2.940448 2.710551
7.409869 -13.258399 -2.952350 2.711160
7.335788 -13.343749 -2.959879 2.711546
7.253095 -13.414321 -2.964229 2.711768
7.169853 -13.484532 -2.968611 2.711993
7.086058 -13.554380 -2.973024 2.712219
7.001713 -13.623861 -2.977470 2.712446
6.908037 -13.675591 -2.978162 2.712482
6.806924 -13.712461 -2.975770 2.712359
6.705631 -13.748582 -2.973377 2.712237
6.604164 -13.783954 -2.970983 2.712114
6.502527 -13.818576 -2.968588 2.711992
6.400728 -13.852448 -2.966193 2.711869
6.298775 -13.885571 -2.963797 2.711746
6.196668 -13.917945 -2.961401 2.711624
6.094416 -13.949569 -2.959004 2.711501
5.992024 -13.980443 -2.956608 2.711378
5.889499 -14.010569 -2.954211 2.711256
5.786848 -14.039946 -2.951815 2.711133
5.684072 -14.068574 -2.949419 2.711010
5.581180 -14.096454 -2.947023 2.710887
5.478177 -14.123586 -2.944628 2.710765
5.375068 -14.149970 -2.942234 2.710642
5.271862 -14.175608 -2.939840 2.710520
5.168559 -14.200499 -2.937447 2.710397
5.065167 -14.224644 -2.935055 2.710275
4.961693 -14.248043 -2.932664 2.710152
4.858140 -14.270699 -2.930275 2.710030
4.754519 -14.292609 -2.927887 2.709908
4.650827 -14.313776 -2.925500 2.709785
4.547076 -14.334201 -2.923115 2.709663
4.443268 -14.353884 -2.920732 2.709541
4.339410 -14.372825 -2.918351 2.709419
4.235509 -14.391026 -2.915971 2.709298
4.131567 -14.408488 -2.913594 2.709176
4.027591 -14.425212 -2.911219 2.709054
3.923585 -14.441197 -2.908846 2.708933
3.819557 -14.456447 -2.906476 2.708812
3.715512 -14.470961 -2.904108 2.708690
3.611451 -14.484740 -2.901742 2.708569
3.507383 -14.497787 -2.899380 2.708448
3.403312 -14.510101 -2.897020 2.708327
3.299244 -14.521685 -2.894664 2.708207
3.195186 -14.532537 -2.892310 2.708086
3.091138 -14.542663 -2.889960 2.707966
2.987108 -14.552060 -2.887613 2.707846
2.883102 -14.560732 -2.885269 2.707726
2.779123 -14.568680 -2.882929 2.707606
2.675179 -14.575903 -2.880593 2.707486
2.571271 -14.582405 -2.878260 2.707367
2.467407 -14.588187 -2.875931 2.707247
2.363590 -14.593250 -2.873606 2.707129
2.259826 -14.597595 -2.871285 2.707010
2.156121 -14.601225 -2.868968 2.706891
2.052478 -14.604140 -2.866655 2.706773
1.948902 -14.606343 -2.864347 2.706654
1.845398 -14.607835 -2.862043 2.706537
1.741971 -14.608616 -2.859744 2.706419
1.638627 -14.608690 -2.857450 2.706301
1.535369 -14.608058 -2.855160 2.706184
1.432201 -14.606722 -2.852875 2.706067
1.329129 -14.604683 -2.850595 2.705950
1.226158 -14.601943 -2.848320 2.705834
1.123294 -14.598504 -2.846050 2.705718
1.020537 -14.594368 -2.843785 2.705602
0.917895 -14.589537 -2.841526 2.705486
0.815372 -14.584011 -2.839272 2.705371
0.712972 -14.577795 -2.837023 2.705256
0.610701 -14.570889 -2.834780 2.705141
0.508561 -14.563294 -2.832543 2.705026
0.406558 -14.555015 -2.830312 2.704912
0.304695 -14.546052 -2.828086 2.704798
0.202978 -14.536407 -2.825867 2.704684
0.101413 -14.526082 -2.823653 2.704571
-0.000000 -14.515079 -2.821446 2.704458
-0.101255 -14.503402 -2.819244 2.704345
-0.202347 -14.491051 -2.817050 2.704233
-0.303273 -14.478028 -2.814861 2.704121
-0.404025 -14.464337 -2.812679 2.704009
-0.504605 -14.449980 -2.810503 2.703898
-0.605004 -14.434957 -2.808335 2.703787
-0.705221 -14.419271 -2.806173 2.703676
-0.805250 -14.402925 -2.804017 2.703566
-0.905085 -14.385921 -2.801869 2.703456
-1.004727 -14.368262 -2.799727 2.703346
-1.104169 -14.349950 -2.797593 2.703237
-1.203407 -14.330986 -2.795465 2.703128
-1.302438 -14.311373 -2.793345 2.703019
-1.401256 -14.291114 -2.791233 2.702911
-1.499860 -14.270211 -2.789127 2.702803
-1.598245 -14.248666 -2.787029 2.702696
-1.696406 -14.226481 -2.784939 2.702589
-1.794341 -14.203660 -2.782856 2.702482
-1.892043 -14.180205 -2.780780 2.702376
-1.989513 -14.156117 -2.778713 2.702270
-2.086744 -14.131400 -2.776653 2.702165
-2.183734 -14.106056 -2.774601 2.702060
-2.280478 -14.080087 -2.772557 2.701955
-2.376971 -14.053496 -2.770521 2.701851
-2.473213 -14.026286 -2.768493 2.701747
-2.569198 -13.998458 -2.766474 2.701643
-2.664924 -13.970016 -2.764462 2.701540
-2.760386 -13.940962 -2.762459 2.701438
-2.855579 -13.911299 -2.760464 2.701336
-2.950504 -13.881029 -2.758478 2.701234
-3.045155 -13.850154 -2.756500 2.701133
-3.139528 -13.818678 -2.754531 2.701032
-3.233620 -13.786603 -2.752570 2.700932
-3.327426 -13.753933 -2.750618 2.700832
-3.420947 -13.720668 -2.748675 2.700732
-3.514177 -13.686811 -2.746741 2.700633
-3.607112 -13.652368 -2.744815 2.700535
-3.699750 -13.617337 -2.742898 2.700436
-3.792086 -13.581725 -2.740991 2.700339
-3.884119 -13.545532 -2.739093 2.700242
-3.975845 -13.508761 -2.737203 2.700145
-4.067261 -13.471416 -2.735323 2.700048
-4.158364 -13.433498 -2.733452 2.699953
-4.249148 -13.395012 -2.731591 2.699857
-4.339614 -13.355958 -2.729738 2.699762
-4.429758 -13.316340 -2.727895 2.699668
-4.519575 -13.276162 -2.726062 2.699574
-4.609064 -13.235425 -2.724238 2.699481
-4.698219 -13.194134 -2.722424 2.699388
-4.787042 -13.152288 -2.720619 2.699296
-4.875526 -13.109893 -2.718824 2.699204
-4.963670 -13.066951 -2.717039 2.699112
-5.051470 -13.023464 -2.715264 2.699021
-5.138922 -12.979437 -2.713498 2.698931
-5.226027 -12.934871 -2.711743 2.698841
-5.312779 -12.889768 -2.709997 2.698752
-5.399177 -12.844132 -2.708261 2.698663
-5.485217 -12.797967 -2.706536 2.698575
-5.570895 -12.751274 -2.704820 2.698487
-5.656211 -12.704057 -2.703115 2.698399
-5.741161 -12.656319 -2.701420 2.698313
-5.825743 -12.608061 -2.699735 2.698226
-5.909954 -12.559287 -2.698061 2.698141
-5.993789 -12.510002 -2.696397 2.698056
-6.077249 -12.460206 -2.694743 2.697971
-6.160330 -12.409903 -2.693099 2.697887
-6.243029 -12.359096 -2.691467 2.697803
-6.325345 -12.307787 -2.689844 2.697720
-6.407271 -12.255980 -2.688232 2.697637
-6.488811 -12.203678 -2.686631 2.697555
-6.569958 -12.150883 -2.685041 2.697474
-6.650712 -12.097598 -2.683461 2.697393
-6.731069 -12.043827 -2.681892 2.697313
-6.811025 -11.989573 -2.680334 2.697233
-6.890581 -11.934836 -2.678787 2.697154
-6.969734 -11.879622 -2.677250 2.697075
-7.048481 -11.823934 -2.675725 2.696997
-7.126818 -11.767774 -2.674210 2.696919
-7.204744 -11.711144 -2.672706 2.696842
-7.282258 -11.654049 -2.671214 2.696766
-7.359357 -11.596490 -2.669732 2.696690
-7.436038 -11.538471 -2.668262 2.696615
-7.505942 -11.470280 -2.664546 2.696425
-7.579659 -11.408305 -2.662376 2.696314
-7.660369 -11.356964 -2.662811 2.696336
-7.729595 -11.288788 -2.659414 2.696162
-7.796957 -11.218350 -2.655579 2.695966
-7.868338 -11.154078 -2.653303 2.695849
-7.953030 -11.108675 -2.655646 2.695969
-8.034189 -11.058113 -2.656903 2.696033
-8.100947 -10.987857 -2.653546 2.695861
-8.166082 -10.915827 -2.649855 2.695673
-8.230708 -10.843555 -2.646195 2.695485
-8.294823 -10.771048 -2.642568 2.695299
-8.358430 -10.698303 -2.638973 2.695115
-8.421531 -10.625323 -2.635411 2.694933
-8.493716 -10.564051 -2.634856 2.694905
-8.574503 -10.513381 -2.637084 2.695019
-8.650112 -10.456187 -2.637822 2.695056
-8.718728 -10.390575 -2.636561 2.694992
-8.786891 -10.324558 -2.635312 2.694928
-8.854593 -10.258144 -2.634074 2.694865
-8.921838 -10.191334 -2.632849 2.694802
-8.988624 -10.124128 -2.631635 2.694740
-9.054945 -10.056535 -2.630433 2.694678
-9.120804 -9.988551 -2.629242 2.694617
-9.186191 -9.920182 -2.628063 2.694557
-9.251113 -9.851436 -2.626896 2.694497
-9.315568 -9.782308 -2.625742 2.694438
-9.379550 -9.712808 -2.624599 2.694379
-9.443061 -9.642933 -2.623468 2.694321
-9.506094 -9.572691 -2.622350 2.694264
-9.568652 -9.502083 -2.621243 2.694208
-9.630733 -9.431108 -2.620149 2.694151
-9.692333 -9.359777 -2.619066 2.694096
-9.753454 -9.288086 -2.617996 2.694041
-9.814090 -9.216043 -2.616938 2.693987
-9.874241 -9.143648 -2.615892 2.693933
-9.933908 -9.070903 -2.614858 2.693881
-9.993086 -8.997814 -2.613837 2.693828
-10.051776 -8.924381 -2.612827 2.693777
-10.109974 -8.850613 -2.611830 2.693726
-10.167680 -8.776506 -2.610845 2.693675
-10.224895 -8.702065 -2.609873 2.693625
-10.281611 -8.627295 -2.608912 2.693576
-10.337833 -8.552197 -2.607964 2.693528
-10.393556 -8.476776 -2.607029 2.693480
-10.448779 -8.401034 -2.606106 2.693433
-10.503701 -8.325129 -2.605244 2.693388
-10.557922 -8.248753 -2.604345 2.693342
-10.611641 -8.172061 -2.603459 2.693297
-10.663117 -8.093745 -2.602162 2.693231
-10.699878 -8.004532 -2.597432 2.692988
-10.744774 -7.921729 -2.594842 2.692856
-10.792014 -7.840857 -2.592968 2.692760
-10.861792 -7.776277 -2.596626 2.692947
-10.900026 -7.689122 -2.592870 2.692755
-10.931475 -7.597573 -2.587670 2.692489
-10.962499 -7.506177 -2.582546 2.692226
-11.004786 -7.422822 -2.580237 2.692108
-11.059376 -7.347829 -2.580946 2.692144
-11.109085 -7.269580 -2.580640 2.692129
-11.153997 -7.188262 -2.579352 2.692063
-11.187449 -7.099769 -2.575563 2.691869
-11.216174 -7.008644 -2.570849 2.691628
-11.245742 -6.918424 -2.566492 2.691404
-11.302103 -6.844796 -2.568387 2.691501
-11.352916 -6.767697 -2.569134 2.691540
-11.396361 -6.686203 -2.568340 2.691499
-11.439423 -6.604553 -2.567590 2.691460
-11.480454 -6.521803 -2.566518 2.691406
-11.518397 -6.437414 -2.564890 2.691322
-11.555969 -6.352949 -2.563318 2.691242
-11.601958 -6.273154 -2.563742 2.691264
-11.673286 -6.206796 -2.569866 2.691577
-11.720997 -6.127586 -2.570889 2.691629
-11.745437 -6.036334 -2.566944 2.691427
-11.779987 -5.950500 -2.565353 2.691346
-11.818521 -5.866763 -2.564762 2.691316
-11.866861 -5.787855 -2.566421 2.691401
-11.906361 -5.704570 -2.566288 2.691394
-11.940925 -5.618971 -2.565220 2.691339
-11.973630 -5.532594 -2.563886 2.691271
-12.005764 -5.446054 -2.562563 2.691203
-12.058315 -5.368708 -2.565717 2.691365
-12.096559 -5.284854 -2.565941 2.691376
-12.130037 -5.198940 -2.565281 2.691342
-12.168566 -5.115194 -2.565814 2.691370
-12.193795 -5.025918 -2.563673 2.691260
-12.219948 -4.937180 -2.561862 2.691167
-12.264935 -4.856029 -2.564124 2.691283
-12.313665 -4.776155 -2.567278 2.691444
-12.348087 -4.690599 -2.567564 2.691459
-12.382070 -4.604849 -2.567883 2.691476
-12.411806 -4.517528 -2.567447 2.691453
-12.434075 -4.427573 -2.565597 2.691359
-12.455908 -4.337605 -2.563791 2.691266
-12.491531 -4.252465 -2.564950 2.691325
-12.533030 -4.169182 -2.567431 2.691453
-12.567284 -4.083358 -2.568546 2.691509
-12.594276 -3.995137 -2.568300 2.691497
-12.627805 -3.908957 -2.569509 2.691559
-12.668306 -3.824788 -2.572254 2.691699
-12.706611 -3.739757 -2.574668 2.691823
-12.731443 -3.650682 -2.574473 2.691813
-12.755717 -3.561458 -2.574291 2.691804
-12.779429 -3.472093 -2.574121 2.691795
-12.802581 -3.382588 -2.573965 2.691787
-12.825171 -3.292943 -2.573822 2.691780
-12.847197 -3.203166 -2.573692 2.691773
-12.868661 -3.113254 -2.573575 2.691767
-12.889561 -3.023218 -2.573471 2.691762
-12.909895 -2.933057 -2.573380 2.691757
-12.929666 -2.842770 -2.573302 2.691753
-12.948870 -2.752367 -2.573237 2.691750
-12.967507 -2.661845 -2.573185 2.691747
-12.985578 -2.571213 -2.573146 2.691745
-13.003081 -2.480471 -2.573120 2.691744
-13.020017 -2.389619 -2.573107 2.691743
-13.036383 -2.298666 -2.573107 2.691743
-13.052180 -2.207609 -2.573121 2.691744
-13.067408 -2.116457 -2.573147 2.691745
-13.082065 -2.025211 -2.573186 2.691747
-13.096151 -1.933870 -2.573239 2.691750
-13.109666 -1.842443 -2.573304 2.691753
-13.122610 -1.750928 -2.573383 2.691757
-13.134980 -1.659333 -2.573474 2.691762
-13.146778 -1.567659 -2.573579 2.691767
-13.158004 -1.475905 -2.573696 2.691773
-13.168654 -1.384081 -2.573827 2.691780
-13.178732 -1.292184 -2.573971 2.691787
-13.188234 -1.200222 -2.574127 2.691795
-13.197162 -1.108197 -2.574297 2.691804
-13.205514 -1.016107 -2.574480 2.691813
-13.213290 -0.923963 -2.574675 2.691823
-13.220490 -0.831760 -2.574884 2.691834
-13.227114 -0.739510 -2.575106 2.691845
-13.233160 -0.647210 -2.575340 2.691857
-13.238629 -0.554861 -2.575588 2.691870
-13.243521 -0.462474 -2.575849 2.691883
-13.247834 -0.370043 -2.576123 2.691897
-13.251570 -0.277580 -2.576409 2.691912
-13.254725 -0.185083 -2.576709 2.691927
-13.257303 -0.092553 -2.577022 2.691943
-13.259301 0.000000 -2.577347 2.691960
-13.260720 0.092581 -2.577686 2.691978
-13.261559 0.185179 -2.578037 2.691995
-13.261818 0.277795 -2.578402 2.692014
-13.261497 0.370429 -2.578779 2.692034
-13.260594 0.463070 -2.579170 2.692054
-13.259110 0.555724 -2.579573 2.692074
-13.257047 0.648379 -2.579989 2.692096
-13.254401 0.741036 -2.580418 2.692117
-13.251175 0.833695 -2.580860 2.692140
-13.247366 0.926346 -2.581315 2.692163
-13.242975 1.018994 -2.581783 2.692187
-13.238004 1.111627 -2.582263 2.692212
-13.232449 1.204247 -2.582757 2.692237
-13.226312 1.296853 -2.583264 2.692263
-13.219593 1.389435 -2.583783 2.692290
-13.212291 1.481998 -2.584315 2.692317
-13.204407 1.574531 -2.584860 2.692345
-13.195939 1.667034 -2.585418 2.692373
-13.186890 1.759508 -2.585988 2.692402
-13.177257 1.851943 -2.586571 2.692432
-13.167040 1.944342 -2.587168 2.692463
-13.156241 2.036695 -2.587777 2.692494
-13.144859 2.129002 -2.588398 2.692526
-13.132894 2.221264 -2.589033 2.692558
-13.120345 2.313471 -2.589680 2.692591
-13.107213 2.405626 -2.590340 2.692625
-13.093499 2.497719 -2.591012 2.692660
-13.079202 2.589751 -2.591698 2.692695
-13.064308 2.681719 -2.592393 2.692730
-13.048845 2.773618 -2.593104 2.692767
-13.032798 2.865449 -2.593827 2.692804
-13.016168 2.957202 -2.594563 2.692842
-12.998956 3.048877 -2.595312 2.692880
-12.981159 3.140475 -2.596073 2.692919
-12.962782 3.231985 -2.596847 2.692959
-12.943820 3.323411 -2.597633 2.692999
-12.924277 3.414742 -2.598432 2.693040
-12.904153 3.505980 -2.599244 2.693081
-12.883445 3.597124 -2.600068 2.693123
-12.862156 3.688164 -2.600904 2.693166
-12.840284 3.779104 -2.601753 2.693210
-12.817831 3.869932 -2.602615 2.693254
-12.794798 3.960651 -2.603489 2.693299
-12.771182 4.051259 -2.604376 2.693344
-12.746986 4.141747 -2.605274 2.693390
-12.722209 4.232118 -2.606186 2.693437
-12.696853 4.322362 -2.607109 2.693484
-12.670916 4.412479 -2.608045 2.693532
-12.644398 4.502469 -2.608994 2.693580
-12.617302 4.592322 -2.609955 2.693630
-12.589625 4.682042 -2.610928 2.693679
-12.561371 4.771618 -2.611913 2.693730
-12.532538 4.861051 -2.612911 2.693781
-12.503126 4.950340 -2.613920 2.693833
-12.473138 5.039475 -2.614943 2.693885
-12.442571 5.128460 -2.615977 2.693938
-12.411427 5.217285 -2.617023 2.693991
-12.379708 5.305949 -2.618082 2.694046
-12.347412 5.394453 -2.619153 2.694101
-12.314541 5.482787 -2.620235 2.694156
-12.281093 5.570953 -2.621330 2.694212
-12.247071 5.658943 -2.622437 2.694269
-12.212477 5.746755 -2.623556 2.694326
-12.177306 5.834389 -2.624688 2.694384
-12.141563 5.921836 -2.625831 2.694443
-12.105247 6.009099 -2.626986 2.694502
-12.068360 6.096169 -2.628153 2.694561
-12.030903 6.183043 -2.629332 2.694622
-11.992872 6.269724 -2.630522 2.694683
-11.954272 6.356199 -2.631725 2.694744
-11.915102 6.442474 -2.632939 2.694806
-11.875363 6.528537 -2.634166 2.694869
-11.835057 6.614389 -2.635404 2.694932
-11.794181 6.700029 -2.636653 2.694997
-11.752740 6.785448 -2.637915 2.695061
-11.710732 6.870648 -2.639188 2.695126
-11.668159 6.955619 -2.640473 2.695192
-11.625020 7.040362 -2.641769 2.695259
-11.581317 7.124876 -2.643077 2.695326
-11.537052 7.209150 -2.644397 2.695393
-11.492223 7.293189 -2.645728 2.695461
-11.446834 7.376982 -2.647071 2.695530
-11.400884 7.460529 -2.648425 2.695599
-11.354372 7.543829 -2.649790 2.695669
-11.307303 7.626873 -2.651167 2.695740
-11.259675 7.709663 -2.652555 2.695811
-11.211491 7.792190 -2.653955 2.695882
-11.162750 7.874454 -2.655366 2.695955
-11.113453 7.956452 -2.656788 2.696028
-11.063602 8.038177 -2.658221 2.696101
-11.013197 8.119632 -2.659666 2.696175
-10.962240 8.200805 -2.661122 2.696249
-10.910733 8.281696 -2.662589 2.696325
-10.858673 8.362307 -2.664067 2.696400
-10.806067 8.442625 -2.665556 2.696476
-10.752910 8.522654 -2.667056 2.696553
-10.699207 8.602385 -2.668567 2.696630
-10.644958 8.681816 -2.670089 2.696708
-10.590164 8.760948 -2.671621 2.696787
-10.534638 8.839612 -2.673117 2.696864
-10.478759 8.918126 -2.674671 2.696943
-10.422339 8.996324 -2.676236 2.697023
-10.365380 9.074204 -2.677812 2.697104
-10.307881 9.151767 -2.679399 2.697185
-10.249846 9.229003 -2.680996 2.697267
-10.191273 9.305914 -2.682604 2.697349
-10.132167 9.382490 -2.684222 2.697432
-10.072528 9.458733 -2.685851 2.697515
-10.012354 9.534638 -2.687490 2.697599
-9.951653 9.610199 -2.689140 2.697684
-9.890419 9.685417 -2.690800 2.697769
-9.828660 9.760283 -2.692470 2.697855
-9.766375 9.834795 -2.694151 2.697940
-9.696967 9.902219 -2.694010 2.697933
-9.624082 9.966028 -2.693024 2.697883
-9.550740 10.029269 -2.692029 2.697832
-9.498826 10.115224 -2.697236 2.698098
-9.447382 10.202244 -2.702787 2.698383
-9.395377 10.289253 -2.708394 2.698670
-9.341108 10.374352 -2.713562 2.698934
-9.274485 10.446107 -2.715328 2.699025
-9.207350 10.517472 -2.717104 2.699116
-9.139704 10.588448 -2.718889 2.699207
-9.071545 10.659031 -2.720685 2.699299
-9.002880 10.729215 -2.722490 2.699391
-8.933706 10.798999 -2.724304 2.699484
-8.864030 10.868376 -2.726128 2.699578
-8.793851 10.937345 -2.727962 2.699672
-8.723168 11.005902 -2.729805 2.699766
-8.651990 11.074042 -2.731658 2.699861
-8.580311 11.141766 -2.733520 2.699956
-8.508140 11.209063 -2.735391 2.700052
-8.435475 11.275932 -2.737272 2.700148
-8.362317 11.342374 -2.739161 2.700245
-8.288672 11.408379 -2.741060 2.700342
-8.214538 11.473948 -2.742968 2.700440
-8.139920 11.539074 -2.744885 2.700538
-8.064820 11.603754 -2.746811 2.700637
-7.989236 11.667988 -2.748745 2.700736
-7.913177 11.731767 -2.750689 2.700835
-7.836637 11.795093 -2.752641 2.700935
-7.759627 11.857955 -2.754602 2.701035
-7.682145 11.920354 -2.756572 2.701136
-7.604189 11.982288 -2.758550 2.701238
-7.525770 12.043750 -2.760537 2.701339
-7.446882 12.104739 -2.762532 2.701442
-7.367535 12.165248 -2.764535 2.701544
-7.287727 12.225275 -2.766547 2.701647
-7.207458 12.284820 -2.768567 2.701751
-7.126738 12.343872 -2.770595 2.701854
-7.045560 12.402434 -2.772631 2.701959
-6.963936 12.460499 -2.774675 2.702063
-6.881864 12.518063 -2.776728 2.702168
-6.799343 12.575126 -2.778788 2.702274
-6.716383 12.631679 -2.780855 2.702380
-6.632979 12.687724 -2.782931 2.702486
-6.549141 12.743253 -2.785014 2.702593
-6.464869 12.798264 -2.787105 2.702700
-6.380161 12.852755 -2.789203 2.702807
-6.295027 12.906719 -2.791309 2.702915
-6.209464 12.960157 -2.793422 2.703023
-6.123480 13.013061 -2.795543 2.703132
-6.037076 13.065428 -2.797670 2.703241
-5.950251 13.117258 -2.799805 2.703350
-5.863013 13.168544 -2.801947 2.703460
-5.775361 13.219285 -2.804096 2.703570
-5.687303 13.269474 -2.806251 2.703680
-5.598839 13.319110 -2.808413 2.703791
-5.509969 13.368190 -2.810582 2.703902
-5.420702 13.416708 -2.812758 2.704013
-5.331035 13.464664 -2.814940 2.704125
-5.240978 13.512051 -2.817129 2.704237
-5.150531 13.558867 -2.819324 2.704349
-5.059693 13.605109 -2.821526 2.704462
-4.968475 13.650773 -2.823733 2.704575
-2.685322 7.541265 -1.556034 2.639669
-2.621772 7.528705 -1.549628 2.639341
-2.558740 7.516247 -1.543349 2.639019
-2.496211 7.503889 -1.537196 2.638705
-2.434177 7.491628 -1.531165 2.638396
-2.372623 7.479461 -1.525256 2.638093
-2.311542 7.467387 -1.519466 2.637797
-2.250919 7.455404 -1.513793 2.637506
-2.190742 7.443508 -1.508235 2.637222
-2.131005 7.431699 -1.502792 2.636943
-2.071692 7.419973 -1.497459 2.636670
-2.012798 7.408329 -1.492237 2.636402
-1.954310 7.396766 -1.487123 2.636141
-1.896217 7.385281 -1.482116 2.635884
-1.838513 7.373871 -1.477215 2.635633
-1.781186 7.362536 -1.472417 2.635388
-1.724223 7.351273 -1.467721 2.635147
-1.667624 7.340081 -1.463127 2.634912
-1.611375 7.328958 -1.458632 2.634682
-1.555468 7.317902 -1.454235 2.634457
-1.499894 7.306912 -1.449934 2.634237
-1.444641 7.295984 -1.445729 2.634021
-1.389709 7.285120 -1.441619 2.633811
-1.335086 7.274317 -1.437602 2.633605
-1.280764 7.263573 -1.433676 2.633404
-1.226735 7.252886 -1.429842 2.633208
-1.172987 7.242254 -1.426097 2.633016
-1.119521 7.231678 -1.422440 2.632829
-1.080348 7.316111 -1.437529 2.633601
-1.049851 7.470078 -1.466306 2.635075
-0.995613 7.461767 -1.463275 2.634920
-0.941280 7.451018 -1.459842 2.634744
-0.887203 7.440319 -1.456497 2.634573
-0.833370 7.429668 -1.453238 2.634406
-0.779775 7.419064 -1.450063 2.634243
-0.727454 7.419138 -1.449050 2.634191
-0.679963 7.471558 -1.458326 2.634666
-0.631861 7.524651 -1.467792 2.635151
-0.583128 7.578440 -1.477454 2.635646
-0.533747 7.632945 -1.487317 2.636151
-0.486887 7.738834 -1.507251 2.637171
-0.436778 7.812395 -1.520947 2.637872
-0.381556 7.801512 -1.518273 2.637735
-0.326525 7.790681 -1.515685 2.637603
-0.271680 7.779887 -1.513179 2.637475
-0.217012 7.769127 -1.510754 2.637351
-0.162513 7.758399 -1.508411 2.637231
-0.108184 7.747705 -1.506148 2.637115
-0.054015 7.737042 -1.503965 2.637003
0.000000 7.726409 -1.501862 2.636895
0.053867 7.715805 -1.499837 2.636791
0.107595 7.705227 -1.497890 2.636692
0.161182 7.694677 -1.496022 2.636596
0.214673 7.685381 -1.494470 2.636517
0.268012 7.674856 -1.492750 2.636429
0.321231 7.664354 -1.491107 2.636345
0.374339 7.653873 -1.489540 2.636264
0.427335 7.643414 -1.488049 2.636188
0.480227 7.632974 -1.486633 2.636116
0.533021 7.622554 -1.485292 2.636047
0.586106 7.617137 -1.484998 2.636032
0.638756 7.606710 -1.483799 2.635970
0.691552 7.598862 -1.483173 2.635938
0.744851 7.596567 -1.483704 2.635966
0.798170 7.594079 -1.484270 2.635995
0.851569 7.591917 -1.484974 2.636031
0.905015 7.589666 -1.485733 2.636070
0.958508 7.587360 -1.486555 2.636112
1.031936 7.733990 -1.516658 2.637653
2.139247 15.221531 -2.987844 2.712977
2.247251 15.218365 -2.990228 2.713099
2.355322 15.214421 -2.992612 2.713222
2.463438 15.209701 -2.994993 2.713344
2.571600 15.204202 -2.997373 2.713465
2.679804 15.197922 -2.999750 2.713587
2.788043 15.190859 -3.002124 2.713709
2.896320 15.183012 -3.004497 2.713830
3.004612 15.174381 -3.006866 2.713952
3.112922 15.164964 -3.009233 2.714073
3.221243 15.154758 -3.011597 2.714194
3.329571 15.143764 -3.013958 2.714314
3.440068 15.141495 -3.018213 2.714532
3.562536 15.188933 -3.032553 2.715267
3.713863 15.351263 -3.070065 2.717187
3.884292 15.579045 -3.120966 2.719793
4.011899 15.625319 -3.135770 2.720551
4.106394 15.542057 -3.124738 2.719986
4.197843 15.450616 -3.112170 2.719343
4.288362 15.359179 -3.099708 2.718705
4.377943 15.267699 -3.087338 2.718072
4.466529 15.175968 -3.075020 2.717441
4.556664 15.092381 -3.064454 2.716900
4.640958 14.992502 -3.050679 2.716195
4.726789 14.900720 -3.038644 2.715579
4.811700 14.808889 -3.026694 2.714967
4.891395 14.704082 -3.012178 2.714223
4.969171 14.596828 -2.997241 2.713459
5.049497 14.500169 -2.984560 2.712809
5.134787 14.420151 -2.975395 2.712340
5.209802 14.313811 -2.960886 2.711597
5.283844 14.207831 -2.946522 2.710862
5.356914 14.102160 -2.932293 2.710133
5.428993 13.996771 -2.918189 2.709411
5.495786 13.880766 -2.901932 2.708579
5.561358 13.764845 -2.885744 2.707750
5.630803 13.661355 -2.872219 2.707057
5.703191 13.567343 -2.860755 2.706471
5.766097 13.453303 -2.845128 2.705670
5.828003 13.339767 -2.829653 2.704878
5.889071 13.227071 -2.814400 2.704097
5.950758 13.118377 -2.800044 2.703362
6.010601 13.008120 -2.785399 2.702612
6.069835 12.899049 -2.771050 2.701878
6.132339 12.799174 -2.758725 2.701247
6.185249 12.681640 -2.742632 2.700423
6.237339 12.565042 -2.726766 2.699610
6.294238 12.460464 -2.713542 2.698933
6.351810 12.359280 -2.701098 2.698296
6.402748 12.247324 -2.686334 2.697540
6.452251 12.134918 -2.671494 2.696780
6.507548 12.035461 -2.659535 2.696168
6.555359 11.924145 -2.644986 2.695423
6.606007 11.820051 -2.632063 2.694762
6.655965 11.716614 -2.619313 2.694109
6.705243 11.613821 -2.606734 2.693465
6.753851 11.511663 -2.594325 2.692829
6.801804 11.410123 -2.582081 2.692203
6.851252 11.312756 -2.570808 2.691625
6.900858 11.217182 -2.559975 2.691071
6.951057 11.124017 -2.549726 2.690546
7.004308 11.037025 -2.540933 2.690096
7.057038 10.950371 -2.532264 2.689652
7.112100 10.868423 -2.524734 2.689266
7.166610 10.786612 -2.517291 2.688885
7.220613 10.705000 -2.509948 2.688509
7.273285 10.622367 -2.502418 2.688124
7.323557 10.537210 -2.494342 2.687710
7.373848 10.453092 -2.486555 2.687311
7.430146 10.378316 -2.481046 2.687029
7.482231 10.298407 -2.474370 2.686688
7.530846 10.214593 -2.466805 2.686300
7.585346 10.139534 -2.461407 2.686024
7.635635 10.059572 -2.454877 2.685690
7.684226 9.978168 -2.448044 2.685340
7.737596 9.903670 -2.442960 2.685079
7.788290 9.826378 -2.437247 2.684787
7.834129 9.743685 -2.430243 2.684428
7.884276 9.667073 -2.424805 2.684150
7.933696 9.590189 -2.419354 2.683871
7.978111 9.507942 -2.412597 2.683525
8.017280 9.420273 -2.404495 2.683110
8.057082 9.334213 -2.396829 2.682718
8.100435 9.253049 -2.390451 2.682391
8.140146 9.168466 -2.383223 2.682021
8.175422 9.079725 -2.374934 2.681597
8.210271 8.991396 -2.366765 2.681178
8.244710 8.903471 -2.358716 2.680766
8.278738 8.815956 -2.350785 2.680360
8.312389 8.728867 -2.342980 2.679960
8.345664 8.642188 -2.335296 2.679567
8.378505 8.555849 -2.327714 2.679179
8.410954 8.469873 -2.320244 2.678797
8.443017 8.384275 -2.312886 2.678420
8.471143 8.295553 -2.304669 2.677999
8.496911 8.205372 -2.296039 2.677557
8.525603 8.118823 -2.288420 2.677167
8.552352 8.031188 -2.280494 2.676761
8.577918 7.943236 -2.272469 2.676350
8.597335 7.850444 -2.263038 2.675868
8.616334 7.758182 -2.253727 2.675391
8.635010 7.666522 -2.244558 2.674921
8.653324 7.575408 -2.235516 2.674458
8.671274 7.484840 -2.226599 2.674002
8.688884 7.394817 -2.217810 2.673552
8.706104 7.305289 -2.209135 2.673108
8.722964 7.216265 -2.200576 2.672669
8.739529 7.127780 -2.192146 2.672238
8.755765 7.039812 -2.183838 2.671813
8.771668 6.952337 -2.175646 2.671393
8.787245 6.865347 -2.167568 2.670979
8.802447 6.778798 -2.159592 2.670571
8.817361 6.692736 -2.151734 2.670169
8.831968 6.607153 -2.143991 2.669772
8.846246 6.522013 -2.136351 2.669381
8.860236 6.437338 -2.128825 2.668996
8.873924 6.353107 -2.121405 2.668616
8.887267 6.269273 -2.114080 2.668241
8.900306 6.185871 -2.106857 2.667871
8.919325 6.107188 -2.101215 2.667582
8.939440 6.029728 -2.095986 2.667314
8.953474 5.948675 -2.089488 2.666982
8.965425 5.866805 -2.082667 2.666633
8.977092 5.785338 -2.075945 2.666288
8.988480 5.704261 -2.069319 2.665949
8.999570 5.623556 -2.062783 2.665614
9.011440 5.543876 -2.056582 2.665297
9.026230 5.466475 -2.051198 2.665021
9.035816 5.386425 -2.044780 2.664693
9.045280 5.306832 -2.038488 2.664371
9.061030 5.231388 -2.033758 2.664128
9.076515 5.156179 -2.029104 2.663890
9.086400 5.078214 -2.023339 2.663595
9.094789 4.999899 -2.017385 2.663290
9.106156 4.923679 -2.012233 2.663026
9.120577 4.849496 -2.007889 2.662804
9.134743 4.775529 -2.003619 2.662585
9.144118 4.699435 -1.998430 2.662319
9.151866 4.622937 -1.993021 2.662043
9.161144 4.547630 -1.988079 2.661790
9.179757 4.477267 -1.985287 2.661647
9.194554 4.405293 -1.981788 2.661468
9.204375 4.331246 -1.977338 2.661240
9.211469 4.256294 -1.972430 2.660988
9.223659 4.184036 -1.968738 2.660799
9.235612 4.111959 -1.965114 2.660614
9.242579 4.037985 -1.960551 2.660380
9.247906 3.963654 -1.955763 2.660135
9.254518 3.890239 -1.951370 2.659910
9.265523 3.818972 -1.948021 2.659739
9.276300 3.747869 -1.944739 2.659571
9.286852 3.676926 -1.941522 2.659406
9.297178 3.606134 -1.938370 2.659245
9.307450 3.535566 -1.935318 2.659088
9.318130 3.465380 -1.932461 2.658942
9.328573 3.395323 -1.929664 2.658799
9.338779 3.325391 -1.926926 2.658659
9.348752 3.255577 -1.924247 2.658521
9.358491 3.185888 -1.921626 2.658387
9.367998 3.116317 -1.919064 2.658256
9.377274 3.046861 -1.916560 2.658128
9.386320 2.977517 -1.914114 2.658003
9.395138 2.908278 -1.911725 2.657880
9.403728 2.839151 -1.909393 2.657761
9.412092 2.770128 -1.907118 2.657645
9.425204 2.702634 -1.905906 2.657582
9.434693 2.634215 -1.904059 2.657488
9.441813 2.565280 -1.901835 2.657374
9.448841 2.496489 -1.899694 2.657264
9.461885 2.429398 -1.898860 2.657222
9.474718 2.362312 -1.898080 2.657182
9.484132 2.294454 -1.896710 2.657111
9.490242 2.225913 -1.894778 2.657013
9.496151 2.157470 -1.892905 2.656917
9.506951 2.090238 -1.892103 2.656876
9.518711 2.023264 -1.891586 2.656849
9.530272 1.956285 -1.891123 2.656826
9.541657 1.889296 -1.890719 2.656805
9.552834 1.822298 -1.890366 2.656787
9.563775 1.755280 -1.890060 2.656771
9.574498 1.688242 -1.889804 2.656758
9.585016 1.621185 -1.889600 2.656747
9.595329 1.554101 -1.889448 2.656740
9.605436 1.486998 -1.889348 2.656734
9.615338 1.419868 -1.889300 2.656732
9.625748 1.352811 -1.889444 2.656739
9.641001 1.286385 -1.890629 2.656800
9.656073 1.219842 -1.891868 2.656864
9.670262 1.153107 -1.893025 2.656923
9.679163 1.085691 -1.893237 2.656934
9.687860 1.018235 -1.893502 2.656947
9.697265 0.950826 -1.893997 2.656973
9.711400 0.883803 -1.895506 2.657050
9.725354 0.816659 -1.897071 2.657130
9.739117 0.749383 -1.898688 2.657213
9.752668 0.681973 -1.900356 2.657298
9.766037 0.614428 -1.902079 2.657387
9.779234 0.546741 -1.903859 2.657477
9.792274 0.478920 -1.905700 2.657572
9.802329 0.410838 -1.907053 2.657641
9.810087 0.342576 -1.908050 2.657692
9.821563 0.274342 -1.909863 2.657785
9.838693 0.206088 -1.912868 2.657939
9.856766 0.137633 -1.916148 2.658107
9.874716 0.068938 -1.919497 2.658278
9.124745 -0.000000 -2.106613 2.667859
9.139163 -0.063805 -2.109993 2.668031
9.149637 -0.127761 -2.112566 2.668163
9.159903 -0.191873 -2.115194 2.668298
9.171237 -0.256176 -2.118173 2.668450
9.186845 -0.320812 -2.122243 2.668659
9.202262 -0.385689 -2.126375 2.668870
9.218271 -0.450849 -2.130749 2.669094
9.239202 -0.516552 -2.136369 2.669382
9.260002 -0.582590 -2.142067 2.669674
9.280672 -0.648968 -2.147844 2.669970
9.306701 -0.716112 -2.154972 2.670335
9.334569 -0.783846 -2.162640 2.670727
9.361070 -0.851924 -2.170105 2.671109
9.387481 -0.920451 -2.177664 2.671496
9.413825 -0.989433 -2.185324 2.671889
9.441759 -1.059063 -2.193472 2.672306
9.474542 -1.129771 -2.202866 2.672787
9.507382 -1.201062 -2.212398 2.673275
9.546460 -1.273770 -2.223506 2.673843
9.593456 -1.348272 -2.236590 2.674513
9.640735 -1.423620 -2.249875 2.675194
9.691177 -1.500274 -2.264036 2.675919
9.749978 -1.579152 -2.280293 2.676751
9.804246 -1.658264 -2.295636 2.677536
9.856002 -1.737879 -2.310539 2.678299
9.919540 -1.820577 -2.328358 2.679212
9.976458 -1.903111 -2.344779 2.680053
10.021673 -1.984345 -2.358605 2.680760
10.059424 -2.064903 -2.370825 2.681386
10.104324 -2.147741 -2.384882 2.682106
10.151128 -2.231870 -2.399549 2.682857
10.186329 -2.314277 -2.411630 2.683475
10.220303 -2.397151 -2.423576 2.684087
10.254351 -2.480789 -2.435698 2.684708
10.298852 -2.567792 -2.450467 2.685464
10.334717 -2.653505 -2.463348 2.686123
10.347665 -2.733971 -2.470923 2.686511
10.362778 -2.815504 -2.479166 2.686933
10.367372 -2.894622 -2.485039 2.687234
10.363390 -2.971654 -2.488997 2.687437
10.361948 -3.049687 -2.493703 2.687677
10.357046 -3.126977 -2.497716 2.687883
10.351874 -3.204441 -2.501803 2.688092
10.353970 -3.284473 -2.507790 2.688399
10.361554 -3.366673 -2.515259 2.688781
10.364001 -3.447644 -2.521634 2.689108
10.358206 -3.526221 -2.526152 2.689339
10.352152 -3.605001 -2.530752 2.689574
10.338515 -3.681380 -2.533640 2.689722
10.321973 -3.756891 -2.535952 2.689841
10.305189 -3.832466 -2.538340 2.689963
10.292861 -3.909892 -2.541965 2.690149
10.280674 -3.987611 -2.545768 2.690343
10.268234 -4.065482 -2.549654 2.690542
10.255540 -4.143507 -2.553623 2.690745
10.242589 -4.221691 -2.557675 2.690953
10.225391 -4.298359 -2.560811 2.691113
10.207786 -4.375062 -2.563989 2.691276
10.193066 -4.453241 -2.568038 2.691483
10.178067 -4.531568 -2.572168 2.691695
10.162560 -4.609942 -2.576319 2.691908
10.139964 -4.685322 -2.578820 2.692035
10.114256 -4.759408 -2.580670 2.692130
10.087659 -4.833196 -2.582430 2.692220
10.060835 -4.906997 -2.584270 2.692315
10.036920 -4.982370 -2.586999 2.692454
10.011676 -5.057261 -2.589530 2.692584
9.982077 -5.130091 -2.591074 2.692663
9.952212 -5.202891 -2.592688 2.692746
9.924661 -5.277036 -2.595045 2.692866
9.899551 -5.352667 -2.598187 2.693027
9.874143 -5.428356 -2.601401 2.693192
9.844020 -5.501637 -2.603521 2.693300
9.812763 -5.574426 -2.605484 2.693401
9.781671 -5.647450 -2.607633 2.693511
9.755089 -5.723277 -2.611135 2.693690
9.728200 -5.799171 -2.614711 2.693873
9.700988 -5.875127 -2.618358 2.694060
9.673467 -5.951157 -2.622079 2.694250
9.645632 -6.027260 -2.625877 2.694445
9.617482 -6.103440 -2.629749 2.694643
9.589015 -6.179698 -2.633698 2.694845
9.560218 -6.256032 -2.637720 2.695051
9.530693 -6.332178 -2.641707 2.695256
9.499036 -6.407181 -2.645267 2.695438
9.467043 -6.482220 -2.648895 2.695623
9.434712 -6.557296 -2.652594 2.695813
9.402042 -6.632412 -2.656362 2.696006
9.369031 -6.707568 -2.660201 2.696202
9.335864 -6.782902 -2.664164 2.696405
9.304491 -6.859863 -2.668813 2.696643
9.274845 -6.938470 -2.674139 2.696916
9.246223 -7.018266 -2.679948 2.697213
9.213296 -7.095194 -2.684696 2.697456
9.178135 -7.170745 -2.688973 2.697675
9.142616 -7.246349 -2.693323 2.697898
9.106737 -7.322005 -2.697746 2.698125
9.070496 -7.397717 -2.702244 2.698355
9.033890 -7.473485 -2.706816 2.698589
8.996917 -7.549310 -2.711464 2.698827
8.959574 -7.625196 -2.716187 2.699069
8.924755 -7.703642 -2.721870 2.699360
8.889674 -7.782321 -2.727674 2.699657
8.854166 -7.861097 -2.733552 2.699958
8.818228 -7.939968 -2.739504 2.700263
8.781037 -8.018189 -2.745274 2.700558
8.741359 -8.094587 -2.750470 2.700824
8.701306 -8.171071 -2.755749 2.701094
8.660862 -8.247628 -2.761109 2.701369
8.619991 -8.324229 -2.766539 2.701647
8.578722 -8.400907 -2.772050 2.701929
8.537066 -8.477673 -2.777647 2.702215
8.495023 -8.554538 -2.783332 2.702507
8.452573 -8.631484 -2.789099 2.702802
8.409689 -8.708488 -2.794942 2.703101
8.366385 -8.785570 -2.800866 2.703404
8.321107 -8.861078 -2.806350 2.703685
8.275067 -8.936260 -2.811795 2.703964
8.229527 -9.012483 -2.817632 2.704263
8.183509 -9.088708 -2.823532 2.704565
8.137667 -9.165676 -2.829725 2.704882
8.094187 -9.245915 -2.836982 2.705253
8.045072 -9.320306 -2.842505 2.705536
7.995224 -9.394357 -2.847996 2.705817
7.946263 -9.469988 -2.854037 2.706127
7.906638 -9.557484 -2.863700 2.706621
7.866515 -9.645301 -2.873487 2.707122
7.825889 -9.733443 -2.883399 2.707630
7.784754 -9.821917 -2.893437 2.708144
7.743381 -9.911076 -2.903707 2.708670
7.703650 -10.003394 -2.914926 2.709244
7.663397 -10.096152 -2.926294 2.709826
7.622615 -10.189360 -2.937813 2.710416
7.581297 -10.283022 -2.949486 2.711014
7.537586 -10.374598 -2.960586 2.711582
7.486553 -10.457107 -2.969144 2.712020
7.434970 -10.539742 -2.977796 2.712463
7.382644 -10.622232 -2.986468 2.712907
7.323179 -10.695234 -2.992545 2.713218
7.250741 -10.749665 -2.993538 2.713269
7.177917 -10.803636 -2.994540 2.713320
7.100389 -10.850532 -2.993726 2.713279
7.019876 -10.892715 -2.991769 2.713178
6.939112 -10.934293 -2.989810 2.713078
6.858105 -10.975262 -2.987848 2.712978
6.776856 -11.015623 -2.985883 2.712877
6.695373 -11.055374 -2.983915 2.712776
6.613658 -11.094516 -2.981945 2.712676
6.531718 -11.133046 -2.979971 2.712574
6.449559 -11.170963 -2.977996 2.712473
6.367182 -11.208268 -2.976018 2.712372
6.284595 -11.244959 -2.974038 2.712271
6.201801 -11.281035 -2.972056 2.712169
6.118806 -11.316497 -2.970071 2.712068
6.035615 -11.351341 -2.968085 2.711966
5.952232 -11.385571 -2.966097 2.711864
5.868662 -11.419182 -2.964108 2.711762
5.784910 -11.452175 -2.962116 2.711660
5.700980 -11.484551 -2.960124 2.711558
5.616879 -11.516309 -2.958130 2.711456
5.532609 -11.547446 -2.956134 2.711354
5.448176 -11.577966 -2.954138 2.711252
5.363585 -11.607864 -2.952140 2.711149
5.278842 -11.637143 -2.950142 2.711047
5.193949 -11.665802 -2.948143 2.710945
5.108912 -11.693840 -2.946143 2.710843
5.023736 -11.721257 -2.944142 2.710740
4.938426 -11.748054 -2.942141 2.710638
4.852987 -11.774228 -2.940140 2.710535
4.767421 -11.799782 -2.938138 2.710433
4.681735 -11.824715 -2.936136 2.710330
4.595933 -11.849027 -2.934134 2.710228
4.510021 -11.872717 -2.932132 2.710125
4.424003 -11.895785 -2.930130 2.710023
4.337882 -11.918234 -2.928129 2.709920
4.251664 -11.940061 -2.926127 2.709818
4.165353 -11.961267 -2.924127 2.709715
4.078954 -11.981853 -2.922126 2.709613
3.992474 -12.001818 -2.920126 2.709511
3.905912 -12.021163 -2.918128 2.709408
3.819277 -12.039888 -2.916129 2.709306
3.732572 -12.057994 -2.914132 2.709203
3.645802 -12.075480 -2.912136 2.709101
3.558972 -12.092348 -2.910141 2.708999
3.472085 -12.108598 -2.908147 2.708897
3.385145 -12.124229 -2.906154 2.708795
3.298159 -12.139244 -2.904163 2.708693
3.211129 -12.153642 -2.902174 2.708591
3.124063 -12.167422 -2.900186 2.708489
3.036962 -12.180588 -2.898199 2.708388
2.949830 -12.193138 -2.896215 2.708286
2.862673 -12.205073 -2.894232 2.708185
2.775496 -12.216395 -2.892251 2.708083
2.688303 -12.227104 -2.890273 2.707982
2.601097 -12.237201 -2.888297 2.707881
2.513883 -12.246685 -2.886322 2.707780
2.426665 -12.255559 -2.884351 2.707679
2.339448 -12.263823 -2.882381 2.707578
2.252238 -12.271477 -2.880415 2.707477
2.165035 -12.278523 -2.878451 2.707377
2.077845 -12.284963 -2.876489 2.707276
1.990674 -12.290794 -2.874531 2.707176
1.903524 -12.296021 -2.872575 2.707076
1.816401 -12.300644 -2.870622 2.706976
1.729307 -12.304662 -2.868673 2.706876
1.642248 -12.308079 -2.866726 2.706776
1.555227 -12.310893 -2.864783 2.706677
1.468248 -12.313107 -2.862844 2.706578
1.381318 -12.314722 -2.860907 2.706478
1.294436 -12.315740 -2.858974 2.706379
1.207610 -12.316159 -2.857045 2.706281
1.120842 -12.315984 -2.855119 2.706182
1.034136 -12.315213 -2.853198 2.706084
0.947499 -12.313849 -2.851280 2.705986
0.860931 -12.311894 -2.849366 2.705887
0.774438 -12.309348 -2.847456 2.705790
0.688023 -12.306211 -2.845550 2.705692
0.601691 -12.302487 -2.843648 2.705595
0.515447 -12.298177 -2.841751 2.705498
0.429291 -12.293281 -2.839858 2.705401
0.343229 -12.287801 -2.837969 2.705304
0.257265 -12.281738 -2.836085 2.705208
0.171403 -12.275094 -2.834205 2.705111
0.085647 -12.267870 -2.832330 2.705015
-0.000000 -12.260069 -2.830460 2.704920
-0.085535 -12.251690 -2.828594 2.704824
-0.170953 -12.242736 -2.826734 2.704729
-0.256250 -12.233209 -2.824878 2.704634
-0.341422 -12.223109 -2.823028 2.704539
-0.426468 -12.212440 -2.821182 2.704444
-0.511382 -12.201201 -2.819342 2.704350
-0.596162 -12.189395 -2.817507 2.704256
-0.680802 -12.177024 -2.815678 2.704163
-0.765299 -12.164088 -2.813854 2.704069
-0.849652 -12.150591 -2.812035 2.703976
-0.933856 -12.136533 -2.810222 2.703883
-1.017906 -12.121916 -2.808414 2.703791
-1.101801 -12.106741 -2.806612 2.703699
-1.185534 -12.091012 -2.804816 2.703607
-1.269105 -12.074729 -2.803026 2.703515
-1.352510 -12.057894 -2.801242 2.703424
-1.435745 -12.040509 -2.799464 2.703333
-1.518806 -12.022576 -2.797691 2.703242
-1.601688 -12.004098 -2.795925 2.703151
-1.684392 -11.985074 -2.794165 2.703061
-1.766913 -11.965508 -2.792411 2.702971
-1.849247 -11.945401 -2.790664 2.702882
-1.931390 -11.924755 -2.788923 2.702793
-2.013339 -11.903573 -2.787188 2.702704
-2.095092 -11.881856 -2.785460 2.702615
-2.176645 -11.859605 -2.783738 2.702527
-2.257996 -11.836823 -2.782023 2.702440
-2.339140 -11.813513 -2.780315 2.702352
-2.420073 -11.789677 -2.778614 2.702265
-2.500795 -11.765314 -2.776919 2.702178
-2.581301 -11.740428 -2.775231 2.702092
-2.661588 -11.715021 -2.773550 2.702006
-2.741654 -11.689096 -2.771877 2.701920
-2.821493 -11.662654 -2.770210 2.701835
-2.901105 -11.635697 -2.768550 2.701750
-2.980487 -11.608228 -2.766898 2.701665
-3.059634 -11.580247 -2.765252 2.701581
-3.138544 -11.551758 -2.763614 2.701497
-3.217213 -11.522763 -2.761984 2.701414
-3.295640 -11.493263 -2.760361 2.701330
-3.373822 -11.463262 -2.758745 2.701248
-3.451755 -11.432760 -2.757137 2.701165
-3.529436 -11.401761 -2.755536 2.701083
-3.606861 -11.370267 -2.753943 2.701002
-3.684030 -11.338279 -2.752358 2.700921
-3.760939 -11.305799 -2.750780 2.700840
-3.837585 -11.272830 -2.749210 2.700759
-3.913966 -11.239375 -2.747648 2.700680
-3.990076 -11.205437 -2.746094 2.700600
-4.065917 -11.171015 -2.744548 2.700521
-4.141484 -11.136112 -2.743010 2.700442
-4.216774 -11.100733 -2.741480 2.700364
-4.291784 -11.064878 -2.739958 2.700286
-4.366512 -11.028550 -2.738445 2.700208
-4.440956 -10.991751 -2.736939 2.700131
-4.515112 -10.954483 -2.735442 2.700055
-4.588980 -10.916749 -2.733953 2.699978
-4.662554 -10.878551 -2.732472 2.699903
-4.735832 -10.839892 -2.731000 2.699827
-4.808815 -10.800774 -2.729536 2.699752
-4.881496 -10.761198 -2.728081 2.699678
-4.953876 -10.721168 -2.726634 2.699604
-5.025950 -10.680685 -2.725195 2.699530
-5.097715 -10.639753 -2.723766 2.699457
-5.169172 -10.598373 -2.722345 2.699384
-5.240317 -10.556548 -2.720932 2.699312
-5.311146 -10.514281 -2.719529 2.699240
-5.381659 -10.471573 -2.718134 2.699168
-5.451850 -10.428428 -2.716748 2.699097
-5.521721 -10.384847 -2.715372 2.699027
-5.591268 -10.340833 -2.714004 2.698957
-5.660488 -10.296388 -2.712645 2.698887
-5.729379 -10.251515 -2.711295 2.698818
-5.797938 -10.206217 -2.709954 2.698750
-5.866165 -10.160496 -2.708622 2.698681
-5.934056 -10.114352 -2.707299 2.698614
-6.001609 -10.067792 -2.705985 2.698546
-6.068822 -10.020815 -2.704681 2.698480
-6.135692 -9.973425 -2.703386 2.698413
-6.202218 -9.925624 -2.702100 2.698347
-6.268398 -9.877414 -2.700824 2.698282
-6.334229 -9.828798 -2.699556 2.698217
-6.399709 -9.779779 -2.698299 2.698153
-6.464836 -9.730360 -2.697050 2.698089
-6.529608 -9.680541 -2.695812 2.698025
-6.594023 -9.630327 -2.694582 2.697963
-6.658079 -9.579719 -2.693362 2.697900
-6.721774 -9.528720 -2.692152 2.697838
-6.785104 -9.477334 -2.690952 2.697777
-6.848071 -9.425561 -2.689761 2.697716
-6.910670 -9.373405 -2.688580 2.697655
-6.972901 -9.320868 -2.687408 2.697595
-7.034760 -9.267952 -2.686246 2.697536
-7.096245 -9.214663 -2.685094 2.697477
-7.157357 -9.160998 -2.683952 2.697418
-7.218092 -9.106963 -2.682820 2.697360
-7.278447 -9.052562 -2.681697 2.697303
-7.338421 -8.997794 -2.680585 2.697246
-7.398015 -8.942662 -2.679482 2.697189
-7.457223 -8.887173 -2.678390 2.697134
-7.516047 -8.831323 -2.677307 2.697078
-7.574481 -8.775120 -2.676234 2.697023
-7.632525 -8.718565 -2.675172 2.696969
-7.690181 -8.661657 -2.674119 2.696915
-7.747441 -8.604404 -2.673077 2.696862
-7.804308 -8.546805 -2.672045 2.696809
-7.860514 -8.488582 -2.670933 2.696752
-7.911168 -8.424540 -2.668096 2.696606
-7.961396 -8.360287 -2.665285 2.696462
-8.011191 -8.295832 -2.662502 2.696320
-8.050802 -8.221206 -2.656526 2.696014
-8.095597 -8.152312 -2.652462 2.695806
-8.146713 -8.090036 -2.650640 2.695713
-8.200069 -8.030100 -2.649696 2.695664
-8.253017 -7.969846 -2.648761 2.695616
-8.303009 -7.906846 -2.647024 2.695528
-8.347322 -7.838656 -2.643641 2.695354
-8.402719 -7.781003 -2.643916 2.695369
-8.460631 -7.725616 -2.645103 2.695429
-8.506385 -7.659184 -2.642626 2.695302
-8.548702 -7.589890 -2.639246 2.695129
-8.583565 -7.514342 -2.633749 2.694848
-8.623627 -7.443716 -2.630032 2.694658
-8.663684 -7.373371 -2.626485 2.694476
-8.727343 -7.323110 -2.630220 2.694667
-8.790668 -7.272271 -2.633940 2.694858
-8.853649 -7.220859 -2.637641 2.695047
-8.903571 -7.158656 -2.637561 2.695043
-8.950658 -7.094203 -2.636773 2.695003
-8.997313 -7.029471 -2.635996 2.694963
-9.043540 -6.964461 -2.635230 2.694924
-9.089333 -6.899178 -2.634474 2.694885
-9.134691 -6.833623 -2.633729 2.694847
-9.179617 -6.767796 -2.632995 2.694809
-9.224106 -6.701705 -2.632272 2.694772
-9.268158 -6.635347 -2.631559 2.694736
-9.311770 -6.568730 -2.630857 2.694700
-9.354942 -6.501855 -2.630166 2.694664
-9.397676 -6.434721 -2.629486 2.694630
-9.439964 -6.367336 -2.628816 2.694595
-9.488455 -6.304112 -2.629999 2.694656
-9.544751 -6.245909 -2.633453 2.694833
-9.590264 -6.180504 -2.634041 2.694863
-9.630883 -6.111943 -2.633413 2.694831
-9.671052 -6.043144 -2.632797 2.694799
-9.710771 -5.974104 -2.632191 2.694768
-9.750036 -5.904831 -2.631596 2.694738
-9.788850 -5.835326 -2.631012 2.694708
-9.827209 -5.765588 -2.630440 2.694679
-9.865113 -5.695626 -2.629878 2.694650
-9.902562 -5.625436 -2.629327 2.694621
-9.939552 -5.555027 -2.628787 2.694594
-9.976084 -5.484399 -2.628258 2.694567
-10.012156 -5.413551 -2.627741 2.694540
-10.047769 -5.342493 -2.627234 2.694514
-10.082920 -5.271221 -2.626739 2.694489
-10.117607 -5.199743 -2.626254 2.694464
-10.151832 -5.128059 -2.625781 2.694440
-10.185593 -5.056170 -2.625319 2.694416
-10.218886 -4.984084 -2.624868 2.694393
-10.251715 -4.911797 -2.624428 2.694371
-10.284075 -4.839318 -2.624000 2.694349
-10.315967 -4.766646 -2.623582 2.694327
-10.347390 -4.693783 -2.623176 2.694307
-10.378343 -4.620736 -2.622781 2.694286
-10.408825 -4.547502 -2.622396 2.694267
-10.438834 -4.474089 -2.622024 2.694247
-10.468370 -4.400498 -2.621662 2.694229
-10.497632 -4.326810 -2.621361 2.694214
-10.526220 -4.252869 -2.621022 2.694196
-10.554335 -4.178754 -2.620694 2.694180
-10.581971 -4.104475 -2.620378 2.694163
-10.609131 -4.030031 -2.620072 2.694148
-10.635814 -3.955422 -2.619778 2.694133
-10.662017 -3.880656 -2.619495 2.694118
-10.687741 -3.805731 -2.619224 2.694104
-10.712984 -3.730655 -2.618963 2.694091
-10.737746 -3.655427 -2.618714 2.694078
-10.762028 -3.580049 -2.618477 2.694066
-10.785826 -3.504527 -2.618250 2.694054
-10.809141 -3.428859 -2.618035 2.694043
-10.831971 -3.353055 -2.617831 2.694033
-10.854318 -3.277112 -2.617639 2.694023
-10.876179 -3.201032 -2.617458 2.694014
-10.897553 -3.124823 -2.617288 2.694005
-10.918442 -3.048482 -2.617129 2.693997
-10.938843 -2.972017 -2.616982 2.693989
-10.958755 -2.895428 -2.616846 2.693982
-10.978179 -2.818716 -2.616721 2.693976
-10.997113 -2.741888 -2.616608 2.693970
-11.015559 -2.664942 -2.616506 2.693965
-11.033513 -2.587886 -2.616416 2.693960
-11.050976 -2.510720 -2.616336 2.693956
-11.067947 -2.433445 -2.616269 2.693953
-11.084427 -2.356067 -2.616212 2.693950
-11.100413 -2.278586 -2.616167 2.693948
-11.115907 -2.201008 -2.616133 2.693946
-11.130905 -2.123334 -2.616111 2.693945
-11.145411 -2.045564 -2.616099 2.693944
-11.159420 -1.967707 -2.616100 2.693944
-11.172935 -1.889759 -2.616111 2.693945
-11.185953 -1.811728 -2.616134 2.693946
-11.198475 -1.733616 -2.616168 2.693948
-11.210501 -1.655421 -2.616214 2.693950
-11.222029 -1.577153 -2.616271 2.693953
-11.233059 -1.498808 -2.616339 2.693957
-11.243591 -1.420395 -2.616419 2.693960
-11.253625 -1.341914 -2.616510 2.693965
-11.263159 -1.263364 -2.616612 2.693970
-11.272194 -1.184755 -2.616726 2.693976
-11.280729 -1.106083 -2.616851 2.693983
-11.288764 -1.027357 -2.616987 2.693990
-11.296299 -0.948577 -2.617135 2.693997
-11.303332 -0.869743 -2.617294 2.694005
-11.309864 -0.790863 -2.617464 2.694014
-11.315895 -0.711934 -2.617646 2.694023
-11.321424 -0.632965 -2.617839 2.694033
-11.326450 -0.553956 -2.618043 2.694044
-11.330975 -0.474907 -2.618258 2.694055
-11.334996 -0.395827 -2.618485 2.694066
-11.338514 -0.316711 -2.618723 2.694079
-11.341529 -0.237570 -2.618973 2.694091
-11.344041 -0.158403 -2.619233 2.694105
-11.346048 -0.079210 -2.619505 2.694119
-11.347551 0.000000 -2.619789 2.694133
-11.348551 0.079231 -2.620083 2.694148
-11.349046 0.158474 -2.620389 2.694164
-11.349035 0.237728 -2.620706 2.694180
-11.348520 0.316994 -2.621034 2.694197
-11.347501 0.396264 -2.621374 2.694214
-11.345976 0.475539 -2.621725 2.694232
-11.343946 0.554812 -2.622087 2.694251
-11.341410 0.634083 -2.622460 2.694270
-11.338367 0.713351 -2.622844 2.694290
-11.334821 0.792608 -2.623240 2.694310
-11.330768 0.871857 -2.623646 2.694331
-11.326209 0.951089 -2.624064 2.694352
-11.321144 1.030304 -2.624493 2.694374
-11.315573 1.109503 -2.624934 2.694396
-11.309496 1.188676 -2.625385 2.694420
-11.302913 1.267827 -2.625848 2.694443
-11.295824 1.346946 -2.626321 2.694468
-11.288229 1.426034 -2.626806 2.694492
-11.280127 1.505092 -2.627302 2.694518
-11.271519 1.584109 -2.627809 2.694544
-11.262405 1.663089 -2.628327 2.694570
-11.252785 1.742024 -2.628856 2.694597
-11.242659 1.820913 -2.629396 2.694625
-11.232027 1.899756 -2.629947 2.694653
-11.220889 1.978546 -2.630510 2.694682
-11.209245 2.057283 -2.631083 2.694711
-11.197095 2.135961 -2.631667 2.694741
-11.184440 2.214578 -2.632262 2.694772
-11.176919 2.294293 -2.634198 2.694871
-11.175476 2.375421 -2.637702 2.695050
-11.165299 2.454852 -2.639281 2.695131
-11.152568 2.533802 -2.640388 2.695188
-11.139392 2.612720 -2.641523 2.695246
-11.125771 2.691608 -2.642685 2.695305
-11.111648 2.770445 -2.643860 2.695366
-11.094907 2.848690 -2.644544 2.695400
-11.077661 2.926845 -2.645240 2.695436
-11.059910 3.004910 -2.645946 2.695472
-11.041653 3.082886 -2.646663 2.695509
-11.022892 3.160764 -2.647391 2.695546
-11.003626 3.238545 -2.648129 2.695584
-10.983857 3.316223 -2.648879 2.695623
-10.963583 3.393795 -2.649639 2.695662
-10.942805 3.471264 -2.650410 2.695701
-10.921526 3.548619 -2.651191 2.695741
-10.899742 3.625864 -2.651984 2.695781
-10.877457 3.702989 -2.652787 2.695822
-10.854669 3.779995 -2.653600 2.695864
-10.831378 3.856882 -2.654425 2.695907
-10.807588 3.933640 -2.655260 2.695949
-10.783295 4.010273 -2.656106 2.695992
-10.758503 4.086772 -2.656962 2.696036
-10.733211 4.163137 -2.657829 2.696081
-10.707417 4.239368 -2.658706 2.696126
-10.681127 4.315455 -2.659594 2.696171
-10.654336 4.391402 -2.660492 2.696217
-10.627048 4.467200 -2.661401 2.696264
-10.599262 4.542849 -2.662320 2.696311
-10.570979 4.618349 -2.663250 2.696358
-10.542199 4.693690 -2.664190 2.696406
-10.512923 4.768876 -2.665140 2.696455
-10.483152 4.843897 -2.666101 2.696504
-10.452888 4.918755 -2.667072 2.696554
-10.422127 4.993448 -2.668054 2.696604
-10.390874 5.067968 -2.669045 2.696655
-10.359126 5.142317 -2.670048 2.696706
-10.326888 5.216487 -2.671060 2.696758
-10.294158 5.290478 -2.672082 2.696810
-10.260936 5.364289 -2.673115 2.696863
-10.227224 5.437912 -2.674157 2.696917
-10.193023 5.511349 -2.675210 2.696971
-10.158333 5.584591 -2.676273 2.697025
-10.122643 5.657354 -2.677211 2.697073
-10.081275 5.726963 -2.676779 2.697051
-10.039392 5.796246 -2.676337 2.697028
-9.996994 5.865204 -2.675886 2.697005
-9.954087 5.933828 -2.675424 2.696982
-9.912999 6.003525 -2.675581 2.696990
-9.875011 6.075149 -2.676710 2.697047
-9.836545 6.146555 -2.677850 2.697106
-9.797596 6.217746 -2.678999 2.697165
-9.758170 6.288713 -2.680158 2.697224
-9.714165 6.356771 -2.680195 2.697226
-9.659290 6.417619 -2.677352 2.697080
-9.615124 6.485483 -2.677594 2.697093
-9.608788 6.579277 -2.688556 2.697654
-9.578966 6.657556 -2.693151 2.697889
-9.537479 6.727951 -2.694627 2.697965
-9.494607 6.797472 -2.695856 2.698028
-9.451263 6.866745 -2.697096 2.698091
-9.407447 6.935771 -2.698344 2.698155
-9.363161 7.004540 -2.699602 2.698220
-9.318406 7.073055 -2.700870 2.698284
-9.273181 7.141313 -2.702147 2.698350
-9.227490 7.209306 -2.703433 2.698416
-9.181332 7.277037 -2.704728 2.698482
-9.134710 7.344497 -2.706033 2.698549
-9.087625 7.411685 -2.707347 2.698616
-9.040075 7.478602 -2.708670 2.698684
-8.992066 7.545239 -2.710002 2.698752
-8.943595 7.611598 -2.711344 2.698821
-8.894667 7.677671 -2.712694 2.698890
-8.845282 7.743458 -2.714053 2.698960
-8.795438 7.808957 -2.715421 2.699029
-8.745141 7.874161 -2.716799 2.699100
-8.694389 7.939071 -2.718185 2.699171
-8.643187 8.003679 -2.719580 2.699243
-8.591534 8.067986 -2.720984 2.699314
-8.539429 8.131990 -2.722396 2.699387
-8.486878 8.195683 -2.723818 2.699459
-8.433880 8.259068 -2.725247 2.699533
-8.380438 8.322136 -2.726686 2.699606
-8.326552 8.384886 -2.728133 2.699680
-8.272223 8.447317 -2.729589 2.699755
-8.217454 8.509423 -2.731053 2.699830
-8.162245 8.571204 -2.732526 2.699905
-8.106600 8.632653 -2.734007 2.699981
-8.050520 8.693769 -2.735496 2.700057
-7.994003 8.754553 -2.736994 2.700134
-7.937056 8.814994 -2.738499 2.700211
-7.879675 8.875095 -2.740014 2.700289
-7.821868 8.934849 -2.741536 2.700366
-7.763633 8.994255 -2.743066 2.700445
-7.704970 9.053311 -2.744604 2.700524
-7.645885 9.112011 -2.746151 2.700603
-7.586376 9.170356 -2.747705 2.700682
-7.526448 9.228338 -2.749267 2.700763
-7.466101 9.285956 -2.750837 2.700843
-7.405335 9.343210 -2.752415 2.700924
-7.344157 9.400092 -2.754001 2.701005
-7.282563 9.456604 -2.755594 2.701086
-7.220560 9.512737 -2.757195 2.701168
-7.158147 9.568492 -2.758803 2.701251
-7.095325 9.623867 -2.760419 2.701333
-7.032099 9.678855 -2.762043 2.701416
-6.968468 9.733457 -2.763674 2.701500
-6.904438 9.787665 -2.765312 2.701584
-6.840008 9.841481 -2.766958 2.701668
-6.775178 9.894901 -2.768610 2.701753
-6.709956 9.947919 -2.770270 2.701838
-6.644338 10.000536 -2.771937 2.701923
-6.578331 10.052745 -2.773611 2.702009
-6.511936 10.104545 -2.775292 2.702095
-6.445150 10.155935 -2.776980 2.702181
-6.377984 10.206908 -2.778675 2.702268
-6.310432 10.257464 -2.780377 2.702355
-6.242503 10.307599 -2.782086 2.702443
-6.174196 10.357308 -2.783801 2.702531
-6.105511 10.406593 -2.785522 2.702619
-6.036455 10.455447 -2.787251 2.702707
-5.967026 10.503869 -2.788986 2.702796
-5.897231 10.551854 -2.790727 2.702885
-5.827070 10.599400 -2.792475 2.702975
-5.756543 10.646505 -2.794229 2.703064
-5.685657 10.693166 -2.795989 2.703155
-5.614409 10.739380 -2.797755 2.703245
-5.542809 10.785141 -2.799528 2.703336
-5.470854 10.830450 -2.801306 2.703427
-5.398546 10.875304 -2.803091 2.703518
-5.325892 10.919697 -2.804881 2.703610
-5.252889 10.963631 -2.806678 2.703702
-5.179546 11.007097 -2.808480 2.703794
-5.105862 11.050096 -2.810287 2.703887
-5.031837 11.092626 -2.812101 2.703979
-4.957479 11.134681 -2.813920 2.704072
-4.882786 11.176261 -2.815744 2.704166
-4.807766 11.217360 -2.817574 2.704260
-4.732419 11.257978 -2.819409 2.704354
-4.656745 11.298114 -2.821249 2.704448
-4.580752 11.337760 -2.823095 2.704542
-4.504438 11.376917 -2.824946 2.704637
-4.427811 11.415580 -2.826801 2.704732
-4.350871 11.453747 -2.828662 2.704828
-4.273618 11.491417 -2.830528 2.704923
-4.196062 11.528584 -2.832398 2.705019
-4.118198 11.565250 -2.834273 2.705115
-2.943712 8.453193 -2.066521 2.665806
-2.872943 8.439213 -2.058150 2.665377
-3.882820 11.672193 -2.839926 2.705404
-2.733089 8.411585 -2.041905 2.664546
-2.663979 8.397931 -2.034026 2.664142
-2.595399 8.384382 -2.026307 2.663747
-2.457650 8.140128 -1.963082 2.660510
-2.386904 8.110009 -1.951752 2.659930
-2.321820 8.097149 -1.944709 2.659569
-2.228612 7.981998 -1.913269 2.657959
-2.165259 7.969479 -1.906599 2.657618
-2.102343 7.957046 -1.900067 2.657283
-2.067391 8.051961 -1.919238 2.658265
-2.004477 8.039518 -1.912890 2.657940
-1.941979 8.027174 -1.906681 2.657622
-1.878873 8.010630 -1.899589 2.657259
-1.820191 8.011609 -1.896761 2.657114
-1.766672 8.035290 -1.899402 2.657249
-1.705378 8.023174 -1.893677 2.656956
-1.644449 8.011129 -1.888079 2.656669
-1.583872 7.999154 -1.882604 2.656389
-1.523647 7.987247 -1.877253 2.656115
-1.454064 7.922580 -1.859622 2.655213
-1.421817 8.063524 -1.890330 2.656785
-1.407457 8.321379 -1.948427 2.659760
-1.345737 8.308849 -1.943246 2.659494
-1.284347 8.296388 -1.938187 2.659235
-1.223308 8.284235 -1.933306 2.658985
-1.169081 8.318445 -1.939338 2.659294
-1.109318 8.313949 -1.936437 2.659145
-0.910918 7.210675 -1.677947 2.645911
-0.857940 7.194913 -1.672844 2.645649
-0.805643 7.182476 -1.668604 2.645432
-0.753805 7.171971 -1.664901 2.645243
-0.702254 7.162133 -1.661438 2.645066
-0.651145 7.154901 -1.658665 2.644923
-0.608023 7.240769 -1.677547 2.645890
-0.626188 8.138057 -1.884372 2.656480
-0.541713 7.746852 -1.792869 2.651795
-0.481863 7.658982 -1.771711 2.650712
-0.427602 7.648261 -1.768498 2.650547
-0.373904 7.645063 -1.767111 2.650476
-0.363985 8.684436 -2.006720 2.662744
-0.302845 8.672338 -2.003387 2.662573
-0.241904 8.660277 -2.000162 2.662408
-0.181152 8.648254 -1.997045 2.662249
-0.176965 12.673530 -2.926200 2.709821
-0.088545 12.683125 -2.928201 2.709924
0.000000 12.692104 -2.930203 2.710026
0.088666 12.700465 -2.932205 2.710129
0.177456 12.708208 -2.934207 2.710231
0.266351 12.715329 -2.936209 2.710334
0.355354 12.721828 -2.938211 2.710436
0.444461 12.727702 -2.940212 2.710539
0.533668 12.732950 -2.942214 2.710641
0.374518 7.657526 -1.769992 2.650624
0.427537 7.647029 -1.768213 2.650532
0.480452 7.636551 -1.766523 2.650446
0.533268 7.626093 -1.764922 2.650364
0.585992 7.615653 -1.763409 2.650286
0.638631 7.605228 -1.761985 2.650214
0.691422 7.597430 -1.761254 2.650176
0.744679 7.594815 -1.761810 2.650205
0.798007 7.592529 -1.762529 2.650241
0.851395 7.590367 -1.763364 2.650284
0.904841 7.588202 -1.764285 2.650331
0.958327 7.585927 -1.765269 2.650382
1.032045 7.734814 -1.801548 2.652239
1.790477 12.739902 -2.970143 2.712071
1.880628 12.735594 -2.972127 2.712173
1.970811 12.730639 -2.974110 2.712274
2.061036 12.725201 -2.976128 2.712378
2.151251 12.718949 -2.978106 2.712479
2.241477 12.712048 -2.980082 2.712580
2.331710 12.704495 -2.982055 2.712681
2.421951 12.696291 -2.984025 2.712782
2.512183 12.687434 -2.985993 2.712883
2.602406 12.677925 -2.987958 2.712983
2.692616 12.667761 -2.989920 2.713084
2.782808 12.656942 -2.991879 2.713184
2.872984 12.645468 -2.993835 2.713284
2.963125 12.633337 -2.995788 2.713384
3.053234 12.620550 -2.997737 2.713484
3.143305 12.607105 -2.999683 2.713584
3.233332 12.593002 -3.001625 2.713683
3.323319 12.578240 -3.003564 2.713782
3.413246 12.562820 -3.005499 2.713881
3.503115 12.546741 -3.007430 2.713980
3.592921 12.530003 -3.009356 2.714079
3.682658 12.512604 -3.011279 2.714177
3.772330 12.494543 -3.013198 2.714276
3.861915 12.475823 -3.015112 2.714374
3.951418 12.456442 -3.017021 2.714471
4.040832 12.436400 -3.018926 2.714569
4.130152 12.415697 -3.020826 2.714666
4.219379 12.394332 -3.022722 2.714763
4.298594 12.343870 -3.017660 2.714504
4.373333 12.281739 -3.009862 2.714105
4.448155 12.221207 -3.002565 2.713731
4.522425 12.160438 -2.995319 2.713360
4.596148 12.099433 -2.988124 2.712992
4.667834 12.034388 -2.980035 2.712578
4.739849 11.971488 -2.972581 2.712196
4.814005 11.915082 -2.966848 2.711902
4.883199 11.847532 -2.958445 2.711472
4.950358 11.776424 -2.949247 2.711001
5.016897 11.705290 -2.940132 2.710535
5.082826 11.634125 -2.931098 2.710072
5.148149 11.562931 -2.922146 2.709614
5.215091 11.496607 -2.914515 2.709223
5.281047 11.429224 -2.906709 2.708823
5.345029 11.358758 -2.898207 2.708388
5.406499 11.284231 -2.888752 2.707904
5.471394 11.218020 -2.881510 2.707533
5.533758 11.147686 -2.873297 2.707113
5.595571 11.077339 -2.865165 2.706697
5.656847 11.007028 -2.857124 2.706285
5.717522 10.936607 -2.849136 2.705876
5.773606 10.858574 -2.839239 2.705369
5.829094 10.780686 -2.829445 2.704868
5.885957 10.706508 -2.820693 2.704419
5.944529 10.636477 -2.813108 2.704031
6.002641 10.566556 -2.805631 2.703648
6.057218 10.491408 -2.796838 2.703198
6.106835 10.408850 -2.786127 2.702650
6.156642 10.327856 -2.775885 2.702125
6.209566 10.253207 -2.767405 2.701691
6.261981 10.178701 -2.759028 2.701262
6.319041 10.112580 -2.752996 2.700953
6.376443 10.047669 -2.747377 2.700665
6.427480 9.973490 -2.739298 2.700252
6.480250 9.902855 -2.732256 2.699892
6.534185 9.834737 -2.725982 2.699570
6.587733 9.766716 -2.719809 2.699254
6.639900 9.697331 -2.713330 2.698922
6.693531 9.630722 -2.707703 2.698634
6.745789 9.562760 -2.701770 2.698331
6.797654 9.494860 -2.695928 2.698031
6.849118 9.427003 -2.690172 2.697737
6.900180 9.359179 -2.684499 2.697446
6.950845 9.291380 -2.678907 2.697160
7.001110 9.223618 -2.673397 2.696878
7.050982 9.155884 -2.667967 2.696600
7.094884 9.081038 -2.660525 2.696219
7.138046 9.005975 -2.653069 2.695837
7.186161 8.937776 -2.647694 2.695562
7.230143 8.865027 -2.641032 2.695221
7.273130 8.791702 -2.634250 2.694874
7.311747 8.713800 -2.626139 2.694458
7.347049 8.632754 -2.617108 2.693996
7.381901 8.552010 -2.608191 2.693539
7.416304 8.471572 -2.599386 2.693088
7.450264 8.391433 -2.590693 2.692643
7.483787 8.311587 -2.582109 2.692204
7.516877 8.232033 -2.573635 2.691770
7.549542 8.152758 -2.565267 2.691342
7.576438 8.068083 -2.555205 2.690826
7.602588 7.983502 -2.545165 2.690312
7.628303 7.899338 -2.535250 2.689805
7.653541 7.815540 -2.525442 2.689303
7.677038 7.730816 -2.515324 2.688785
7.694989 7.641451 -2.503666 2.688188
7.715365 7.555442 -2.493073 2.687645
7.740774 7.475179 -2.484359 2.687199
7.762123 7.391771 -2.474589 2.686699
7.781788 7.307580 -2.464532 2.686184
7.804157 7.226726 -2.455579 2.685725
7.826164 7.146268 -2.446745 2.685273
7.847786 7.066178 -2.438023 2.684827
7.869030 6.986453 -2.429411 2.684386
7.889050 6.906336 -2.420646 2.683937
7.908115 6.826099 -2.411815 2.683485
7.926517 6.745993 -2.403005 2.683034
7.939044 6.661649 -2.392646 2.682503
7.954554 6.580581 -2.383416 2.682031
7.973572 6.503082 -2.375452 2.681623
7.992219 6.425906 -2.367585 2.681220
8.010490 6.349035 -2.359809 2.680822
8.028430 6.272497 -2.352137 2.680429
8.046065 6.196305 -2.344573 2.680042
8.061687 6.119150 -2.336619 2.679635
8.080010 6.044618 -2.329642 2.679278
8.096968 5.969598 -2.322458 2.678910
8.108577 5.891226 -2.313935 2.678473
8.118435 5.812230 -2.305112 2.678022
8.133017 5.737208 -2.297823 2.677649
8.149586 5.664107 -2.291276 2.677313
8.162584 5.589036 -2.283905 2.676936
8.174455 5.513739 -2.276401 2.676552
8.188841 5.440654 -2.269774 2.676213
8.202885 5.367814 -2.263224 2.675877
8.216627 5.295252 -2.256761 2.675546
8.230107 5.222984 -2.250393 2.675220
8.243300 5.150986 -2.244113 2.674899
8.259360 5.081193 -2.238774 2.674625
8.278752 5.013787 -2.234487 2.674406
8.296826 4.945899 -2.229991 2.674176
8.308886 4.874793 -2.224031 2.673870
8.320662 4.803936 -2.218152 2.673569
8.332147 4.733319 -2.212351 2.673272
8.343328 4.662925 -2.206622 2.672979
8.354232 4.592775 -2.200972 2.672690
8.364879 4.522872 -2.195404 2.672405
8.375275 4.453213 -2.189920 2.672124
8.390359 4.386375 -2.185804 2.671913
8.403839 4.318983 -2.181407 2.671688
8.414235 4.250334 -2.176350 2.671429
8.424348 4.181881 -2.171361 2.671174
8.437552 4.115269 -2.167307 2.670966
8.448025 4.047616 -2.162686 2.670729
8.456598 3.979370 -2.157715 2.670475
8.465696 3.911699 -2.153016 2.670234
8.480092 3.846739 -2.149795 2.670069
8.494218 3.781869 -2.146631 2.669907
8.507410 3.716797 -2.143355 2.669740
8.519966 3.651659 -2.140043 2.669570
8.532274 3.586635 -2.136793 2.669404
8.541657 3.520616 -2.132935 2.669206
8.548225 3.453707 -2.128503 2.668979
8.556334 3.387693 -2.124581 2.668778
8.568588 3.323533 -2.121810 2.668637
8.580585 3.259456 -2.119094 2.668498
8.592324 3.195456 -2.116433 2.668361
8.603809 3.131530 -2.113825 2.668228
8.615041 3.067679 -2.111271 2.668097
8.626020 3.003895 -2.108771 2.667969
8.638020 2.940619 -2.106634 2.667860
8.651763 2.878057 -2.105034 2.667778
8.661212 2.814198 -2.102502 2.667648
8.670465 2.750434 -2.100036 2.667522
8.679458 2.686738 -2.097619 2.667398
8.688221 2.623126 -2.095260 2.667277
8.696756 2.559593 -2.092958 2.667159
8.705066 2.496137 -2.090713 2.667044
8.713149 2.432756 -2.088525 2.666932
8.721008 2.369442 -2.086392 2.666823
8.732514 2.307228 -2.085241 2.666764
8.744862 2.245298 -2.084395 2.666721
8.755416 2.182970 -2.083228 2.666661
8.761905 2.119729 -2.081200 2.666557
8.768188 2.056557 -2.079231 2.666456
8.776434 1.993955 -2.077835 2.666385
8.785769 1.931675 -2.076802 2.666332
8.791870 1.868770 -2.075109 2.666245
8.797753 1.805920 -2.073472 2.666162
8.804461 1.743327 -2.072133 2.666093
8.814863 1.681523 -2.071768 2.666075
8.825082 1.619704 -2.071462 2.666059
8.835102 1.557867 -2.071210 2.666046
8.844913 1.496006 -2.071012 2.666036
8.854487 1.434111 -2.070858 2.666028
8.863850 1.372194 -2.070757 2.666023
8.873004 1.310250 -2.070708 2.666020
8.881952 1.248277 -2.070712 2.666020
8.890694 1.186273 -2.070769 2.666023
8.900791 1.124429 -2.071242 2.666048
8.915181 1.063069 -2.072813 2.666128
8.929370 1.001588 -2.074435 2.666211
8.939668 0.939597 -2.075253 2.666253
8.947393 0.877300 -2.075574 2.666269
8.954913 0.814958 -2.075948 2.666288
8.966668 0.752950 -2.077404 2.666363
8.979780 0.690955 -2.079274 2.666459
8.992694 0.628830 -2.081197 2.666557
9.005441 0.566575 -2.083180 2.666659
9.017986 0.504181 -2.085217 2.666763
9.030312 0.441654 -2.087304 2.666870
9.042409 0.378988 -2.089437 2.666979
9.054302 0.316183 -2.091625 2.667091
9.066020 0.253238 -2.093872 2.667206
9.077545 0.190144 -2.096176 2.667324
9.089024 0.126913 -2.098571 2.667447
9.107288 0.063581 -2.102634 2.667655
8.377521 -0.000000 -2.244750 2.674931
8.387355 -0.058556 -2.247440 2.675069
8.396938 -0.117251 -2.250172 2.675209
8.406295 -0.176087 -2.252954 2.675351
8.415423 -0.235064 -2.255785 2.675496
8.424351 -0.294185 -2.258674 2.675644
8.435395 -0.353548 -2.262242 2.675827
8.450521 -0.413300 -2.267017 2.676071
8.473592 -0.473747 -2.274038 2.676431
8.488512 -0.534052 -2.278987 2.676684
8.499737 -0.594360 -2.283059 2.676893
8.511464 -0.654922 -2.287381 2.677114
8.528727 -0.716177 -2.293308 2.677417
8.546875 -0.777827 -2.299592 2.677739
8.564859 -0.839792 -2.305953 2.678065
8.582680 -0.902076 -2.312390 2.678394
8.600466 -0.964697 -2.318940 2.678730
8.626225 -1.028615 -2.327765 2.679182
8.661868 -1.094249 -2.339387 2.679776
8.684365 -1.158742 -2.347591 2.680197
8.705462 -1.223473 -2.355546 2.680604
8.732652 -1.289526 -2.365281 2.681102
8.764859 -1.356872 -2.376512 2.681677
8.797057 -1.424812 -2.387882 2.682260
8.839987 -1.495172 -2.402309 2.682998
8.887653 -1.567133 -2.418177 2.683811
8.935615 -1.639992 -2.434283 2.684635
8.983877 -1.713766 -2.450630 2.685472
9.026690 -1.787333 -2.465652 2.686241
9.064773 -1.860731 -2.479542 2.686952
9.108851 -1.936146 -2.495236 2.687756
9.165757 -2.015223 -2.514617 2.688748
9.211843 -2.092880 -2.531208 2.689598
9.258160 -2.171482 -2.548038 2.690459
9.305719 -2.251291 -2.565391 2.691348
9.334596 -2.327376 -2.577768 2.691982
9.361580 -2.403646 -2.589791 2.692597
9.390955 -2.481198 -2.602646 2.693255
9.414515 -2.557867 -2.614061 2.693840
9.461744 -2.641767 -2.632231 2.694770
9.479761 -2.718278 -2.642459 2.695294
9.486450 -2.792014 -2.649692 2.695664
9.492865 -2.866065 -2.657008 2.696039
9.499004 -2.940433 -2.664407 2.696418
9.504866 -3.015121 -2.671890 2.696801
9.507326 -3.089118 -2.678579 2.697143
9.505919 -3.162199 -2.684337 2.697438
9.504227 -3.235503 -2.690173 2.697737
9.513242 -3.312862 -2.699205 2.698199
9.525041 -3.391715 -2.709205 2.698711
9.526181 -3.467247 -2.716349 2.699077
9.512787 -3.537774 -2.719506 2.699239
9.499114 -3.608375 -2.722732 2.699404
9.491240 -3.681410 -2.727776 2.699662
9.493935 -3.758915 -2.736025 2.700084
9.496350 -3.836775 -2.744374 2.700512
9.486973 -3.910248 -2.749486 2.700773
9.476267 -3.983456 -2.754376 2.701024
9.465246 -4.056810 -2.759338 2.701278
9.452668 -4.129769 -2.764009 2.701517
9.436620 -4.201454 -2.767826 2.701713
9.420279 -4.273228 -2.771716 2.701912
9.403643 -4.345093 -2.775679 2.702115
9.386711 -4.417051 -2.779716 2.702322
9.363466 -4.486221 -2.782039 2.702440
9.336414 -4.553674 -2.783379 2.702509
9.309104 -4.621079 -2.784788 2.702581
9.284555 -4.689967 -2.787171 2.702703
9.261297 -4.759661 -2.790096 2.702853
9.237752 -4.829381 -2.793092 2.703006
9.210352 -4.897231 -2.795077 2.703108
9.181697 -4.964525 -2.796831 2.703197
9.152782 -5.031785 -2.798656 2.703291
9.123613 -5.099016 -2.800553 2.703388
9.094188 -5.166218 -2.802524 2.703489
9.064493 -5.233387 -2.804564 2.703594
9.034507 -5.300514 -2.806667 2.703701
9.004246 -5.367608 -2.808839 2.703812
8.976123 -5.436134 -2.811837 2.703966
8.943882 -5.502313 -2.813702 2.704062
8.910705 -5.568027 -2.815425 2.704150
8.877249 -5.633674 -2.817213 2.704241
8.843512 -5.699255 -2.819065 2.704336
8.809494 -5.764772 -2.820982 2.704434
8.775182 -5.830218 -2.822960 2.704535
8.740586 -5.895600 -2.825002 2.704640
8.703939 -5.959712 -2.826537 2.704719
8.666286 -6.023226 -2.827896 2.704788
8.631226 -6.088660 -2.830257 2.704909
8.597626 -6.155296 -2.833261 2.705063
8.563695 -6.221889 -2.836325 2.705220
8.529430 -6.288439 -2.839448 2.705380
8.494831 -6.354946 -2.842630 2.705543
8.459896 -6.421411 -2.845872 2.705709
8.424624 -6.487834 -2.849174 2.705878
8.389013 -6.554216 -2.852536 2.706050
8.353063 -6.620556 -2.855959 2.706225
8.318473 -6.688224 -2.860028 2.706433
8.284186 -6.756418 -2.864387 2.706656
8.249504 -6.824584 -2.868799 2.706882
8.214425 -6.892721 -2.873265 2.707111
8.178947 -6.960830 -2.877784 2.707343
8.143070 -7.028910 -2.882356 2.707577
8.103354 -7.093951 -2.885758 2.707751
8.061709 -7.157521 -2.888652 2.707899
8.019714 -7.220983 -2.891598 2.708050
7.979957 -7.286703 -2.895535 2.708251
7.942129 -7.354492 -2.900368 2.708499
7.903891 -7.422248 -2.905257 2.708749
7.865242 -7.489970 -2.910201 2.709002
7.826181 -7.557656 -2.915200 2.709258
7.786705 -7.625306 -2.920254 2.709517
7.746814 -7.692919 -2.925364 2.709779
7.710453 -7.764471 -2.932031 2.710120
7.675027 -7.837481 -2.939296 2.710492
7.643188 -7.914752 -2.948192 2.710947
7.610340 -7.991644 -2.956970 2.711397
7.574309 -8.065820 -2.964778 2.711797
7.541388 -8.143959 -2.974074 2.712273
7.502004 -8.215743 -2.981090 2.712632
7.461397 -8.286721 -2.987870 2.712979
7.420351 -8.357742 -2.994726 2.713330
7.378863 -8.428807 -3.001658 2.713685
7.336183 -8.499050 -3.008360 2.714028
7.272818 -8.545533 -3.006767 2.713946
7.209150 -8.591531 -3.005170 2.713865
7.145184 -8.637044 -3.003568 2.713783
7.080923 -8.682070 -3.001961 2.713700
7.016371 -8.726605 -3.000350 2.713618
6.951532 -8.770652 -2.998735 2.713535
6.886411 -8.814204 -2.997115 2.713452
6.821011 -8.857264 -2.995491 2.713369
6.755336 -8.899826 -2.993863 2.713286
6.689390 -8.941893 -2.992231 2.713202
6.623178 -8.983461 -2.990595 2.713118
6.556704 -9.024529 -2.988955 2.713034
6.489970 -9.065095 -2.987311 2.712950
6.422983 -9.105159 -2.985664 2.712866
6.355744 -9.144718 -2.984013 2.712781
6.288260 -9.183772 -2.982358 2.712697
6.220533 -9.222320 -2.980701 2.712612
6.152567 -9.260359 -2.979040 2.712527
6.084368 -9.297889 -2.977376 2.712441
6.015938 -9.334909 -2.975709 2.712356
5.947282 -9.371418 -2.974039 2.712271
5.878405 -9.407414 -2.972366 2.712185
5.809309 -9.442897 -2.970690 2.712099
5.739999 -9.477864 -2.969011 2.712013
5.670479 -9.512318 -2.967330 2.711927
5.600753 -9.546253 -2.965647 2.711841
5.530826 -9.579672 -2.963961 2.711755
5.460701 -9.612572 -2.962272 2.711668
5.390382 -9.644953 -2.960582 2.711582
5.319873 -9.676813 -2.958889 2.711495
5.249178 -9.708154 -2.957194 2.711408
5.178303 -9.738972 -2.955498 2.711321
5.107249 -9.769268 -2.953799 2.711235
5.036023 -9.799041 -2.952099 2.711147
4.964627 -9.828291 -2.950397 2.711060
4.893064 -9.857017 -2.948694 2.710973
4.821342 -9.885217 -2.946989 2.710886
4.749461 -9.912891 -2.945282 2.710798
4.677427 -9.940041 -2.943574 2.710711
4.605244 -9.966663 -2.941865 2.710623
4.532917 -9.992759 -2.940156 2.710536
4.460446 -10.018327 -2.938444 2.710448
4.387839 -10.043367 -2.936732 2.710361
4.315098 -10.067880 -2.935019 2.710273
4.242228 -10.091864 -2.933306 2.710185
4.169234 -10.115318 -2.931592 2.710097
4.096117 -10.138245 -2.929877 2.710010
4.022882 -10.160642 -2.928161 2.709922
3.949534 -10.182508 -2.926446 2.709834
3.876077 -10.203847 -2.924730 2.709746
3.802515 -10.224654 -2.923013 2.709658
3.728850 -10.244931 -2.921297 2.709570
3.655087 -10.264679 -2.919580 2.709482
3.581231 -10.283896 -2.917864 2.709394
3.507285 -10.302584 -2.916148 2.709307
3.433254 -10.320741 -2.914432 2.709219
3.359139 -10.338367 -2.912716 2.709131
3.284946 -10.355464 -2.911000 2.709043
3.210679 -10.372031 -2.909285 2.708955
3.136342 -10.388067 -2.907571 2.708868
3.061939 -10.403574 -2.905857 2.708780
2.987471 -10.418551 -2.904144 2.708692
2.912945 -10.432999 -2.902432 2.708604
2.838364 -10.446918 -2.900720 2.708517
2.763731 -10.460306 -2.899010 2.708429
2.689052 -10.473167 -2.897301 2.708342
2.614328 -10.485499 -2.895592 2.708254
2.539564 -10.497303 -2.893886 2.708167
2.464764 -10.508579 -2.892180 2.708080
2.389932 -10.519328 -2.890476 2.707992
2.315072 -10.529550 -2.888773 2.707905
2.240185 -10.539245 -2.887072 2.707818
2.165278 -10.548413 -2.885372 2.707731
2.090353 -10.557057 -2.883674 2.707644
2.015414 -10.565175 -2.881978 2.707557
1.940466 -10.572768 -2.880284 2.707470
1.865511 -10.579838 -2.878591 2.707384
1.790552 -10.586384 -2.876901 2.707297
1.715595 -10.592407 -2.875213 2.707211
1.640642 -10.597908 -2.873527 2.707124
1.565698 -10.602887 -2.871843 2.707038
1.490765 -10.607346 -2.870162 2.706952
1.415847 -10.611283 -2.868483 2.706866
1.340948 -10.614702 -2.866807 2.706780
1.266071 -10.617602 -2.865133 2.706695
1.191222 -10.619984 -2.863461 2.706609
1.116401 -10.621848 -2.861793 2.706524
1.041613 -10.623197 -2.860127 2.706438
0.966862 -10.624029 -2.858464 2.706353
0.892150 -10.624348 -2.856804 2.706268
0.817484 -10.624151 -2.855148 2.706183
0.742863 -10.623443 -2.853494 2.706099
0.668293 -10.622222 -2.851843 2.706014
0.593777 -10.620490 -2.850196 2.705930
0.519318 -10.618248 -2.848552 2.705846
0.444921 -10.615498 -2.846911 2.705762
0.370587 -10.612239 -2.845274 2.705678
0.296321 -10.608473 -2.843640 2.705594
0.222126 -10.604200 -2.842010 2.705511
0.148005 -10.599423 -2.840384 2.705428
0.073962 -10.594143 -2.838761 2.705344
-0.000000 -10.588359 -2.837142 2.705262
-0.073878 -10.582074 -2.835527 2.705179
-0.147669 -10.575289 -2.833916 2.705096
-0.221369 -10.568004 -2.832309 2.705014
-0.294974 -10.560221 -2.830706 2.704932
-0.368482 -10.551941 -2.829108 2.704850
-0.441890 -10.543165 -2.827513 2.704769
-0.515194 -10.533895 -2.825922 2.704687
-0.588391 -10.524132 -2.824337 2.704606
-0.661477 -10.513877 -2.822755 2.704525
-0.734451 -10.503132 -2.821178 2.704444
-0.807308 -10.491897 -2.819605 2.704364
-0.880045 -10.480174 -2.818038 2.704283
-0.952660 -10.467964 -2.816474 2.704203
-1.025148 -10.455270 -2.814916 2.704123
-1.097508 -10.442092 -2.813362 2.704044
-1.169736 -10.428431 -2.811813 2.703965
-1.241829 -10.414289 -2.810269 2.703886
-1.313784 -10.399667 -2.808730 2.703807
-1.385597 -10.384567 -2.807196 2.703728
-1.457267 -10.368991 -2.805667 2.703650
-1.528790 -10.352940 -2.804144 2.703572
-1.600162 -10.336414 -2.802625 2.703494
-1.671382 -10.319416 -2.801112 2.703417
-1.742444 -10.301949 -2.799604 2.703340
-1.813349 -10.284011 -2.798102 2.703263
-1.884092 -10.265606 -2.796605 2.703186
-1.954670 -10.246735 -2.795114 2.703110
-2.025081 -10.227400 -2.793628 2.703034
-2.095320 -10.207602 -2.792147 2.702958
-2.165386 -10.187342 -2.790673 2.702882
-2.235277 -10.166623 -2.789204 2.702807
-2.304989 -10.145446 -2.787741 2.702732
-2.374520 -10.123813 -2.786284 2.702658
-2.443864 -10.101725 -2.784833 2.702583
-2.513023 -10.079184 -2.783388 2.702509
-2.581991 -10.056191 -2.781948 2.702436
-2.650768 -10.032750 -2.780515 2.702362
-2.719348 -10.008860 -2.779088 2.702289
-2.787729 -9.984525 -2.777668 2.702217
-2.855911 -9.959744 -2.776253 2.702144
-2.923889 -9.934522 -2.774845 2.702072
-2.991661 -9.908858 -2.773443 2.702000
-3.059225 -9.882755 -2.772047 2.701929
-3.126576 -9.856216 -2.770658 2.701858
-3.193714 -9.829241 -2.769275 2.701787
-3.260636 -9.801832 -2.767899 2.701716
-3.327339 -9.773992 -2.766530 2.701646
-3.393820 -9.745721 -2.765167 2.701576
-3.460076 -9.717022 -2.763810 2.701507
-3.526106 -9.687897 -2.762461 2.701438
-3.591908 -9.658347 -2.761118 2.701369
-3.657477 -9.628375 -2.759782 2.701301
-3.722813 -9.597982 -2.758453 2.701233
-3.787911 -9.567172 -2.757131 2.701165
-3.852772 -9.535944 -2.755816 2.701098
-3.917390 -9.504300 -2.754508 2.701031
-3.981766 -9.472244 -2.753207 2.700964
-4.045895 -9.439777 -2.751913 2.700898
-4.109774 -9.406901 -2.750627 2.700832
-4.173404 -9.373618 -2.749347 2.700767
-4.236781 -9.339930 -2.748075 2.700701
-4.299902 -9.305839 -2.746810 2.700637
-4.362765 -9.271346 -2.745552 2.700572
-4.425367 -9.236454 -2.744302 2.700508
-4.487709 -9.201165 -2.743059 2.700444
-4.549785 -9.165482 -2.741823 2.700381
-4.611595 -9.129404 -2.740595 2.700319
-4.673135 -9.092936 -2.739375 2.700256
-4.734403 -9.056079 -2.738162 2.700194
-4.795399 -9.018834 -2.736957 2.700132
-4.856120 -8.981205 -2.735759 2.700071
-4.916563 -8.943192 -2.734569 2.700010
-4.976725 -8.904799 -2.733387 2.699949
-5.036605 -8.866028 -2.732213 2.699889
-5.096201 -8.826880 -2.731046 2.699829
-5.155512 -8.787356 -2.729887 2.699770
-5.214534 -8.747461 -2.728737 2.699711
-5.273266 -8.707195 -2.727594 2.699653
-5.331705 -8.666562 -2.726459 2.699595
-5.389850 -8.625562 -2.725332 2.699537
-5.447698 -8.584198 -2.724213 2.699480
-5.505249 -8.542472 -2.723102 2.699423
-5.562498 -8.500386 -2.721999 2.699366
-5.619444 -8.457944 -2.720905 2.699310
-5.676088 -8.415146 -2.719818 2.699255
-5.732425 -8.371994 -2.718740 2.699199
-5.788453 -8.328491 -2.717670 2.699145
-5.844172 -8.284640 -2.716609 2.699090
-5.899577 -8.240442 -2.715555 2.699036
-5.954670 -8.195900 -2.714510 2.698983
-6.009447 -8.151015 -2.713473 2.698930
-6.063906 -8.105790 -2.712445 2.698877
-6.118046 -8.060227 -2.711425 2.698825
-6.171864 -8.014329 -2.710414 2.698773
-6.225360 -7.968097 -2.709411 2.698722
-6.278532 -7.921533 -2.708417 2.698671
-6.331375 -7.874641 -2.707431 2.698621
-6.383890 -7.827424 -2.706454 2.698570
-6.436077 -7.779879 -2.705486 2.698521
-6.487930 -7.732014 -2.704526 2.698472
-6.539452 -7.683827 -2.703575 2.698423
-6.590636 -7.635325 -2.702632 2.698375
-6.641484 -7.586507 -2.701699 2.698327
-6.691995 -7.537374 -2.700773 2.698280
-6.742164 -7.487931 -2.699857 2.698233
-6.791992 -7.438178 -2.698950 2.698186
-6.841475 -7.388121 -2.698052 2.698140
-6.890614 -7.337759 -2.697162 2.698095
-6.939407 -7.287094 -2.696281 2.698050
-6.987851 -7.236131 -2.695410 2.698005
-7.035946 -7.184869 -2.694547 2.697961
-7.083688 -7.133314 -2.693693 2.697917
-7.131077 -7.081466 -2.692848 2.697874
-7.178113 -7.029326 -2.692013 2.697831
-7.224792 -6.976900 -2.691186 2.697789
-7.271114 -6.924186 -2.690368 2.697747
-7.317076 -6.871191 -2.689559 2.697706
-7.362343 -6.817605 -2.688638 2.697658
-7.397744 -6.755067 -2.684278 2.697435
-7.435708 -6.695141 -2.681028 2.697268
-7.485091 -6.645573 -2.682039 2.697320
-7.534286 -6.595767 -2.683101 2.697375
-7.574247 -6.537915 -2.681013 2.697268
-7.613551 -6.479638 -2.678847 2.697157
-7.652477 -6.421190 -2.676705 2.697047
-7.687394 -6.359563 -2.673323 2.696874
-7.726121 -6.301270 -2.671427 2.696777
-7.765665 -6.243755 -2.669963 2.696702
-7.817958 -6.196436 -2.673003 2.696858
-7.873525 -6.151472 -2.677254 2.697075
-7.922059 -6.100804 -2.679208 2.697175
-7.962466 -6.043840 -2.678539 2.697141
-7.994713 -5.980810 -2.675276 2.696974
-8.025243 -5.916718 -2.671604 2.696786
-8.060575 -5.856350 -2.669690 2.696688
-8.093305 -5.794235 -2.667067 2.696554
-8.134484 -5.738246 -2.667371 2.696569
-8.174629 -5.681516 -2.667463 2.696574
-8.212244 -5.623039 -2.666862 2.696543
-8.249468 -5.564336 -2.666270 2.696513
-8.284884 -5.504462 -2.665231 2.696460
-8.317642 -5.442912 -2.663480 2.696370
-8.350019 -5.381221 -2.661753 2.696282
-8.382018 -5.319389 -2.660050 2.696194
-8.413634 -5.257422 -2.658371 2.696109
-8.444872 -5.195318 -2.656716 2.696024
-8.476209 -5.133374 -2.655235 2.695948
-8.509924 -5.072933 -2.654638 2.695917
-8.543510 -5.012446 -2.654134 2.695892
-8.576698 -4.951759 -2.653640 2.695866
-8.609487 -4.890867 -2.653155 2.695842
-8.641874 -4.829780 -2.652680 2.695817
-8.673860 -4.768496 -2.652215 2.695793
-8.712201 -4.710669 -2.653818 2.695875
-8.755121 -4.655180 -2.656927 2.696035
-8.791325 -4.595992 -2.658112 2.696095
-8.821777 -4.533777 -2.657684 2.696073
-8.851822 -4.471378 -2.657267 2.696052
-8.881460 -4.408793 -2.656859 2.696031
-8.910687 -4.346032 -2.656461 2.696011
-8.939505 -4.283091 -2.656073 2.695991
-8.967911 -4.219977 -2.655694 2.695971
-8.995904 -4.156692 -2.655326 2.695953
-9.023485 -4.093233 -2.654968 2.695934
-9.050652 -4.029610 -2.654619 2.695916
-9.077404 -3.965819 -2.654280 2.695899
-9.103741 -3.901867 -2.653951 2.695882
-9.129661 -3.837756 -2.653631 2.695866
-9.155164 -3.773485 -2.653322 2.695850
-9.180248 -3.709061 -2.653023 2.695835
-9.204914 -3.644482 -2.652734 2.695820
-9.229160 -3.579755 -2.652454 2.695806
-9.252985 -3.514880 -2.652184 2.695792
-9.276390 -3.449857 -2.651925 2.695778
-9.299373 -3.384695 -2.651675 2.695766
-9.321933 -3.319389 -2.651435 2.695753
-9.344069 -3.253948 -2.651205 2.695742
-9.365781 -3.188372 -2.650985 2.695730
-9.381866 -3.120930 -2.649307 2.695644
-9.373877 -3.045757 -2.640981 2.695218
-9.372734 -2.973205 -2.634747 2.694899
-9.384069 -2.904854 -2.632169 2.694767
-9.404152 -2.839281 -2.632178 2.694767
-9.414330 -2.770787 -2.629548 2.694633
-9.428227 -2.703501 -2.628094 2.694558
-9.446373 -2.637473 -2.627955 2.694551
-9.464090 -2.571336 -2.627826 2.694545
-9.481381 -2.505090 -2.627707 2.694539
-9.500015 -2.439188 -2.628088 2.694558
-9.518870 -2.373321 -2.628656 2.694587
-9.537242 -2.307300 -2.629217 2.694616
-9.555127 -2.241134 -2.629770 2.694644
-9.566408 -2.173435 -2.628635 2.694586
-9.576123 -2.105446 -2.627201 2.694513
-9.590408 -2.038504 -2.627152 2.694510
-9.604261 -1.971470 -2.627112 2.694508
-9.617682 -1.904352 -2.627082 2.694507
-9.630670 -1.837149 -2.627063 2.694506
-9.643225 -1.769862 -2.627053 2.694505
-9.655346 -1.702498 -2.627053 2.694505
-9.667034 -1.635055 -2.627063 2.694506
-9.678288 -1.567540 -2.627083 2.694507
-9.689105 -1.499953 -2.627113 2.694508
-9.700748 -1.432481 -2.627495 2.694528
-9.712174 -1.364957 -2.627944 2.694551
-9.723100 -1.297337 -2.628386 2.694573
-9.733524 -1.229630 -2.628819 2.694595
-9.743447 -1.161836 -2.629244 2.694617
-9.752869 -1.093958 -2.629662 2.694638
-9.761786 -1.026005 -2.630070 2.694659
-9.770199 -0.957975 -2.630471 2.694680
-9.778108 -0.889877 -2.630864 2.694700
-9.785510 -0.821713 -2.631248 2.694720
-9.792408 -0.753484 -2.631624 2.694739
-9.806653 -0.685748 -2.634101 2.694866
-9.816851 -0.617622 -2.635618 2.694943
-9.821555 -0.549110 -2.635787 2.694952
-9.825818 -0.480563 -2.635967 2.694962
-9.829639 -0.411983 -2.636156 2.694971
-9.833018 -0.343376 -2.636355 2.694981
-9.843207 -0.274944 -2.638508 2.695091
-9.845448 -0.206232 -2.638659 2.695099
-9.847299 -0.137504 -2.638833 2.695108
-9.851262 -0.068775 -2.639702 2.695153
-9.861701 0.000000 -2.642435 2.695292
-9.872492 0.068926 -2.645391 2.695444
-9.891442 0.138120 -2.650662 2.695714
-9.911623 0.207619 -2.656394 2.696007
-9.919207 0.277070 -2.658880 2.696135
-9.918447 0.346360 -2.659260 2.696154
-9.917336 0.415661 -2.659675 2.696175
-9.917611 0.485053 -2.660592 2.696222
-9.915539 0.554364 -2.661010 2.696244
-9.913072 0.623679 -2.661451 2.696266
-9.910210 0.692989 -2.661917 2.696290
-9.906953 0.762300 -2.662407 2.696315
-9.903302 0.831604 -2.662921 2.696342
-9.898716 0.900853 -2.663314 2.696362
-9.893632 0.970080 -2.663704 2.696382
-9.888102 1.039281 -2.664103 2.696402
-9.882123 1.108459 -2.664512 2.696423
-9.875696 1.177606 -2.664931 2.696445
-9.868823 1.246722 -2.665360 2.696466
-9.861501 1.315806 -2.665799 2.696489
-9.853732 1.384852 -2.666247 2.696512
-9.845516 1.453861 -2.666706 2.696535
-9.836852 1.522826 -2.667174 2.696559
-9.827742 1.591746 -2.667651 2.696584
-9.818184 1.660623 -2.668139 2.696609
-9.808179 1.729447 -2.668636 2.696634
-9.797727 1.798221 -2.669143 2.696660
-9.786828 1.866938 -2.669660 2.696687
-9.775483 1.935597 -2.670186 2.696713
-9.763691 2.004199 -2.670722 2.696741
-9.751453 2.072736 -2.671268 2.696769
-9.738770 2.141209 -2.671823 2.696797
-9.725640 2.209612 -2.672388 2.696826
-9.712065 2.277944 -2.672962 2.696856
-9.698044 2.346205 -2.673547 2.696886
-9.683578 2.414387 -2.674140 2.696916
-9.668667 2.482493 -2.674744 2.696947
-9.653312 2.550516 -2.675356 2.696978
-9.637512 2.618454 -2.675979 2.697010
-9.621268 2.686308 -2.676611 2.697042
-9.604581 2.754069 -2.677252 2.697075
-9.587450 2.821742 -2.677903 2.697109
-9.569876 2.889317 -2.678563 2.697142
-9.551860 2.956794 -2.679233 2.697177
-9.533401 3.024174 -2.679912 2.697212
-9.514500 3.091449 -2.680600 2.697247
-9.495156 3.158620 -2.681298 2.697282
-9.475373 3.225681 -2.682006 2.697319
-9.445834 3.289387 -2.680079 2.697220
-9.402709 3.348155 -2.674411 2.696930
-9.359393 3.406541 -2.668789 2.696642
-9.315885 3.464548 -2.663215 2.696357
-9.290349 3.529073 -2.662894 2.696340
-9.264846 3.593596 -2.662710 2.696331
-9.238862 3.657926 -2.662517 2.696321
-9.212402 3.722053 -2.662315 2.696311
-9.185467 3.785978 -2.662105 2.696300
-9.155205 3.848495 -2.661057 2.696246
-9.128582 3.912515 -2.661193 2.696253
-9.105359 3.978035 -2.662454 2.696317
-9.082986 4.044006 -2.664102 2.696402
-9.055715 4.107856 -2.664451 2.696420
-9.026925 4.171026 -2.664483 2.696421
-9.000440 4.235285 -2.665328 2.696465
-8.973526 4.299395 -2.666181 2.696508
-8.946186 4.363347 -2.667044 2.696553
-8.918418 4.427143 -2.667915 2.696597
-8.890226 4.490777 -2.668796 2.696642
-8.861610 4.554249 -2.669685 2.696688
-8.832568 4.617557 -2.670583 2.696734
-8.803104 4.680694 -2.671489 2.696780
-8.773216 4.743662 -2.672404 2.696827
-8.742908 4.806455 -2.673328 2.696874
-8.713246 4.869668 -2.674588 2.696939
-8.682886 4.932567 -2.675775 2.697000
-8.651461 4.994923 -2.676771 2.697051
-8.619706 5.057154 -2.677805 2.697104
-8.592386 5.122091 -2.680362 2.697234
-8.565849 5.187662 -2.683316 2.697386
-8.538934 5.253189 -2.686308 2.697539
-8.512762 5.319365 -2.689692 2.697712
-8.487505 5.386336 -2.693527 2.697909
-8.461886 5.453314 -2.697413 2.698107
-8.435905 5.520300 -2.701350 2.698309
-8.409667 5.587370 -2.705374 2.698515
-8.392424 5.660761 -2.712474 2.698879
-8.361628 5.725327 -2.715374 2.699027
-8.328490 5.788452 -2.717670 2.699145
-8.291261 5.848840 -2.718779 2.699202
-8.253498 5.908926 -2.719858 2.699257
-8.215326 5.968784 -2.720944 2.699312
-8.176744 6.028419 -2.722039 2.699368
-8.137756 6.087821 -2.723142 2.699425
-8.098361 6.146990 -2.724253 2.699482
-8.058558 6.205927 -2.725373 2.699539
-8.018353 6.264624 -2.726500 2.699597
-7.977742 6.323082 -2.727635 2.699655
-7.936730 6.381296 -2.728778 2.699713
-7.895317 6.439263 -2.729929 2.699772
-7.853502 6.496984 -2.731088 2.699831
-7.811290 6.554451 -2.732255 2.699891
-7.768679 6.611666 -2.733430 2.699951
-7.725673 6.668623 -2.734612 2.700012
-7.682272 6.725320 -2.735802 2.700073
-7.638476 6.781758 -2.737000 2.700134
-7.594288 6.837928 -2.738206 2.700196
-7.549708 6.893834 -2.739419 2.700258
-7.504740 6.949467 -2.740640 2.700321
-7.459383 7.004827 -2.741868 2.700383
-7.413638 7.059914 -2.743104 2.700447
-7.367508 7.114720 -2.744347 2.700511
-7.320993 7.169248 -2.745598 2.700575
-7.274096 7.223491 -2.746855 2.700639
-7.226818 7.277447 -2.748121 2.700704
-7.179158 7.331116 -2.749393 2.700769
-7.131121 7.384492 -2.750673 2.700834
-7.082705 7.437576 -2.751960 2.700900
-7.033916 7.490361 -2.753254 2.700967
-6.984753 7.542847 -2.754556 2.701033
-6.935215 7.595032 -2.755864 2.701100
-6.885309 7.646911 -2.757179 2.701168
-6.835032 7.698484 -2.758502 2.701235
-6.784388 7.749745 -2.759831 2.701303
-6.733379 7.800694 -2.761167 2.701372
-6.682003 7.851329 -2.762510 2.701440
-6.630267 7.901645 -2.763860 2.701509
-6.578167 7.951642 -2.765216 2.701579
-6.525711 8.001313 -2.766579 2.701649
-6.472897 8.050659 -2.767949 2.701719
-6.419724 8.099678 -2.769325 2.701789
-6.366200 8.148365 -2.770708 2.701860
-6.312322 8.196720 -2.772098 2.701931
-6.258095 8.244737 -2.773493 2.702003
-6.203519 8.292415 -2.774896 2.702075
-6.148595 8.339753 -2.776304 2.702147
-6.093328 8.386746 -2.777719 2.702219
-6.037715 8.433394 -2.779140 2.702292
-5.981763 8.479692 -2.780567 2.702365
-5.925472 8.525637 -2.782001 2.702438
-5.868842 8.571230 -2.783440 2.702512
-5.811879 8.616465 -2.784885 2.702586
-5.754580 8.661342 -2.786337 2.702661
-5.696951 8.705855 -2.787794 2.702735
-5.638993 8.750004 -2.789257 2.702810
-5.580706 8.793788 -2.790726 2.702885
-5.522096 8.837201 -2.792201 2.702961
-5.463160 8.880243 -2.793682 2.703037
-5.403906 8.922910 -2.795168 2.703112
-5.344332 8.965199 -2.796659 2.703189
-5.284440 9.007112 -2.798156 2.703266
-5.224235 9.048640 -2.799659 2.703342
-5.163715 9.089786 -2.801167 2.703420
-5.102887 9.130543 -2.802680 2.703497
-5.041751 9.170911 -2.804199 2.703575
-4.980308 9.210889 -2.805723 2.703653
-4.918562 9.250471 -2.807252 2.703731
-4.856514 9.289658 -2.808786 2.703810
-4.794168 9.328444 -2.810325 2.703889
-4.731527 9.366830 -2.811869 2.703968
-4.668588 9.404813 -2.813418 2.704047
-4.605360 9.442388 -2.814972 2.704127
-4.541840 9.479556 -2.816531 2.704206
-4.478035 9.516312 -2.818094 2.704286
-4.413946 9.552654 -2.819662 2.704367
-4.349572 9.588582 -2.821235 2.704447
-4.284921 9.624091 -2.822812 2.704528
-4.219990 9.659181 -2.824394 2.704609
-4.154787 9.693847 -2.825980 2.704690
-4.089312 9.728087 -2.827571 2.704772
-4.023564 9.761902 -2.829165 2.704853
-3.957552 9.795286 -2.830764 2.704935
-3.891273 9.828239 -2.832367 2.705017
-3.824735 9.860758 -2.833975 2.705099
-3.757938 9.892839 -2.835586 2.705182
-3.690881 9.924484 -2.837201 2.705265
-3.623574 9.955687 -2.838820 2.705348
-3.556012 9.986447 -2.840443 2.705431
-3.488205 10.016762 -2.842069 2.705514
-3.420152 10.046629 -2.843699 2.705597
-3.351853 10.076047 -2.845333 2.705681
-2.451458 7.544814 -2.125664 2.668834
-2.389460 7.532536 -2.117453 2.668414
-2.327937 7.520351 -2.109408 2.668002
-2.266954 7.508513 -2.101597 2.667602
-2.223304 7.554141 -2.109972 2.668031
-2.181050 7.606226 -2.120216 2.668555
-2.140131 7.665092 -2.132407 2.669179
-2.149605 7.911864 -2.196830 2.672478
-2.077343 7.862426 -2.179024 2.671566
-2.015973 7.851698 -2.172097 2.671211
-1.969925 7.900937 -2.181860 2.671711
-1.913013 7.907443 -2.179916 2.671612
-1.857351 7.918869 -2.179438 2.671587
-1.811549 7.973573 -2.190959 2.672177
-1.756371 7.988440 -2.191622 2.672211
-1.698915 7.992765 -2.189501 2.672102
-1.644099 8.009419 -2.190866 2.672172
-1.575289 7.955803 -2.173138 2.671265
-1.397618 7.326579 -1.998551 2.662326
-1.345976 7.333654 -1.997869 2.662291
-1.305427 7.403445 -2.014350 2.663135
-1.267275 7.492576 -2.036144 2.664251
-1.271292 7.849209 -2.130597 2.669086
-1.213347 7.837755 -2.125136 2.668807
-1.155695 7.826359 -2.119807 2.668534
-1.098329 7.815018 -2.114607 2.668268
-1.041241 7.803732 -2.109535 2.668008
-0.984419 7.792498 -2.104589 2.667755
-0.927864 7.781316 -2.099768 2.667508
-0.871565 7.770184 -2.095071 2.667268
-0.815514 7.759100 -2.090497 2.667033
-0.724577 7.389802 -1.989587 2.661867
-0.674033 7.406401 -1.992740 2.662028
-0.648779 7.726128 -2.077496 2.666368
-0.593653 7.715225 -2.073399 2.666158
-0.536115 7.666797 -2.059328 2.665438
-0.481675 7.655993 -2.055473 2.665240
-0.427430 7.645189 -2.051721 2.665048
-0.373368 7.634107 -2.047998 2.664857
-0.326395 7.787572 -2.088506 2.666931
-0.271569 7.776725 -2.085037 2.666754
-0.239860 8.587079 -2.301798 2.677852
-0.179821 8.584717 -2.300772 2.677799
-0.120565 8.634400 -2.313806 2.678467
-0.060196 8.622481 -2.310443 2.678295
0.000000 8.610597 -2.307202 2.678129
0.060031 8.598742 -2.304082 2.677969
0.119907 8.586924 -2.301084 2.677815
0.179625 8.575125 -2.298202 2.677668
0.239197 8.563334 -2.295433 2.677526
0.298792 8.556280 -2.294046 2.677455
0.357224 8.523125 -2.285769 2.677031
0.374444 7.656003 -2.053872 2.665158
0.427452 7.645510 -2.051807 2.665052
0.480357 7.635036 -2.049847 2.664952
0.533163 7.624581 -2.047989 2.664857
0.585876 7.614143 -2.046234 2.664767
0.638505 7.603723 -2.044582 2.664683
0.691290 7.595975 -2.043746 2.664640
0.744512 7.593113 -2.044325 2.664670
0.797841 7.590954 -2.045194 2.664714
0.851219 7.588792 -2.046162 2.664763
0.904653 7.586627 -2.047232 2.664818
0.958142 7.584459 -2.048402 2.664878
1.032157 7.735651 -2.091131 2.667066
1.536002 10.929222 -2.957256 2.711411
1.613187 10.924489 -2.958951 2.711498
1.690386 10.919203 -2.960643 2.711585
1.767582 10.913363 -2.962334 2.711671
1.844777 10.906970 -2.964022 2.711758
1.921968 10.900022 -2.965708 2.711844
1.999150 10.892518 -2.967391 2.711931
2.076352 10.884599 -2.969111 2.712018
2.153505 10.875983 -2.970789 2.712104
2.230637 10.866810 -2.972465 2.712190
2.307744 10.857080 -2.974138 2.712276
2.384821 10.846791 -2.975808 2.712361
2.461870 10.835944 -2.977475 2.712447
2.538875 10.824539 -2.979139 2.712532
2.615839 10.812575 -2.980800 2.712617
2.692756 10.800053 -2.982457 2.712702
2.769622 10.786971 -2.984111 2.712786
2.846440 10.773328 -2.985762 2.712871
2.923193 10.759126 -2.987409 2.712955
2.999882 10.744365 -2.989053 2.713039
3.076504 10.729043 -2.990693 2.713123
3.153054 10.713161 -2.992329 2.713207
3.229533 10.696717 -2.993961 2.713291
3.305927 10.679714 -2.995589 2.713374
3.382235 10.662152 -2.997213 2.713457
3.458455 10.644029 -2.998832 2.713540
3.534581 10.625346 -3.000448 2.713623
3.610615 10.606101 -3.002059 2.713705
3.686542 10.586299 -3.003665 2.713788
3.762362 10.565936 -3.005267 2.713870
3.838071 10.545014 -3.006864 2.713951
3.913666 10.523533 -3.008456 2.714033
3.989146 10.501492 -3.010044 2.714114
4.064497 10.478892 -3.011626 2.714195
4.139720 10.455736 -3.013204 2.714276
4.214810 10.432022 -3.014776 2.714357
4.287411 10.402042 -3.014689 2.714352
4.353511 10.356585 -3.010250 2.714125
4.418647 10.309469 -3.005449 2.713879
4.490009 10.277222 -3.005113 2.713862
4.561536 10.245378 -3.005040 2.713858
4.627074 10.200330 -3.001229 2.713663
4.689901 10.149867 -2.995942 2.713392
4.751134 10.096669 -2.989958 2.713086
4.811922 10.043252 -2.984015 2.712782
4.871097 9.987227 -2.977400 2.712443
4.928153 9.927702 -2.969839 2.712056
4.987333 9.873234 -2.963889 2.711751
5.046093 9.818628 -2.958000 2.711450
5.107198 9.769167 -2.953769 2.711233
5.168966 9.721411 -2.950168 2.711049
5.230086 9.672844 -2.946439 2.710858
5.287305 9.617565 -2.940773 2.710567
5.344120 9.562171 -2.935172 2.710281
5.398792 9.503590 -2.928688 2.709949
5.456530 9.450987 -2.924145 2.709716
5.512129 9.395199 -2.918720 2.709438
5.567331 9.339278 -2.913352 2.709164
5.622149 9.283268 -2.908053 2.708892
5.676571 9.227132 -2.902811 2.708624
5.730580 9.170845 -2.897619 2.708358
5.784170 9.114395 -2.892472 2.708094
5.837393 9.057854 -2.887392 2.707834
5.890239 9.001225 -2.882378 2.707578
5.942665 8.944427 -2.877406 2.707323
5.994691 8.887495 -2.872484 2.707071
6.046369 8.830501 -2.867636 2.706823
6.095491 8.770256 -2.861823 2.706525
6.143496 8.708957 -2.855746 2.706214
6.191096 8.647629 -2.849740 2.705907
6.238294 8.586275 -2.843804 2.705603
6.284079 8.523520 -2.837480 2.705279
6.326606 8.456944 -2.829952 2.704894
6.368683 8.390426 -2.822503 2.704512
6.409063 8.322335 -2.814581 2.704107
6.445575 8.249960 -2.805254 2.703629
6.480385 8.176213 -2.795493 2.703129
6.517104 8.105637 -2.786852 2.702687
6.552117 8.033686 -2.777773 2.702222
6.586705 7.961957 -2.768804 2.701763
6.616667 7.885436 -2.758190 2.701219
6.644586 7.807363 -2.747041 2.700648
6.673030 7.730775 -2.736419 2.700105
6.705690 7.659845 -2.727816 2.699664
6.737885 7.589060 -2.719294 2.699228
6.769591 7.518393 -2.710841 2.698795
6.798754 7.445587 -2.701638 2.698324
6.822075 7.367166 -2.690400 2.697748
6.847192 7.291516 -2.680165 2.697224
6.876623 7.221164 -2.671887 2.696800
6.904041 7.149343 -2.663082 2.696350
6.925982 7.072582 -2.652435 2.695805
6.947167 6.995832 -2.641778 2.695259
6.969751 6.921258 -2.631927 2.694755
6.995495 6.850493 -2.623525 2.694324
7.020879 6.779984 -2.615230 2.693900
7.045866 6.709689 -2.607025 2.693480
7.070424 6.639565 -2.598896 2.693063
7.094593 6.569662 -2.590858 2.692652
7.118402 6.499992 -2.582918 2.692245
7.141843 6.430544 -2.575071 2.691844
7.159644 6.356630 -2.565426 2.691350
7.175687 6.281835 -2.555398 2.690836
7.195202 6.210729 -2.546844 2.690398
7.217083 6.142218 -2.539349 2.690015
7.238635 6.073936 -2.531950 2.689636
7.259827 6.005852 -2.524635 2.689261
7.279925 5.937358 -2.517148 2.688878
7.293082 5.863786 -2.507481 2.688383
7.305867 5.790557 -2.497917 2.687893
7.322953 5.721318 -2.490041 2.687490
7.341032 5.653356 -2.482708 2.687114
7.358788 5.585620 -2.475464 2.686744
7.376223 5.518117 -2.468309 2.686377
7.393342 5.450840 -2.461244 2.686016
7.410146 5.383786 -2.454266 2.685658
7.424301 5.315279 -2.446604 2.685266
7.439538 5.248013 -2.439491 2.684902
7.456551 5.182436 -2.433147 2.684577
7.473260 5.117047 -2.426883 2.684256
7.489670 5.051846 -2.420700 2.683940
7.505771 4.986823 -2.414593 2.683627
7.521542 4.921956 -2.408552 2.683318
7.537011 4.857270 -2.402589 2.683012
7.552172 4.792753 -2.396697 2.682711
7.567016 4.728396 -2.390874 2.682413
7.581534 4.664192 -2.385114 2.682118
7.595780 4.600165 -2.379434 2.681827
7.609738 4.536312 -2.373828 2.681540
7.623394 4.472618 -2.368290 2.681256
7.636720 4.409062 -2.362809 2.680976
7.649755 4.345667 -2.357398 2.680699
7.665605 4.284158 -2.353008 2.680474
7.684227 4.224437 -2.349614 2.680300
7.701176 4.164009 -2.345850 2.680108
7.711930 4.100506 -2.340349 2.679826
7.722054 4.036993 -2.334811 2.679542
7.732947 3.974192 -2.329659 2.679278
7.745015 3.912287 -2.325009 2.679040
7.755066 3.849647 -2.319902 2.678779
7.764859 3.787175 -2.314866 2.678521
7.776214 3.725738 -2.310440 2.678294
7.789929 3.665659 -2.306855 2.678111
7.803396 3.605673 -2.303333 2.677931
7.816251 3.545608 -2.299765 2.677748
7.824770 3.483812 -2.295059 2.677507
7.833042 3.422173 -2.290422 2.677269
7.841068 3.360683 -2.285852 2.677036
7.852580 3.300919 -2.282434 2.676861
7.864562 3.241538 -2.279284 2.676699
7.876306 3.182234 -2.276193 2.676541
7.886911 3.122650 -2.272903 2.676373
7.899032 3.063829 -2.270176 2.676233
7.910900 3.005067 -2.267502 2.676096
7.922519 2.946357 -2.264881 2.675962
7.933888 2.887699 -2.262313 2.675830
7.945010 2.829092 -2.259798 2.675701
7.955885 2.770530 -2.257334 2.675575
7.963336 2.710938 -2.254023 2.675406
7.968985 2.650927 -2.250329 2.675217
7.977170 2.591940 -2.247476 2.675071
7.987878 2.533905 -2.245454 2.674967
7.998325 2.475892 -2.243476 2.674866
8.008512 2.417910 -2.241544 2.674767
8.018439 2.359954 -2.239657 2.674670
8.032311 2.303228 -2.238986 2.674636
8.042837 2.245601 -2.237495 2.674560
8.051294 2.187485 -2.235545 2.674460
8.059513 2.129413 -2.233645 2.674363
8.067495 2.071380 -2.231795 2.674268
8.075241 2.013384 -2.229995 2.674176
8.082751 1.955424 -2.228244 2.674086
8.093307 1.898265 -2.227446 2.674045
8.105871 1.841607 -2.227312 2.674038
8.118190 1.784899 -2.227218 2.674034
8.126468 1.727334 -2.226127 2.673978
8.132819 1.669429 -2.224620 2.673901
8.138939 1.611550 -2.223162 2.673826
8.147903 1.554294 -2.222592 2.673797
8.159009 1.497457 -2.222716 2.673803
8.169874 1.440569 -2.222882 2.673811
8.177225 1.383075 -2.222200 2.673776
8.184389 1.325579 -2.221578 2.673745
8.193745 1.268457 -2.221660 2.673749
8.202879 1.211295 -2.221789 2.673756
8.211792 1.154092 -2.221967 2.673764
8.215961 1.096244 -2.220970 2.673714
8.219801 1.038400 -2.219994 2.673664
8.223413 0.980581 -2.219067 2.673616
8.229227 0.923055 -2.218843 2.673605
8.238151 0.865864 -2.219565 2.673642
8.251321 0.809050 -2.221537 2.673743
8.264188 0.752097 -2.223534 2.673845
8.271937 0.694612 -2.224260 2.673882
8.279473 0.637070 -2.225036 2.673922
8.286770 0.579467 -2.225855 2.673964
8.293810 0.521803 -2.226714 2.674008
8.300597 0.464073 -2.227612 2.674054
8.307144 0.406285 -2.228553 2.674102
8.313877 0.348454 -2.229652 2.674158
8.325027 0.290716 -2.232044 2.674281
8.335956 0.232845 -2.234484 2.674405
8.346663 0.174835 -2.236972 2.674533
8.357164 0.116694 -2.239514 2.674663
8.367455 0.058416 -2.242107 2.674796
