# .PCD v0.7 - Point Cloud Data file format
VERSION 0.7
FIELDS x y z intensity
SIZE 4 4 4 4
TYPE F F F F
COUNT 1 1 1 1
WIDTH 14400
HEIGHT 1
VIEWPOINT 0 0 0 1 0 0 0
POINTS 14400
DATA ascii
21.835520 -0.000000 5.850810 2.260438
21.639259 -0.151073 5.798363 2.263124
21.585897 -0.301416 5.784488 2.263834
21.588646 -0.452218 5.785929 2.263760
21.591404 -0.603103 5.787656 2.263672
21.594168 -0.754085 5.789667 2.263569
21.641859 -0.907063 5.804010 2.262835
21.878122 -1.070019 5.869232 2.259495
22.119776 -1.236688 5.936232 2.256065
22.367035 -1.407215 6.005078 2.252540
22.620117 -1.581753 6.075842 2.248917
22.658669 -1.743490 6.089319 2.248227
22.661633 -1.902951 6.093537 2.248011
22.664608 -2.062641 6.098061 2.247779
22.667593 -2.222577 6.102890 2.247532
22.670591 -2.382775 6.108027 2.247269
22.673599 -2.543252 6.113472 2.246990
22.676620 -2.704023 6.119228 2.246696
22.679653 -2.865107 6.125294 2.246385
22.682697 -3.026518 6.131674 2.246058
22.685757 -3.188275 6.138368 2.245716
22.530430 -3.327004 6.102476 2.247553
22.352287 -3.460317 6.060621 2.249696
22.176567 -3.591820 6.019628 2.251795
22.003202 -3.721563 5.979477 2.253851
21.832132 -3.849594 5.940146 2.255864
21.663290 -3.975958 5.901616 2.257837
21.657560 -4.131401 5.907769 2.257522
21.660587 -4.288912 5.916618 2.257069
21.663630 -4.446905 5.925785 2.256600
21.666687 -4.605397 5.935271 2.256114
21.871422 -4.808744 6.000406 2.252779
22.203665 -5.044549 6.101069 2.247625
22.547277 -5.288416 6.205480 2.242280
22.730122 -5.498995 6.266216 2.239170
22.733418 -5.668077 6.277881 2.238572
22.736732 -5.837801 6.289897 2.237957
22.740067 -6.008184 6.302270 2.237324
22.743420 -6.179250 6.315001 2.236672
22.746794 -6.351019 6.328096 2.236001
22.750189 -6.523511 6.341556 2.235312
22.753605 -6.696750 6.355385 2.234604
22.757042 -6.870757 6.369588 2.233877
22.719152 -7.032753 6.372571 2.233724
22.559010 -7.156140 6.341510 2.235315
22.400417 -7.278337 6.311059 2.236874
22.243336 -7.399373 6.281204 2.238402
22.087727 -7.519276 6.251934 2.239901
21.933558 -7.638073 6.223238 2.241370
21.780792 -7.755792 6.195106 2.242810
21.731798 -7.909728 6.196726 2.242728
21.735285 -8.083280 6.213661 2.241860
21.738798 -8.257795 6.230994 2.240973
21.742338 -8.433297 6.248733 2.240065
22.242891 -8.806584 6.410105 2.231802
22.803946 -9.213392 6.590169 2.222583
22.807743 -9.400673 6.610073 2.221564
22.811571 -9.589102 6.630423 2.220522
22.815430 -9.778707 6.651225 2.219457
22.819321 -9.969516 6.672487 2.218369
22.823242 -10.161562 6.694215 2.217256
22.827198 -10.354876 6.716415 2.216120
22.831186 -10.549490 6.739094 2.214958
22.835209 -10.745434 6.762260 2.213772
22.714008 -10.882730 6.748703 2.214466
22.558578 -11.002554 6.725182 2.215671
22.404224 -11.121553 6.702149 2.216850
22.250917 -11.239748 6.679599 2.218004
22.098635 -11.357156 6.657525 2.219135
21.947350 -11.473798 6.635919 2.220241
21.807154 -11.595069 6.617844 2.221166
21.811279 -11.793314 6.643920 2.219831
21.815445 -11.993143 6.670531 2.218469
21.819653 -12.194592 6.697686 2.217078
22.881954 -12.998759 7.051452 2.198966
22.886454 -13.213500 7.081093 2.197448
22.890999 -13.430069 7.111336 2.195899
22.895590 -13.648511 7.142190 2.194320
22.900229 -13.868872 7.173666 2.192708
22.904917 -14.091199 7.205776 2.191064
22.909655 -14.315540 7.238532 2.189387
22.914442 -14.541948 7.271945 2.187676
22.778896 -14.679996 7.261277 2.188223
22.620310 -14.802316 7.243490 2.189133
22.462492 -14.924046 7.226141 2.190022
22.305426 -15.045199 7.209228 2.190887
22.149086 -15.165797 7.192744 2.191731
21.993456 -15.285851 7.176685 2.192554
21.888323 -15.440515 7.177379 2.192518
21.893326 -15.674083 7.214725 2.190606
21.898386 -15.910110 7.252820 2.188656
22.965424 -16.931572 7.645191 2.168566
22.970861 -17.184401 7.686752 2.166438
22.976368 -17.440012 7.729150 2.164268
22.981943 -17.698481 7.772401 2.162053
22.987589 -17.959873 7.816525 2.159794
22.993309 -18.224274 7.861541 2.157489
22.914473 -18.423708 7.878372 2.156627
22.747591 -18.552483 7.865336 2.157295
22.581257 -18.680841 7.852726 2.157940
22.415449 -18.808796 7.840539 2.158564
22.250151 -18.936363 7.828772 2.159167
22.085340 -19.063555 7.817421 2.159748
21.970394 -19.233627 7.824073 2.159407
21.976475 -19.511629 7.874557 2.156823
21.982643 -19.793261 7.926088 2.154184
23.054956 -21.052069 8.365512 2.131686
23.061613 -21.355288 8.421820 2.128803
23.068371 -21.662643 8.479311 2.125859
23.075232 -21.974249 8.538014 2.122854
22.997675 -22.208597 8.566478 2.121396
22.819292 -22.346302 8.557935 2.121834
22.641258 -22.483742 8.549827 2.122249
22.463554 -22.620930 8.542150 2.122642
22.286161 -22.757881 8.534904 2.123013
22.109066 -22.894609 8.528087 2.123362
22.057009 -23.162142 8.570171 2.121207
22.064436 -23.496239 8.636583 2.117807
23.142076 -24.991169 9.126470 2.092725
23.150133 -25.352633 9.199225 2.089000
23.158329 -25.719929 9.273609 2.085191
23.079544 -25.995117 9.314507 2.083097
22.887102 -26.143724 9.310276 2.083314
22.694826 -26.292210 9.306502 2.083507
22.502699 -26.440584 9.303186 2.083677
22.310703 -26.588861 9.300327 2.083823
22.137430 -26.759558 9.305748 2.083546
22.146303 -27.154049 9.388938 2.079286
22.535269 -28.028223 9.636563 2.066608
22.219671 -28.034250 9.585067 2.069244
21.907413 -28.040211 9.534580 2.071830
21.598408 -28.046106 9.485081 2.074364
21.292582 -28.051939 9.436550 2.076849
20.989847 -28.057709 9.388967 2.079285
19.956112 -27.067814 9.010877 2.098643
19.717312 -27.138552 8.988381 2.099795
19.584576 -27.355448 9.014713 2.098447
19.451059 -27.573633 9.041644 2.097068
19.316738 -27.793146 9.069181 2.095658
19.181595 -28.014015 9.097333 2.094217
18.951324 -28.096495 9.080931 2.095056
18.670805 -28.101822 9.040303 2.097136
18.392771 -28.107100 9.000473 2.099176
17.474417 -27.114988 8.643502 2.117453
17.210865 -27.119986 8.606583 2.119343
17.019915 -27.237556 8.605975 2.119374
16.903736 -27.476631 8.644016 2.117426
16.786526 -27.717848 8.682821 2.115439
16.668255 -27.961260 8.722405 2.113413
16.511248 -28.142744 8.742847 2.112366
16.251060 -28.147663 8.708918 2.114104
15.992868 -28.152542 8.675670 2.115806
15.736629 -28.157381 8.643094 2.117474
15.482291 -28.162184 8.611179 2.119107
14.689503 -27.167669 8.275526 2.136293
14.447730 -27.172228 8.245990 2.137805
14.303505 -27.360083 8.272491 2.136448
14.185772 -27.602526 8.315649 2.134239
14.066802 -27.847534 8.359672 2.131985
13.946563 -28.095171 8.404577 2.129685
13.751518 -28.194792 8.405454 2.129641
13.510847 -28.199316 8.378478 2.131022
13.271704 -28.203810 8.352079 2.132373
13.034049 -28.208273 8.326252 2.133696
12.727909 -28.058519 8.255619 2.137312
12.117367 -27.216053 7.982656 2.151288
11.892244 -27.220274 7.959349 2.152481
11.689477 -27.273598 7.950884 2.152915
11.569065 -27.521725 7.999477 2.150427
11.447171 -27.772917 8.049065 2.147888
11.323752 -28.027269 8.099671 2.145297
11.182182 -28.242970 8.139248 2.143270
10.956362 -28.247190 8.118222 2.144347
10.731693 -28.251389 8.097698 2.145398
10.508150 -28.255562 8.077670 2.146423
10.285694 -28.259712 8.058132 2.147424
9.857539 -27.683187 7.873923 2.156855
9.494706 -27.265087 7.735960 2.163919
9.283133 -27.269028 7.718502 2.164813
9.111102 -27.388981 7.734262 2.164006
8.972813 -27.615477 7.780342 2.161646
8.832861 -27.844707 7.827360 2.159239
8.691202 -28.076742 7.875338 2.156783
8.541908 -28.292171 7.918845 2.154555
8.328009 -28.296144 7.903491 2.155341
8.114923 -28.300098 7.888578 2.156105
7.902628 -28.304035 7.874105 2.156846
7.691100 -28.307957 7.860066 2.157565
7.468550 -28.267338 7.834119 2.158893
7.067851 -27.527460 7.615207 2.170101
6.810377 -27.314930 7.543075 2.173795
6.609077 -27.318653 7.531178 2.174404
6.439647 -27.455580 7.556347 2.173115
6.302191 -27.739208 7.622113 2.169748
6.162320 -28.027834 7.689412 2.166302
6.019948 -28.321632 7.758296 2.162775
5.817895 -28.342581 7.752719 2.163061
5.612729 -28.346361 7.742846 2.163566
5.408074 -28.350132 7.733374 2.164051
5.203913 -28.353889 7.724301 2.164516
5.000216 -28.357637 7.715624 2.164960
4.788518 -28.311424 7.693766 2.166079
4.498763 -27.776211 7.539601 2.173972
4.235918 -27.362379 7.419062 2.180144
4.041054 -27.365955 7.412201 2.180495
3.846536 -27.369526 7.405714 2.180827
3.690017 -27.655399 7.475914 2.177233
3.534304 -27.976906 7.555970 2.173134
3.375212 -28.305399 7.638139 2.168927
3.184556 -28.390945 7.655038 2.168062
2.984394 -28.394608 7.650221 2.168308
2.784473 -28.398262 7.645782 2.168536
2.584775 -28.401911 7.641719 2.168744
2.385279 -28.405554 7.638032 2.168933
2.175125 -28.268261 7.596848 2.171041
1.953666 -27.938723 7.504438 2.175773
1.737518 -27.617073 7.414603 2.180372
1.532557 -27.411814 7.356444 2.183350
1.340830 -27.415304 7.354689 2.183440
1.149489 -27.425959 7.355216 2.183413
0.970638 -27.795427 7.452302 2.178442
0.786993 -28.174812 7.552362 2.173319
0.595692 -28.438133 7.621646 2.169772
0.397145 -28.441736 7.621684 2.169770
0.198590 -28.445339 7.622091 2.169749
-0.000000 -28.448938 7.622870 2.169709
-0.198640 -28.452538 7.624021 2.169650
-0.397068 -28.435949 7.620132 2.169849
-0.588246 -28.082462 7.526323 2.174652
-0.774779 -27.737545 7.435152 2.179320
-0.958820 -27.457008 7.361567 2.183088
-1.150936 -27.460480 7.364473 2.182939
-1.343213 -27.463951 7.367740 2.182772
-1.551987 -27.759287 7.449695 2.178576
-1.768860 -28.115229 7.548348 2.173525
-1.991569 -28.480762 7.650033 2.168318
-2.192074 -28.488539 7.656045 2.168010
-2.392554 -28.492147 7.661317 2.167741
-2.593319 -28.495758 7.666970 2.167451
-2.794387 -28.499374 7.673004 2.167142
-2.995785 -28.502993 7.679422 2.166814
-3.173544 -28.292776 7.628569 2.169417
-3.337530 -27.989351 7.552855 2.173294
-3.498298 -27.691862 7.478986 2.177076
-3.670056 -27.505795 7.435472 2.179304
-3.866181 -27.509308 7.443537 2.178891
-4.070538 -27.565626 7.466283 2.177726
-4.360044 -28.164164 7.636458 2.169013
-4.621197 -28.532118 7.744785 2.163467
-4.826467 -28.535788 7.754738 2.162957
-5.032278 -28.539463 7.765095 2.162427
-5.238648 -28.543146 7.775859 2.161876
-5.445602 -28.546839 7.787032 2.161304
-5.653162 -28.550539 7.798618 2.160711
-5.825098 -28.377670 7.762317 2.162569
-5.973464 -28.102938 7.698388 2.165843
-6.119410 -27.832668 7.635869 2.169044
-6.263009 -27.566729 7.574719 2.172174
-6.463119 -27.555637 7.583885 2.171705
-6.667287 -27.559263 7.597509 2.171008
-7.037116 -28.224329 7.794208 2.160936
-7.338227 -28.580503 7.906521 2.155186
-7.552299 -28.584299 7.921964 2.154395
-7.767220 -28.588108 7.937855 2.153582
-7.983010 -28.591932 7.954197 2.152745
-8.199704 -28.595768 7.970996 2.151885
-8.372570 -28.447552 7.945781 2.153176
-8.521656 -28.225082 7.900067 2.155517
-8.669041 -28.005136 7.855254 2.157811
-8.814763 -27.787657 7.811323 2.160060
-8.967780 -27.599991 7.775979 2.161870
-9.182556 -27.603781 7.794918 2.160900
-9.428345 -27.695576 7.839237 2.158631
-9.968982 -28.627008 8.122380 2.144134
-10.195036 -28.630989 8.143506 2.143053
-10.422284 -28.634989 8.165140 2.141945
-10.650752 -28.639008 8.187289 2.140811
-10.880475 -28.643047 8.209960 2.139650
-11.031554 -28.441038 8.173934 2.141495
-11.163621 -28.196091 8.125737 2.143962
-11.294144 -27.953987 8.078493 2.146381
-11.423161 -27.714663 8.032182 2.148752
-11.621588 -27.646660 8.035792 2.148567
-11.851100 -27.650681 8.060813 2.147286
-12.524874 -28.668304 8.382760 2.130803
-12.767439 -28.676136 8.410909 2.129361
-13.009998 -28.680380 8.438588 2.127944
-13.254170 -28.684649 8.466864 2.126496
-13.499995 -28.688944 8.495745 2.125018
-13.672821 -28.537380 8.478922 2.125879
-13.801820 -28.297924 8.436199 2.128067
-13.929526 -28.060848 8.394309 2.130211
-14.055973 -27.826094 8.353235 2.132314
-14.231895 -27.692268 8.342686 2.132854
-14.479421 -27.696579 8.374234 2.131239
-15.270595 -28.719810 8.715636 2.113759
-15.531197 -28.724344 8.749704 2.112015
-15.793855 -28.728912 8.784469 2.110235
-16.058620 -28.733513 8.819942 2.108419
-16.325539 -28.738148 8.856133 2.106566
-16.594675 -28.742821 8.893060 2.104675
-16.866076 -28.747528 8.930731 2.102746
-17.139797 -28.752275 8.969160 2.100779
-16.795786 -27.733133 8.687610 2.115194
-16.852453 -27.393274 8.617792 2.118769
-17.027630 -27.249903 8.609877 2.119174
-17.202488 -27.106783 8.602393 2.119557
-17.377047 -26.963896 8.595339 2.119919
-17.551325 -26.821232 8.588712 2.120258
-17.566057 -26.439041 8.505390 2.124524
-17.574747 -26.055635 8.421315 2.128829
-17.583261 -25.679705 8.339284 2.133029
-16.874254 -24.278866 7.922437 2.154371
-16.882095 -23.931892 7.847484 2.158209
-16.915638 -23.627514 7.786210 2.161346
-17.072847 -23.498760 7.782869 2.161517
-17.229927 -23.370104 7.779909 2.161669
-17.386890 -23.241533 7.777328 2.161801
-17.543753 -23.113037 7.775126 2.161914
-17.645622 -22.913309 7.749190 2.163241
-17.652775 -22.594521 7.682869 2.166637
-17.659796 -22.281111 7.618038 2.169956
-17.666693 -21.972933 7.554656 2.173202
-17.673470 -21.669817 7.492679 2.176375
-16.959169 -20.500111 7.129000 2.194995
-16.965448 -20.218634 7.072131 2.197907
-16.971621 -19.941580 7.016497 2.200755
-17.075130 -19.781727 7.002025 2.201496
-17.216291 -19.666014 7.003439 2.201424
-17.357517 -19.550238 7.005194 2.201334
-17.498810 -19.434399 7.007290 2.201227
-17.640198 -19.318474 7.009727 2.201102
-17.729565 -19.146185 6.991954 2.202012
-17.735308 -18.886187 6.942052 2.204567
-17.740963 -18.629843 6.893187 2.207069
-17.746532 -18.377073 6.845335 2.209519
-17.752020 -18.127760 6.798468 2.211918
-17.757425 -17.881828 6.752564 2.214269
-17.762751 -17.639177 6.707598 2.216571
-17.043457 -16.690184 6.391819 2.232739
-17.048422 -16.463469 6.350421 2.234858
-17.053314 -16.239647 6.309857 2.236935
-17.092478 -16.050903 6.282733 2.238324
-17.220209 -15.946090 6.288610 2.238023
-17.348186 -15.841067 6.294805 2.237706
-17.476414 -15.735834 6.301317 2.237373
-17.604914 -15.630369 6.308149 2.237023
-17.733690 -15.524671 6.315302 2.236656
-17.812096 -15.374990 6.304845 2.237192
-17.816675 -15.163177 6.268842 2.239035
-17.821198 -14.953761 6.233549 2.240842
-17.825665 -14.746667 6.198948 2.242614
-17.830074 -14.541852 6.165027 2.244350
-17.834431 -14.339252 6.131771 2.246053
-17.838736 -14.138803 6.099163 2.247723
-17.842987 -13.940470 6.067194 2.249360
-17.847189 -13.744182 6.035847 2.250965
-17.495922 -13.280127 5.885552 2.258660
-17.127338 -12.812887 5.731331 2.266556
-17.131231 -12.630230 5.702988 2.268007
-17.135080 -12.449365 5.675197 2.269430
-17.154474 -12.281393 5.653084 2.270562
-17.272509 -12.184413 5.663811 2.270013
-17.390993 -12.087056 5.674855 2.269447
-17.509947 -11.989308 5.686219 2.268866
-17.629375 -11.891164 5.697904 2.268267
-17.749300 -11.792603 5.709916 2.267652
-17.869730 -11.693623 5.722256 2.267020
-17.894093 -11.531958 5.704138 2.267948
-17.897738 -11.358248 5.679883 2.269190
-17.901346 -11.186003 5.656108 2.270407
-17.904921 -11.015176 5.632801 2.271600
-17.908459 -10.845746 5.609957 2.272770
-17.911963 -10.677673 5.587567 2.273916
-17.915432 -10.510920 5.565622 2.275040
-17.918871 -10.345465 5.544118 2.276141
-17.922277 -10.181267 5.523045 2.277220
-17.925652 -10.018307 5.502397 2.278277
-17.928997 -9.856550 5.482168 2.279313
-17.601635 -9.517166 5.361622 2.285485
-17.204218 -9.147645 5.220985 2.292686
-17.207342 -8.995778 5.202747 2.293619
-17.210440 -8.844964 5.184887 2.294534
-17.213511 -8.695171 5.167398 2.295429
-17.216555 -8.546371 5.150275 2.296306
-17.301914 -8.438707 5.158060 2.295907
-17.416368 -8.344522 5.174687 2.295056
-17.531561 -8.249725 5.191675 2.294186
-17.647514 -8.154297 5.209027 2.293298
-17.764250 -8.058219 5.226750 2.292390
-17.881779 -7.961481 5.244849 2.291464
-17.969975 -7.850885 5.254513 2.290969
-17.972954 -7.703217 5.239532 2.291736
-17.975912 -7.556378 5.224887 2.292486
-17.978848 -7.410344 5.210576 2.293219
-17.981762 -7.265103 5.196595 2.293934
-17.984655 -7.120625 5.182938 2.294634
-17.987530 -6.976902 5.169603 2.295316
-17.990383 -6.833906 5.156586 2.295983
-17.993217 -6.691615 5.143882 2.296633
-17.996033 -6.550020 5.131489 2.297268
-17.998829 -6.409091 5.119402 2.297886
-18.001608 -6.268822 5.107620 2.298490
-18.004368 -6.129188 5.096138 2.299078
-17.950190 -5.971231 5.068880 2.300473
-17.702679 -5.751949 4.987525 2.304639
-17.462961 -5.539575 4.908972 2.308661
-17.280613 -5.349242 4.847096 2.311829
-17.283180 -5.218101 4.837481 2.312321
-17.285732 -5.087466 4.828135 2.312799
-17.288271 -4.957332 4.819061 2.313264
-17.290796 -4.827674 4.810252 2.313715
-17.293306 -4.698486 4.801708 2.314152
-17.412283 -4.600524 4.825707 2.312924
-17.535049 -4.502234 4.850903 2.311634
-17.659103 -4.402909 4.876598 2.310318
-17.784483 -4.302516 4.902807 2.308976
-17.911213 -4.201036 4.929539 2.307608
-18.039335 -4.098437 4.956805 2.306211
-18.046408 -3.967758 4.951016 2.306508
-18.048920 -3.836416 4.944237 2.306855
-18.051420 -3.705421 4.937715 2.307189
-18.053907 -3.574769 4.931448 2.307510
-18.056385 -3.444441 4.925437 2.307817
-18.058851 -3.314417 4.919677 2.308112
-18.061306 -3.184695 4.914170 2.308394
-18.063751 -3.055252 4.908912 2.308664
-18.066187 -2.926083 4.903903 2.308920
-18.068611 -2.797170 4.899141 2.309164
-18.071026 -2.668495 4.894625 2.309395
-18.073433 -2.540055 4.890354 2.309614
-18.075830 -2.411828 4.886328 2.309820
-18.078218 -2.283809 4.882544 2.310014
-17.999800 -2.146347 4.857200 2.311311
-17.829580 -1.999906 4.807382 2.313862
-17.662811 -1.856436 4.758805 2.316349
-17.499361 -1.715825 4.711425 2.318775
-17.352360 -1.579188 4.668766 2.320959
-17.354605 -1.457308 4.666518 2.321074
-17.356842 -1.335534 4.664499 2.321178
-17.359074 -1.213865 4.662708 2.321269
-17.361300 -1.092278 4.661144 2.321349
-17.363518 -0.970770 4.659806 2.321418
-17.430885 -0.852513 4.676174 2.320580
-17.571465 -0.736461 4.712393 2.318725
-17.714233 -0.618595 4.749408 2.316830
-17.859270 -0.498852 4.787243 2.314893
-18.006632 -0.377184 4.825921 2.312913
-18.115427 -0.252956 4.854487 2.311450
-18.117702 -0.126486 4.854742 2.311437
-18.119972 0.000000 4.855232 2.311412
-18.122238 0.126522 4.855958 2.311375
-18.124500 0.253083 4.856918 2.311326
-18.126757 0.379700 4.858116 2.311264
-18.129011 0.506391 4.859549 2.311191
-18.131262 0.633158 4.861218 2.311105
-18.133509 0.760022 4.863125 2.311008
-18.135752 0.886987 4.865269 2.310898
-18.137993 1.014070 4.867651 2.310776
-18.140232 1.141289 4.870271 2.310642
-18.142467 1.268645 4.873130 2.310496
-18.144701 1.396162 4.876229 2.310337
-18.146933 1.523842 4.879569 2.310166
-18.076378 1.645078 4.863567 2.310985
-17.946842 1.759705 4.831903 2.312607
-17.818979 1.872850 4.800881 2.314195
-17.692734 1.984561 4.770484 2.315751
-17.568071 2.094867 4.740699 2.317276
-17.444948 2.203809 4.711512 2.318771
-17.421881 2.324577 4.709550 2.318871
-17.424013 2.448785 4.714633 2.318611
-17.426144 2.573272 4.719955 2.318338
-17.428276 2.698041 4.725520 2.318053
-17.430408 2.823109 4.731327 2.317756
-17.531174 2.965178 4.764181 2.316074
-17.725012 3.125398 4.822670 2.313079
-17.923677 3.289613 4.882853 2.309998
-18.127357 3.457979 4.944797 2.306826
-18.182528 3.600237 4.966581 2.305711
-18.184757 3.732797 4.974188 2.305321
-18.186989 3.865764 4.982059 2.304919
-18.189222 3.999163 4.990197 2.304502
-18.191456 4.132998 4.998605 2.304071
-18.193695 4.267292 5.007284 2.303627
-18.195934 4.402062 5.016236 2.303169
-18.198177 4.537315 5.025465 2.302696
-18.200424 4.673078 5.034972 2.302209
-18.202675 4.809355 5.044760 2.301708
-18.204927 4.946168 5.054832 2.301193
-18.207186 5.083540 5.065189 2.300662
-18.209448 5.221475 5.075836 2.300117
-18.211714 5.360002 5.086775 2.299557
-18.105652 5.466420 5.067686 2.300534
-17.989870 5.568794 5.046038 2.301643
-17.875061 5.670305 5.024817 2.302729
-17.761209 5.770967 5.004016 2.303794
-17.648285 5.870806 4.983627 2.304838
-17.536272 5.969835 4.963645 2.305861
-17.484430 6.088722 4.960881 2.306003
-17.486647 6.226717 4.973723 2.305345
-17.488869 6.365428 4.986874 2.304672
-17.491098 6.504885 5.000338 2.303983
-17.493336 6.645096 5.014117 2.303277
-17.747538 6.883815 5.100629 2.298848
-18.078939 7.157961 5.210110 2.293242
-18.244045 7.371073 5.272393 2.290053
-18.246410 7.520631 5.288121 2.289248
-18.248783 7.671083 5.304200 2.288425
-18.251163 7.822458 5.320636 2.287583
-18.253555 7.974784 5.337434 2.286723
-18.255955 8.128076 5.354598 2.285845
-18.258366 8.282366 5.372134 2.284947
-18.260788 8.437670 5.390047 2.284030
-18.263220 8.594018 5.408343 2.283093
-18.265663 8.751442 5.427027 2.282136
-18.268116 8.909956 5.446105 2.281159
-18.270582 9.069600 5.465585 2.280162
-18.224819 9.206020 5.470987 2.279886
-18.110136 9.307344 5.455933 2.280656
-17.996071 9.408121 5.441225 2.281409
-17.882614 9.508355 5.426859 2.282145
-17.769743 9.608068 5.412831 2.282863
-17.657452 9.707268 5.399137 2.283564
-17.545719 9.805969 5.385774 2.284248
-17.544920 9.966905 5.406757 2.283174
-17.547405 10.130999 5.429186 2.282026
-17.549904 10.296472 5.452068 2.280854
-17.552420 10.463343 5.475409 2.279659
-18.291273 11.077587 5.729877 2.266630
-18.303894 11.260633 5.758317 2.265174
-18.306568 11.439213 5.784141 2.263852
-18.309259 11.619413 5.810482 2.262503
-18.311970 11.801260 5.837346 2.261128
-18.314699 11.984802 5.864744 2.259725
-18.317448 12.170087 5.892689 2.258294
-18.320219 12.357143 5.921188 2.256835
-18.323009 12.546030 5.950255 2.255347
-18.325821 12.736778 5.979898 2.253829
-18.328655 12.929442 6.010131 2.252281
-18.225691 13.048316 6.006094 2.252488
-18.105509 13.154422 5.996606 2.252974
-17.985693 13.260201 5.987439 2.253443
-17.866238 13.365655 5.978590 2.253896
-17.747129 13.470802 5.970057 2.254333
-17.628347 13.575658 5.961837 2.254754
-17.600922 13.751348 5.984884 2.253574
-17.603832 13.952631 6.018850 2.251835
-17.606770 14.156208 6.053497 2.250061
-18.358353 14.972706 6.347688 2.234998
-18.361475 15.189936 6.385280 2.233073
-18.364626 15.409751 6.423631 2.231110
-18.367809 15.632236 6.462761 2.229107
-18.371025 15.857446 6.502687 2.227062
-18.374275 16.085461 6.543427 2.224977
-18.377558 16.316364 6.585002 2.222848
-18.380877 16.550217 6.627431 2.220675
-18.363581 16.768259 6.663243 2.218842
-18.232740 16.883705 6.658375 2.219091
-18.102083 16.998985 6.653837 2.219324
-17.971590 17.114117 6.649628 2.219539
-17.841257 17.229101 6.645747 2.219738
-17.711063 17.343960 6.642194 2.219920
-17.654657 17.531836 6.666780 2.218661
-17.658150 17.781857 6.714812 2.216202
-17.661684 18.035522 6.763874 2.213690
-18.416245 19.070578 7.103661 2.196293
-18.420025 19.342937 7.157036 2.193560
-18.423857 19.619415 7.211567 2.190768
-18.427738 19.900146 7.267291 2.187915
-18.431675 20.185263 7.324241 2.184999
-18.435665 20.474880 7.382447 2.182019
-18.326468 20.641603 7.396248 2.181312
-18.181936 20.769060 7.396255 2.181312
-18.037397 20.896523 7.396623 2.181293
-17.892828 21.024006 7.397349 2.181256
-17.748226 21.151512 7.398436 2.181200
-17.708057 21.405373 7.443807 2.178877
-17.712301 21.717430 7.509141 2.175532
-18.089340 22.498598 7.735388 2.163948
-17.835627 22.502964 7.693889 2.166073
-17.584618 22.507286 7.653206 2.168156
-17.336231 22.511562 7.613320 2.170198
-17.090420 22.515799 7.574216 2.172200
-16.847109 22.519995 7.535879 2.174163
-16.606232 22.524149 7.498290 2.176087
-16.367743 22.528265 7.461438 2.177974
-15.415804 21.532576 7.095843 2.196693
-15.192284 21.536436 7.061992 2.198426
-15.013294 21.601297 7.048719 2.199106
-14.920292 21.790543 7.076308 2.197693
-14.826554 21.981270 7.104459 2.196252
-14.732056 22.173534 7.133183 2.194781
-14.636786 22.367355 7.162488 2.193281
-14.538866 22.559900 7.191468 2.191797
-14.319361 22.563707 7.160638 2.193375
-14.101728 22.567484 7.130420 2.194922
-13.885908 22.571230 7.100800 2.196439
-13.671872 22.574947 7.071769 2.197925
-13.262753 22.248472 6.940325 2.204655
-12.661092 21.580313 6.704157 2.216747
-12.461406 21.583788 6.678047 2.218084
-12.323969 21.694117 6.685399 2.217708
-12.230564 21.884020 6.717444 2.216067
-12.136251 22.075758 6.750127 2.214394
-12.041006 22.269381 6.783462 2.212687
-11.944811 22.464922 6.817457 2.210946
-11.818763 22.607218 6.835433 2.210026
-11.620311 22.610683 6.811786 2.211236
-11.423219 22.614126 6.788632 2.212422
-11.227446 22.617550 6.765964 2.213583
-11.032975 22.620951 6.743776 2.214719
-10.839760 22.624332 6.722059 2.215831
-10.175338 21.623695 6.403491 2.232141
-9.993028 21.626890 6.383622 2.233159
-9.831230 21.672832 6.376767 2.233510
-9.725586 21.844023 6.407003 2.231961
-9.618923 22.016855 6.437841 2.230382
-9.511226 22.191355 6.469293 2.228772
-9.402463 22.367573 6.501369 2.227130
-9.292604 22.545557 6.534086 2.225455
-9.152786 22.653940 6.546819 2.224803
-8.970595 22.657148 6.529488 2.225690
-8.789365 22.660339 6.512565 2.226557
-8.609064 22.663517 6.496047 2.227402
-8.429660 22.666679 6.479927 2.228228
-8.251143 22.669830 6.464201 2.229033
-7.885867 22.146097 6.299009 2.237491
-7.546271 21.669943 6.148442 2.245200
-7.378064 21.672916 6.134521 2.245913
-7.210602 21.675877 6.120962 2.246607
-7.101107 21.854959 6.157382 2.244742
-6.998720 22.062775 6.202014 2.242457
-6.894835 22.273619 6.247601 2.240123
-6.789405 22.487589 6.294170 2.237738
-6.680272 22.697624 6.339749 2.235405
-6.509309 22.700659 6.327749 2.236019
-6.338978 22.703682 6.316102 2.236616
-6.169272 22.706697 6.304805 2.237194
-6.000164 22.709703 6.293856 2.237755
-5.831628 22.712702 6.283250 2.238298
-5.663658 22.715693 6.272986 2.238823
-5.496228 22.718674 6.263060 2.239331
-5.197238 22.158569 6.098499 2.247757
-4.933821 21.716318 5.967157 2.254482
-4.775261 21.719147 5.958629 2.254918
-4.617147 21.721968 5.950415 2.255339
-4.476682 21.808683 5.965463 2.254568
-4.363628 22.037970 6.019700 2.251791
-4.248501 22.271446 6.075225 2.248948
-4.131223 22.509275 6.132083 2.246037
-4.010594 22.745211 6.188579 2.243145
-3.847561 22.748131 6.181915 2.243486
-3.684858 22.751047 6.175565 2.243811
-3.522494 22.753960 6.169530 2.244120
-3.360440 22.756868 6.163808 2.244413
-3.198678 22.759773 6.158396 2.244690
-3.037192 22.762676 6.153294 2.244951
-2.858168 22.624788 6.110476 2.247144
-2.662335 22.327051 6.024898 2.251525
-2.471904 22.037539 5.941972 2.255771
-2.287463 21.763756 5.863703 2.259778
-2.134228 21.766516 5.860290 2.259953
-1.981152 21.769278 5.857166 2.260113
-1.830839 21.802940 5.862641 2.259833
-1.698309 22.071527 5.931530 2.256306
-1.562620 22.346504 6.002349 2.252680
-1.423644 22.628134 6.075178 2.248951
-1.274401 22.794466 6.117297 2.246794
-1.114972 22.797352 6.115833 2.246869
-0.955611 22.800238 6.114669 2.246929
-0.796303 22.803123 6.113803 2.246973
-0.637032 22.806011 6.113236 2.247002
-0.477771 22.808901 6.112967 2.247016
-0.318529 22.811792 6.112997 2.247014
-0.157429 22.549988 6.042398 2.250629
0.000000 22.251734 5.962334 2.254729
0.153319 21.961277 5.884650 2.258706
0.304562 21.810696 5.844728 2.260750
0.456932 21.813469 5.846184 2.260675
0.609385 21.816248 5.847926 2.260586
0.766824 21.958977 5.887476 2.258561
0.931506 22.225107 5.960428 2.254826
1.100340 22.497942 6.035511 2.250982
1.273477 22.777721 6.112803 2.247024
1.437211 22.843779 6.133074 2.245986
1.597598 22.846710 6.136706 2.245800
1.758182 22.849649 6.140643 2.245599
1.918993 22.852592 6.144885 2.245382
2.080022 22.855541 6.149433 2.245149
2.241298 22.858498 6.154288 2.244900
2.398904 22.824043 6.149371 2.245152
2.531887 22.572302 6.086160 2.248389
2.662182 22.325665 6.024524 2.251544
2.789861 22.083990 5.964419 2.254622
2.916546 21.858480 5.908869 2.257466
3.072412 21.861347 5.915298 2.257137
3.228625 21.864222 5.922030 2.256792
3.398795 21.954834 5.952855 2.255214
3.632563 22.428093 6.087903 2.248299
3.871297 22.888466 6.220051 2.241533
4.036391 22.891510 6.228385 2.241107
4.201937 22.894566 6.237046 2.240663
4.367964 22.897631 6.246037 2.240203
4.534467 22.900707 6.255359 2.239726
4.701477 22.903795 6.265015 2.239231
4.869011 22.906895 6.275008 2.238719
5.037089 22.910006 6.285340 2.238191
5.160386 22.713491 6.241159 2.240453
5.276086 22.494688 6.191007 2.243021
5.389950 22.279373 6.141954 2.245532
5.502031 22.067442 6.093970 2.247989
5.625151 21.908525 6.060782 2.249688
5.789295 21.911575 6.072659 2.249080
5.954080 21.914637 6.084880 2.248454
6.231126 22.317379 6.208634 2.242118
6.577537 22.938597 6.394074 2.232623
6.752150 22.941847 6.407964 2.231912
6.927546 22.945114 6.422229 2.231182
7.103721 22.948397 6.436872 2.230432
7.280709 22.951696 6.451898 2.229663
7.458536 22.955013 6.467310 2.228874
7.626431 22.925905 6.473952 2.228534
7.743987 22.747789 6.438766 2.230335
7.860272 22.571611 6.404274 2.232101
7.975327 22.397310 6.370462 2.233832
8.089180 22.224840 6.337315 2.235529
8.201863 22.054153 6.304818 2.237193
8.341520 21.959187 6.294165 2.237739
8.518700 21.962505 6.312009 2.236825
8.696896 21.965845 6.330264 2.235890
9.288259 22.989246 6.643720 2.219841
9.476940 22.992788 6.663702 2.218818
9.666785 22.996353 6.684132 2.217772
9.857793 22.999941 6.705015 2.216703
10.050008 23.003553 6.726358 2.215611
10.243462 23.007191 6.748168 2.214494
10.357952 22.833986 6.718411 2.216017
10.460963 22.639580 6.682539 2.217854
10.562881 22.447252 6.647374 2.219654
10.663740 22.256937 6.612900 2.221420
10.763567 22.068583 6.579103 2.223150
10.924740 22.007751 6.583545 2.222922
11.118773 22.011414 6.607702 2.221685
11.652360 22.673027 6.830569 2.210275
12.045635 23.041168 6.966642 2.203308
12.253294 23.045094 6.993523 2.201931
12.462572 23.049051 7.020957 2.200527
12.673527 23.053043 7.048954 2.199094
12.886166 23.057068 7.077520 2.197631
13.020468 22.920162 7.063226 2.198363
13.122214 22.728342 7.032174 2.199953
13.223080 22.538198 7.001735 2.201511
13.323092 22.349678 6.971897 2.203039
13.422257 22.162771 6.942653 2.204536
13.570068 22.057827 6.939286 2.204709
13.785821 22.061926 6.970684 2.203101
14.653738 23.090601 7.327849 2.184814
14.883705 23.094975 7.362035 2.183064
15.115824 23.099388 7.396902 2.181278
15.350163 23.103849 7.432465 2.179458
15.586782 23.108355 7.468739 2.177601
15.714185 22.949993 7.452831 2.178415
15.816606 22.757097 7.425870 2.179796
15.918290 22.565603 7.399467 2.181147
16.019264 22.375465 7.373610 2.182471
16.119545 22.186649 7.348294 2.183767
16.300770 22.109833 7.360364 2.183149
16.543751 22.114473 7.400180 2.181111
17.568909 23.146172 7.786273 2.161343
17.828781 23.151138 7.829623 2.159123
18.091579 23.156166 7.873847 2.156859
18.261423 23.040188 7.877569 2.156668
18.380402 22.860594 7.859850 2.157576
18.498848 22.681818 7.842596 2.158459
18.616787 22.503824 7.825799 2.159319
18.734232 22.326588 7.809457 2.160156
18.858601 22.158785 7.796625 2.160813
19.131483 22.164021 7.845273 2.158322
20.308899 23.198658 8.261483 2.137012
20.601728 23.204281 8.314502 2.134297
20.898357 23.209978 8.368617 2.131527
21.198891 23.215754 8.423856 2.128699
21.503458 23.221607 8.480250 2.125811
21.812124 23.227543 8.537820 2.122864
21.230644 22.294369 8.249089 2.137647
21.234913 21.989395 8.190901 2.140626
21.360113 21.812233 8.180256 2.141171
21.535767 21.686628 8.189341 2.140706
21.711811 21.560751 8.198846 2.140219
21.888277 21.434580 8.208776 2.139711
22.065187 21.308104 8.219132 2.139180
22.242558 21.181305 8.229918 2.138628
22.294310 20.935738 8.194784 2.140427
22.298395 20.648531 8.143100 2.143073
22.302437 20.364920 8.092459 2.145666
22.306437 20.084806 8.042836 2.148207
22.310398 19.808102 7.994208 2.150697
21.282511 18.631418 7.579103 2.171950
21.286213 18.373758 7.534557 2.174231
21.289881 18.119106 7.490898 2.176466
21.446299 17.995581 7.501547 2.175921
21.610832 17.878038 7.515257 2.175219
21.775993 17.760056 7.529388 2.174495
21.941776 17.641634 7.543942 2.173750
22.108217 17.522753 7.558923 2.172983
22.275331 17.403397 7.574335 2.172194
22.348007 17.210287 7.558007 2.173030
22.351591 16.965769 7.518976 2.175029
22.355145 16.723778 7.480713 2.176987
22.358669 16.484228 7.443202 2.178908
22.362167 16.247065 7.406426 2.180791
22.365639 16.012228 7.370372 2.182637
22.369083 15.779642 7.335023 2.184447
21.338005 14.830294 6.962803 2.203504
21.341244 14.612652 6.930403 2.205163
21.344460 14.397020 6.898639 2.206789
21.441494 14.245698 6.897689 2.206838
21.598495 14.133650 6.916283 2.205886
21.756348 14.021003 6.935316 2.204912
21.915085 13.907733 6.954796 2.203914
22.074728 13.793821 6.974729 2.202894
22.235304 13.679254 6.995120 2.201850
22.396847 13.564002 7.015977 2.200782
22.405462 13.356329 6.989295 2.202148
22.408646 13.147072 6.961488 2.203572
22.411814 12.939466 6.934239 2.204967
22.414963 12.733474 6.907540 2.206334
22.418095 12.529040 6.881381 2.207673
22.421211 12.326159 6.855756 2.208985
22.424311 12.124776 6.830655 2.210270
22.219809 11.814482 6.743073 2.214755
21.414906 11.195445 6.474931 2.228483
21.396198 10.996144 6.445905 2.229970
21.399099 10.809457 6.423887 2.231097
21.401987 10.624036 6.402333 2.232201
21.472168 10.472676 6.401300 2.232254
21.627321 10.362079 6.425831 2.230997
21.783693 10.250620 6.450871 2.229715
21.941290 10.138294 6.476423 2.228407
22.100155 10.025072 6.502498 2.227072
22.260317 9.910932 6.529105 2.225710
22.421810 9.795851 6.556253 2.224320
22.463364 9.627801 6.548589 2.224712
22.466286 9.443952 6.530061 2.225661
22.469198 9.261132 6.511956 2.226588
22.472103 9.079319 6.494269 2.227493
22.474998 8.898484 6.476995 2.228378
22.477884 8.718589 6.460127 2.229241
22.480762 8.539635 6.443663 2.230084
22.483633 8.361586 6.427597 2.230907
22.486496 8.184415 6.411925 2.231709
22.064032 7.856651 6.275668 2.238686
21.652716 7.540266 6.143554 2.245450
21.454878 7.303831 6.072805 2.249072
21.457582 7.137985 6.059318 2.249763
21.460281 6.972868 6.046186 2.250435
21.462976 6.808460 6.033407 2.251089
21.548056 6.670230 6.044085 2.250543
21.710304 6.554722 6.076611 2.248878
21.874323 6.437961 6.109790 2.247179
22.040157 6.319913 6.143636 2.245446
22.207853 6.200547 6.178164 2.243678
22.377472 6.079817 6.213391 2.241874
22.523174 5.950874 6.242160 2.240401
22.525965 5.783682 6.231591 2.240942
22.528753 5.617049 6.221362 2.241466
22.531538 5.450955 6.211471 2.241973
22.534323 5.285370 6.201914 2.242462
22.537104 5.120299 6.192691 2.242934
22.539883 4.955712 6.183797 2.243390
22.542660 4.791590 6.175231 2.243828
22.545437 4.627916 6.166991 2.244250
22.548212 4.464659 6.159074 2.244655
22.395510 4.272167 6.109067 2.247216
22.119301 4.059649 6.025844 2.251477
21.850508 3.852834 5.945146 2.255609
21.588810 3.651476 5.866864 2.259617
21.518824 3.485282 5.841089 2.260936
21.521471 3.331695 5.835352 2.261230
21.524120 3.178403 5.829912 2.261508
21.526770 3.025390 5.824767 2.261772
21.607243 2.883024 5.840953 2.260943
21.790434 2.752765 5.885135 2.258681
21.976421 2.620525 5.930281 2.256370
22.165298 2.486234 5.976419 2.254007
22.357157 2.349832 6.023580 2.251593
22.552084 2.211254 6.071791 2.249124
22.589928 2.055837 6.077967 2.248808
22.592726 1.897159 6.075008 2.248960
22.595528 1.738629 6.072350 2.249096
22.598333 1.580229 6.069992 2.249216
22.601145 1.421946 6.067932 2.249322
22.603960 1.263750 6.066171 2.249412
22.606779 1.105651 6.064709 2.249487
22.609604 0.947621 6.063544 2.249547
22.612432 0.789644 6.062676 2.249591
22.615269 0.631704 6.062107 2.249620
22.446360 0.470177 6.015803 2.251991
22.238947 0.310530 5.959489 2.254874
22.035376 0.153836 5.904505 2.257689
21.824913 -0.000000 5.038678 2.302020
21.628841 -0.151000 4.993533 2.304331
21.568874 -0.301178 4.980052 2.305021
21.571617 -0.451861 4.981293 2.304958
21.574368 -0.602627 4.982778 2.304882
21.577124 -0.753490 4.984508 2.304793
21.616102 -0.905983 4.994852 2.304264
21.851791 -1.068731 5.050914 2.301393
22.092852 -1.235182 5.108502 2.298445
22.339493 -1.405482 5.167675 2.295415
22.591936 -1.579782 5.228496 2.292301
22.640728 -1.742109 5.242475 2.291585
22.643677 -1.901443 5.246104 2.291399
22.646637 -2.061006 5.249995 2.291200
22.649607 -2.220813 5.254149 2.290987
22.652586 -2.380883 5.258568 2.290761
22.655577 -2.541230 5.263253 2.290521
22.658577 -2.701872 5.268204 2.290268
22.661589 -2.862825 5.273423 2.290001
22.664614 -3.024105 5.278911 2.289720
22.667648 -3.185730 5.284669 2.289425
22.521353 -3.325664 5.255847 2.290900
22.343346 -3.458933 5.219813 2.292745
22.167755 -3.590393 5.184522 2.294553
21.994518 -3.720094 5.149954 2.296322
21.823570 -3.848084 5.116093 2.298056
21.654850 -3.974409 5.082921 2.299754
21.640118 -4.128073 5.086104 2.299591
21.643116 -4.285452 5.093716 2.299202
21.646128 -4.443312 5.101601 2.298798
21.649157 -4.601670 5.109762 2.298380
21.835524 -4.800851 5.161535 2.295729
22.166609 -5.036130 5.247981 2.291303
22.509005 -5.279439 5.337640 2.286713
22.711603 -5.494515 5.394647 2.283794
22.714861 -5.663451 5.404681 2.283280
22.718138 -5.833026 5.415018 2.282751
22.721432 -6.003261 5.425661 2.282206
22.724745 -6.174176 5.436613 2.281646
22.728077 -6.345793 5.447876 2.281069
22.731430 -6.518133 5.459454 2.280476
22.734802 -6.691216 5.471350 2.279867
22.738195 -6.865066 5.483567 2.279241
22.710911 -7.030201 5.488690 2.278979
22.550867 -7.153556 5.461948 2.280348
22.392370 -7.275722 5.435730 2.281691
22.235382 -7.396727 5.410025 2.283007
22.079866 -7.516600 5.384823 2.284297
21.925787 -7.635367 5.360116 2.285562
21.773111 -7.753057 5.335894 2.286802
21.713438 -7.903046 5.334662 2.286865
21.716873 -8.076432 5.349228 2.286119
21.720333 -8.250781 5.364138 2.285356
21.723816 -8.426113 5.379395 2.284575
22.183073 -8.782900 5.508169 2.277982
22.769560 -9.199499 5.669606 2.269716
22.788141 -9.392594 5.690422 2.268650
22.791906 -9.580835 5.707925 2.267754
22.795700 -9.770249 5.725818 2.266838
22.799522 -9.960867 5.744106 2.265902
22.803377 -10.152718 5.762794 2.264945
22.807264 -10.345834 5.781889 2.263967
22.811182 -10.540246 5.801395 2.262969
22.815132 -10.735987 5.821321 2.261948
22.706465 -10.879115 5.812831 2.262383
22.551113 -10.998913 5.792578 2.263420
22.396833 -11.117885 5.772746 2.264435
22.243603 -11.236053 5.753330 2.265429
22.091394 -11.353435 5.734323 2.266403
21.940184 -11.470051 5.715719 2.267355
21.789944 -11.585919 5.697513 2.268287
21.791525 -11.782634 5.719295 2.267172
21.795609 -11.982238 5.742182 2.266000
21.799730 -12.183458 5.765537 2.264804
22.789846 -12.946435 6.051157 2.250181
22.865383 -13.201335 6.095537 2.247909
22.869833 -13.417652 6.121546 2.246577
22.874329 -13.635838 6.148081 2.245218
22.878870 -13.855937 6.175151 2.243832
22.883459 -14.077997 6.202766 2.242418
22.888094 -14.302069 6.230936 2.240976
22.892778 -14.528200 6.259671 2.239505
22.771727 -14.675376 6.254433 2.239773
22.613207 -14.797668 6.239117 2.240557
22.455458 -14.919372 6.224179 2.241322
22.298456 -15.040499 6.209615 2.242068
22.142181 -15.161069 6.195421 2.242795
21.986616 -15.281096 6.181593 2.243502
21.866909 -15.425408 6.178064 2.243683
21.871794 -15.658669 6.210180 2.242039
21.876738 -15.894381 6.242938 2.240361
22.942598 -16.914743 6.580640 2.223071
22.947906 -17.167227 6.616378 2.221241
22.953281 -17.422489 6.652835 2.219375
22.958721 -17.680597 6.690026 2.217471
22.964230 -17.941624 6.727967 2.215528
22.969809 -18.205648 6.766675 2.213546
22.907482 -18.418087 6.786027 2.212555
22.740664 -18.546833 6.774803 2.213130
22.574390 -18.675161 6.763944 2.213686
22.408644 -18.803085 6.753450 2.214223
22.243404 -18.930622 6.743318 2.214742
22.078655 -19.057783 6.733544 2.215243
21.946966 -19.213116 6.734125 2.215213
21.952888 -19.490688 6.777530 2.212990
21.958897 -19.771879 6.821834 2.210722
23.029884 -21.029175 7.199986 2.191361
23.036367 -21.331909 7.248395 2.188882
23.042946 -21.638767 7.297822 2.186352
23.049622 -21.949860 7.348290 2.183768
22.990782 -22.201941 7.378766 2.182207
22.812458 -22.339611 7.371410 2.182584
22.634485 -22.477015 7.364428 2.182941
22.456839 -22.614168 7.357818 2.183280
22.279507 -22.751085 7.351578 2.183599
22.102468 -22.887777 7.345707 2.183900
22.031246 -23.135090 7.375537 2.182372
22.038467 -23.468582 7.432623 2.179450
23.114624 -24.961525 7.854146 2.157868
23.122452 -25.322319 7.916684 2.154666
23.130415 -25.688929 7.980620 2.151392
23.072681 -25.987389 8.023103 2.149217
22.880301 -26.135956 8.019460 2.149404
22.688086 -26.284401 8.016211 2.149570
22.496017 -26.432734 8.013355 2.149716
22.304081 -26.580969 8.010893 2.149842
22.112253 -26.729124 8.008823 2.149948
22.117970 -27.119308 8.079270 2.146341
22.541374 -28.035816 8.305226 2.134772
22.225658 -28.041803 8.260832 2.137045
21.913284 -28.047726 8.217309 2.139274
21.604166 -28.053583 8.174637 2.141459
21.298229 -28.059380 8.132799 2.143601
20.995386 -28.065113 8.091780 2.145701
19.961351 -27.074921 7.765916 2.162385
19.705635 -27.122480 7.739909 2.163717
19.572945 -27.339201 7.762570 2.162556
19.439472 -27.557207 7.785746 2.161370
19.305197 -27.776539 7.809444 2.160156
19.170097 -27.997225 7.833672 2.158916
18.956161 -28.103666 7.826235 2.159297
18.675549 -28.108963 7.791211 2.161090
18.397425 -28.114210 7.756876 2.162848
17.478819 -27.121819 7.449219 2.178600
17.215181 -27.126787 7.417393 2.180229
17.007812 -27.218189 7.409738 2.180621
16.891663 -27.457008 7.442467 2.178946
16.774483 -27.697964 7.475854 2.177236
16.656244 -27.941109 7.509912 2.175493
16.515306 -28.149660 7.534791 2.174219
16.255039 -28.154552 7.505543 2.175716
15.996769 -28.159407 7.476882 2.177184
15.740453 -28.164223 7.448802 2.178621
15.486038 -28.169001 7.421290 2.180030
14.693045 -27.174221 7.132010 2.194841
14.451201 -27.178759 7.106549 2.196145
14.292788 -27.339582 7.122336 2.195336
14.175088 -27.581738 7.159465 2.193435
14.056151 -27.826450 7.197339 2.191496
13.935946 -28.073786 7.235970 2.189518
13.754767 -28.201452 7.243949 2.189110
13.514030 -28.205957 7.220695 2.190300
13.274819 -28.210430 7.197940 2.191465
13.037100 -28.214874 7.175676 2.192605
12.787765 -28.190468 7.146590 2.194094
12.120186 -27.222383 6.879551 2.207767
11.895003 -27.226587 6.859459 2.208796
11.680162 -27.251865 6.845117 2.209530
11.559791 -27.499660 6.886919 2.207390
11.437938 -27.750515 6.929575 2.205206
11.314561 -28.004520 6.973108 2.202977
11.184740 -28.249432 7.014476 2.200859
10.958861 -28.253637 6.996352 2.201787
10.734136 -28.257818 6.978661 2.202693
10.510536 -28.261976 6.961397 2.203577
10.288024 -28.266113 6.944554 2.204439
9.908795 -27.827133 6.819541 2.210840
9.496847 -27.271235 6.666897 2.218655
9.285220 -27.275162 6.651848 2.219425
9.104583 -27.369385 6.659163 2.219051
8.966354 -27.595600 6.698809 2.217021
8.826465 -27.824543 6.739262 2.214950
8.684870 -28.056286 6.780541 2.212836
8.541525 -28.290903 6.822664 2.210680
8.329859 -28.302429 6.811254 2.211264
8.116722 -28.306374 6.798399 2.211922
7.904377 -28.310299 6.785923 2.212561
7.692799 -28.314211 6.773822 2.213180
7.481964 -28.318106 6.762093 2.213781
7.091090 -27.617968 6.582925 2.222954
6.811874 -27.320934 6.500631 2.227168
6.610528 -27.324648 6.490376 2.227693
6.433497 -27.429359 6.504421 2.226974
6.296120 -27.712486 6.560976 2.224078
6.156331 -28.000597 6.618850 2.221115
6.014046 -28.293863 6.678085 2.218082
5.819163 -28.348757 6.681290 2.217918
5.613951 -28.352530 6.672780 2.218354
5.409250 -28.356293 6.664615 2.218772
5.205043 -28.360046 6.656794 2.219172
5.001301 -28.363787 6.649314 2.219555
4.798006 -28.367519 6.642174 2.219921
4.509642 -27.843382 6.511919 2.226590
4.236834 -27.368294 6.393733 2.232641
4.041926 -27.371866 6.387820 2.232944
3.847366 -27.375431 6.382228 2.233230
3.685990 -27.625217 6.434306 2.230563
3.530405 -27.946047 6.503132 2.227040
3.371449 -28.273838 6.573773 2.223423
3.185241 -28.397055 6.597090 2.222229
2.985035 -28.400713 6.592938 2.222441
2.785072 -28.404366 6.589111 2.222637
2.585330 -28.408010 6.585610 2.222817
2.385791 -28.411652 6.582432 2.222980
2.178550 -28.312778 6.555842 2.224341
1.956705 -27.982183 6.475971 2.228430
1.740189 -27.659519 6.398329 2.232405
1.532885 -27.417690 6.339757 2.235404
1.341117 -27.421179 6.338245 2.235482
1.149435 -27.424665 6.337041 2.235543
0.969388 -27.759640 6.412724 2.231668
0.785966 -28.138048 6.498714 2.227266
0.595820 -28.444225 6.568307 2.223703
0.397230 -28.447830 6.568339 2.223701
0.198632 -28.451433 6.568691 2.223683
-0.000000 -28.455034 6.569362 2.223649
-0.198683 -28.458635 6.570354 2.223598
-0.397435 -28.462236 6.571665 2.223531
-0.589193 -28.127657 6.495206 2.227445
-0.776011 -27.781645 6.416399 2.231480
-0.959026 -27.462898 6.344174 2.235178
-1.151183 -27.466372 6.346679 2.235050
-1.343501 -27.469847 6.349494 2.234906
-1.550192 -27.727182 6.411321 2.231740
-1.766787 -28.082283 6.496124 2.227398
-1.989204 -28.446938 6.583530 2.222923
-2.192546 -28.494669 6.597959 2.222184
-2.393069 -28.498281 6.602503 2.221952
-2.593878 -28.501900 6.607375 2.221702
-2.794990 -28.505520 6.612577 2.221436
-2.996432 -28.509144 6.618109 2.221153
-3.177964 -28.332178 6.582018 2.223001
-3.342131 -28.027941 6.516601 2.226350
-3.503074 -27.729668 6.452780 2.229618
-3.670851 -27.511753 6.407878 2.231916
-3.867020 -27.515276 6.414831 2.231561
-4.063624 -27.518803 6.422111 2.231188
-4.351100 -28.106388 6.566165 2.223812
-4.622203 -28.538330 6.674451 2.218268
-4.827518 -28.542007 6.683031 2.217829
-5.033376 -28.545692 6.691958 2.217372
-5.239793 -28.549385 6.701236 2.216897
-5.446794 -28.553087 6.710867 2.216403
-5.654401 -28.556797 6.720854 2.215892
-5.832299 -28.412748 6.696372 2.217146
-5.980787 -28.137390 6.641153 2.219973
-6.126851 -27.866512 6.587155 2.222738
-6.270564 -27.599981 6.534340 2.225442
-6.464547 -27.561726 6.535809 2.225367
-6.668763 -27.565365 6.547553 2.224765
-7.016500 -28.141644 6.695907 2.217170
-7.339858 -28.586855 6.813866 2.211130
-7.553981 -28.590664 6.827178 2.210448
-7.768953 -28.594486 6.840876 2.209747
-7.984795 -28.598324 6.854962 2.209026
-8.201542 -28.602175 6.869443 2.208285
-8.381001 -28.476194 6.853072 2.209123
-8.530188 -28.253338 6.813605 2.211143
-8.677670 -28.033014 6.774917 2.213124
-8.823488 -27.815163 6.736990 2.215066
-8.969812 -27.606245 6.701393 2.216889
-9.184642 -27.610050 6.717719 2.216053
-9.400531 -27.613873 6.734453 2.215196
-9.971257 -28.633543 6.999937 2.201603
-10.197370 -28.637543 7.018147 2.200671
-10.424676 -28.641562 7.036796 2.199716
-10.653204 -28.645599 7.055889 2.198738
-10.882985 -28.649656 7.075431 2.197738
-11.043059 -28.470699 7.050103 2.199035
-11.175195 -28.225323 7.008490 2.201165
-11.305785 -27.982800 6.967700 2.203254
-11.434867 -27.743065 6.927715 2.205301
-11.624309 -27.653133 6.925354 2.205422
-11.853884 -27.657177 6.946923 2.204318
-12.474267 -28.552471 7.193502 2.191693
-12.770457 -28.682917 7.248652 2.188869
-13.013083 -28.687181 7.272512 2.187647
-13.257324 -28.691475 7.296886 2.186399
-13.503219 -28.695795 7.321782 2.185125
-13.686240 -28.565390 7.312710 2.185589
-13.815297 -28.325558 7.275827 2.187478
-13.943062 -28.088114 7.239664 2.189329
-14.069564 -27.852999 7.204206 2.191145
-14.235355 -27.698999 7.189904 2.191877
-14.482954 -27.703339 7.217100 2.190485
-15.274336 -28.726847 7.511335 2.175420
-15.535016 -28.731409 7.540703 2.173916
-15.797754 -28.736006 7.570671 2.172382
-16.062601 -28.740635 7.601250 2.170816
-16.329603 -28.745302 7.632449 2.169219
-16.598824 -28.750004 7.664280 2.167589
-16.870310 -28.754745 7.696754 2.165926
-17.144119 -28.759523 7.729883 2.164230
-16.820261 -27.773548 7.496255 2.176192
-16.863827 -27.411760 7.430202 2.179574
-17.039110 -27.268276 7.423373 2.179923
-17.214077 -27.125042 7.416916 2.180254
-17.388744 -26.982044 7.410830 2.180565
-17.563129 -26.839270 7.405113 2.180858
-17.590094 -26.475222 7.338372 2.184275
-17.598558 -26.090937 7.265735 2.187994
-17.606852 -25.714157 7.194866 2.191623
-16.896675 -24.311127 6.835135 2.210041
-16.904314 -23.963390 6.770384 2.213356
-16.926973 -23.643349 6.713186 2.216285
-17.084284 -23.514500 6.710304 2.216432
-17.241465 -23.385752 6.707750 2.216563
-17.398529 -23.257092 6.705523 2.216677
-17.555492 -23.128504 6.703623 2.216774
-17.667620 -22.941874 6.685117 2.217722
-17.674591 -22.622444 6.627832 2.220655
-17.681438 -22.308414 6.571835 2.223522
-17.688164 -21.999636 6.517091 2.226325
-17.694771 -21.695936 6.463561 2.229066
-16.979445 -20.524618 6.149774 2.245131
-16.985569 -20.242613 6.100658 2.247646
-16.991589 -19.965044 6.052609 2.250106
-17.086554 -19.794960 6.037063 2.250902
-17.227810 -19.679171 6.038283 2.250840
-17.369133 -19.563322 6.039797 2.250762
-17.510525 -19.447409 6.041605 2.250670
-17.652010 -19.331411 6.043708 2.250562
-17.749504 -19.167719 6.031125 2.251206
-17.755112 -18.907274 5.988033 2.253413
-17.760633 -18.650497 5.945836 2.255573
-17.766073 -18.397306 5.904515 2.257689
-17.771431 -18.147583 5.864045 2.259761
-17.776711 -17.901249 5.824408 2.261790
-17.781914 -17.658207 5.785581 2.263778
-17.061724 -16.708071 5.513169 2.277726
-17.066574 -16.480999 5.477424 2.279556
-17.071358 -16.256828 5.442400 2.281349
-17.104004 -16.061728 5.416928 2.282653
-17.231833 -15.956854 5.421999 2.282394
-17.359909 -15.851771 5.427343 2.282120
-17.488235 -15.746478 5.432961 2.281832
-17.616835 -15.640953 5.438856 2.281530
-17.745712 -15.535195 5.445028 2.281214
-17.830156 -15.390580 5.437838 2.281583
-17.834639 -15.178464 5.406754 2.283174
-17.839064 -14.968752 5.376284 2.284734
-17.843435 -14.761369 5.346412 2.286264
-17.847754 -14.556271 5.317127 2.287763
-17.852018 -14.353393 5.288416 2.289233
-17.856232 -14.152673 5.260266 2.290674
-17.860397 -13.954072 5.232666 2.292088
-17.864513 -13.757523 5.205606 2.293473
-17.575750 -13.340719 5.094199 2.299177
-17.143795 -12.825199 4.942928 2.306922
-17.147612 -12.642306 4.918459 2.308175
-17.151384 -12.461209 4.894469 2.309403
-17.166353 -12.289897 4.874137 2.310444
-17.284491 -12.192866 4.883392 2.309970
-17.403082 -12.095458 4.892921 2.309482
-17.522142 -11.997659 4.902726 2.308980
-17.641680 -11.899463 4.912808 2.308464
-17.761715 -11.800851 4.923172 2.307934
-17.882256 -11.701818 4.933819 2.307388
-17.910507 -11.542536 4.919261 2.308134
-17.914085 -11.368622 4.898324 2.309206
-17.917629 -11.196177 4.877802 2.310256
-17.921139 -11.025154 4.857684 2.311286
-17.924614 -10.855531 4.837966 2.312296
-17.928057 -10.687268 4.818640 2.313286
-17.931467 -10.520327 4.799698 2.314255
-17.934847 -10.354689 4.781137 2.315206
-17.938194 -10.190310 4.762947 2.316137
-17.941513 -10.027172 4.745125 2.317050
-17.944803 -9.865240 4.727665 2.317944
-17.628328 -9.531599 4.626643 2.323116
-17.219276 -9.155652 4.502400 2.329477
-17.222351 -9.003624 4.486659 2.330283
-17.225399 -8.852652 4.471243 2.331072
-17.228422 -8.702703 4.456148 2.331845
-17.231421 -8.553749 4.441369 2.332602
-17.314640 -8.444914 4.447515 2.332287
-17.429220 -8.350680 4.461862 2.331553
-17.544540 -8.255834 4.476520 2.330802
-17.660624 -8.160355 4.491493 2.330035
-17.777491 -8.064225 4.506786 2.329252
-17.895153 -7.967435 4.522404 2.328453
-17.985159 -7.857519 4.531176 2.328004
-17.988096 -7.709707 4.518246 2.328666
-17.991014 -7.562727 4.505607 2.329313
-17.993912 -7.416553 4.493256 2.329945
-17.996788 -7.271174 4.481189 2.330563
-17.999645 -7.126560 4.469402 2.331167
-18.002481 -6.982701 4.457893 2.331756
-18.005301 -6.839573 4.446659 2.332331
-18.008101 -6.697150 4.435695 2.332892
-18.010881 -6.555425 4.425000 2.333440
-18.013645 -6.414367 4.414569 2.333974
-18.016392 -6.273970 4.404400 2.334495
-18.019121 -6.134210 4.394491 2.335002
-17.965929 -5.976467 4.371236 2.336193
-17.717951 -5.756911 4.301018 2.339788
-17.477791 -5.544279 4.233220 2.343259
-17.294653 -5.353589 4.179709 2.345999
-17.297195 -5.222332 4.171410 2.346424
-17.299723 -5.091583 4.163346 2.346837
-17.302237 -4.961337 4.155514 2.347238
-17.304739 -4.831567 4.147912 2.347627
-17.307226 -4.702268 4.140538 2.348004
-17.426645 -4.604319 4.161316 2.346941
-17.549589 -4.505967 4.183061 2.345827
-17.673822 -4.406579 4.205237 2.344692
-17.799387 -4.306122 4.227857 2.343534
-17.926306 -4.204576 4.250928 2.342352
-18.054619 -4.101910 4.274460 2.341148
-18.060774 -3.970917 4.269250 2.341414
-18.063269 -3.839466 4.263400 2.341714
-18.065752 -3.708363 4.257771 2.342002
-18.068224 -3.577604 4.252364 2.342279
-18.070684 -3.447169 4.247176 2.342545
-18.073135 -3.317039 4.242205 2.342799
-18.075577 -3.187212 4.237453 2.343042
-18.078009 -3.057663 4.232915 2.343275
-18.080431 -2.928390 4.228592 2.343496
-18.082844 -2.799373 4.224483 2.343706
-18.085249 -2.670595 4.220586 2.343906
-18.087645 -2.542053 4.216900 2.344095
-18.090033 -2.413723 4.213426 2.344273
-18.092411 -2.285602 4.210161 2.344440
-18.010572 -2.147632 4.187525 2.345598
-17.840141 -2.001091 4.144550 2.347799
-17.673168 -1.857525 4.102647 2.349944
-17.509520 -1.716821 4.061776 2.352037
-17.365940 -1.580423 4.025812 2.353878
-17.368179 -1.458448 4.023872 2.353978
-17.370413 -1.336579 4.022130 2.354067
-17.372641 -1.214813 4.020584 2.354146
-17.374865 -1.093131 4.019234 2.354215
-17.377081 -0.971529 4.018080 2.354274
-17.448225 -0.853361 4.033055 2.353508
-17.589079 -0.737199 4.064324 2.351907
-17.732132 -0.619220 4.096281 2.350271
-17.877459 -0.499360 4.128946 2.348598
-18.025118 -0.377571 4.162339 2.346888
-18.129568 -0.253154 4.185948 2.345680
-18.131845 -0.126584 4.186168 2.345668
-18.134119 0.000000 4.186591 2.345646
-18.136389 0.126621 4.187217 2.345614
-18.138655 0.253281 4.188046 2.345572
-18.140917 0.379997 4.189079 2.345519
-18.143177 0.506787 4.190316 2.345456
-18.145433 0.633653 4.191757 2.345382
-18.147688 0.760616 4.193402 2.345298
-18.149940 0.887681 4.195252 2.345203
-18.152189 1.014864 4.197308 2.345098
-18.154438 1.142182 4.199569 2.344982
-18.156683 1.269639 4.202036 2.344856
-18.158928 1.397256 4.204711 2.344719
-18.161171 1.525037 4.207593 2.344571
-18.084925 1.645856 4.192489 2.345345
-17.955273 1.760532 4.165180 2.346743
-17.827297 1.873724 4.138426 2.348112
-17.700939 1.985481 4.112212 2.349455
-17.576170 2.095832 4.086525 2.350770
-17.452940 2.204818 4.061354 2.352059
-17.435635 2.326412 4.061007 2.352076
-17.437782 2.450721 4.065393 2.351852
-17.439932 2.575308 4.069987 2.351617
-17.442081 2.700178 4.074789 2.351371
-17.444233 2.825348 4.079800 2.351114
-17.554710 2.969159 4.110386 2.349548
-17.749102 3.129646 4.160917 2.346961
-17.948341 3.294140 4.212914 2.344299
-18.152620 3.462798 4.266433 2.341558
-18.197048 3.603112 4.282683 2.340727
-18.199303 3.735782 4.289247 2.340391
-18.201557 3.868860 4.296040 2.340043
-18.203815 4.002372 4.303063 2.339683
-18.206078 4.136321 4.310318 2.339312
-18.208344 4.270727 4.317808 2.338928
-18.210611 4.405612 4.325535 2.338532
-18.212883 4.540982 4.333499 2.338125
-18.215160 4.676861 4.341704 2.337705
-18.217440 4.813256 4.350151 2.337272
-18.219725 4.950189 4.358842 2.336827
-18.222015 5.087680 4.367782 2.336370
-18.224310 5.225737 4.376970 2.335899
-18.226610 5.364386 4.386410 2.335416
-18.112974 5.468630 4.368145 2.336351
-17.997114 5.571037 4.349477 2.337307
-17.882229 5.672579 4.331178 2.338244
-17.768303 5.773272 4.313241 2.339162
-17.655304 5.873141 4.295660 2.340062
-17.543219 5.972200 4.278429 2.340945
-17.498972 6.093785 4.277908 2.340971
-17.501226 6.231909 4.288992 2.340404
-17.503490 6.370749 4.300341 2.339822
-17.505760 6.510337 4.311961 2.339227
-17.508039 6.650681 4.323854 2.338619
-17.785320 6.898470 4.404119 2.334509
-18.118258 7.173528 4.498855 2.329659
-18.259514 7.377322 4.546607 2.327214
-18.261925 7.527026 4.560182 2.326519
-18.264347 7.677626 4.574059 2.325808
-18.266779 7.829150 4.588245 2.325082
-18.269222 7.981629 4.602743 2.324339
-18.271675 8.135074 4.617558 2.323581
-18.274139 8.289520 4.632693 2.322806
-18.276615 8.444983 4.648154 2.322014
-18.279102 8.601492 4.663945 2.321206
-18.281603 8.759079 4.680072 2.320380
-18.284115 8.917759 4.696538 2.319537
-18.286642 9.077571 4.713351 2.318676
-18.231567 9.209429 4.715613 2.318561
-18.116823 9.310781 4.702632 2.319225
-18.002699 9.411586 4.689950 2.319875
-17.889183 9.511847 4.677563 2.320509
-17.776253 9.611588 4.665468 2.321128
-17.663904 9.710814 4.653660 2.321733
-17.558289 9.812994 4.643771 2.322239
-17.560823 9.975939 4.662748 2.321267
-17.563375 10.140220 4.682108 2.320276
-17.565945 10.305882 4.701860 2.319265
-17.617474 10.502124 4.735162 2.317560
-18.318111 11.093841 4.944173 2.306858
-18.320845 11.271061 4.966029 2.305739
-18.323595 11.449853 4.988320 2.304598
-18.326368 11.630271 5.011057 2.303434
-18.329159 11.812339 5.034247 2.302246
-18.331972 11.996105 5.057899 2.301035
-18.334806 12.181620 5.082022 2.299800
-18.337664 12.368910 5.106624 2.298541
-18.340542 12.558036 5.131716 2.297256
-18.343445 12.749027 5.157306 2.295946
-18.346371 12.941939 5.183405 2.294610
-18.232122 13.052921 5.176748 2.294950
-18.111887 13.159057 5.168567 2.295369
-17.992020 13.264865 5.160663 2.295774
-17.872515 13.370351 5.153033 2.296165
-17.753355 13.475528 5.145676 2.296541
-17.634521 13.580413 5.138588 2.296904
-17.618584 13.765146 5.161821 2.295715
-17.621597 13.966711 5.191146 2.294213
-17.624640 14.170576 5.221058 2.292682
-18.377094 14.987991 5.474826 2.279689
-18.380331 15.205535 5.507282 2.278027
-18.383598 15.425672 5.540394 2.276332
-18.386902 15.648485 5.574180 2.274602
-18.390240 15.874030 5.608652 2.272837
-18.393612 16.102388 5.643827 2.271036
-18.397022 16.333645 5.679725 2.269198
-18.400471 16.567858 5.716360 2.267322
-18.369934 16.774059 5.743115 2.265953
-18.239042 16.889542 5.738917 2.266167
-18.108335 17.004858 5.735005 2.266368
-17.977793 17.120024 5.731376 2.266553
-17.847412 17.235046 5.728030 2.266725
-17.717171 17.349941 5.724966 2.266881
-17.674395 17.551434 5.750597 2.265569
-17.678032 17.801878 5.792076 2.263446
-18.433393 18.823566 6.082475 2.248577
-18.437286 19.092369 6.127592 2.246267
-18.441231 19.365206 6.173686 2.243907
-18.445229 19.642174 6.220779 2.241496
-18.449280 19.923409 6.268903 2.239032
-18.453390 20.209045 6.318087 2.236514
-18.457558 20.499195 6.368358 2.233940
-18.332769 20.648701 6.374886 2.233606
-18.188189 20.776203 6.374893 2.233605
-18.043600 20.903709 6.375209 2.233589
-17.898981 21.031237 6.375835 2.233557
-17.754332 21.158787 6.376772 2.233509
-17.730164 21.432095 6.421678 2.231210
-17.734608 21.744780 6.478113 2.228321
-18.084423 22.492485 6.663090 2.218850
-17.830805 22.496881 6.627354 2.220680
-17.579889 22.501234 6.592320 2.222473
-17.331594 22.505541 6.557971 2.224232
-17.085873 22.509808 6.524298 2.225956
-16.842649 22.514030 6.491283 2.227646
-16.601856 22.518215 6.458913 2.229304
-16.363451 22.522358 6.427178 2.230928
-15.411782 21.526957 6.112267 2.247052
-15.188338 21.530846 6.083116 2.248544
-15.023576 21.616091 6.077419 2.248836
-14.930550 21.805523 6.101223 2.247617
-14.836788 21.996443 6.125511 2.246374
-14.742266 22.188902 6.150294 2.245105
-14.646971 22.382921 6.175579 2.243810
-14.535192 22.554201 6.194688 2.242832
-14.315758 22.558031 6.168138 2.244191
-14.098196 22.561829 6.142115 2.245524
-13.882443 22.565598 6.116606 2.246830
-13.668475 22.569338 6.091606 2.248110
-13.030868 21.859482 5.875314 2.259184
-12.657970 21.574995 5.774957 2.264322
-12.458345 21.578487 5.752471 2.265473
-12.332894 21.709827 5.764390 2.264863
-12.239465 21.899946 5.792041 2.263447
-12.145126 22.091900 5.820242 2.262003
-12.049855 22.285746 5.849006 2.260531
-11.953633 22.481514 5.878340 2.259029
-11.815925 22.601788 5.888075 2.258530
-11.617530 22.605270 5.867711 2.259573
-11.420494 22.608732 5.847771 2.260594
-11.224777 22.612173 5.828249 2.261594
-11.030360 22.615591 5.809140 2.262572
-10.701162 22.335058 5.717751 2.267251
-10.172942 21.618605 5.516024 2.277580
-9.990683 21.621815 5.498913 2.278455
-9.837674 21.687038 5.497899 2.278507
-9.731991 21.858410 5.523985 2.277172
-9.625289 22.031425 5.550591 2.275810
-9.517550 22.206112 5.577726 2.274420
-9.408747 22.382521 5.605401 2.273003
-9.298846 22.560699 5.633627 2.271558
-9.150681 22.648729 5.639519 2.271257
-8.968537 22.651949 5.624593 2.272021
-8.787354 22.655155 5.610019 2.272767
-8.607099 22.658344 5.595793 2.273495
-8.427741 22.661520 5.581910 2.274206
-8.249269 22.664680 5.568367 2.274899
-7.842021 22.022964 5.397125 2.283667
-7.544565 21.665043 5.296373 2.288826
-7.376400 21.668028 5.284384 2.289439
-7.208980 21.671000 5.272706 2.290037
-7.107209 21.873739 5.309832 2.288136
-7.004778 22.081869 5.348354 2.286164
-6.900847 22.293039 5.387700 2.284150
-6.795369 22.507343 5.427895 2.282092
-6.678783 22.692568 5.461186 2.280387
-6.507862 22.695612 5.450851 2.280916
-6.337572 22.698645 5.440821 2.281430
-6.167905 22.701668 5.431091 2.281928
-5.998837 22.704681 5.421661 2.282411
-5.830341 22.707687 5.412527 2.282878
-5.662410 22.710686 5.403687 2.283331
-5.481541 22.657965 5.381907 2.284446
-5.180852 22.088707 5.237973 2.291816
-4.932739 21.711554 5.140245 2.296819
-4.774215 21.714388 5.132900 2.297195
-4.616137 21.717215 5.125826 2.297558
-4.481058 21.830000 5.144937 2.296579
-4.367932 22.059704 5.191760 2.294182
-4.252729 22.293615 5.239696 2.291728
-4.135373 22.531891 5.288784 2.289214
-4.009722 22.740265 5.330994 2.287053
-3.846725 22.743191 5.325254 2.287347
-3.684059 22.746111 5.319786 2.287627
-3.521731 22.749027 5.314588 2.287893
-3.359712 22.751940 5.309659 2.288146
-3.197985 22.754848 5.304999 2.288384
-3.036535 22.757753 5.300604 2.288609
-2.853126 22.584877 5.255571 2.290915
-2.657704 22.288218 5.182094 2.294677
-2.467663 21.999735 5.110890 2.298322
-2.286970 21.759064 5.051146 2.301381
-2.133768 21.761827 5.048207 2.301532
-1.980726 21.764589 5.045516 2.301669
-1.832968 21.828293 5.057195 2.301072
-1.700307 22.097494 5.116689 2.298026
-1.564480 22.373112 5.177853 2.294894
-1.425359 22.655403 5.240753 2.291673
-1.274127 22.789566 5.269602 2.290196
-1.114732 22.792452 5.268342 2.290261
-0.955405 22.795338 5.267339 2.290312
-0.796132 22.798225 5.266593 2.290350
-0.636895 22.801113 5.266105 2.290375
-0.477668 22.804003 5.265873 2.290387
-0.318460 22.806892 5.265899 2.290386
-0.157156 22.510979 5.197196 2.293903
0.000000 22.213749 5.128448 2.297423
0.153060 21.924278 5.061742 2.300839
0.304496 21.806007 5.034804 2.302218
0.456833 21.808781 5.036058 2.302154
0.609254 21.811558 5.037559 2.302077
0.767666 21.983089 5.078290 2.299992
0.932541 22.249815 5.141284 2.296766
1.101579 22.523270 5.206122 2.293447
1.274929 22.803692 5.272869 2.290029
1.436901 22.838856 5.283191 2.289500
1.597253 22.841785 5.286319 2.289340
1.757803 22.844719 5.289709 2.289167
1.918579 22.847658 5.293362 2.288980
2.079573 22.850603 5.297279 2.288779
2.240813 22.853554 5.301461 2.288565
2.395469 22.791361 5.290784 2.289112
2.528299 22.540314 5.236475 2.291892
2.658447 22.294346 5.183519 2.294604
2.785987 22.053318 5.131876 2.297248
2.915913 21.853733 5.090045 2.299390
3.071744 21.856592 5.095582 2.299106
3.227922 21.859461 5.101380 2.298809
3.405594 21.998751 5.139310 2.296867
3.639995 22.473976 5.256140 2.290885
3.870451 22.883463 5.358099 2.285665
4.035508 22.886501 5.365276 2.285298
4.201016 22.889549 5.372735 2.284916
4.367006 22.892607 5.380478 2.284519
4.533471 22.895674 5.388506 2.284108
4.700442 22.898754 5.396823 2.283683
4.867937 22.901844 5.405429 2.283242
5.035976 22.904945 5.414327 2.282786
5.154067 22.685675 5.370871 2.285011
5.269677 22.467361 5.327765 2.287218
5.383454 22.252522 5.285603 2.289377
5.495452 22.041054 5.244358 2.291489
5.623898 21.903645 5.220878 2.292691
5.788002 21.906683 5.231107 2.292167
5.952748 21.909735 5.241632 2.291628
6.251345 22.389793 5.366790 2.285220
6.576059 22.933443 5.507972 2.277992
6.750630 22.936682 5.519934 2.277379
6.925983 22.939936 5.532220 2.276750
7.102114 22.943205 5.544831 2.276105
7.279059 22.946493 5.557771 2.275442
7.456841 22.949797 5.571044 2.274762
7.618872 22.903183 5.572505 2.274688
7.736354 22.725367 5.542248 2.276237
7.852566 22.549482 5.512589 2.277755
7.967548 22.375467 5.483512 2.279244
8.081332 22.203278 5.455008 2.280704
8.193947 22.032866 5.427063 2.282134
8.339590 21.954105 5.421872 2.282400
8.516723 21.957409 5.437239 2.281613
8.699739 21.973026 5.456014 2.280652
9.286091 22.983881 5.722972 2.266984
9.474722 22.987404 5.740180 2.266103
9.664515 22.990952 5.757774 2.265202
9.855471 22.994522 5.775759 2.264281
10.047633 22.998116 5.794140 2.263340
10.241033 23.001736 5.812922 2.262378
10.347496 22.810936 5.782819 2.263920
10.450459 22.616848 5.751973 2.265499
10.552331 22.424831 5.721735 2.267047
10.653144 22.234821 5.692091 2.268565
10.752927 22.046766 5.663030 2.270053
10.922095 22.002424 5.671087 2.269640
11.116073 22.006065 5.691891 2.268575
11.732497 22.828960 5.925775 2.256600
12.042686 23.035528 6.001071 2.252745
12.250282 23.039431 6.024221 2.251560
12.459498 23.043365 6.047847 2.250350
12.670388 23.047333 6.071958 2.249116
12.882961 23.051334 6.096559 2.247856
13.008136 22.898455 6.079995 2.248704
13.109840 22.706909 6.053290 2.250072
13.210665 22.517038 6.027113 2.251412
13.310637 22.328783 6.001452 2.252726
13.409761 22.142138 5.976303 2.254013
13.566607 22.052198 5.977446 2.253955
13.782288 22.056271 6.004484 2.252570
14.649965 23.084656 6.312136 2.236819
14.879855 23.089001 6.341576 2.235311
15.111896 23.093386 6.371602 2.233774
15.346155 23.097815 6.402227 2.232206
15.582691 23.102289 6.433465 2.230607
15.700005 22.929283 6.415653 2.231519
15.802384 22.736637 6.392465 2.232706
15.904029 22.545387 6.369756 2.233869
16.004963 22.355490 6.347518 2.235007
16.105204 22.166910 6.325744 2.236122
16.296360 22.103849 6.340060 2.235389
16.539249 22.108456 6.374348 2.233633
17.564102 23.139839 6.706909 2.216606
17.823877 23.144770 6.744240 2.214695
18.086575 23.149759 6.782322 2.212745
18.246441 23.021284 6.781837 2.212770
18.365355 22.841881 6.766596 2.213550
18.483738 22.663292 6.751753 2.214310
18.601612 22.485481 6.737305 2.215050
18.718994 22.308428 6.723248 2.215770
18.853195 22.152433 6.715738 2.216154
19.125963 22.157629 6.757631 2.214009
20.303003 23.191925 7.116125 2.195654
20.595711 23.197502 7.161780 2.193317
20.892214 23.203154 7.208380 2.190931
21.192617 23.208881 7.255946 2.188495
21.497051 23.214689 7.304507 2.186009
21.805582 23.220575 7.354080 2.183471
21.206776 22.269304 7.099523 2.196504
21.211206 21.964848 7.049498 2.199066
21.346216 21.798044 7.043621 2.199367
21.521740 21.672504 7.051437 2.198966
21.697655 21.546694 7.059616 2.198548
21.873989 21.420588 7.068161 2.198110
22.050764 21.294176 7.077073 2.197654
22.227999 21.167442 7.086354 2.197179
22.270561 20.913435 7.053201 2.198876
22.274790 20.626673 7.008764 2.201151
22.278975 20.343496 6.965223 2.203381
22.283115 20.063807 6.922557 2.205565
22.287212 19.787518 6.880746 2.207706
21.260527 18.612171 6.523499 2.225997
21.264353 18.354889 6.485197 2.227958
21.268259 18.100704 6.447692 2.229878
21.432062 17.983637 6.459131 2.229293
21.596460 17.866150 6.470929 2.228688
21.761484 17.748222 6.483088 2.228066
21.927130 17.629858 6.495611 2.227425
22.093430 17.511032 6.508501 2.226765
22.260403 17.391733 6.521762 2.226086
22.326050 17.193377 6.505670 2.226910
22.329742 16.949184 6.472106 2.228628
22.333403 16.707512 6.439203 2.230313
22.337034 16.468277 6.406945 2.231964
22.340635 16.231422 6.375320 2.233583
22.344208 15.996885 6.344315 2.235171
22.347754 15.764595 6.313916 2.236727
21.317753 14.816217 5.993540 2.253131
21.321083 14.598847 5.965676 2.254557
21.324389 14.383482 5.938359 2.255956
21.426746 14.235899 5.939042 2.255921
21.583599 14.123902 5.955041 2.255102
21.741302 14.011307 5.971418 2.254263
21.899885 13.898088 5.988179 2.253405
22.059376 13.784227 6.005329 2.252527
22.219793 13.669711 6.022874 2.251629
22.381176 13.554513 6.040819 2.250710
22.385101 13.344193 6.016587 2.251951
22.388365 13.135172 5.992671 2.253175
22.391607 12.927801 5.969236 2.254375
22.394833 12.722038 5.946273 2.255551
22.398037 12.517831 5.923774 2.256703
22.401226 12.315171 5.901735 2.257831
22.404396 12.114008 5.880146 2.258936
22.180269 11.793459 5.799573 2.263062
21.378311 11.176313 5.569344 2.274850
21.377398 10.986482 5.548987 2.275892
21.380360 10.799992 5.530050 2.276861
21.383308 10.614763 5.511511 2.277811
21.456469 10.465019 5.511403 2.277816
21.611448 10.354474 5.532508 2.276736
21.767643 10.243067 5.554051 2.275633
21.925060 10.130795 5.576035 2.274507
22.083740 10.017627 5.598468 2.273358
22.243717 9.903541 5.621359 2.272186
22.405020 9.788515 5.644715 2.270991
22.444237 9.619603 5.637537 2.271358
22.447210 9.435933 5.621601 2.272174
22.450174 9.253291 5.606028 2.272971
22.453127 9.071652 5.590815 2.273750
22.456070 8.890990 5.575956 2.274511
22.459003 8.711266 5.561447 2.275254
22.461927 8.532480 5.547285 2.275979
22.464842 8.354597 5.533465 2.276686
22.467749 8.177591 5.519984 2.277377
22.042862 7.849113 5.402002 2.283417
21.632380 7.533184 5.288387 2.289234
21.437115 7.297784 5.228069 2.292323
21.439857 7.132089 5.216467 2.292917
21.442593 6.967121 5.205172 2.293495
21.445322 6.802859 5.194179 2.294058
21.530649 6.664842 5.203448 2.293583
21.692673 6.549399 5.231428 2.292151
21.856461 6.432704 5.259969 2.290690
22.022060 6.314724 5.289083 2.289199
22.189516 6.195426 5.318784 2.287678
22.358891 6.074768 5.349086 2.286127
22.504894 5.946044 5.373953 2.284853
22.507713 5.778996 5.364862 2.285319
22.510529 5.612505 5.356063 2.285769
22.513342 5.446553 5.347555 2.286205
22.516150 5.281108 5.339334 2.286626
22.518955 5.116176 5.331399 2.287032
22.521759 4.951727 5.323749 2.287424
22.524559 4.787743 5.316380 2.287801
22.527359 4.624205 5.309291 2.288164
22.530155 4.461083 5.302481 2.288513
22.380787 4.269359 5.260184 2.290679
22.104958 4.057016 5.188572 2.294345
21.836527 3.850369 5.119131 2.297900
21.575180 3.649171 5.051768 2.301349
21.501688 3.482506 5.028744 2.302528
21.504351 3.329045 5.023808 2.302781
21.507011 3.175877 5.019128 2.303021
21.509674 3.022988 5.014702 2.303247
21.586916 2.880312 5.027900 2.302572
21.769781 2.750156 5.065896 2.300626
21.955431 2.618022 5.104720 2.298638
22.143965 2.483841 5.144398 2.296607
22.335468 2.347552 5.184953 2.294530
22.530031 2.209091 5.226411 2.292408
22.572075 2.054212 5.232709 2.292085
22.574879 1.895661 5.230165 2.292216
22.577686 1.737256 5.227878 2.292333
22.580498 1.578982 5.225849 2.292436
22.583311 1.420824 5.224077 2.292527
22.586130 1.262753 5.222562 2.292605
22.588951 1.104779 5.221304 2.292669
22.591778 0.946874 5.220302 2.292721
22.594608 0.789021 5.219556 2.292759
22.597443 0.631206 5.219066 2.292784
22.435150 0.469942 5.180698 2.294748
22.227943 0.310376 5.132226 2.297230
22.024574 0.153761 5.084898 2.299653
21.814487 -0.000000 4.240307 2.342896
21.618601 -0.150929 4.202332 2.344841
21.552151 -0.300944 4.189722 2.345486
21.554886 -0.451511 4.190764 2.345433
21.557629 -0.602159 4.192013 2.345369
21.560377 -0.752905 4.193468 2.345294
21.590816 -0.904923 4.200514 2.344934
21.825945 -1.067467 4.247605 2.342523
22.066422 -1.233705 4.295977 2.340046
22.312460 -1.403781 4.345678 2.337501
22.564276 -1.577848 4.396761 2.334886
22.623102 -1.740753 4.410484 2.334183
22.626038 -1.899961 4.413535 2.334027
22.628981 -2.059399 4.416806 2.333859
22.631933 -2.219080 4.420299 2.333681
22.634895 -2.379024 4.424013 2.333491
22.637869 -2.539244 4.427951 2.333289
22.640850 -2.699758 4.432113 2.333076
22.643843 -2.860583 4.436500 2.332851
22.646847 -3.021734 4.441113 2.332615
22.649860 -3.183230 4.445954 2.332367
22.512430 -3.324347 4.423426 2.333520
22.334553 -3.457572 4.393111 2.335073
22.159092 -3.588990 4.363421 2.336593
21.985979 -3.718650 4.334340 2.338082
21.815155 -3.846600 4.305852 2.339540
21.646553 -3.972886 4.277944 2.340969
21.622980 -4.124804 4.278872 2.340922
21.625950 -4.282053 4.285271 2.340594
21.628935 -4.439783 4.291900 2.340255
21.631933 -4.598009 4.298760 2.339903
21.800312 -4.793110 4.338765 2.337855
22.130268 -5.027874 4.411312 2.334141
22.471472 -5.270636 4.486551 2.330289
22.693409 -5.490113 4.538404 2.327634
22.696630 -5.658906 4.546839 2.327202
22.699869 -5.828336 4.555528 2.326757
22.703125 -5.998425 4.564474 2.326299
22.706398 -6.169192 4.573680 2.325828
22.709690 -6.340660 4.583148 2.325343
22.713001 -6.512848 4.592881 2.324844
22.716330 -6.685780 4.602880 2.324332
22.719679 -6.859476 4.613150 2.323807
22.702806 -7.027693 4.619574 2.323478
22.542860 -7.151017 4.597074 2.324630
22.384457 -7.273151 4.575015 2.325759
22.227562 -7.394125 4.553388 2.326867
22.072136 -7.513968 4.532184 2.327952
21.918148 -7.632707 4.511396 2.329016
21.765558 -7.750367 4.491017 2.330060
21.695404 -7.896482 4.487807 2.330224
21.698786 -8.069706 4.500051 2.329597
21.702192 -8.243890 4.512584 2.328956
21.705622 -8.419056 4.525408 2.328299
22.124525 -8.759720 4.625383 2.323180
22.707706 -9.174509 4.760578 2.316258
22.768887 -9.384658 4.787023 2.314904
22.772589 -9.572715 4.801735 2.314151
22.776318 -9.761943 4.816774 2.313381
22.780077 -9.952371 4.832146 2.312594
22.783865 -10.144030 4.847854 2.311790
22.787682 -10.336951 4.863903 2.310968
22.791531 -10.531166 4.880298 2.310129
22.795410 -10.726707 4.897045 2.309271
22.699047 -10.875562 4.892536 2.309502
22.543772 -10.995332 4.875494 2.310374
22.389568 -11.114278 4.858808 2.311229
22.236410 -11.232420 4.842470 2.312066
22.084274 -11.349775 4.826478 2.312884
21.933134 -11.466366 4.810824 2.313686
21.782967 -11.582209 4.795505 2.314470
21.772121 -11.772142 4.811094 2.313672
21.776123 -11.971526 4.830329 2.312687
21.780163 -12.172522 4.849957 2.311682
22.648148 -12.865938 5.063116 2.300768
22.844688 -13.189387 5.127514 2.297471
22.849047 -13.405456 5.149373 2.296352
22.853447 -13.623389 5.171674 2.295210
22.857893 -13.843232 5.194424 2.294045
22.862383 -14.065032 5.217631 2.292857
22.866919 -14.288836 5.241305 2.291645
22.871502 -14.514697 5.265454 2.290409
22.764677 -14.670833 5.264312 2.290467
22.606224 -14.793099 5.251425 2.291127
22.448540 -14.914775 5.238855 2.291771
22.291603 -15.035876 5.226601 2.292398
22.135391 -15.156420 5.214657 2.293010
21.979889 -15.276420 5.203022 2.293605
21.845879 -15.410573 5.196641 2.293932
21.850651 -15.643530 5.223629 2.292550
21.855476 -15.878933 5.251156 2.291141
22.920183 -16.898216 5.535181 2.276599
22.925364 -17.150364 5.565211 2.275061
22.930609 -17.405279 5.595846 2.273493
22.935917 -17.663036 5.627097 2.271893
22.941292 -17.923700 5.658978 2.270260
22.946733 -18.187357 5.691503 2.268595
22.900608 -18.412560 5.711806 2.267555
22.733850 -18.541277 5.702361 2.268039
22.567636 -18.669575 5.693224 2.268507
22.401953 -18.797470 5.684394 2.268959
22.236771 -18.924976 5.675868 2.269395
22.072081 -19.052109 5.667643 2.269817
21.923960 -19.192976 5.663878 2.270009
21.929729 -19.470125 5.700346 2.268142
21.935577 -19.750883 5.737569 2.266237
23.005268 -21.006697 6.055574 2.249955
23.011578 -21.308954 6.096246 2.247872
23.017981 -21.615322 6.137771 2.245746
23.024477 -21.925915 6.180170 2.243575
22.984003 -22.195393 6.210747 2.242010
22.805738 -22.333031 6.204557 2.242327
22.627823 -22.470400 6.198682 2.242627
22.450237 -22.607519 6.193120 2.242912
22.272961 -22.744400 6.187869 2.243181
22.095982 -22.881058 6.182930 2.243434
22.005957 -23.108532 6.202731 2.242420
22.012972 -23.441433 6.250685 2.239965
23.087675 -24.932421 6.605117 2.221818
23.095280 -25.292561 6.657648 2.219128
23.103014 -25.658495 6.711352 2.216379
23.065933 -25.979788 6.753105 2.214241
22.873611 -26.128317 6.750040 2.214398
22.681456 -26.276720 6.747305 2.214538
22.489447 -26.425013 6.744903 2.214661
22.297567 -26.573206 6.742831 2.214767
22.105799 -26.721321 6.741089 2.214856
22.090158 -27.085211 6.793818 2.212156
22.547382 -28.043289 6.994479 2.201883
22.231550 -28.049238 6.957082 2.203797
21.919065 -28.055124 6.920418 2.205675
21.609835 -28.060946 6.884471 2.207515
21.303789 -28.066704 6.849227 2.209320
21.000841 -28.072403 6.814673 2.211089
19.966511 -27.081919 6.540231 2.225140
19.694159 -27.106686 6.512849 2.226542
19.561512 -27.323233 6.531907 2.225566
19.428083 -27.541063 6.551397 2.224569
19.293852 -27.760216 6.571326 2.223548
19.158798 -27.980721 6.591701 2.222505
18.960924 -28.110727 6.590982 2.222542
18.680220 -28.115993 6.561479 2.224052
18.402004 -28.121210 6.532556 2.225533
18.126215 -28.126381 6.504201 2.226985
17.219431 -27.133484 6.246643 2.240172
16.995920 -27.199160 6.234294 2.240804
16.879801 -27.437727 6.261812 2.239395
16.762651 -27.678425 6.289883 2.237958
16.644442 -27.921310 6.318517 2.236492
16.519300 -28.156467 6.345479 2.235111
16.258955 -28.161337 6.320841 2.236373
16.000608 -28.166166 6.296699 2.237609
15.744216 -28.170956 6.273045 2.238820
15.489727 -28.175711 6.249870 2.240007
14.696532 -27.180670 6.006248 2.252480
14.454619 -27.185186 5.984800 2.253578
14.282258 -27.319441 5.992259 2.253196
14.164591 -27.561312 6.023474 2.251598
14.045687 -27.805735 6.055314 2.249968
13.925516 -28.052773 6.087791 2.248305
13.757966 -28.208010 6.100487 2.247655
13.517161 -28.212494 6.080900 2.248658
13.277886 -28.216948 6.061732 2.249639
13.040102 -28.221373 6.042978 2.250600
12.803778 -28.225769 6.024632 2.251539
12.140420 -27.267830 5.801932 2.262941
11.897718 -27.232803 5.776665 2.264235
11.673777 -27.236965 5.760119 2.265082
11.550678 -27.477983 5.793896 2.263352
11.428866 -27.728506 5.829753 2.261517
11.305531 -27.982170 5.866348 2.259643
11.180633 -28.239058 5.903695 2.257731
10.961323 -28.259981 5.891927 2.258333
10.736540 -28.264149 5.877025 2.259096
10.512884 -28.268291 5.862483 2.259841
10.290318 -28.272415 5.848296 2.260567
9.959756 -27.970245 5.771267 2.264511
9.498954 -27.277285 5.614464 2.272539
9.287275 -27.281200 5.601788 2.273188
9.098177 -27.350128 5.602762 2.273139
8.960008 -27.576069 5.636095 2.271432
8.820179 -27.804731 5.670106 2.269691
8.678648 -28.036186 5.704811 2.267914
8.535368 -28.270510 5.740226 2.266100
8.331680 -28.308617 5.736013 2.266316
8.118493 -28.312550 5.725186 2.266870
7.906098 -28.316465 5.714677 2.267409
7.694472 -28.320366 5.704484 2.267931
7.483588 -28.324251 5.694604 2.268436
7.114106 -27.707611 5.560508 2.275302
6.813347 -27.326845 5.474414 2.279710
6.611955 -27.330549 5.465775 2.280152
6.427457 -27.403608 5.471279 2.279871
6.290158 -27.686243 5.518806 2.277437
6.150450 -27.973846 5.567441 2.274947
6.008249 -28.266592 5.617218 2.272398
5.820411 -28.354836 5.626543 2.271921
5.615153 -28.358603 5.619374 2.272288
5.410407 -28.362360 5.612497 2.272640
5.206155 -28.366106 5.605909 2.272977
5.002368 -28.369841 5.599609 2.273300
4.799029 -28.373568 5.593595 2.273608
4.520399 -27.909796 5.495811 2.278614
4.240273 -27.390509 5.387596 2.284155
4.042786 -27.377686 5.379391 2.284575
3.848183 -27.381247 5.374681 2.284816
3.682036 -27.595583 5.411576 2.282927
3.526577 -27.915747 5.469399 2.279967
3.367754 -28.242851 5.528746 2.276928
3.185915 -28.403069 5.555620 2.275552
2.985667 -28.406723 5.552123 2.275731
2.785661 -28.410372 5.548900 2.275896
2.585876 -28.414017 5.545950 2.276047
2.386295 -28.417654 5.543273 2.276184
2.181931 -28.356722 5.528281 2.276952
1.959705 -28.025084 5.460827 2.280406
1.742825 -27.701416 5.395256 2.283763
1.533209 -27.423475 5.338908 2.286648
1.341400 -27.426964 5.337634 2.286713
1.149677 -27.430449 5.336620 2.286765
0.968161 -27.724512 5.392384 2.283910
0.784958 -28.101967 5.464600 2.280212
0.595946 -28.450222 5.531376 2.276793
0.397314 -28.453827 5.531403 2.276792
0.198674 -28.457432 5.531699 2.276777
-0.000000 -28.461035 5.532265 2.276748
-0.198725 -28.464638 5.533100 2.276705
-0.397519 -28.468239 5.534204 2.276649
-0.590127 -28.172274 5.477336 2.279560
-0.777227 -27.825176 5.410776 2.282968
-0.959845 -27.486380 5.346067 2.286281
-1.151426 -27.472174 5.344738 2.286349
-1.343785 -27.475651 5.347109 2.286228
-1.548430 -27.695663 5.391899 2.283935
-1.624726 -25.824293 5.029659 2.302481
-1.754425 -25.089441 4.888803 2.309693
-1.905778 -24.767782 4.828600 2.312776
-2.056400 -24.488998 4.776932 2.315421
-2.204296 -24.221111 4.727564 2.317949
-2.359166 -24.060640 4.699343 2.319394
-2.513518 -23.914526 4.674119 2.320685
-2.666288 -23.770487 4.649490 2.321946
-2.822900 -23.673538 4.634270 2.322725
-2.981317 -23.599535 4.623744 2.323264
-3.142243 -23.550020 4.618229 2.323547
-3.306556 -23.527367 4.618201 2.323548
-3.472481 -23.515593 4.620536 2.323428
-3.648925 -23.570614 4.636240 2.322624
-3.841284 -23.716793 4.670153 2.320888
-4.041910 -23.897209 4.711122 2.318791
-4.251408 -24.110929 4.758990 2.316339
-4.451210 -24.252737 4.792996 2.314599
-4.735364 -24.823639 4.912236 2.308494
-5.655621 -28.562958 5.659868 2.270215
-5.839402 -28.447351 5.644901 2.270981
-5.988010 -28.171375 5.598297 2.273367
-6.134191 -27.899897 5.552723 2.275701
-6.278015 -27.632780 5.508150 2.277983
-6.465953 -27.567720 5.504045 2.278193
-6.670216 -27.571371 5.513937 2.277686
-6.996331 -28.060751 5.621438 2.272182
-7.341463 -28.593107 5.738214 2.266203
-7.555636 -28.596930 5.749427 2.265629
-7.770658 -28.600767 5.760965 2.265039
-7.320282 -26.218307 5.291238 2.289089
-7.319460 -25.525993 5.161706 2.295721
-7.418123 -25.204617 5.107068 2.298518
-7.561737 -25.045675 5.085435 2.299626
-7.710590 -24.908884 5.068467 2.300494
-7.851110 -24.749836 5.047134 2.301587
-8.004613 -24.635664 5.035125 2.302202
-8.151923 -24.505583 5.020048 2.302974
-8.305234 -24.396460 5.009449 2.303516
-8.467943 -24.316616 5.005072 2.303740
-8.631503 -24.240078 5.001599 2.303918
-8.792186 -24.156332 4.996863 2.304161
-8.950305 -24.066643 4.991114 2.304455
-9.111106 -23.985153 4.987285 2.304651
-9.282829 -23.932556 4.989702 2.304527
-9.442218 -23.848320 4.985762 2.304729
-9.606847 -23.777781 4.984915 2.304772
-9.764230 -23.689795 4.980639 2.304991
-9.926124 -23.613310 4.979007 2.305075
-10.095829 -23.555328 4.981521 2.304946
-10.208270 -23.365808 4.956392 2.306233
-10.340924 -23.226097 4.941950 2.306972
-10.462269 -23.063942 4.922869 2.307949
-10.589082 -22.916868 4.907136 2.308755
-10.715024 -22.770582 4.891711 2.309544
-10.826380 -22.596399 4.870411 2.310635
-10.968494 -22.488747 4.863594 2.310984
-11.095981 -22.352707 4.850808 2.311639
-11.238795 -22.249029 4.845219 2.311925
-11.397708 -22.177536 4.846860 2.311841
-11.558622 -22.109608 4.849532 2.311704
-11.709034 -22.021490 4.848016 2.311782
-11.928082 -22.060526 4.874824 2.310409
-12.257648 -22.296576 4.945775 2.306776
-16.066521 -28.747648 6.401462 2.232245
-16.333605 -28.752344 6.427742 2.230900
-16.602907 -28.757078 6.454556 2.229527
-16.874477 -28.761848 6.481912 2.228126
-17.148373 -28.766661 6.509818 2.226697
-16.844416 -27.813431 6.320563 2.236387
-16.875032 -27.429976 6.260043 2.239486
-17.050423 -27.286379 6.254285 2.239781
-17.225494 -27.143034 6.248842 2.240059
-17.400269 -26.999928 6.243711 2.240322
-17.574760 -26.857044 6.238890 2.240569
-17.613811 -26.510918 6.186900 2.243231
-17.622053 -26.125767 6.125578 2.246370
-17.630127 -25.748150 6.065751 2.249434
-17.638039 -25.377810 6.007370 2.252423
-16.926235 -23.994465 5.707741 2.267764
-16.938143 -23.658949 5.655921 2.270417
-17.095552 -23.530010 5.653491 2.270541
-17.252832 -23.401171 5.651338 2.270652
-17.409996 -23.272421 5.649461 2.270748
-17.567060 -23.143744 5.647859 2.270830
-17.689318 -22.970049 5.635471 2.271464
-17.696112 -22.649990 5.587122 2.273939
-17.702785 -22.335348 5.539861 2.276359
-17.709341 -22.025974 5.493658 2.278725
-17.715782 -21.721697 5.448481 2.281038
-17.722115 -21.422352 5.404298 2.283300
-17.005413 -20.266264 5.142472 2.296705
-17.011286 -19.988186 5.101923 2.298781
-17.097807 -19.807999 5.086275 2.299583
-17.239161 -19.692137 5.087304 2.299530
-17.380579 -19.576214 5.088581 2.299465
-17.522068 -19.460228 5.090105 2.299387
-17.663651 -19.344158 5.091877 2.299296
-17.769167 -19.188953 5.083553 2.299722
-17.774641 -18.928072 5.047192 2.301584
-17.780031 -18.670868 5.011586 2.303407
-17.785341 -18.417259 4.976720 2.305192
-17.790573 -18.167130 4.942572 2.306940
-17.795729 -17.920401 4.909128 2.308653
-17.800812 -17.676971 4.876367 2.310330
-17.079737 -16.725710 4.646733 2.322087
-17.084475 -16.498285 4.616574 2.323631
-17.089148 -16.273771 4.587024 2.325144
-17.115362 -16.072393 4.563830 2.326332
-17.243286 -15.967461 4.568106 2.326113
-17.371460 -15.862319 4.572611 2.325882
-17.499884 -15.756966 4.577348 2.325640
-17.628582 -15.651381 4.582318 2.325385
-17.757557 -15.545565 4.587521 2.325119
-17.847965 -15.405951 4.582980 2.325351
-17.852350 -15.193537 4.556757 2.326694
-17.856680 -14.983533 4.531052 2.328010
-17.860956 -14.775864 4.505851 2.329300
-17.865183 -14.570486 4.481146 2.330565
-17.869358 -14.367334 4.456926 2.331805
-17.873484 -14.166346 4.433178 2.333021
-17.877562 -13.967483 4.409897 2.334213
-17.881594 -13.770677 4.387069 2.335382
-17.655016 -13.400885 4.308422 2.339409
-17.160021 -12.837337 4.165655 2.346719
-17.163759 -12.654212 4.145015 2.347775
-17.167458 -12.472887 4.124778 2.348811
-17.178057 -12.298277 4.106595 2.349742
-17.296299 -12.201195 4.114398 2.349343
-17.414993 -12.103737 4.122432 2.348931
-17.534159 -12.005887 4.130699 2.348508
-17.653803 -11.907640 4.139199 2.348073
-17.773947 -11.808978 4.147937 2.347625
-17.894598 -11.709895 4.156914 2.347166
-17.926689 -11.552964 4.145532 2.347749
-17.930201 -11.378849 4.127872 2.348653
-17.933680 -11.206207 4.110562 2.349539
-17.937126 -11.034989 4.093594 2.350408
-17.940540 -10.865176 4.076962 2.351259
-17.943922 -10.696726 4.060661 2.352094
-17.947273 -10.529600 4.044685 2.352912
-17.950594 -10.363780 4.029030 2.353714
-17.953886 -10.199223 4.013688 2.354499
-17.957148 -10.035910 3.998657 2.355269
-17.960382 -9.873805 3.983930 2.356023
-17.654675 -9.545844 3.901241 2.360256
-17.234119 -9.163545 3.794080 2.365743
-17.237144 -9.011358 3.780803 2.366423
-17.240145 -8.860229 3.767802 2.367088
-17.243120 -8.710128 3.755071 2.367740
-17.246073 -8.561023 3.742607 2.368378
-17.327181 -8.451031 3.747313 2.368137
-17.441887 -8.356749 3.759411 2.367518
-17.557331 -8.261852 3.771770 2.366885
-17.673542 -8.166324 3.784395 2.366239
-17.790539 -8.070144 3.797290 2.365579
-17.908333 -7.973304 3.810459 2.364904
-18.000124 -7.864058 3.818214 2.364507
-18.003023 -7.716104 3.807310 2.365066
-18.005899 -7.568985 3.796651 2.365612
-18.008759 -7.422672 3.786234 2.366145
-18.011597 -7.277158 3.776058 2.366666
-18.014418 -7.132409 3.766118 2.367175
-18.017220 -6.988418 3.756412 2.367672
-18.020002 -6.845158 3.746938 2.368157
-18.022768 -6.702605 3.737692 2.368630
-18.025517 -6.560751 3.728672 2.369092
-18.028248 -6.419567 3.719875 2.369542
-18.030964 -6.279045 3.711300 2.369981
-18.033663 -6.139161 3.702944 2.370409
-17.981445 -5.981628 3.683557 2.371402
-17.733007 -5.761803 3.624335 2.374434
-17.492407 -5.548915 3.567156 2.377362
-17.308493 -5.357872 3.521937 2.379677
-17.311008 -5.226503 3.514939 2.380035
-17.313511 -5.095642 3.508138 2.380383
-17.316002 -4.965283 3.501533 2.380721
-17.318480 -4.835403 3.495123 2.381050
-17.320944 -4.705996 3.488905 2.381368
-17.440802 -4.608059 3.506481 2.380468
-17.563921 -4.509646 3.524819 2.379529
-17.688332 -4.410196 3.543521 2.378572
-17.814077 -4.309676 3.562597 2.377595
-17.941181 -4.208065 3.582054 2.376599
-18.069685 -4.105333 3.601901 2.375582
-18.074934 -3.974030 3.597329 2.375817
-18.077410 -3.842472 3.592395 2.376069
-18.079876 -3.711263 3.587649 2.376312
-18.082333 -3.580397 3.583089 2.376546
-18.084778 -3.449857 3.578714 2.376770
-18.087215 -3.319623 3.574522 2.376984
-18.089643 -3.189692 3.570514 2.377190
-18.092062 -3.060040 3.566688 2.377385
-18.094471 -2.930664 3.563043 2.377572
-18.096872 -2.801545 3.559578 2.377749
-18.099266 -2.672665 3.556292 2.377918
-18.101650 -2.544021 3.553184 2.378077
-18.104029 -2.415590 3.550254 2.378227
-18.106398 -2.287369 3.547500 2.378368
-18.021185 -2.148897 3.527780 2.379378
-17.850546 -2.002258 3.491554 2.381232
-17.683371 -1.858597 3.456233 2.383041
-17.519527 -1.717802 3.421782 2.384805
-17.379324 -1.581641 3.392159 2.386321
-17.381557 -1.459571 3.390524 2.386405
-17.383787 -1.337608 3.389055 2.386480
-17.386013 -1.215748 3.387751 2.386547
-17.388233 -1.093972 3.386613 2.386606
-17.390448 -0.972276 3.385640 2.386655
-17.465321 -0.854198 3.398972 2.385972
-17.606447 -0.737927 3.425351 2.384622
-17.749779 -0.619836 3.452311 2.383242
-17.895391 -0.499861 3.479869 2.381831
-18.043346 -0.377953 3.508040 2.380388
-18.143503 -0.253349 3.527084 2.379413
-18.145782 -0.126682 3.527269 2.379404
-18.148060 0.000000 3.527625 2.379385
-18.150333 0.126718 3.528153 2.379359
-18.152603 0.253476 3.528853 2.379323
-18.154871 0.380289 3.529724 2.379278
-18.157137 0.507177 3.530766 2.379225
-18.159401 0.634140 3.531981 2.379163
-18.161663 0.761202 3.533369 2.379092
-18.163921 0.888365 3.534929 2.379012
-18.166180 1.015646 3.536662 2.378923
-18.168438 1.143063 3.538569 2.378825
-18.170692 1.270619 3.540650 2.378719
-18.172949 1.398335 3.542905 2.378603
-18.175201 1.526215 3.545336 2.378479
-18.093344 1.646622 3.531524 2.379186
-17.963577 1.761346 3.508511 2.380364
-17.835487 1.874585 3.485964 2.381519
-17.709021 1.986388 3.463872 2.382650
-17.584145 2.096783 3.442226 2.383758
-17.460810 2.205812 3.421013 2.384844
-17.449190 2.328221 3.421838 2.384802
-17.451355 2.452628 3.425537 2.384612
-17.453520 2.577314 3.429410 2.384414
-17.455688 2.702284 3.433459 2.384207
-17.457857 2.827555 3.437685 2.383991
-17.577934 2.973087 3.465333 2.382575
-17.772871 3.133837 3.507990 2.380391
-17.972679 3.298607 3.551887 2.378143
-18.177546 3.467553 3.597071 2.375830
-18.211359 3.605945 3.608656 2.375237
-18.213636 3.738725 3.614191 2.374953
-18.215918 3.871913 3.619920 2.374660
-18.218201 4.005534 3.625842 2.374357
-18.220488 4.139595 3.631961 2.374043
-18.222780 4.274114 3.638277 2.373720
-18.225077 4.409112 3.644792 2.373387
-18.227377 4.544596 3.651509 2.373043
-18.229683 4.680590 3.658428 2.372689
-18.231993 4.817101 3.665551 2.372324
-18.234308 4.954151 3.672881 2.371948
-18.236631 5.091761 3.680419 2.371562
-18.238958 5.229937 3.688168 2.371166
-18.237125 5.367481 3.695285 2.370801
-18.120186 5.470808 3.679239 2.371623
-18.004250 5.573245 3.663510 2.372428
-17.889288 5.674819 3.648090 2.373218
-17.775288 5.775541 3.632977 2.373991
-17.662216 5.875441 3.618162 2.374750
-17.550060 5.974529 3.603643 2.375494
-17.513302 6.098776 3.604750 2.375437
-17.515596 6.237026 3.614097 2.374958
-17.517900 6.375994 3.623669 2.374468
-17.520212 6.515712 3.633468 2.373966
-17.522533 6.656187 3.643498 2.373453
-17.822657 6.912951 3.715848 2.369749
-18.157112 7.188911 3.795950 2.365647
-18.274759 7.383482 3.831229 2.363841
-18.277220 7.533329 3.842677 2.363255
-18.279690 7.684075 3.854381 2.362656
-18.282171 7.835747 3.866344 2.362043
-18.284664 7.988376 3.878572 2.361417
-18.287169 8.141973 3.891066 2.360777
-18.289686 8.296574 3.903831 2.360124
-18.292215 8.452191 3.916870 2.359456
-18.294760 8.608859 3.930188 2.358774
-18.297316 8.766607 3.943790 2.358078
-18.299885 8.925450 3.957678 2.357367
-18.302469 9.085428 3.971858 2.356641
-18.238214 9.212786 3.971775 2.356645
-18.123409 9.314166 3.960838 2.357205
-18.009224 9.414997 3.950152 2.357752
-17.895651 9.515286 3.939715 2.358286
-17.782663 9.615054 3.929524 2.358808
-17.670258 9.714308 3.919576 2.359318
-17.573898 9.821719 3.913316 2.359638
-17.576502 9.984845 3.929322 2.358819
-17.579121 10.149310 3.945652 2.357983
-17.581758 10.315160 3.962312 2.357130
-17.694101 10.547802 4.004128 2.354989
-18.334743 11.103914 4.166544 2.346673
-18.337553 11.281341 4.184979 2.345729
-18.340384 11.460343 4.203782 2.344766
-18.343233 11.640974 4.222961 2.343784
-18.346106 11.823260 4.242522 2.342783
-18.349001 12.007249 4.262472 2.341761
-18.351919 12.192989 4.282820 2.340719
-18.354862 12.380510 4.303573 2.339657
-18.357828 12.569872 4.324739 2.338573
-18.360819 12.761104 4.346326 2.337468
-18.359133 12.950943 4.367223 2.336398
-18.238457 13.057455 4.360096 2.336763
-18.118170 13.163621 4.353203 2.337116
-17.998251 13.269459 4.346543 2.337457
-17.878695 13.374973 4.340115 2.337786
-17.759485 13.480181 4.333916 2.338104
-17.640602 13.585095 4.327945 2.338409
-17.635998 13.778751 4.350309 2.337264
-17.639114 13.980594 4.375048 2.335997
-17.642260 14.184743 4.400284 2.334705
-18.395575 15.003063 4.614185 2.323754
-18.398924 15.220917 4.641567 2.322352
-18.402308 15.441369 4.669502 2.320921
-18.405727 15.664507 4.698006 2.319462
-18.409184 15.890384 4.727089 2.317973
-18.412680 16.119081 4.756767 2.316453
-18.416214 16.350683 4.787054 2.314903
-18.419790 16.585253 4.817963 2.313320
-18.376188 16.779770 4.837083 2.312341
-18.245249 16.895287 4.833546 2.312522
-18.114492 17.010639 4.830250 2.312691
-17.983902 17.125841 4.827192 2.312848
-17.853474 17.240898 4.824373 2.312992
-17.723185 17.355829 4.821792 2.313124
-17.693857 17.570763 4.847068 2.311830
-17.697639 17.821625 4.882069 2.310038
-18.453991 18.844599 5.126884 2.297503
-18.458040 19.113859 5.164955 2.295554
-18.462145 19.387167 5.203852 2.293563
-18.466307 19.664621 5.243593 2.291528
-18.470526 19.946352 5.284204 2.289449
-18.474808 20.232500 5.325710 2.287323
-18.479151 20.523176 5.368134 2.285151
-18.338974 20.655691 5.369175 2.285098
-18.194345 20.783236 5.369181 2.285098
-18.049707 20.910786 5.369447 2.285084
-17.905041 21.038357 5.369975 2.285057
-17.760342 21.165953 5.370764 2.285017
-17.751970 21.458454 5.413405 2.282834
-17.756611 21.771759 5.461038 2.280395
-18.079588 22.486471 5.608513 2.272844
-17.826063 22.490898 5.578441 2.274384
-17.575239 22.495281 5.548959 2.275893
-17.327034 22.499619 5.520055 2.277373
-17.081398 22.503914 5.491718 2.278824
-16.838263 22.508167 5.463935 2.280246
-16.597553 22.512379 5.436696 2.281641
-16.359232 22.516550 5.409990 2.283009
-15.407827 21.521433 5.144925 2.296580
-15.184460 21.525345 5.120393 2.297836
-15.033707 21.630667 5.120356 2.297838
-14.940658 21.820286 5.140424 2.296810
-14.846872 22.011393 5.160902 2.295762
-14.752326 22.204044 5.181797 2.294692
-14.657007 22.398258 5.203114 2.293601
-14.531579 22.548595 5.214344 2.293025
-14.312215 22.552446 5.192001 2.294169
-14.094721 22.556269 5.170101 2.295291
-13.879036 22.560059 5.148635 2.296390
-13.665133 22.563820 5.127596 2.297467
-12.856050 21.566223 4.880378 2.310125
-12.654902 21.569763 4.861067 2.311113
-12.455337 21.573277 4.842144 2.312082
-12.341690 21.725311 4.856811 2.311331
-12.248236 21.915640 4.880125 2.310138
-12.153872 22.107809 4.903903 2.308920
-12.058575 22.301874 4.928155 2.307678
-11.962327 22.497864 4.952889 2.306412
-11.813133 22.596447 4.956315 2.306237
-11.614795 22.599949 4.939177 2.307114
-11.417814 22.603428 4.922397 2.307973
-11.222152 22.606884 4.905968 2.308814
-11.027789 22.610319 4.889886 2.309638
-10.490390 21.895142 4.719262 2.318374
-10.170586 21.613598 4.643161 2.322270
-9.988376 21.616821 4.628760 2.323007
-9.844023 21.701035 4.631964 2.322843
-9.738301 21.872583 4.653955 2.321718
-9.631560 22.045780 4.676385 2.320569
-9.523783 22.220652 4.699261 2.319398
-9.414938 22.397249 4.722593 2.318203
-9.304996 22.575619 4.746389 2.316985
-9.148610 22.643604 4.747139 2.316947
-8.966513 22.646837 4.734578 2.317590
-8.785376 22.650055 4.722312 2.318218
-8.605166 22.653255 4.710340 2.318830
-8.425853 22.656443 4.698657 2.319429
-8.247426 22.659616 4.687260 2.320012
-7.799350 21.903130 4.519403 2.328607
-7.542887 21.660225 4.458309 2.331734
-7.374763 21.663219 4.448219 2.332251
-7.214231 21.686785 4.442607 2.332538
-7.113223 21.892250 4.474416 2.330910
-7.010749 22.100693 4.506905 2.329247
-6.906773 22.312181 4.540089 2.327547
-6.801247 22.526814 4.573989 2.325812
-6.677320 22.687595 4.597058 2.324630
-6.506438 22.690647 4.588360 2.325076
-6.336188 22.693689 4.579918 2.325508
-6.166561 22.696720 4.571731 2.325927
-5.997532 22.699743 4.563794 2.326334
-5.829074 22.702757 4.556107 2.326727
-5.661182 22.705761 4.548667 2.327108
-5.464124 22.585970 4.516918 2.328734
-5.164829 22.020391 4.396491 2.334900
-4.931674 21.706867 4.326914 2.338462
-4.773186 21.709707 4.320732 2.338778
-4.615143 21.712542 4.314779 2.339083
-4.485372 21.851013 4.335968 2.337998
-4.372175 22.081133 4.375467 2.335976
-4.256899 22.315472 4.415906 2.333906
-4.139466 22.554188 4.457317 2.331785
-4.008864 22.735399 4.487489 2.330240
-3.845903 22.738331 4.482659 2.330488
-3.683272 22.741255 4.478056 2.330723
-3.520979 22.744177 4.473682 2.330947
-3.358996 22.747093 4.469534 2.331160
-3.197305 22.750006 4.465612 2.331361
-3.035889 22.752913 4.461914 2.331550
-2.848182 22.545742 4.417280 2.333835
-2.653163 22.250134 4.355628 2.336992
-2.463505 21.962660 4.295881 2.340051
-2.286484 21.754448 4.251929 2.342301
-2.133316 21.757214 4.249455 2.342428
-1.980306 21.759979 4.247191 2.342544
-1.835068 21.853300 4.262801 2.341744
-1.702278 22.123108 4.313008 2.339174
-1.566315 22.399353 4.364625 2.336531
-1.427052 22.682299 4.417710 2.333813
-1.273858 22.784748 4.435822 2.332886
-1.114496 22.787634 4.434762 2.332940
-0.955203 22.790520 4.433918 2.332983
-0.795963 22.793407 4.433290 2.333016
-0.636761 22.796295 4.432879 2.333036
-0.477568 22.799183 4.432684 2.333046
-0.318043 22.777014 4.427835 2.333295
-0.156889 22.472725 4.368362 2.336340
0.000000 22.176498 4.310675 2.339293
0.152807 21.887991 4.254698 2.342159
0.304432 21.801397 4.238175 2.343005
0.456737 21.804169 4.239231 2.342951
0.609125 21.806944 4.240494 2.342887
0.768497 22.006868 4.280309 2.340848
0.933562 22.274181 4.333463 2.338127
1.102800 22.548246 4.388174 2.335325
1.276361 22.829306 4.444498 2.332442
1.436597 22.834015 4.447258 2.332300
1.596914 22.836939 4.449891 2.332165
1.757430 22.839870 4.452744 2.332020
1.918171 22.842806 4.455819 2.331862
2.079131 22.845745 4.459115 2.331693
2.240336 22.848692 4.462635 2.331513
2.392098 22.759295 4.448327 2.332246
2.524778 22.508924 4.402730 2.334580
2.654782 22.263613 4.358266 2.336857
2.782185 22.023220 4.314905 2.339077
2.915290 21.849062 4.284666 2.340625
3.071087 21.851915 4.289326 2.340386
3.227231 21.854778 4.294205 2.340137
3.412310 22.042137 4.335595 2.338017
3.647337 22.519310 4.434353 2.332961
3.869618 22.878544 4.510301 2.329073
4.034639 22.881575 4.516341 2.328763
4.200110 22.884613 4.522618 2.328442
4.366063 22.887665 4.529135 2.328108
4.532490 22.890724 4.535892 2.327762
4.699424 22.893795 4.542891 2.327404
4.866881 22.896877 4.550133 2.327033
5.030446 22.879789 4.553606 2.326855
5.147863 22.658371 4.516582 2.328751
5.263385 22.440536 4.480375 2.330605
5.377077 22.226164 4.444961 2.332418
5.488993 22.015148 4.410316 2.334192
5.622664 21.898842 4.394773 2.334987
5.786731 21.901871 4.403382 2.334547
5.951438 21.904911 4.412240 2.334093
6.271369 22.461512 4.533062 2.327907
6.574605 22.928375 4.636432 2.322615
6.749135 22.931601 4.646499 2.322099
6.924445 22.934843 4.656838 2.321570
7.100533 22.938101 4.667451 2.321027
7.277435 22.941376 4.678342 2.320469
7.455174 22.944666 4.689512 2.319897
7.611449 22.880869 4.687220 2.320014
7.728857 22.703344 4.661794 2.321316
7.844997 22.527748 4.636870 2.322592
7.959909 22.354015 4.612437 2.323843
8.073625 22.182100 4.588483 2.325070
8.186172 22.011959 4.564999 2.326272
8.337691 21.949106 4.563925 2.326327
8.514778 21.952394 4.576858 2.325665
8.763430 22.133890 4.627341 2.323080
9.283958 22.978603 4.817370 2.313350
9.472539 22.982109 4.831852 2.312609
9.662282 22.985640 4.846659 2.311851
9.853187 22.989193 4.861794 2.311076
10.045297 22.992769 4.877263 2.310284
10.233209 22.984163 4.890472 2.309608
10.337228 22.788300 4.864034 2.310961
10.440145 22.594524 4.838114 2.312289
10.541970 22.402813 4.812706 2.313589
10.642738 22.213102 4.787796 2.314865
10.742477 22.025343 4.763375 2.316115
10.919495 21.997185 4.773655 2.315589
11.113416 22.000807 4.791163 2.314692
11.812437 22.984505 5.023221 2.302811
12.039786 23.029982 5.051407 2.301368
12.247321 23.033861 5.070889 2.300370
12.456474 23.037773 5.090771 2.299352
12.667301 23.041718 5.111061 2.298314
12.879810 23.045694 5.131763 2.297254
12.996023 22.877132 5.114307 2.298147
13.097687 22.685860 5.091865 2.299296
13.198470 22.496254 5.069866 2.300423
13.298403 22.308262 5.048300 2.301527
13.397489 22.121872 5.027164 2.302609
13.563201 22.046663 5.031469 2.302389
13.778813 22.050711 5.054223 2.301224
14.646255 23.078810 5.313179 2.287965
14.876069 23.083124 5.337954 2.286697
15.108031 23.087481 5.363222 2.285403
15.342213 23.091881 5.388994 2.284084
15.578669 23.096325 5.415280 2.282738
15.686077 22.908943 5.396890 2.283679
15.788417 22.716539 5.377401 2.284677
15.890020 22.525530 5.358315 2.285654
15.990914 22.335869 5.339625 2.286611
16.091116 22.147520 5.321324 2.287548
16.292021 22.097965 5.336616 2.286765
16.534822 22.102539 5.365469 2.285288
17.559374 23.133612 5.645387 2.270956
17.819054 23.138508 5.676801 2.269348
18.081652 23.143459 5.708847 2.267707
18.231722 23.002712 5.705387 2.267884
18.350573 22.823494 5.692574 2.268540
18.468893 22.645090 5.680098 2.269179
18.586704 22.467461 5.667953 2.269801
18.704023 22.290586 5.656136 2.270406
18.847879 22.146187 5.652746 2.270579
19.120537 22.151340 5.687997 2.268775
20.297207 23.185303 5.989737 2.253325
20.589792 23.190836 6.028154 2.251359
20.886171 23.196442 6.067366 2.249351
21.186447 23.202124 6.107391 2.247302
21.490751 23.207886 6.148253 2.245209
21.799147 23.213724 6.189967 2.243073
21.183342 22.244696 5.970863 2.254292
21.187933 21.940746 5.928838 2.256444
21.332561 21.784098 5.926608 2.256557
21.507957 21.658625 5.933181 2.256221
21.683743 21.532877 5.940058 2.255869
21.859947 21.406837 5.947243 2.255501
22.036591 21.280489 5.954737 2.255117
22.213694 21.153818 5.962542 2.254718
22.247240 20.891535 5.932250 2.256269
22.251612 20.605211 5.894914 2.258180
22.255938 20.322458 5.858330 2.260053
22.260214 20.043186 5.822482 2.261889
22.264444 19.767303 5.787351 2.263688
21.238935 18.593271 5.486906 2.279070
21.242887 18.336359 5.454723 2.280718
21.254402 18.088909 5.425120 2.282234
21.418074 17.971897 5.434739 2.281741
21.582338 17.854467 5.444659 2.281233
21.747227 17.736595 5.454883 2.280710
21.912737 17.618284 5.465413 2.280171
22.078897 17.499516 5.476252 2.279616
22.245731 17.380270 5.487402 2.279045
22.304483 17.176769 5.472182 2.279824
22.308285 16.932898 5.443976 2.281268
22.312052 16.691540 5.416327 2.282684
22.315784 16.452612 5.389219 2.284072
22.319489 16.216057 5.362643 2.285433
22.323160 15.981816 5.336587 2.286767
22.265266 15.706407 5.296402 2.288824
21.297863 14.802393 5.041574 2.301872
21.301281 14.585289 5.018157 2.303070
21.304674 14.370185 4.995201 2.304246
21.412252 14.226270 4.997016 2.304153
21.568962 14.114324 5.010468 2.303464
21.726517 14.001778 5.024238 2.302759
21.884951 13.888609 5.038331 2.302037
22.044289 13.774800 5.052751 2.301299
22.204552 13.660336 5.067502 2.300544
22.361744 13.542744 5.081673 2.299818
22.365105 13.332272 5.061162 2.300869
22.368443 13.123485 5.041062 2.301898
22.371761 12.916343 5.021365 2.302906
22.375059 12.710806 5.002066 2.303894
22.378336 12.506820 4.983156 2.304862
22.381594 12.304379 4.964633 2.305811
22.384834 12.103432 4.946487 2.306740
22.141500 11.772844 4.874436 2.310429
21.355890 11.164593 4.684211 2.320168
21.358931 10.976991 4.667954 2.321001
21.361952 10.790692 4.652037 2.321815
21.364960 10.605655 4.636455 2.322613
21.441042 10.457495 4.637010 2.322585
21.595850 10.347001 4.654754 2.321676
21.751873 10.235645 4.672865 2.320749
21.909113 10.123425 4.691348 2.319803
22.067614 10.010310 4.710208 2.318837
22.227406 9.896278 4.729453 2.317852
22.388521 9.781307 4.749089 2.316847
22.425447 9.611550 4.742571 2.317180
22.428473 9.428056 4.729176 2.317866
22.431486 9.245588 4.716086 2.318536
22.434486 9.064121 4.703299 2.319191
22.437477 8.883628 4.690809 2.319831
22.440456 8.704071 4.678613 2.320455
22.443424 8.525452 4.666709 2.321064
22.446384 8.347733 4.655093 2.321659
22.449331 8.170889 4.643761 2.322239
22.022072 7.841710 4.543945 2.327350
21.612404 7.526227 4.448465 2.332239
21.419666 7.291844 4.398209 2.334812
21.422443 7.126296 4.388457 2.335311
21.425215 6.961474 4.378962 2.335797
21.427979 6.797358 4.369721 2.336270
21.513548 6.659548 4.377583 2.335868
21.675350 6.544169 4.401102 2.334664
21.838913 6.427539 4.425094 2.333435
22.004280 6.309626 4.449568 2.332182
22.171501 6.190397 4.474534 2.330904
22.340635 6.069808 4.500005 2.329600
22.486935 5.941299 4.521009 2.328524
22.489782 5.774392 4.513366 2.328916
22.492624 5.608041 4.505970 2.329294
22.495462 5.442228 4.498817 2.329660
22.498297 5.276920 4.491907 2.330014
22.501127 5.112126 4.485237 2.330356
22.503954 4.947813 4.478806 2.330685
22.506777 4.783963 4.472611 2.331002
22.509598 4.620559 4.466653 2.331307
22.512415 4.457571 4.460927 2.331600
22.366318 4.266599 4.425968 2.333390
22.090862 4.054430 4.365751 2.336473
21.822790 3.847947 4.307359 2.339463
21.561785 3.646905 4.250713 2.342363
21.484852 3.479780 4.230654 2.343390
21.487530 3.326441 4.226505 2.343603
21.490206 3.173395 4.222571 2.343804
21.492880 3.020627 4.218850 2.343995
21.566954 2.877648 4.229343 2.343457
21.749496 2.747593 4.261275 2.341823
21.934818 2.615564 4.293902 2.340152
22.123013 2.481491 4.327246 2.338445
22.314169 2.345314 4.361327 2.336700
22.508375 2.206968 4.396166 2.334916
22.554535 2.052616 4.402275 2.334604
22.557346 1.894188 4.400136 2.334713
22.560160 1.735907 4.398213 2.334811
22.562975 1.577757 4.396508 2.334899
22.565792 1.419722 4.395018 2.334975
22.568613 1.261774 4.393745 2.335040
22.571436 1.103923 4.392687 2.335094
22.574265 0.946140 4.391845 2.335137
22.577095 0.788409 4.391218 2.335170
22.579929 0.630717 4.390805 2.335191
22.424129 0.469711 4.359765 2.336780
22.217127 0.310225 4.318993 2.338867
22.013954 0.153687 4.279183 2.340906
21.804211 -0.000000 3.453448 2.383183
21.608507 -0.150858 3.422535 2.384766
21.535677 -0.300714 3.411248 2.385344
21.538406 -0.451165 3.412097 2.385301
21.541142 -0.601699 3.413112 2.385249
21.543882 -0.752329 3.414296 2.385188
21.565931 -0.903880 3.418707 2.384962
21.800507 -1.066223 3.456988 2.383002
22.040411 -1.232250 3.496310 2.380989
22.285854 -1.402107 3.536711 2.378920
22.537054 -1.575944 3.578235 2.376794
22.605742 -1.739417 3.590981 2.376142
22.608662 -1.898502 3.593463 2.376014
22.611589 -2.057816 3.596124 2.375879
22.614527 -2.217374 3.598966 2.375733
22.617472 -2.377192 3.601988 2.375578
22.620426 -2.537287 3.605191 2.375414
22.623390 -2.697676 3.608577 2.375241
22.626364 -2.858375 3.612147 2.375058
22.629345 -3.019399 3.615900 2.374866
22.632338 -3.180768 3.619838 2.374664
22.503635 -3.323048 3.602876 2.375533
22.325888 -3.456230 3.578194 2.376796
22.150551 -3.587606 3.554021 2.378034
21.977562 -3.717227 3.530343 2.379246
21.806858 -3.845137 3.507148 2.380434
21.638374 -3.971385 3.484426 2.381598
21.606102 -4.121584 3.483778 2.381631
21.609043 -4.278706 3.488983 2.381364
21.612000 -4.436306 3.494376 2.381088
21.614967 -4.594403 3.499957 2.380802
21.765688 -4.785497 3.529686 2.379280
22.094532 -5.019755 3.588609 2.376263
22.434568 -5.261981 3.649716 2.373135
22.675488 -5.485778 3.695050 2.370813
22.678675 -5.654428 3.701912 2.370462
22.681875 -5.823716 3.708981 2.370100
22.685095 -5.993660 3.716259 2.369727
22.688330 -6.164282 3.723748 2.369344
22.691580 -6.335603 3.731450 2.368950
22.694849 -6.507644 3.739368 2.368544
22.698137 -6.680425 3.747503 2.368128
22.701443 -6.853970 3.755857 2.367700
22.694818 -7.025220 3.762784 2.367345
22.534966 -7.148512 3.744464 2.368283
22.376656 -7.270617 3.726502 2.369203
22.219852 -7.391561 3.708892 2.370105
22.064516 -7.511374 3.691627 2.370989
21.910616 -7.630084 3.674701 2.371855
21.758112 -7.747715 3.658107 2.372705
21.677643 -7.890017 3.653749 2.372928
21.680973 -8.063082 3.663709 2.372418
21.684326 -8.237103 3.673904 2.371896
21.687702 -8.412106 3.684337 2.371362
22.067068 -8.736971 3.759054 2.367536
22.647017 -9.149988 3.868634 2.361926
22.749922 -9.376842 3.897300 2.360458
22.753563 -9.564717 3.909268 2.359845
22.757231 -9.753761 3.921502 2.359219
22.760925 -9.944004 3.934006 2.358579
22.764647 -10.135474 3.946783 2.357924
22.768398 -10.328203 3.959838 2.357256
22.772179 -10.522224 3.973175 2.356573
22.775988 -10.717567 3.986798 2.355876
22.691734 -10.872057 3.985238 2.355956
22.536533 -10.991801 3.971362 2.356666
22.382404 -11.110722 3.957774 2.357362
22.229319 -11.228838 3.944470 2.358043
22.077255 -11.346169 3.931448 2.358710
21.926186 -11.462733 3.918701 2.359362
21.776087 -11.578551 3.906227 2.360001
21.753014 -11.761810 3.916722 2.359464
21.756935 -11.960978 3.932368 2.358663
21.760893 -12.161753 3.948333 2.357845
22.510075 -12.787503 4.100364 2.350061
22.824308 -13.177621 4.174260 2.346278
22.828577 -13.393446 4.192039 2.345367
22.832886 -13.611132 4.210177 2.344439
22.837236 -13.830722 4.228681 2.343492
22.841629 -14.052264 4.247557 2.342525
22.846067 -14.275807 4.266812 2.341539
22.850550 -14.501401 4.286453 2.340533
22.757727 -14.666354 4.288143 2.340447
22.599339 -14.788593 4.277648 2.340984
22.441719 -14.910243 4.267413 2.341508
22.284845 -15.031318 4.257434 2.342019
22.128696 -15.151835 4.247708 2.342517
21.973255 -15.271810 4.238233 2.343003
21.825171 -15.395965 4.230299 2.343409
21.829830 -15.628625 4.252247 2.342285
21.834543 -15.863724 4.274634 2.341139
22.898111 -16.881945 4.505818 2.329302
22.903170 -17.133759 4.530241 2.328052
22.908285 -17.388336 4.555153 2.326776
22.913465 -17.645744 4.580568 2.325475
22.918707 -17.906055 4.606493 2.324147
22.924013 -18.169350 4.632943 2.322793
22.893829 -18.407110 4.652701 2.321782
22.727133 -18.535797 4.645009 2.322176
22.560980 -18.664068 4.637569 2.322556
22.395353 -18.791933 4.630378 2.322925
22.230232 -18.919411 4.623435 2.323280
22.065599 -19.046515 4.616738 2.323623
21.901436 -19.173258 4.610284 2.323953
21.906929 -19.449883 4.639911 2.322437
21.912624 -19.730215 4.670178 2.320887
22.981035 -20.984570 4.928989 2.307636
22.987175 -21.286358 4.962059 2.305943
22.993404 -21.592245 4.995822 2.304214
22.999725 -21.902344 5.030296 2.302449
22.977318 -22.188938 5.059153 2.300972
22.799112 -22.326542 5.054111 2.301229
22.621256 -22.463877 5.049327 2.301474
22.443726 -22.600964 5.044798 2.301706
22.266508 -22.737810 5.040522 2.301925
22.089584 -22.874434 5.036500 2.302131
21.981064 -23.082392 5.048376 2.301523
21.987879 -23.414713 5.087360 2.299527
23.061150 -24.903778 5.375781 2.284760
23.068535 -25.263271 5.418485 2.282573
23.076044 -25.628544 5.462142 2.280338
23.059280 -25.972294 5.500960 2.278351
22.867018 -26.120783 5.498463 2.278479
22.674919 -26.269148 5.496237 2.278593
22.482967 -26.417400 5.494280 2.278693
22.291147 -26.565554 5.492593 2.278779
22.099434 -26.713627 5.491175 2.278852
22.062792 -27.051655 5.528862 2.276922
22.553314 -28.050667 5.700722 2.268123
22.237368 -28.056580 5.670234 2.269684
21.924770 -28.062426 5.640344 2.271214
21.615431 -28.068211 5.611039 2.272715
21.309277 -28.073935 5.582307 2.274186
21.006224 -28.079599 5.554137 2.275628
19.971603 -27.088825 5.330453 2.287081
19.685072 -27.094177 5.304334 2.288418
19.550247 -27.307497 5.319245 2.287655
19.416862 -27.525156 5.335108 2.286842
19.282675 -27.744133 5.351328 2.286012
19.147663 -27.964460 5.367910 2.285163
18.965626 -28.117695 5.371778 2.284965
18.684830 -28.122931 5.347726 2.286196
18.406527 -28.128120 5.324147 2.287404
18.130650 -28.133261 5.301033 2.288587
17.223625 -27.140093 5.091112 2.299335
16.984205 -27.180412 5.076309 2.300093
16.868114 -27.418732 5.098701 2.298946
16.750994 -27.659178 5.121541 2.297777
16.632814 -27.901806 5.144841 2.296584
16.513550 -28.146667 5.168607 2.295367
16.262821 -28.168032 5.151556 2.296240
16.004398 -28.172836 5.131875 2.297248
15.747931 -28.177603 5.112591 2.298235
15.493368 -28.182333 5.093699 2.299202
14.699974 -27.187037 4.895141 2.309369
14.457994 -27.191530 4.877657 2.310264
14.271885 -27.299601 4.879050 2.310193
14.154250 -27.541191 4.904448 2.308892
14.035378 -27.785328 4.930354 2.307566
12.061614 -24.297968 4.296494 2.340019
11.671888 -23.930918 4.217078 2.344085
11.382073 -23.756222 4.172189 2.346384
11.119168 -23.629438 4.136189 2.348227
10.861006 -23.505375 4.101099 2.350024
10.613849 -23.398098 4.069355 2.351649
10.384274 -23.323463 4.043667 2.352964
10.158337 -23.251516 4.018800 2.354238
9.939101 -23.189663 3.996018 2.355404
9.730228 -23.147303 3.976916 2.356382
9.519265 -23.095467 3.956496 2.357427
9.314491 -23.054174 3.938186 2.358365
9.112934 -23.016647 3.920812 2.359254
8.920991 -22.999691 3.907219 2.359950
8.724845 -22.968321 3.891447 2.360758
8.535411 -22.951027 3.878327 2.361430
8.344535 -22.926420 3.864230 2.362151
8.160071 -22.916143 3.852802 2.362736
7.979365 -22.913620 3.842918 2.363243
7.798850 -22.908978 3.832914 2.363755
7.623283 -22.916431 3.825164 2.364151
7.451763 -22.934166 3.819347 2.364449
7.280554 -22.951218 3.813629 2.364742
7.107393 -22.960283 3.806798 2.365092
6.937046 -22.976610 3.801382 2.365369
6.767957 -22.995543 3.796605 2.365614
6.598037 -23.010090 3.791309 2.365885
6.434250 -23.044897 3.789551 2.365975
6.265463 -23.060740 3.784870 2.366215
6.097228 -23.077087 3.780475 2.366440
5.929679 -23.094572 3.776465 2.366645
5.763158 -23.114765 3.773096 2.366817
5.597539 -23.137457 3.770329 2.366959
5.427370 -23.139713 3.764431 2.367261
5.252861 -23.120560 3.755258 2.367731
5.074025 -23.077986 3.742498 2.368384
4.903303 -23.068224 3.735273 2.368754
4.719929 -22.993702 3.717779 2.369650
4.543236 -22.945024 3.704690 2.370320
4.367431 -22.894884 3.691581 2.370991
4.194547 -22.854284 3.680224 2.371572
4.022007 -22.809935 3.668471 2.372174
3.850664 -22.766497 3.657072 2.372758
3.680866 -22.726360 3.646408 2.373304
3.518176 -22.726048 3.642328 2.373513
3.355963 -22.726536 3.638563 2.373705
3.194147 -22.727539 3.635065 2.373885
3.033903 -22.738050 3.633270 2.373976
2.874774 -22.756191 3.632873 2.373997
2.724606 -22.849247 3.644603 2.373396
2.572215 -22.931808 3.654819 2.372873
2.419464 -23.019667 3.666040 2.372299
2.272250 -23.174204 3.688035 2.371173
2.120466 -23.300016 3.705611 2.370273
1.971723 -23.480650 3.732058 2.368918
1.821471 -23.672123 3.760379 2.367469
1.694704 -24.235392 3.847882 2.362988
1.745433 -27.742870 4.402727 2.334580
1.533528 -27.429184 4.351140 2.337222
1.341679 -27.432673 4.350102 2.337275
1.149916 -27.436157 4.349276 2.337317
0.966954 -27.689947 4.388330 2.335318
0.783966 -28.066462 4.447025 2.332312
0.596008 -28.453211 4.507535 2.329214
0.397397 -28.459747 4.508020 2.329189
0.196837 -28.194208 4.465633 2.331360
-0.000000 -28.466957 4.508723 2.329153
-0.195379 -27.985424 4.432564 2.333053
-0.386069 -27.648270 4.379483 2.335770
-0.565731 -27.007610 4.278523 2.340940
-0.729797 -26.127155 4.139749 2.348045
-0.887837 -25.424335 4.029274 2.353701
-1.048423 -25.014593 3.965401 2.356972
-1.201671 -24.569923 3.896145 2.360517
-1.358090 -24.291183 3.853354 2.362708
-1.509687 -23.995806 3.808076 2.365026
-1.660822 -23.750856 3.770952 2.366927
-1.812972 -23.561659 3.742831 2.368367
-1.964486 -23.394424 3.718354 2.369620
-2.113540 -23.223879 3.693502 2.370893
-2.267242 -23.123127 3.679906 2.371589
-2.418468 -23.010187 3.664530 2.372376
-2.567367 -22.888584 3.647930 2.373226
-2.719123 -22.803244 3.637265 2.373772
-2.874696 -22.755543 3.632769 2.374002
-3.027762 -22.692026 3.625915 2.374353
-3.179893 -22.626116 3.618843 2.374715
-3.333900 -22.577124 3.614642 2.374930
-3.489677 -22.541931 3.612820 2.375024
-3.642528 -22.489635 3.608426 2.375249
-3.798868 -22.460260 3.607880 2.375277
-3.961777 -22.468355 3.613535 2.374987
-4.123258 -22.465864 3.617676 2.374775
-4.284938 -22.462427 3.621852 2.374561
-4.448089 -22.464481 3.627102 2.374292
-4.606610 -22.441658 3.628521 2.374220
-4.766160 -22.423019 3.630799 2.374103
-4.951559 -22.520977 3.652169 2.373009
-5.115482 -22.515873 3.657044 2.372759
-5.304217 -22.614637 3.679010 2.371635
-5.495425 -22.715364 3.701548 2.370481
-5.669846 -22.740507 3.712005 2.369945
-5.886524 -22.926495 3.748981 2.368052
-6.124708 -23.181086 3.797512 2.365567
-6.325383 -23.281269 3.821065 2.364362
-6.566434 -23.518328 3.867402 2.361989
-6.781034 -23.648275 3.896461 2.360501
-6.971032 -23.685532 3.910523 2.359781
-7.145471 -23.666937 3.915594 2.359521
-7.305029 -23.598730 3.912652 2.359672
-7.472032 -23.554831 3.913927 2.359607
-7.636534 -23.502836 3.914051 2.359601
-7.800007 -23.447683 3.913839 2.359611
-7.964978 -23.396965 3.914560 2.359575
-8.130278 -23.346972 3.915597 2.359521
-8.289457 -23.279505 3.913892 2.359609
-8.445488 -23.203787 3.910980 2.359758
-8.600326 -23.125576 3.907822 2.359920
-8.752020 -23.039850 3.903566 2.360137
-8.898409 -22.941462 3.897327 2.360457
-9.053829 -22.867363 3.895382 2.360556
-9.206852 -22.787758 3.892676 2.360695
-9.350330 -22.685600 3.886281 2.361022
-9.489565 -22.574780 3.878551 2.361418
-9.626671 -22.460699 3.870404 2.361835
-9.766129 -22.353788 3.863636 2.362182
-9.909769 -22.257706 3.858893 2.362425
-10.042802 -22.139231 3.850415 2.362859
-10.179359 -22.030149 3.843710 2.363202
-10.321906 -21.935162 3.839616 2.363412
-10.456669 -21.824753 3.832975 2.363752
-10.595976 -21.724970 3.828349 2.363988
-10.736064 -21.627659 3.824316 2.364195
-10.874600 -21.528046 3.820034 2.364414
-11.018303 -21.439295 3.817842 2.364527
-11.171021 -21.368195 3.818975 2.364468
-11.315986 -21.282274 3.817646 2.364537
-11.464149 -21.202497 3.817599 2.364539
-11.615456 -21.128431 3.818772 2.364479
-11.769668 -21.059336 3.821041 2.364363
-11.921465 -20.985575 3.822666 2.364280
-12.088396 -20.937716 3.829228 2.363944
-12.253237 -20.885134 3.835163 2.363640
-12.417978 -20.831350 3.841113 2.363335
-12.597615 -20.801132 3.851664 2.362795
-12.959432 -21.065256 3.917228 2.359438
-13.453254 -21.529707 4.020964 2.354126
-17.236773 -27.160807 5.094998 2.299136
-17.411652 -27.017591 5.090812 2.299350
-17.586250 -26.874601 5.086879 2.299552
-17.637272 -26.546228 5.047908 2.301547
-17.645290 -26.160219 4.997809 2.304112
-17.653149 -25.781771 4.948933 2.306615
-17.660849 -25.410627 4.901239 2.309057
-16.947918 -24.025200 4.656724 2.321576
-16.955017 -23.682520 4.613133 2.323807
-17.106684 -23.545330 4.609562 2.323990
-17.264061 -23.416403 4.607805 2.324080
-17.421324 -23.287561 4.606274 2.324159
-17.578487 -23.158798 4.604967 2.324226
-17.710777 -22.997913 4.597449 2.324610
-17.717394 -22.677231 4.557959 2.326632
-17.723894 -22.361982 4.519357 2.328609
-17.730282 -22.052021 4.481620 2.330541
-17.736559 -21.747171 4.444723 2.332430
-17.742729 -21.447269 4.408638 2.334278
-17.025036 -20.289648 4.195011 2.345215
-17.030760 -20.011068 4.161895 2.346911
-17.108925 -19.820879 4.147079 2.347669
-17.250372 -19.704943 4.147919 2.347626
-17.391886 -19.588947 4.148961 2.347573
-17.533470 -19.472891 4.150204 2.347510
-17.675148 -19.356750 4.151651 2.347435
-17.788609 -19.209948 4.146699 2.347689
-17.793949 -18.948633 4.117006 2.349209
-17.799210 -18.691006 4.087932 2.350698
-17.804392 -18.436987 4.059461 2.352156
-17.809498 -18.186455 4.031578 2.353583
-17.814531 -17.939335 4.004268 2.354981
-17.819492 -17.695524 3.977518 2.356351
-17.097544 -16.743147 3.790186 2.365942
-17.102171 -16.515375 3.765561 2.367203
-17.106735 -16.290520 3.741433 2.368439
-17.126583 -16.082930 3.721126 2.369478
-17.254601 -15.977938 3.724614 2.369300
-17.382870 -15.872737 3.728290 2.369112
-17.511389 -15.767325 3.732155 2.368914
-17.640184 -15.661684 3.736210 2.368706
-17.769258 -15.555809 3.740455 2.368489
-17.865568 -15.421146 3.737974 2.368616
-17.869856 -15.208436 3.716565 2.369712
-17.874092 -14.998143 3.695579 2.370786
-17.878277 -14.790192 3.675005 2.371840
-17.882410 -14.584537 3.654837 2.372872
-17.886497 -14.381114 3.635063 2.373885
-17.890535 -14.179861 3.615677 2.374877
-17.894527 -13.980738 3.596670 2.375850
-17.898476 -13.783677 3.578034 2.376805
-17.733915 -13.460773 3.526266 2.379455
-17.176058 -12.849335 3.397419 2.386052
-17.179720 -12.665979 3.380570 2.386915
-17.183342 -12.484429 3.364051 2.387760
-17.189619 -12.306554 3.348377 2.388563
-17.307962 -12.209423 3.354744 2.388237
-17.426760 -12.111916 3.361299 2.387902
-17.546030 -12.014015 3.368043 2.387556
-17.665779 -11.915719 3.374979 2.387201
-17.786030 -11.817006 3.382109 2.386836
-17.906790 -11.717874 3.389433 2.386461
-17.942680 -11.563270 3.380864 2.386900
-17.946129 -11.388956 3.366449 2.387638
-17.949543 -11.216120 3.352320 2.388361
-17.952927 -11.044710 3.338469 2.389070
-17.956280 -10.874708 3.324893 2.389765
-17.959600 -10.706072 3.311588 2.390447
-17.962893 -10.538764 3.298548 2.391114
-17.966156 -10.372766 3.285769 2.391768
-17.969391 -10.208032 3.273247 2.392410
-17.972599 -10.044545 3.260978 2.393038
-17.975779 -9.882269 3.248958 2.393653
-17.680742 -9.559939 3.183492 2.397005
-17.248789 -9.171343 3.094113 2.401581
-17.251764 -9.019001 3.083277 2.402136
-17.254717 -8.867719 3.072665 2.402679
-17.257645 -8.717465 3.062274 2.403211
-17.260551 -8.568210 3.052101 2.403732
-17.339571 -8.457074 3.055559 2.403555
-17.454399 -8.362743 3.065430 2.403050
-17.569969 -8.267798 3.075516 2.402534
-17.686304 -8.172221 3.085817 2.402006
-17.803431 -8.075992 3.096340 2.401467
-17.921354 -7.979101 3.107085 2.400917
-18.014912 -7.870518 3.113703 2.400578
-18.017771 -7.722425 3.104803 2.401034
-18.020609 -7.575168 3.096104 2.401479
-18.023430 -7.428720 3.087603 2.401915
-18.026232 -7.283071 3.079297 2.402340
-18.029015 -7.138189 3.071185 2.402755
-18.031782 -6.994066 3.063264 2.403161
-18.034531 -6.850677 3.055531 2.403557
-18.037262 -6.707996 3.047985 2.403943
-18.039978 -6.566015 3.040624 2.404320
-18.042679 -6.424706 3.033445 2.404688
-18.045362 -6.284059 3.026446 2.405046
-18.048031 -6.144052 3.019627 2.405395
-17.996777 -5.986729 3.003985 2.406196
-17.747885 -5.766637 2.955648 2.408671
-17.506851 -5.553497 2.908980 2.411060
-17.322166 -5.362105 2.872002 2.412953
-17.324657 -5.230623 2.866291 2.413246
-17.327135 -5.099651 2.860741 2.413530
-17.329601 -4.969183 2.855351 2.413806
-17.332056 -4.839194 2.850119 2.414074
-17.334499 -4.709678 2.845045 2.414334
-17.454788 -4.611755 2.859433 2.413597
-17.578081 -4.513282 2.874399 2.412831
-17.702667 -4.413771 2.889663 2.412049
-17.828594 -4.313188 2.905231 2.411252
-17.955881 -4.211513 2.921111 2.410439
-18.084572 -4.108715 2.937309 2.409610
-18.088924 -3.977106 2.933434 2.409808
-18.091383 -3.845442 2.929408 2.410014
-18.093832 -3.714127 2.925535 2.410213
-18.096273 -3.583158 2.921813 2.410403
-18.098703 -3.452513 2.918243 2.410586
-18.101126 -3.322176 2.914823 2.410761
-18.103540 -3.192142 2.911552 2.410928
-18.105946 -3.062388 2.908429 2.411088
-18.108343 -2.932910 2.905455 2.411241
-18.110733 -2.803690 2.902627 2.411386
-18.113113 -2.674710 2.899945 2.411523
-18.115490 -2.545966 2.897409 2.411653
-18.117857 -2.417435 2.895018 2.411775
-18.120218 -2.289115 2.892771 2.411890
-18.031666 -2.150147 2.876168 2.412740
-17.860821 -2.003410 2.846617 2.414253
-17.693447 -1.859656 2.817803 2.415729
-17.529409 -1.718771 2.789700 2.417167
-17.392546 -1.582845 2.766093 2.418376
-17.394777 -1.460681 2.764758 2.418444
-17.397003 -1.338625 2.763559 2.418506
-17.399223 -1.216672 2.762496 2.418560
-17.401442 -1.094803 2.761567 2.418608
-17.403654 -0.973014 2.760773 2.418648
-17.482220 -0.855024 2.772221 2.418062
-17.623615 -0.738646 2.793757 2.416960
-17.767221 -0.620445 2.815767 2.415833
-17.913118 -0.500356 2.838266 2.414681
-18.061365 -0.378331 2.861267 2.413503
-18.157272 -0.253541 2.876110 2.412743
-18.159554 -0.126778 2.876261 2.412735
-18.161835 0.000000 2.876552 2.412720
-18.164110 0.126814 2.876983 2.412698
-18.166386 0.253668 2.877553 2.412669
-18.168659 0.380578 2.878264 2.412633
-18.170931 0.507562 2.879115 2.412589
-18.173201 0.634622 2.880107 2.412539
-18.175468 0.761781 2.881239 2.412480
-18.177736 0.889041 2.882512 2.412415
-18.180004 1.016419 2.883926 2.412343
-18.182270 1.143933 2.885483 2.412263
-18.184536 1.271587 2.887181 2.412176
-18.186800 1.399401 2.889021 2.412082
-18.189066 1.527380 2.891004 2.411981
-18.101656 1.647379 2.878869 2.412602
-17.971777 1.762150 2.860100 2.413563
-17.843576 1.875435 2.841712 2.414504
-17.717001 1.987283 2.823695 2.415427
-17.592018 2.097722 2.806041 2.416331
-17.468582 2.206794 2.788742 2.417216
-17.462582 2.330008 2.790313 2.417136
-17.464764 2.454512 2.793331 2.416981
-17.466946 2.579297 2.796492 2.416820
-17.469131 2.704365 2.799797 2.416650
-17.471319 2.829735 2.803245 2.416474
-17.600904 2.976972 2.827303 2.415242
-17.796381 3.137982 2.862153 2.413458
-17.996752 3.303025 2.898016 2.411622
-18.202204 3.472257 2.934932 2.409731
-18.225500 3.608745 2.942678 2.409335
-18.227800 3.741632 2.947196 2.409103
-18.230104 3.874928 2.951870 2.408864
-18.232414 4.008659 2.956704 2.408617
-18.234726 4.142829 2.961697 2.408361
-18.237045 4.277459 2.966852 2.408097
-18.239368 4.412570 2.972169 2.407825
-18.241697 4.548166 2.977650 2.407544
-18.244032 4.684274 2.983297 2.407255
-18.246372 4.820900 2.989110 2.406958
-18.248718 4.958066 2.995092 2.406651
-18.251072 5.095793 3.001244 2.406336
-18.253431 5.234087 3.007568 2.406013
-18.244322 5.369599 3.012170 2.405777
-18.127306 5.472957 2.999086 2.406447
-18.011293 5.575426 2.986259 2.407104
-17.896257 5.677029 2.973685 2.407747
-17.782185 5.777782 2.961360 2.408378
-17.669041 5.877711 2.949280 2.408997
-17.556814 5.976828 2.937441 2.409603
-17.527464 6.103708 2.939588 2.409493
-17.529797 6.242082 2.947217 2.409102
-17.532139 6.381177 2.955028 2.408702
-17.534492 6.521022 2.963026 2.408293
-17.537582 6.661904 2.971335 2.407867
-17.859644 6.927298 3.034020 2.404658
-18.195608 7.204153 3.099563 2.401302
-18.289824 7.389569 3.124325 2.400034
-18.292332 7.539558 3.133668 2.399556
-18.294849 7.690448 3.143221 2.399067
-18.297380 7.842266 3.152985 2.398567
-18.299923 7.995042 3.162965 2.398056
-18.302481 8.148789 3.173162 2.397534
-18.305050 8.303542 3.183581 2.397001
-18.307632 8.459315 3.194224 2.396456
-18.310230 8.616139 3.205094 2.395899
-18.312843 8.774047 3.216195 2.395331
-18.315470 8.933051 3.227531 2.394750
-18.318111 9.093193 3.239105 2.394158
-18.244774 9.216100 3.237435 2.394243
-18.129911 9.317508 3.228517 2.394700
-18.015667 9.418365 3.219804 2.395146
-17.902037 9.518682 3.211294 2.395582
-17.788994 9.618476 3.202984 2.396007
-17.676531 9.717756 3.194872 2.396423
-17.589327 9.830341 3.191437 2.396598
-17.591993 9.993646 3.204502 2.395929
-17.594681 10.158294 3.217831 2.395247
-17.597387 10.324329 3.231430 2.394551
-17.770350 10.593256 3.276692 2.392233
-18.351183 11.113870 3.398016 2.386021
-18.354067 11.291500 3.413064 2.385251
-18.356974 11.470710 3.428413 2.384465
-18.359903 11.651553 3.444068 2.383664
-18.362856 11.834054 3.460036 2.382846
-18.365831 12.018262 3.476322 2.382012
-18.368834 12.204226 3.492933 2.381162
-18.371861 12.391976 3.509873 2.380295
-18.374912 12.581570 3.527152 2.379410
-18.377993 12.773039 3.544774 2.378508
-18.365438 12.955390 3.559711 2.377743
-18.244709 13.061932 3.553899 2.378040
-18.124371 13.168126 3.548279 2.378328
-18.004400 13.273993 3.542849 2.378606
-17.884796 13.379538 3.537608 2.378874
-17.765535 13.484775 3.532553 2.379133
-17.650026 13.592353 3.528368 2.379347
-17.653210 13.792199 3.548167 2.378334
-17.656427 13.994316 3.568364 2.377300
-17.659678 14.198747 3.588967 2.376245
-18.413841 15.017962 3.763451 2.367311
-18.417301 15.236120 3.785807 2.366167
-18.420799 15.456886 3.808615 2.364999
-18.424335 15.680345 3.831887 2.363807
-18.427912 15.906549 3.855633 2.362592
-18.431530 16.135582 3.879864 2.361351
-18.435188 16.367529 3.904593 2.360085
-18.438890 16.602451 3.929831 2.358793
-18.382362 16.785408 3.942663 2.358135
-18.251375 16.900961 3.939780 2.358283
-18.120571 17.016346 3.937092 2.358421
-17.989931 17.131584 3.934599 2.358549
-17.859457 17.246675 3.932300 2.358666
-17.729120 17.361643 3.930195 2.358774
-17.713100 17.589872 3.953770 2.357567
-16.207399 16.320944 3.643025 2.373477
-15.924422 16.261488 3.604850 2.375432
-15.676610 16.233604 3.574320 2.376995
-15.454089 16.228397 3.549330 2.378274
-15.273473 16.264599 3.533841 2.379067
-15.110590 16.317951 3.522427 2.379652
-14.967416 16.391415 3.515642 2.379999
-14.834238 16.475090 3.511292 2.380222
-14.690167 16.545938 3.504447 2.380572
-14.580847 16.655569 3.506021 2.380492
-14.474503 16.768871 3.508515 2.380364
-14.378285 16.894432 3.513697 2.380099
-14.265609 17.001091 3.515081 2.380028
-14.150752 17.105326 3.516120 2.379975
-14.053938 17.231833 3.521870 2.379680
-13.962766 17.366177 3.529319 2.379299
-13.857478 17.483789 3.533473 2.379086
-13.754081 17.604422 3.538361 2.378836
-13.624971 17.692392 3.536837 2.378914
-13.515410 17.805899 3.540579 2.378722
-13.417399 17.935406 3.547618 2.378362
-13.310672 18.054161 3.552640 2.378105
-13.205789 18.176208 3.558428 2.377809
-13.094072 18.289612 3.562645 2.377593
-12.970823 18.387316 3.563951 2.377526
-12.857044 18.498859 3.568087 2.377314
-12.788999 18.677866 3.585304 2.376432
-12.651410 18.756487 3.583355 2.376532
-12.538577 18.872082 3.588627 2.376262
-12.436554 19.005049 3.597314 2.375818
-12.354992 19.171192 3.612348 2.375048
-12.447433 19.614021 3.679323 2.371619
-14.091295 22.550785 4.211664 2.344363
-13.875676 22.554598 4.194181 2.345258
-13.661839 22.558380 4.177047 2.346135
-12.852963 21.561045 3.975662 2.356446
-12.651875 21.564604 3.959934 2.357251
-12.452370 21.568136 3.944523 2.358040
-12.350379 21.740606 3.960200 2.357238
-12.256900 21.931143 3.979223 2.356264
-12.162513 22.123526 3.998626 2.355270
-12.067189 22.317806 4.018415 2.354257
-11.970916 22.514017 4.038598 2.353224
-11.810380 22.591183 4.037550 2.353277
-11.612098 22.594700 4.023592 2.353992
-11.415172 22.598196 4.009926 2.354692
-11.219563 22.601669 3.996545 2.355377
-11.025254 22.605122 3.983448 2.356047
-10.351570 21.605402 3.794451 2.365724
-10.168262 21.608660 3.782464 2.366338
-9.986100 21.611898 3.770735 2.366938
-9.850295 21.714861 3.776609 2.366638
-9.744535 21.886585 3.794551 2.365719
-9.637755 22.059959 3.812850 2.364782
-9.529938 22.235014 3.831514 2.363827
-9.421053 22.411797 3.850550 2.362852
-9.311070 22.590357 3.869965 2.361858
-9.146568 22.638550 3.867188 2.362000
-8.964517 22.641796 3.856957 2.362524
-8.783425 22.645025 3.846968 2.363035
-8.603260 22.648239 3.837217 2.363534
-8.423992 22.651438 3.827701 2.364022
-8.245608 22.654623 3.818419 2.364497
-7.757707 21.786182 3.662826 2.372463
-7.541233 21.655474 3.631910 2.374046
-7.373148 21.658478 3.623693 2.374467
-7.220215 21.704775 3.622916 2.374506
-7.119166 21.910542 3.648878 2.373178
-7.016649 22.119293 3.675394 2.371820
-6.912628 22.331099 3.702479 2.370433
-6.807056 22.546055 3.730149 2.369016
-6.675877 22.682692 3.744953 2.368258
-6.505035 22.685753 3.737869 2.368621
-6.334824 22.688803 3.730993 2.368973
-6.165236 22.691841 3.724324 2.369315
-5.996245 22.694872 3.717861 2.369645
-5.827826 22.697893 3.711600 2.369966
-5.659971 22.700905 3.705540 2.370276
-5.447049 22.515392 3.668962 2.372149
-5.149118 21.953411 3.571440 2.377142
-4.930624 21.702246 3.524894 2.379525
-4.772171 21.705091 3.519859 2.379783
-4.614163 21.707932 3.515010 2.380031
-4.489635 21.871784 3.536380 2.378937
-4.376369 22.102314 3.568626 2.377286
-4.261020 22.337076 3.601640 2.375596
-4.143511 22.576229 3.635448 2.373865
-4.008018 22.730602 3.655712 2.372828
-3.845093 22.733538 3.651778 2.373029
-3.682497 22.736467 3.648030 2.373221
-3.520239 22.739391 3.644467 2.373403
-3.358290 22.742311 3.641089 2.373576
-3.196633 22.745228 3.637894 2.373740
-3.035252 22.748140 3.634882 2.373894
-2.843322 22.507267 3.593134 2.376032
-2.648698 22.212692 3.543068 2.378595
-2.459416 21.926208 3.494549 2.381079
-2.286006 21.749897 3.463820 2.382652
-2.132870 21.752665 3.461805 2.382756
-1.979892 21.755432 3.459962 2.382850
-1.837144 21.878025 3.477334 2.381960
-1.704227 22.148434 3.518337 2.379861
-1.568130 22.425303 3.560492 2.377703
-1.428725 22.708897 3.603847 2.375483
-1.273592 22.779995 3.613631 2.374982
-1.114264 22.782883 3.612767 2.375026
-0.955004 22.785769 3.612080 2.375062
-0.795797 22.788656 3.611569 2.375088
-0.636628 22.791544 3.611234 2.375105
-0.477468 22.794432 3.611075 2.375113
-0.317503 22.738375 3.601756 2.375590
-0.156627 22.435116 3.553460 2.378063
0.000000 22.139874 3.506612 2.380461
0.152558 21.852310 3.461150 2.382789
0.304368 21.796852 3.452619 2.383226
0.456642 21.799622 3.453478 2.383182
0.608998 21.802393 3.454507 2.383129
0.769318 22.030376 3.491396 2.381241
0.934572 22.298271 3.534800 2.379018
1.104008 22.572941 3.579476 2.376731
1.276194 22.826323 3.620980 2.374606
1.436296 22.829239 3.622945 2.374505
1.596580 22.832161 3.625090 2.374395
1.757062 22.835089 3.627414 2.374276
1.917769 22.838020 3.629918 2.374148
2.078695 22.840956 3.632602 2.374011
2.239866 22.843899 3.635469 2.373864
2.388783 22.727747 3.619550 2.374679
2.521314 22.478045 3.582499 2.376576
2.651177 22.233377 3.546368 2.378426
2.778444 21.993608 3.511132 2.380230
2.914675 21.844456 3.490484 2.381287
3.070438 21.847305 3.494279 2.381093
3.226549 21.850161 3.498254 2.380889
3.418962 22.085108 3.539604 2.378772
3.654610 22.564213 3.620392 2.374636
3.868798 22.873692 3.674292 2.371876
4.033782 22.876715 3.679211 2.371624
4.199217 22.879747 3.684324 2.371363
4.365133 22.882790 3.689632 2.371091
4.531524 22.885841 3.695135 2.370809
4.698420 22.888905 3.700835 2.370517
4.865840 22.891977 3.706734 2.370215
5.024431 22.852432 3.705920 2.370257
5.141758 22.631498 3.675824 2.371798
5.257193 22.414135 3.646392 2.373305
5.370801 22.200220 3.617604 2.374779
5.482636 21.989653 3.589441 2.376221
5.621449 21.894108 3.580163 2.376696
5.785478 21.897125 3.587174 2.376337
5.950146 21.900156 3.594388 2.375967
6.291249 22.532713 3.705326 2.370287
6.573173 22.923376 3.777022 2.366616
6.747660 22.926592 3.785221 2.366197
6.922929 22.929821 3.793642 2.365766
7.098976 22.933067 3.802286 2.365323
7.275835 22.936329 3.811155 2.364869
7.453530 22.939608 3.820253 2.364403
7.604140 22.858898 3.815560 2.364643
7.721476 22.681662 3.794883 2.365702
7.837545 22.506348 3.774613 2.366740
7.952388 22.332891 3.754742 2.367757
8.066034 22.161249 3.735261 2.368755
8.178515 21.991373 3.716161 2.369733
8.335819 21.944178 3.717930 2.369642
8.512861 21.947453 3.728463 2.369103
8.827183 22.294910 3.797867 2.365549
9.281856 22.973398 3.924387 2.359071
9.470387 22.976889 3.936182 2.358468
9.660080 22.980402 3.948242 2.357850
9.850934 22.983938 3.960568 2.357219
10.042994 22.987497 3.973167 2.356574
10.223146 22.961563 3.980923 2.356177
10.327119 22.766012 3.959423 2.357277
10.429989 22.572544 3.938344 2.358357
10.531769 22.381136 3.917681 2.359415
10.632493 22.191719 3.897423 2.360452
10.732188 22.004248 3.877563 2.361469
10.916930 21.992018 3.888744 2.360896
11.110796 21.995621 3.903003 2.360166
11.831031 23.020685 4.099451 2.350108
12.036927 23.024511 4.114996 2.349312
12.244401 23.028370 4.130863 2.348500
12.453493 23.032259 4.147055 2.347671
12.664257 23.036180 4.163580 2.346825
12.876702 23.040134 4.180441 2.345961
12.984097 22.856138 4.163402 2.346834
13.085720 22.665131 4.145149 2.347768
13.186463 22.475788 4.127256 2.348685
13.286356 22.288052 4.109716 2.349582
13.385403 22.101915 4.092525 2.350463
13.559844 22.041206 4.098713 2.350146
13.775387 22.045227 4.117244 2.349197
14.642595 23.073044 4.328189 2.338397
14.872335 23.077332 4.348366 2.337364
15.104222 23.081659 4.368944 2.336310
15.338326 23.086031 4.389933 2.335236
15.569324 23.082472 4.409817 2.334217
15.672361 22.888912 4.393634 2.335046
15.774661 22.696747 4.377782 2.335858
15.876225 22.505974 4.362258 2.336652
15.977080 22.316545 4.347055 2.337431
16.077242 22.128426 4.332169 2.338193
16.287745 22.092163 4.347225 2.337422
16.530457 22.096704 4.370723 2.336219
17.554714 23.127472 4.598738 2.324544
17.814297 23.132332 4.624321 2.323235
18.076799 23.137247 4.650419 2.321898
18.217224 22.984421 4.645151 2.322168
18.336014 22.805386 4.634728 2.322702
18.454271 22.627163 4.624578 2.323222
18.572021 22.449713 4.614697 2.323727
18.689278 22.273014 4.605084 2.324220
18.842638 22.140028 4.604674 2.324241
19.115187 22.145144 4.633382 2.322771
20.291491 23.178772 4.879167 2.310187
20.583956 23.184263 4.910452 2.308585
20.880213 23.189825 4.942385 2.306950
21.180363 23.195463 4.974979 2.305281
21.484539 23.201176 5.008255 2.303577
21.155462 22.528269 4.894762 2.309388
21.160273 22.220470 4.859865 2.311175
21.165022 21.917023 4.825696 2.312924
21.319107 21.770359 4.826057 2.312906
21.494377 21.644949 4.831406 2.312632
21.670034 21.519266 4.837003 2.312346
21.846111 21.393288 4.842850 2.312046
22.022627 21.267002 4.848948 2.311734
22.199598 21.140396 4.855299 2.311409
22.224281 20.869976 4.828712 2.312770
22.228794 20.584080 4.798352 2.314324
22.233255 20.301748 4.768604 2.315847
22.237667 20.022884 4.739454 2.317340
22.242029 19.747402 4.710886 2.318803
21.217680 18.574663 4.466352 2.331323
21.221752 18.318117 4.440180 2.332663
21.240747 18.077290 4.417642 2.333817
21.404291 17.960333 4.425470 2.333416
21.568424 17.842957 4.433542 2.333003
21.733181 17.725138 4.441863 2.332577
21.898556 17.606884 4.450431 2.332138
22.064581 17.488169 4.459251 2.331686
22.231277 17.368977 4.468325 2.331222
22.283251 17.160416 4.454584 2.331925
22.287157 16.916861 4.431645 2.333100
22.291027 16.675812 4.409158 2.334251
22.294863 16.437187 4.387112 2.335380
22.298664 16.200928 4.365498 2.336487
22.302435 15.966979 4.344306 2.337571
22.113192 15.599130 4.286124 2.340550
21.278276 14.788781 4.104184 2.349866
21.281784 14.571938 4.085139 2.350841
21.285263 14.357091 4.066468 2.351797
21.397974 14.216784 4.068940 2.351670
21.554541 14.104886 4.079886 2.351110
21.711950 13.992391 4.091091 2.350536
21.870237 13.879272 4.102559 2.349949
22.029425 13.765512 4.114293 2.349348
22.189537 13.651097 4.126297 2.348733
22.341972 13.530770 4.136975 2.348187
22.345411 13.320532 4.120291 2.349041
22.348825 13.111975 4.103942 2.349878
22.352217 12.905058 4.087921 2.350698
22.355587 12.699743 4.072223 2.351502
22.358934 12.495976 4.056842 2.352290
22.362263 12.293752 4.041774 2.353061
22.365568 12.093015 4.027015 2.353817
22.103386 11.752579 3.964938 2.356995
21.337643 11.155053 3.813515 2.364748
21.340742 10.967643 3.800291 2.365425
21.343824 10.781535 3.787344 2.366088
21.346889 10.596684 3.774668 2.366737
21.425846 10.450084 3.775638 2.366687
21.580486 10.339640 3.790076 2.365948
21.736336 10.228335 3.804812 2.365194
21.893402 10.116166 3.819850 2.364424
22.051725 10.003103 3.835196 2.363638
22.211338 9.889125 3.850854 2.362836
22.372271 9.774207 3.866831 2.362018
22.406942 9.603620 3.861140 2.362309
22.410017 9.420299 3.850244 2.362868
22.413080 9.238002 3.839596 2.363413
22.416128 9.056704 3.829193 2.363945
22.419165 8.876378 3.819033 2.364465
22.422190 8.696985 3.809112 2.364973
22.425201 8.518530 3.799428 2.365469
22.428204 8.340971 3.789978 2.365953
22.428377 8.163261 3.780285 2.366449
22.001600 7.834420 3.699043 2.370609
21.592735 7.519378 3.621387 2.374585
21.402479 7.285993 3.580861 2.376660
21.405294 7.120591 3.572928 2.377066
21.408100 6.955913 3.565203 2.377461
21.410896 6.791939 3.557686 2.377846
21.496704 6.654334 3.564137 2.377516
21.658289 6.539018 3.583272 2.376536
21.821629 6.422452 3.602790 2.375537
21.986771 6.304605 3.622699 2.374518
22.153759 6.185443 3.643010 2.373478
22.322655 6.064923 3.663731 2.372417
22.469246 5.936625 3.680898 2.371538
22.472120 5.769857 3.674681 2.371856
22.474991 5.603644 3.668664 2.372164
22.477854 5.437968 3.662845 2.372462
22.480713 5.272796 3.657223 2.372750
22.483566 5.108136 3.651797 2.373028
22.486416 4.943957 3.646564 2.373296
22.489262 4.780240 3.641525 2.373554
22.492104 4.616968 3.636678 2.373802
22.494940 4.454111 3.632020 2.374041
22.352064 4.263879 3.604057 2.375472
22.076973 4.051880 3.555053 2.377981
21.809254 3.845560 3.507534 2.380414
21.548586 3.644673 3.461435 2.382775
21.468269 3.477094 3.444549 2.383639
21.470961 3.323876 3.441174 2.383812
21.473650 3.170950 3.437973 2.383976
21.476337 3.018302 3.434946 2.384131
21.547295 2.875025 3.443001 2.383718
21.729523 2.745070 3.468972 2.382389
21.914520 2.613143 3.495508 2.381030
22.102383 2.479177 3.522627 2.379642
22.293196 2.343109 3.550344 2.378222
22.487049 2.204877 3.578678 2.376772
22.537258 2.051044 3.584302 2.376484
22.540075 1.892738 3.582562 2.376573
22.542894 1.734579 3.580998 2.376653
22.545713 1.576550 3.579610 2.376724
22.548534 1.418636 3.578398 2.376786
22.551359 1.260809 3.577362 2.376839
22.554184 1.103079 3.576502 2.376883
22.557013 0.945417 3.575816 2.376918
22.559843 0.787807 3.575306 2.376944
22.562677 0.630235 3.574971 2.376961
22.413267 0.469484 3.550692 2.378205
22.206467 0.310076 3.517502 2.379904
22.003489 0.153613 3.485095 2.381563
21.794056 -0.000000 2.675974 2.422990
21.598534 -0.150789 2.652031 2.424216
21.519409 -0.300487 2.642509 2.424703
21.522133 -0.450824 2.643165 2.424670
21.524860 -0.601244 2.643951 2.424630
21.527596 -0.751760 2.644867 2.424583
21.541376 -0.902851 2.647270 2.424460
21.775404 -1.064995 2.676879 2.422944
22.014746 -1.230815 2.707292 2.421387
22.259604 -1.400456 2.738539 2.419787
22.510195 -1.574066 2.770654 2.418143
22.588596 -1.738098 2.781729 2.417575
22.591503 -1.897062 2.783650 2.417477
22.594418 -2.056253 2.785710 2.417372
22.597338 -2.215688 2.787910 2.417259
22.600267 -2.375384 2.790249 2.417139
22.603203 -2.535356 2.792729 2.417012
22.606148 -2.695620 2.795350 2.416878
22.609102 -2.856194 2.798113 2.416737
22.612064 -3.017093 2.801018 2.416588
22.615036 -3.178336 2.804066 2.416432
22.494942 -3.321764 2.791983 2.417050
22.317322 -3.454904 2.772864 2.418029
22.142111 -3.586239 2.754138 2.418988
21.969244 -3.715820 2.735796 2.419927
21.798658 -3.843692 2.717829 2.420847
21.630289 -3.969901 2.700226 2.421748
21.589434 -4.118405 2.698650 2.421829
21.592348 -4.275400 2.702679 2.421623
21.595276 -4.432874 2.706853 2.421409
21.598215 -4.590843 2.711173 2.421188
21.731552 -4.777992 2.732031 2.420120
22.059303 -5.011751 2.777566 2.417789
22.398190 -5.253448 2.824786 2.415371
22.657793 -5.481497 2.862283 2.413451
22.660944 -5.650008 2.867594 2.413179
22.664108 -5.819154 2.873065 2.412899
22.667290 -5.988956 2.878699 2.412611
22.670486 -6.159435 2.884495 2.412314
22.673698 -6.330611 2.890457 2.412009
22.676928 -6.502504 2.896585 2.411695
22.680174 -6.675138 2.902882 2.411372
22.683435 -6.848534 2.909348 2.411041
22.686716 -7.022712 2.915986 2.410702
22.527164 -7.146038 2.901820 2.411427
22.368946 -7.268111 2.887905 2.412139
22.212233 -7.389026 2.874263 2.412838
22.056986 -7.508811 2.860888 2.413522
21.903172 -7.627491 2.847775 2.414194
21.750753 -7.745095 2.834919 2.414852
21.660105 -7.883633 2.830209 2.415093
21.663385 -8.056540 2.837918 2.414699
21.666687 -8.230403 2.845808 2.414294
21.670010 -8.405243 2.853883 2.413881
22.010536 -8.714588 2.906671 2.411178
22.587311 -9.125866 2.991179 2.406852
22.731197 -9.369123 3.018822 2.405436
22.734777 -9.556821 3.028085 2.404962
22.738384 -9.745684 3.037553 2.404477
22.742014 -9.935742 3.047230 2.403982
22.745672 -10.127026 3.057119 2.403475
22.749357 -10.319567 3.067223 2.402958
22.753071 -10.513395 3.077545 2.402430
22.756813 -10.708544 3.088088 2.401890
22.684505 -10.868594 3.088497 2.401869
22.529379 -10.988313 3.077746 2.402419
22.375322 -11.107206 3.067219 2.402958
22.222311 -11.225297 3.056912 2.403486
22.070316 -11.342603 3.046823 2.404003
21.919317 -11.459143 3.036947 2.404508
21.769289 -11.574936 3.027283 2.405003
21.734150 -11.751611 3.033732 2.404673
21.737993 -11.950563 3.045840 2.404053
21.741871 -12.151121 3.058195 2.403420
22.375168 -12.710865 3.159679 2.398224
22.804190 -13.166005 3.233164 2.394462
22.808367 -13.381590 3.246923 2.393758
22.812586 -13.599030 3.260959 2.393039
22.816843 -13.818372 3.275278 2.392306
22.821142 -14.039660 3.289885 2.391558
22.825483 -14.262944 3.304785 2.390795
22.829866 -14.488275 3.319984 2.390017
22.750858 -14.661926 3.323299 2.389847
22.592533 -14.784141 3.315168 2.390263
22.434977 -14.905765 3.307238 2.390669
22.278166 -15.026813 3.299506 2.391065
22.122080 -15.147305 3.291971 2.391451
21.966700 -15.267254 3.284630 2.391827
21.812002 -15.386676 3.277482 2.392193
21.809278 -15.613912 3.293371 2.391379
21.813879 -15.848711 3.310694 2.390492
22.876326 -16.865883 3.489727 2.381326
22.881260 -17.117369 3.508624 2.380358
22.886251 -17.371611 3.527901 2.379371
22.891302 -17.628677 3.547565 2.378365
22.896414 -17.888639 3.567624 2.377338
22.901588 -18.151575 3.588089 2.376290
22.887131 -18.401726 3.605863 2.375380
22.720493 -18.530382 3.599904 2.375685
22.554399 -18.658623 3.594140 2.375980
22.388832 -18.786461 3.588568 2.376265
22.223768 -18.913910 3.583189 2.376541
22.059193 -19.040983 3.578000 2.376806
21.895084 -19.167698 3.573000 2.377063
21.884426 -19.429905 3.593309 2.376023
21.889969 -19.709816 3.616725 2.374824
22.957119 -20.962730 3.817130 2.364563
22.963093 -21.264055 3.842713 2.363253
22.969152 -21.569469 3.868832 2.361916
22.975298 -21.879082 3.895501 2.360550
22.970713 -22.182558 3.920885 2.359251
22.792562 -22.320127 3.916980 2.359451
22.614763 -22.457432 3.913273 2.359640
22.437290 -22.594482 3.909763 2.359820
22.260128 -22.731297 3.906451 2.359990
22.083261 -22.867886 3.903334 2.360149
21.956499 -23.056597 3.909285 2.359844
21.963118 -23.388344 3.939439 2.358301
23.034977 -24.875513 4.162743 2.346868
23.042147 -25.234371 4.195773 2.345176
23.049435 -25.598991 4.229540 2.343448
23.052706 -25.964888 4.263299 2.341719
22.860500 -26.113338 4.261365 2.341818
22.668459 -26.261662 4.259640 2.341906
22.476564 -26.409876 4.258124 2.341984
22.284800 -26.557989 4.256817 2.342051
22.093142 -26.706022 4.255718 2.342107
22.035793 -27.018551 4.280901 2.340818
22.559185 -28.057968 4.420528 2.333669
22.243124 -28.063841 4.396880 2.334880
21.930416 -28.069653 4.373696 2.336067
21.620968 -28.075401 4.350966 2.337230
21.314707 -28.081089 4.328681 2.338372
21.011549 -28.086718 4.306832 2.339490
19.976641 -27.095659 4.133376 2.348371
19.690014 -27.100979 4.113117 2.349408
19.539118 -27.291954 4.121298 2.348989
19.405777 -27.509441 4.133581 2.348361
19.271631 -27.728245 4.146141 2.347718
19.136665 -27.948397 4.158981 2.347060
18.970276 -28.124590 4.165391 2.346732
18.689392 -28.129797 4.146736 2.347687
18.410999 -28.134956 4.128448 2.348623
18.135036 -28.140070 4.110520 2.349541
17.227776 -27.146633 3.947740 2.357876
16.972637 -27.161896 3.932632 2.358649
16.856573 -27.399971 3.949967 2.357762
13.364076 -22.066711 3.167600 2.397819
13.029861 -21.857798 3.124476 2.400027
12.747842 -21.728172 3.093150 2.401631
12.532019 -21.706093 3.077477 2.402433
12.318354 -21.684225 3.062109 2.403220
12.082121 -21.618408 3.040829 2.404310
11.861025 -21.575125 3.023020 2.405221
11.636949 -21.522089 3.004132 2.406188
11.417951 -21.474041 2.986226 2.407105
11.194607 -21.413309 2.966840 2.408098
10.977987 -21.360851 2.948881 2.409017
10.768324 -21.317657 2.932468 2.409858
10.558167 -21.269293 2.915604 2.410721
10.352560 -21.225893 2.899677 2.411536
10.146097 -21.176538 2.883187 2.412381
9.942115 -21.128073 2.867069 2.413206
9.747345 -21.095192 2.853302 2.413911
9.550359 -21.053648 2.838596 2.414664
9.355295 -21.012337 2.824151 2.415403
9.169589 -20.988361 2.812256 2.416013
8.984409 -20.962200 2.800278 2.416626
8.797870 -20.929310 2.787611 2.417274
8.617118 -20.906693 2.776518 2.417842
8.438448 -20.885893 2.765865 2.418388
8.260218 -20.862930 2.755120 2.418938
8.082009 -20.836668 2.744134 2.419500
7.905314 -20.810892 2.733404 2.420050
7.730121 -20.785666 2.722936 2.420586
7.558822 -20.767694 2.713602 2.421063
7.388818 -20.750214 2.704512 2.421529
7.220322 -20.733942 2.695756 2.421977
7.050539 -20.710827 2.686285 2.422462
6.886635 -20.701986 2.678837 2.422843
6.721481 -20.686592 2.670708 2.423260
6.557325 -20.671310 2.662760 2.423667
6.397343 -20.666479 2.656320 2.423996
6.238222 -20.661993 2.650080 2.424316
6.078482 -20.652908 2.643408 2.424657
5.919685 -20.644396 2.636965 2.424988
5.760223 -20.630804 2.630028 2.425343
5.604433 -20.627743 2.624586 2.425621
5.449342 -20.624939 2.619324 2.425890
5.294974 -20.622559 2.614264 2.426150
5.141271 -20.620512 2.609391 2.426399
4.988211 -20.618797 2.604703 2.426639
4.835768 -20.617409 2.600199 2.426870
4.683524 -20.614613 2.595660 2.427102
4.530985 -20.608101 2.590794 2.427351
4.379668 -20.604717 2.586462 2.427573
4.228554 -20.599913 2.582090 2.427797
4.079165 -20.601294 2.578630 2.427974
3.931706 -20.610735 2.576313 2.428093
3.783836 -20.616497 2.573669 2.428228
3.636371 -20.622885 2.571235 2.428353
3.490847 -20.639130 2.570159 2.428408
3.343102 -20.640944 2.567416 2.428548
3.196010 -20.644979 2.565080 2.428668
3.051059 -20.661728 2.564452 2.428700
2.906233 -20.678919 2.564005 2.428723
2.762209 -20.701797 2.564388 2.428703
2.617445 -20.719219 2.564220 2.428712
2.477177 -20.774242 2.568826 2.428476
2.336942 -20.834305 2.574173 2.428202
2.195935 -20.892921 2.579459 2.427932
2.056239 -20.971157 2.587282 2.427531
1.914128 -21.032742 2.593168 2.427230
1.772764 -21.111300 2.601265 2.426815
1.637090 -21.275869 2.620070 2.425852
1.498561 -21.430418 2.637750 2.424947
1.360341 -21.622013 2.660098 2.423803
1.220359 -21.827749 2.684296 2.422564
1.076944 -22.019764 2.706919 2.421406
0.932083 -22.238823 2.732981 2.420071
0.784316 -22.459867 2.759406 2.418718
0.633406 -22.676300 2.785386 2.417388
0.476544 -22.750053 2.793968 2.416949
0.323438 -23.163155 2.844355 2.414369
0.162857 -23.327072 2.864274 2.413349
-0.000000 -23.628546 2.901221 2.411457
-0.165336 -23.682228 2.907883 2.411116
-0.330177 -23.645580 2.903595 2.411336
-0.493418 -23.555424 2.892877 2.411885
-0.655415 -23.464239 2.882170 2.412433
-0.815140 -23.342560 2.867853 2.413166
-0.972320 -23.198845 2.850961 2.414031
-1.127587 -23.055170 2.834203 2.414889
-1.283651 -22.959757 2.823506 2.415437
-1.437508 -22.848553 2.810997 2.416077
-1.590067 -22.739014 2.798817 2.416701
-1.740835 -22.624163 2.786109 2.417351
-1.892587 -22.538200 2.777083 2.417813
-2.042954 -22.448263 2.767691 2.418294
-2.193468 -22.370726 2.759952 2.418690
-2.343119 -22.293283 2.752349 2.419080
-2.494639 -22.240202 2.747878 2.419308
-2.642653 -22.161943 2.740422 2.419690
-2.788745 -22.075176 2.732034 2.420120
-2.937410 -22.014872 2.727042 2.420375
-3.087168 -21.966341 2.723634 2.420550
-3.234489 -21.903912 2.718627 2.420806
-3.380412 -21.836123 2.713076 2.421090
-3.525601 -21.767708 2.707568 2.421372
-3.672460 -21.712891 2.703873 2.421562
-3.818715 -21.657011 2.700168 2.421751
-3.962729 -21.591208 2.695348 2.421998
-4.108041 -21.535099 2.691858 2.422177
-4.252064 -21.474482 2.687926 2.422378
-4.395226 -21.411873 2.683865 2.422586
-4.542858 -21.372467 2.682835 2.422639
-4.687462 -21.319798 2.680266 2.422770
-4.834227 -21.277925 2.679180 2.422826
-4.993137 -21.288340 2.684815 2.422537
-5.134483 -21.223413 2.681082 2.422729
-5.276258 -21.161913 2.677901 2.422891
-5.423707 -21.123940 2.677822 2.422895
-5.584882 -21.137924 2.684472 2.422555
-5.737081 -21.115957 2.686704 2.422441
-5.897523 -21.122557 2.692716 2.422133
-6.062731 -21.143257 2.700686 2.421725
-6.236248 -21.188953 2.712018 2.421145
-6.428895 -21.293522 2.731080 2.420169
-6.632004 -21.424536 2.753755 2.419008
-6.853167 -21.603922 2.782893 2.417516
-7.081598 -21.794918 2.813797 2.415934
-7.288247 -21.909277 2.835061 2.414845
-7.508918 -22.057299 2.860928 2.413520
-7.699603 -22.110243 2.874697 2.412815
-7.888756 -22.154203 2.887503 2.412160
-8.061888 -22.149855 2.894202 2.411817
-8.233840 -22.140125 2.900371 2.411501
-8.408870 -22.136503 2.907516 2.411135
-8.571502 -22.098646 2.910333 2.410991
-8.738903 -22.071951 2.914781 2.410763
-8.889932 -22.003353 2.913847 2.410811
-9.036240 -21.923559 2.911564 2.410928
-9.181125 -21.841028 2.909045 2.411057
-9.325174 -21.757257 2.906487 2.411188
-9.470340 -21.676754 2.904495 2.411290
-9.616461 -21.598925 2.902991 2.411367
-9.759312 -21.514282 2.900702 2.411484
-9.899545 -21.424574 2.897855 2.411630
-10.043719 -21.343985 2.896368 2.411706
-10.188133 -21.264275 2.895133 2.411769
-10.325513 -21.170439 2.892101 2.411924
-10.471180 -21.094053 2.891582 2.411951
-10.617621 -21.019316 2.891428 2.411959
-10.765081 -20.946579 2.891690 2.411945
-10.905908 -20.861078 2.890327 2.412015
-11.046667 -20.775759 2.889121 2.412077
-11.189188 -20.693970 2.888540 2.412107
-11.327923 -20.605412 2.887147 2.412178
-11.469617 -20.522459 2.886674 2.412202
-11.610136 -20.437536 2.886059 2.412234
-11.742696 -20.338947 2.883644 2.412357
-11.873140 -20.237278 2.880911 2.412497
-11.993504 -20.119287 2.875964 2.412750
-12.125677 -20.021868 2.874070 2.412848
-12.254237 -19.918980 2.871511 2.412979
-12.380311 -19.812639 2.868571 2.413129
-12.493937 -19.687292 2.862982 2.413415
-12.613036 -19.571598 2.858893 2.413625
-12.734998 -19.461113 2.855672 2.413790
-12.857313 -19.351812 2.852735 2.413940
-12.982649 -19.247568 2.850660 2.414046
-13.105023 -19.139404 2.848121 2.414176
-13.223419 -19.026005 2.844915 2.414340
-13.340955 -18.912006 2.841727 2.414503
-13.457757 -18.797598 2.838584 2.414665
-13.577373 -18.687649 2.836226 2.414785
-13.692480 -18.572027 2.833117 2.414944
-13.807822 -18.457294 2.830251 2.415091
-13.921464 -18.340849 2.827230 2.415246
-14.028408 -18.216261 2.823053 2.415460
-14.133862 -18.090517 2.818789 2.415678
-14.244482 -17.972057 2.815758 2.415833
-14.353155 -17.851723 2.812536 2.415998
-14.455370 -17.724037 2.808250 2.416218
-14.557201 -17.596630 2.804098 2.416430
-14.658472 -17.469286 2.800045 2.416638
-14.764451 -17.348166 2.797085 2.416789
-14.865759 -17.222145 2.793431 2.416976
-14.961407 -17.090279 2.788916 2.417207
-15.063857 -16.966827 2.785865 2.417364
-15.156197 -16.832661 2.781142 2.417605
-15.242060 -16.692181 2.775445 2.417897
-15.330132 -16.555035 2.770370 2.418157
-15.413882 -16.414120 2.764728 2.418446
-15.496619 -16.273050 2.759123 2.418733
-15.587780 -16.141619 2.755223 2.418932
-15.663745 -15.995284 2.748844 2.419259
-15.740095 -15.850366 2.742757 2.419571
-15.813752 -15.703736 2.736422 2.419895
-15.870219 -15.541264 2.727351 2.420360
-15.936693 -15.389885 2.720244 2.420723
-15.998980 -15.235618 2.712654 2.421112
-16.060461 -15.081776 2.705160 2.421496
-16.134733 -14.940929 2.700035 2.421758
-16.194469 -14.787580 2.692689 2.422134
-16.253195 -14.634443 2.685400 2.422507
-16.298973 -14.470901 2.676206 2.422978
-16.328424 -14.294453 2.664591 2.423573
-16.405012 -14.160429 2.660892 2.423762
-16.475349 -14.021618 2.656358 2.423995
-16.551727 -13.888548 2.652975 2.424168
-16.633520 -13.760440 2.650622 2.424288
-16.662443 -13.589557 2.640048 2.424829
-17.903479 -14.394769 2.820690 2.415581
-17.907431 -14.193253 2.805633 2.416352
-17.911339 -13.993872 2.790870 2.417107
-17.915203 -13.796558 2.776396 2.417848
-17.812643 -13.520530 2.745807 2.419415
-17.191948 -12.861221 2.636222 2.425025
-17.195534 -12.677638 2.623136 2.425695
-17.199083 -12.495865 2.610306 2.426352
-17.202595 -12.315844 2.597726 2.426996
-17.319513 -12.217571 2.602438 2.426755
-17.438414 -12.120014 2.607526 2.426495
-17.557787 -12.022065 2.612762 2.426227
-17.677641 -11.923719 2.618146 2.425951
-17.797998 -11.824957 2.623680 2.425668
-17.918863 -11.725775 2.629366 2.425376
-17.958525 -11.573481 2.623266 2.425689
-17.961906 -11.398971 2.612071 2.426262
-17.965260 -11.225940 2.601098 2.426824
-17.968580 -11.054340 2.590342 2.427374
-17.971872 -10.884151 2.579800 2.427914
-17.975134 -10.715332 2.569467 2.428443
-17.978369 -10.547844 2.559340 2.428962
-17.981575 -10.381667 2.549417 2.429470
-17.984753 -10.216758 2.539693 2.429968
-17.987906 -10.053100 2.530165 2.430455
-17.991032 -9.890655 2.520831 2.430933
-17.706600 -9.573920 2.471552 2.433457
-17.263319 -9.179070 2.400674 2.437085
-17.266247 -9.026572 2.392259 2.437516
-17.269152 -8.875137 2.384019 2.437938
-17.272034 -8.724733 2.375950 2.438351
-17.274895 -8.575330 2.368050 2.438756
-17.351843 -8.463059 2.370441 2.438633
-17.466791 -8.368681 2.378105 2.438241
-17.582483 -8.273688 2.385934 2.437840
-17.698946 -8.178061 2.393932 2.437431
-17.816196 -8.081783 2.402101 2.437012
-17.934252 -7.984843 2.410443 2.436585
-18.029562 -7.876918 2.415803 2.436311
-18.032381 -7.728687 2.408892 2.436665
-18.035181 -7.581293 2.402137 2.437011
-18.037964 -7.434710 2.395536 2.437349
-18.040728 -7.288928 2.389087 2.437679
-18.043476 -7.143914 2.382788 2.438001
-18.046207 -6.999661 2.376637 2.438316
-18.048922 -6.856143 2.370633 2.438624
-18.051620 -6.713336 2.364774 2.438924
-18.054304 -6.571229 2.359058 2.439216
-18.056971 -6.429795 2.353484 2.439502
-18.059624 -6.289026 2.348050 2.439780
-18.062263 -6.148897 2.342755 2.440051
-18.011967 -5.991782 2.330748 2.440665
-17.762623 -5.771426 2.293214 2.442587
-17.521160 -5.558036 2.256975 2.444443
-17.335711 -5.366298 2.228207 2.445916
-17.338177 -5.234705 2.223772 2.446143
-17.340631 -5.103623 2.219463 2.446363
-17.343075 -4.973046 2.215278 2.446578
-17.345507 -4.842949 2.211216 2.446786
-17.347927 -4.713326 2.207276 2.446987
-17.468645 -4.615416 2.218482 2.446414
-17.592108 -4.516883 2.230102 2.445819
-17.716869 -4.417312 2.241954 2.445212
-17.842974 -4.316667 2.254043 2.444593
-17.970444 -4.214928 2.266373 2.443962
-18.099319 -4.112065 2.278950 2.443318
-18.102781 -3.980153 2.275832 2.443477
-18.105223 -3.848384 2.272706 2.443637
-18.107656 -3.716965 2.269699 2.443791
-18.110081 -3.585891 2.266809 2.443939
-18.112497 -3.455144 2.264037 2.444081
-18.114904 -3.324705 2.261382 2.444217
-18.117304 -3.194570 2.258842 2.444347
-18.119698 -3.064714 2.256418 2.444471
-18.122082 -2.935136 2.254108 2.444590
-18.124460 -2.805816 2.251913 2.444702
-18.126831 -2.676736 2.249830 2.444808
-18.129196 -2.547892 2.247861 2.444910
-18.131556 -2.419263 2.246005 2.445004
-18.133907 -2.290844 2.244261 2.445094
-18.042044 -2.151385 2.230978 2.445774
-17.870995 -2.004551 2.208043 2.446948
-17.703423 -1.860705 2.185680 2.448093
-17.539196 -1.719730 2.163870 2.449210
-17.405643 -1.584037 2.145976 2.450126
-17.407871 -1.461781 2.144940 2.450179
-17.410091 -1.339632 2.144009 2.450227
-17.412310 -1.217587 2.143183 2.450269
-17.414524 -1.095626 2.142462 2.450306
-17.416735 -0.973746 2.141846 2.450337
-17.498964 -0.855843 2.151171 2.449860
-17.640627 -0.739359 2.167898 2.449003
-17.784508 -0.621049 2.184994 2.448128
-17.930685 -0.500847 2.202470 2.447233
-18.079220 -0.378705 2.220336 2.446319
-18.170910 -0.253731 2.231325 2.445756
-18.173195 -0.126873 2.231442 2.445750
-18.175476 0.000000 2.231668 2.445739
-18.177757 0.126910 2.232002 2.445721
-18.180038 0.253859 2.232445 2.445699
-18.182316 0.380864 2.232997 2.445670
-18.184593 0.507944 2.233658 2.445637
-18.186869 0.635099 2.234428 2.445597
-18.189146 0.762354 2.235307 2.445552
-18.191420 0.889710 2.236295 2.445502
-18.193695 1.017184 2.237394 2.445446
-18.195971 1.144795 2.238602 2.445384
-18.198246 1.272545 2.239920 2.445316
-18.200521 1.400457 2.241349 2.445243
-18.202799 1.528533 2.242889 2.445164
-18.109884 1.648128 2.232804 2.445680
-17.979893 1.762946 2.218240 2.446426
-17.851583 1.876277 2.203972 2.447157
-17.724901 1.988169 2.189992 2.447872
-17.599813 2.098652 2.176295 2.448574
-17.476274 2.207766 2.162871 2.449261
-17.475849 2.331778 2.164781 2.449163
-17.478045 2.456379 2.167124 2.449043
-17.480244 2.581261 2.169579 2.448918
-17.482447 2.706427 2.172144 2.448786
-17.484653 2.831895 2.174822 2.448649
-17.623680 2.980824 2.194650 2.447634
-17.819695 3.142093 2.221737 2.446247
-18.020624 3.307406 2.249612 2.444820
-18.226656 3.476922 2.278307 2.443351
-18.239506 3.611518 2.283009 2.443110
-18.241829 3.744512 2.286517 2.442930
-18.244158 3.877915 2.290146 2.442744
-18.246492 4.011755 2.293899 2.442552
-18.248831 4.146034 2.297776 2.442354
-18.251175 4.280774 2.301778 2.442149
-18.253527 4.415995 2.305907 2.441937
-18.255882 4.551703 2.310162 2.441720
-18.258245 4.687924 2.314547 2.441495
-18.260616 4.824664 2.319060 2.441264
-18.262993 4.961944 2.323705 2.441026
-18.265377 5.099787 2.328482 2.440782
-18.267769 5.238198 2.333392 2.440530
-18.251446 5.371696 2.336040 2.440395
-18.134352 5.475085 2.325889 2.440914
-18.018265 5.577584 2.315937 2.441424
-17.903156 5.679217 2.306182 2.441923
-17.789009 5.780000 2.296620 2.442413
-17.675795 5.879958 2.287248 2.442893
-17.563499 5.979104 2.278063 2.443363
-17.541492 6.108593 2.280684 2.443229
-17.543863 6.247091 2.286608 2.442926
-17.546246 6.386311 2.292673 2.442615
-17.548637 6.526283 2.298883 2.442297
-17.572905 6.675322 2.308111 2.441825
-17.896374 6.941545 2.356905 2.439327
-18.233839 7.219290 2.407927 2.436714
-18.304749 7.395598 2.424051 2.435889
-18.307302 7.545729 2.431306 2.435517
-18.309868 7.696761 2.438723 2.435137
-18.312447 7.848724 2.446305 2.434749
-18.315041 8.001647 2.454055 2.434352
-18.317648 8.155542 2.461973 2.433947
-18.320269 8.310447 2.470063 2.433533
-18.322906 8.466372 2.478328 2.433110
-18.325558 8.623352 2.486768 2.432678
-18.328224 8.781417 2.495389 2.432236
-18.330908 8.940581 2.504192 2.431785
-18.333609 9.100886 2.513179 2.431325
-18.251268 9.219379 2.510654 2.431454
-18.136345 9.320814 2.503735 2.431809
-18.022043 9.421700 2.496976 2.432155
-17.908356 9.522041 2.490374 2.432493
-17.795256 9.621863 2.483927 2.432823
-17.682739 9.721169 2.477634 2.433145
-17.604610 9.838883 2.476251 2.433216
-17.607344 10.002366 2.486398 2.432696
-17.610096 10.167193 2.496749 2.432166
-17.612869 10.333413 2.507309 2.431626
-17.846409 10.638597 2.551066 2.429385
-18.367470 11.123734 2.636586 2.425007
-18.370428 11.301566 2.648273 2.424408
-18.373411 11.480982 2.660192 2.423798
-18.376419 11.662034 2.672351 2.423176
-18.379450 11.844748 2.684752 2.422541
-18.382507 12.029175 2.697400 2.421893
-18.385592 12.215361 2.710301 2.421232
-18.388702 12.403337 2.723458 2.420559
-18.391842 12.593161 2.736877 2.419872
-18.395008 12.784865 2.750564 2.419171
-18.371677 12.959791 2.760536 2.418660
-18.250896 13.066361 2.756028 2.418891
-18.130508 13.172585 2.751668 2.419115
-18.010489 13.278481 2.747456 2.419330
-17.890833 13.384055 2.743390 2.419538
-17.771524 13.489320 2.739469 2.419739
-17.666985 13.605412 2.737929 2.419818
-17.670267 13.805526 2.753308 2.419031
-17.673584 14.007915 2.768995 2.418227
-17.676935 14.212623 2.784998 2.417408
-18.431944 15.032724 2.920413 2.410475
-18.435514 15.251187 2.937778 2.409586
-18.439125 15.472263 2.955494 2.408679
-18.442778 15.696039 2.973572 2.407753
-18.446472 15.922569 2.992017 2.406809
-18.450209 16.151936 3.010840 2.405845
-18.453991 16.384224 3.030050 2.404861
-17.290306 15.568262 2.856755 2.413734
-16.636053 15.190808 2.766113 2.418375
-16.335518 15.126857 2.733635 2.420038
-16.095589 15.114761 2.711076 2.421193
-15.916864 15.157429 2.698732 2.421825
-15.689846 15.151508 2.678110 2.422881
-15.534845 15.212850 2.669716 2.423311
-15.381471 15.274463 2.661619 2.423725
-15.213352 15.319932 2.650971 2.424270
-15.030292 15.348432 2.637680 2.424951
-14.883514 15.412331 2.630740 2.425306
-14.739648 15.478160 2.624348 2.425633
-14.598523 15.545850 2.618481 2.425934
-14.468408 15.624457 2.614644 2.426130
-14.343195 15.707806 2.611770 2.426277
-14.221136 15.794172 2.609559 2.426391
-14.113148 15.896026 2.610044 2.426366
-14.001814 15.994144 2.610041 2.426366
-13.882088 16.082552 2.608589 2.426440
-13.787067 16.199753 2.611923 2.426270
-13.700103 16.327147 2.616978 2.426011
-13.597513 16.436575 2.619238 2.425895
-13.515479 16.571617 2.625657 2.425566
-13.416711 16.687021 2.629037 2.425393
-13.325041 16.812021 2.634010 2.425139
-13.222901 16.924541 2.637112 2.424980
-13.106483 17.019121 2.637527 2.424958
-12.976669 17.096132 2.635357 2.425070
-12.849237 17.175928 2.633766 2.425151
-12.728417 17.264410 2.633643 2.425157
-12.597994 17.339651 2.631640 2.425260
-12.452039 17.392830 2.626453 2.425525
-12.278130 17.405361 2.615337 2.426095
-12.118533 17.436283 2.607208 2.426511
-11.950336 17.453030 2.597173 2.427025
-11.760658 17.435894 2.582342 2.427784
-11.608414 17.472073 2.575634 2.428128
-11.452284 17.500925 2.568039 2.428516
-11.260065 17.472198 2.552227 2.429326
-11.123728 17.528194 2.549000 2.429491
-10.973678 17.561556 2.542648 2.429816
-10.826491 17.598217 2.536951 2.430108
-10.687584 17.647301 2.533209 2.430300
-10.555992 17.707838 2.531258 2.430400
-10.422040 17.763941 2.528815 2.430525
-10.327728 17.888149 2.536171 2.430148
-10.229215 18.006681 2.542789 2.429809
-10.129792 18.125132 2.549467 2.429467
-10.036669 18.256632 2.558046 2.429028
-9.960588 18.421728 2.571372 2.428346
-9.898152 18.615717 2.588741 2.427456
-9.841842 18.825714 2.608325 2.426454
-9.813297 19.094614 2.636025 2.425035
-9.841044 19.481953 2.679948 2.422787
-10.715467 21.586176 2.959042 2.408497
-10.609983 21.753691 2.971779 2.407845
-10.349224 21.600506 2.940910 2.409425
-10.165965 21.603779 2.931622 2.409901
-9.983851 21.607033 2.922534 2.410366
-9.856505 21.728552 2.929591 2.410005
-9.750709 21.900450 2.943517 2.409292
-9.643890 22.074001 2.957722 2.408565
-9.536034 22.249237 2.972209 2.407823
-9.427110 22.426205 2.986985 2.407066
-9.317086 22.604952 3.002056 2.406295
-9.144549 22.633554 2.997303 2.406538
-8.962543 22.636812 2.989375 2.406944
-8.781497 22.640055 2.981635 2.407340
-8.601377 22.643280 2.974079 2.407727
-8.422152 22.646490 2.966705 2.408105
-8.243812 22.649687 2.959512 2.408473
-7.716957 21.671743 2.824621 2.415380
-7.539597 21.650778 2.814959 2.415874
-7.371553 21.653791 2.808592 2.416200
-7.226144 21.722599 2.810904 2.416082
-7.125054 21.928663 2.831063 2.415050
-7.022494 22.137718 2.851654 2.413995
-6.918429 22.349838 2.872686 2.412919
-6.812812 22.565117 2.894173 2.411818
-6.674450 22.677845 2.902584 2.411388
-6.503647 22.680912 2.897094 2.411669
-6.333475 22.683971 2.891767 2.411942
-6.163925 22.687019 2.886599 2.412206
-5.994973 22.690056 2.881590 2.412462
-5.826591 22.693085 2.876739 2.412711
-5.658774 22.696104 2.872043 2.412951
-5.430267 22.446024 2.835531 2.414821
-5.133675 21.887566 2.760387 2.418668
-4.929586 21.697678 2.732032 2.420120
-4.771168 21.700529 2.728131 2.420320
-4.613195 21.703375 2.724373 2.420512
-4.493860 21.892366 2.744092 2.419502
-4.380525 22.123302 2.769138 2.418220
-4.265104 22.358484 2.794780 2.416907
-4.147519 22.598068 2.821039 2.415563
-4.007183 22.725861 2.833431 2.414928
-3.844291 22.728800 2.830382 2.415084
-3.681730 22.731733 2.827478 2.415233
-3.519507 22.734663 2.824717 2.415374
-3.357592 22.737587 2.822099 2.415509
-3.195970 22.740505 2.819623 2.415635
-3.034623 22.743422 2.817289 2.415755
-2.838531 22.469343 2.780816 2.417622
-2.644298 22.175787 2.742134 2.419603
-2.455386 21.890276 2.704643 2.421522
-2.285533 21.745398 2.684706 2.422543
-2.132429 21.748167 2.683145 2.422623
-1.979483 21.750937 2.681716 2.422696
-1.839202 21.902533 2.698758 2.421824
-1.706158 22.173536 2.730616 2.420192
-1.569929 22.451025 2.763371 2.418515
-1.430384 22.735262 2.797059 2.416790
-1.273329 22.775297 2.800822 2.416598
-1.114034 22.778185 2.800153 2.416632
-0.954807 22.781073 2.799620 2.416659
-0.795633 22.783960 2.799224 2.416680
-0.636497 22.786846 2.798964 2.416693
-0.477370 22.789734 2.798841 2.416699
-0.316972 22.700291 2.787517 2.417279
-0.156368 22.398041 2.750201 2.419190
0.000000 22.103769 2.714002 2.421043
0.152313 21.817137 2.678873 2.422842
0.304305 21.792358 2.676026 2.422987
0.456547 21.795126 2.676692 2.422953
0.608873 21.797895 2.677489 2.422912
0.770131 22.053675 2.709502 2.421273
0.935573 22.322147 2.743221 2.419547
1.105205 22.597416 2.777930 2.417770
1.275931 22.821606 2.806517 2.416306
1.436000 22.824520 2.808040 2.416228
1.596250 22.827438 2.809701 2.416143
1.756698 22.830360 2.811502 2.416051
1.917372 22.833288 2.813442 2.415952
2.078264 22.836222 2.815523 2.415845
2.239402 22.839159 2.817744 2.415731
2.385512 22.696634 2.802147 2.416530
2.517898 22.447586 2.773502 2.417997
2.647621 22.203554 2.745568 2.419427
2.774754 21.964401 2.718324 2.420822
2.914068 21.839901 2.705368 2.421485
3.069798 21.842745 2.708309 2.421335
3.225875 21.845596 2.711389 2.421177
3.425567 22.127769 2.749312 2.419235
3.661831 22.608797 2.812186 2.416016
3.867987 22.868896 2.847828 2.414191
4.032935 22.871912 2.851640 2.413996
4.198334 22.874937 2.855603 2.413793
4.364214 22.877972 2.859715 2.413583
4.530568 22.881016 2.863980 2.413364
4.697428 22.884071 2.868397 2.413138
4.864811 22.887136 2.872968 2.412904
5.018496 22.825441 2.869552 2.413079
5.135734 22.604984 2.846275 2.414271
5.251083 22.388086 2.823512 2.415436
5.364609 22.174623 2.801246 2.416576
5.476364 21.964497 2.779463 2.417691
5.620247 21.889425 2.774861 2.417927
5.784238 21.892435 2.780294 2.417649
5.948869 21.895456 2.785884 2.417363
6.311035 22.603579 2.881518 2.412466
6.571755 22.918436 2.927434 2.410115
6.746202 22.921638 2.933787 2.409790
6.921431 22.924858 2.940313 2.409456
7.097435 22.928091 2.947011 2.409113
7.274252 22.931341 2.953884 2.408761
7.451905 22.934607 2.960934 2.408400
7.596926 22.837210 2.955135 2.408697
7.714190 22.660259 2.939135 2.409516
7.830188 22.485224 2.923451 2.410319
7.944963 22.312040 2.908075 2.411107
8.058543 22.140665 2.893001 2.411878
8.170958 21.971050 2.878222 2.412635
8.333968 21.939306 2.881616 2.412461
8.510965 21.942566 2.889778 2.412043
8.891152 22.456480 2.965561 2.408163
9.279777 22.968252 3.041626 2.404269
9.468260 22.971727 3.050766 2.403801
9.657904 22.975224 3.060111 2.403322
9.848707 22.978743 3.069662 2.402833
10.040716 22.982285 3.079424 2.402333
10.213214 22.939255 3.083138 2.402143
10.317140 22.744015 3.066503 2.402995
10.419964 22.550850 3.050193 2.403830
10.521699 22.359735 3.034205 2.404649
10.622379 22.170610 3.018530 2.405451
10.722032 21.983423 3.003163 2.406238
10.914394 21.986912 3.013975 2.405684
11.108207 21.990494 3.025024 2.405119
11.828263 23.015299 3.177279 2.397323
12.034101 23.019104 3.189325 2.396707
12.241515 23.022942 3.201619 2.396077
12.450545 23.026808 3.214166 2.395435
12.661248 23.030706 3.226970 2.394779
12.869839 23.027853 3.239081 2.394159
12.972322 22.835411 3.224672 2.394897
13.073905 22.644669 3.210547 2.395620
13.174609 22.455584 3.196702 2.396329
13.274463 22.268103 3.183128 2.397024
13.373471 22.082214 3.169825 2.397705
13.556525 22.035812 3.176673 2.397354
13.771999 22.039806 3.191031 2.396619
14.638979 23.067345 3.354518 2.388249
14.868645 23.071604 3.370152 2.387448
15.100456 23.075905 3.386097 2.386632
15.334483 23.080248 3.402360 2.385799
15.555821 23.062454 3.415663 2.385118
15.658819 22.869135 3.403140 2.385759
15.761081 22.677208 3.390872 2.386387
15.862606 22.486668 3.378857 2.387002
15.963422 22.297466 3.367092 2.387605
16.063545 22.109573 3.355571 2.388195
16.283516 22.086428 3.369230 2.387496
17.293461 23.116631 3.544717 2.378510
17.550108 23.121403 3.564149 2.377516
17.809597 23.126226 3.583972 2.376501
18.072002 23.131107 3.604193 2.375465
18.202908 22.966360 3.598236 2.375770
18.321636 22.787506 3.590168 2.376183
18.439835 22.609461 3.582312 2.376585
18.557522 22.432186 3.574665 2.376977
18.674719 22.255663 3.567224 2.377358
18.837456 22.133942 3.568706 2.377282
19.109898 22.139015 3.590948 2.376143
20.285841 23.172319 3.781429 2.366391
20.578188 23.177767 3.805669 2.365150
20.874323 23.183285 3.830410 2.363883
21.174351 23.188877 3.855664 2.362590
21.478399 23.194546 3.881446 2.361270
21.132540 22.503859 3.790461 2.365928
21.137508 22.196566 3.763466 2.367311
21.142412 21.893608 3.737034 2.368664
21.305817 21.756788 3.738978 2.368564
21.480963 21.631441 3.743119 2.368352
21.656496 21.505821 3.747453 2.368130
21.832445 21.379906 3.751980 2.367898
22.008833 21.253683 3.756701 2.367657
22.185675 21.127138 3.761619 2.367405
22.201624 20.848698 3.739552 2.368535
22.206274 20.563227 3.716064 2.369737
22.210869 20.281307 3.693049 2.370916
22.215412 20.002848 3.670496 2.372071
22.219906 19.727758 3.648393 2.373202
21.196701 18.556297 3.459032 2.382898
21.200891 18.300110 3.438783 2.383934
21.227262 18.065813 3.422520 2.384767
21.390676 17.948908 3.428580 2.384457
21.554680 17.831587 3.434830 2.384137
21.719307 17.713823 3.441272 2.383807
21.884550 17.595621 3.447906 2.383467
22.050440 17.476959 3.454735 2.383117
22.217001 17.357822 3.461761 2.382758
22.262289 17.144276 3.450084 2.383356
22.266300 16.901030 3.432335 2.384264
22.270273 16.660284 3.414934 2.385155
22.274208 16.421959 3.397875 2.386029
22.278109 16.185993 3.381150 2.386885
22.281975 15.952331 3.364753 2.387725
21.964819 15.494465 3.300443 2.391017
21.258942 14.775342 3.178800 2.397245
21.262535 14.558758 3.164063 2.398000
21.266098 14.344165 3.149614 2.398740
21.383873 14.207415 3.152290 2.398603
21.540297 14.095566 3.160765 2.398169
21.697563 13.983118 3.169440 2.397725
21.855705 13.870049 3.178318 2.397270
22.014746 13.756339 3.187403 2.396805
22.174707 13.641974 3.196696 2.396329
22.322454 13.518950 3.204310 2.395939
22.325968 13.308942 3.191399 2.396600
22.329456 13.100611 3.178746 2.397248
22.332920 12.893918 3.166348 2.397883
22.336361 12.688823 3.154200 2.398505
22.339779 12.485271 3.142296 2.399114
22.343176 12.283258 3.130635 2.399711
22.346548 12.082731 3.119213 2.400296
22.065821 11.732605 3.068520 2.402892
21.319626 11.145634 2.953860 2.408762
21.322784 10.958414 2.943625 2.409286
21.325926 10.772494 2.933605 2.409799
21.329046 10.587828 2.923795 2.410302
21.410837 10.442763 2.924942 2.410243
21.565311 10.332369 2.936119 2.409671
21.720993 10.221115 2.947527 2.409087
21.877888 10.108997 2.959168 2.408491
22.036036 9.995986 2.971048 2.407882
22.195471 9.882060 2.983170 2.407262
22.356220 9.767196 2.995538 2.406628
22.388672 9.595789 2.990836 2.406869
22.391796 9.412639 2.982402 2.407301
22.394905 9.230511 2.974161 2.407723
22.398001 9.049379 2.966109 2.408135
22.401083 8.869219 2.958246 2.408538
22.404152 8.689989 2.950567 2.408931
22.407207 8.511694 2.943072 2.409315
22.410252 8.334295 2.935758 2.409689
22.407324 8.155599 2.927844 2.410094
21.981390 7.827224 2.864980 2.413313
21.573317 7.512616 2.804888 2.416390
21.385509 7.280216 2.773794 2.417982
21.388359 7.114957 2.767654 2.418296
21.391199 6.950422 2.761675 2.418602
21.394030 6.786589 2.755857 2.418900
21.480072 6.649186 2.760893 2.418642
21.641441 6.533931 2.775703 2.417884
21.804562 6.417429 2.790810 2.417110
21.969479 6.299647 2.806221 2.416322
22.136238 6.180551 2.821941 2.415517
22.304901 6.060100 2.837980 2.414696
22.451778 5.932011 2.851329 2.414012
22.454681 5.765379 2.846517 2.414258
22.457577 5.599303 2.841859 2.414497
22.460466 5.433761 2.837355 2.414727
22.463348 5.268723 2.833003 2.414950
22.466227 5.104197 2.828803 2.415165
22.469099 4.940149 2.824754 2.415373
22.471966 4.776564 2.820853 2.415572
22.474829 4.613422 2.817101 2.415764
22.477686 4.450694 2.813495 2.415949
22.337984 4.261193 2.792217 2.417038
22.063255 4.049363 2.754276 2.418981
21.795883 3.843202 2.717483 2.420865
21.535549 3.642468 2.681789 2.422692
21.451895 3.474442 2.668285 2.423384
21.454599 3.321343 2.665673 2.423517
21.457302 3.168536 2.663195 2.423644
21.460001 3.016006 2.660852 2.423764
21.527889 2.872436 2.666718 2.423464
21.709805 2.742579 2.686815 2.422435
21.894482 2.610754 2.707349 2.421384
22.082016 2.476892 2.728334 2.420309
22.272491 2.340933 2.749782 2.419211
22.466000 2.202813 2.771706 2.418089
22.520197 2.049491 2.776560 2.417840
22.523022 1.891306 2.775212 2.417909
22.525845 1.733267 2.774002 2.417971
22.528669 1.575358 2.772928 2.418026
22.531494 1.417564 2.771990 2.418074
22.534321 1.259857 2.771188 2.418115
22.537148 1.102246 2.770521 2.418149
22.539978 0.944703 2.769991 2.418176
22.542809 0.787212 2.769596 2.418197
22.545643 0.629759 2.769336 2.418210
22.402536 0.469259 2.751289 2.419134
22.195934 0.309929 2.725584 2.420450
21.993149 0.153541 2.700485 2.421735
21.783997 -0.000000 1.905853 2.462420
21.588655 -0.150720 1.888809 2.463293
21.503304 -0.300262 1.881479 2.463668
21.506021 -0.450487 1.881946 2.463644
21.508743 -0.600794 1.882505 2.463616
21.511469 -0.751197 1.883157 2.463582
21.517084 -0.901833 1.884154 2.463531
21.750576 -1.063781 1.905203 2.462453
21.989357 -1.229396 1.926824 2.461347
22.233637 -1.398822 1.949037 2.460209
22.483629 -1.572209 1.971866 2.459040
22.571625 -1.736792 1.980599 2.458593
22.574516 -1.895635 1.981965 2.458523
22.577415 -2.054706 1.983431 2.458448
22.580320 -2.214020 1.984996 2.458368
22.583233 -2.373594 1.986660 2.458283
22.586153 -2.533443 1.988424 2.458193
22.589079 -2.693585 1.990289 2.458097
22.592014 -2.854035 1.992255 2.457996
22.594957 -3.014811 1.994322 2.457891
22.597908 -3.175929 1.996490 2.457780
22.486330 -3.320493 1.988632 2.458182
22.308838 -3.453591 1.975020 2.458879
22.133749 -3.584885 1.961687 2.459562
21.961002 -3.714426 1.948627 2.460230
21.790535 -3.842259 1.935834 2.460885
21.622282 -3.968431 1.923302 2.461527
21.572933 -4.115257 1.921421 2.461623
21.575821 -4.272128 1.924288 2.461477
21.578722 -4.429475 1.927257 2.461324
21.581633 -4.587317 1.930331 2.461167
21.697815 -4.770574 1.943654 2.460485
22.024487 -5.003840 1.975998 2.458829
22.362236 -5.245015 2.009536 2.457112
22.640276 -5.477260 2.037908 2.455659
22.643393 -5.645632 2.041687 2.455466
22.646521 -5.814639 2.045579 2.455266
22.649666 -5.984300 2.049587 2.455061
22.652824 -6.154636 2.053711 2.454850
22.655996 -6.325668 2.057953 2.454633
22.659185 -6.497417 2.062312 2.454410
22.662390 -6.669904 2.066792 2.454180
22.665611 -6.843152 2.071392 2.453945
22.668848 -7.017181 2.076115 2.453703
22.519434 -7.143586 2.066948 2.454172
22.361309 -7.265629 2.057040 2.454679
22.204683 -7.386515 2.047326 2.455177
22.049524 -7.506271 2.037802 2.455664
21.895796 -7.624923 2.028465 2.456142
21.743464 -7.742499 2.019310 2.456611
21.642744 -7.877315 2.015015 2.456831
21.645975 -8.050066 2.020499 2.456550
21.649225 -8.223770 2.026112 2.456263
21.652496 -8.398450 2.031856 2.455969
21.954773 -8.692510 2.065866 2.454228
22.528427 -9.102076 2.125772 2.451160
22.712664 -9.361485 2.149272 2.449957
22.716185 -9.549006 2.155861 2.449620
22.719728 -9.737688 2.162596 2.449275
22.723297 -9.927565 2.169480 2.448923
22.726892 -10.118665 2.176515 2.448562
22.730513 -10.311017 2.183702 2.448195
22.734159 -10.504657 2.191045 2.447819
22.737833 -10.699613 2.198545 2.447434
22.677343 -10.865163 2.199977 2.447361
22.522291 -10.984856 2.192321 2.447753
22.368307 -11.103724 2.184825 2.448137
22.215366 -11.221789 2.177485 2.448513
22.063442 -11.339069 2.170301 2.448881
21.912512 -11.455585 2.163269 2.449240
21.762550 -11.571354 2.156387 2.449593
21.715477 -11.741515 2.159792 2.449419
21.719244 -11.940256 2.168405 2.448978
21.723042 -12.140598 2.177193 2.448528
22.242998 -12.635781 2.238093 2.445410
22.784277 -13.154509 2.301741 2.442151
22.788366 -13.369855 2.311527 2.441650
22.792494 -13.587054 2.321511 2.441139
22.796659 -13.806149 2.331696 2.440617
22.800865 -14.027185 2.342085 2.440085
22.805111 -14.250215 2.352683 2.439543
22.809397 -14.475285 2.363494 2.438989
22.744051 -14.657539 2.367268 2.438796
22.585791 -14.779728 2.361478 2.439092
22.428297 -14.901326 2.355831 2.439381
22.271549 -15.022349 2.350325 2.439663
22.115524 -15.142816 2.344959 2.439938
21.960203 -15.262739 2.339732 2.440206
21.805567 -15.382135 2.334641 2.440466
21.788940 -15.599351 2.344464 2.439963
21.793430 -15.833854 2.356784 2.439332
22.854767 -16.849989 2.484220 2.432808
22.859579 -17.101151 2.497659 2.432120
22.864447 -17.355061 2.511368 2.431418
22.869371 -17.611790 2.525353 2.430702
22.874355 -17.871405 2.539618 2.429971
22.879396 -18.133987 2.554172 2.429226
22.880493 -18.396387 2.568569 2.428489
22.713915 -18.525017 2.564326 2.428706
22.547880 -18.653229 2.560221 2.428917
22.382370 -18.781038 2.556253 2.429120
22.217361 -18.908459 2.552422 2.429316
22.052843 -19.035503 2.548727 2.429505
21.888792 -19.162189 2.545166 2.429688
21.862162 -19.410137 2.557765 2.429042
21.867554 -19.689634 2.574415 2.428190
22.933455 -20.941124 2.717046 2.420887
22.939264 -21.241991 2.735238 2.419956
22.945156 -21.546936 2.753810 2.419005
22.951130 -21.856068 2.772773 2.418034
22.957191 -22.169502 2.792135 2.417042
22.786074 -22.313774 2.790202 2.417141
22.608332 -22.451042 2.787562 2.417277
22.430914 -22.588062 2.785063 2.417405
22.253809 -22.724842 2.782704 2.417526
22.076996 -22.861399 2.780484 2.417639
21.932199 -23.031080 2.782431 2.417539
21.938623 -23.362261 2.803869 2.416442
23.009087 -24.847553 2.962779 2.408306
23.016043 -25.205784 2.986261 2.407104
23.023113 -25.569757 3.010266 2.405874
23.030300 -25.939653 3.034811 2.404618
22.854040 -26.105959 3.035527 2.404581
22.662056 -26.254246 3.034298 2.404644
22.470219 -26.402420 3.033219 2.404699
19.703514 -23.481735 2.681810 2.422691
19.166399 -23.168200 2.630655 2.425310
18.769997 -23.014290 2.598237 2.426970
18.434689 -22.928127 2.573917 2.428215
18.098558 -22.834698 2.549182 2.429482
17.735151 -22.699959 2.520256 2.430963
17.332476 -22.506678 2.485302 2.432752
16.360485 -21.554144 2.367448 2.438787
15.598112 -20.850428 2.278137 2.443359
15.101637 -20.483364 2.226458 2.446005
14.703398 -20.237492 2.188521 2.447948
14.359761 -20.057503 2.158163 2.449502
14.078534 -19.957594 2.136785 2.450597
13.824701 -19.891140 2.119285 2.451493
13.601456 -19.864426 2.106270 2.452159
13.369290 -19.820787 2.091696 2.452905
13.132665 -19.766251 2.076214 2.453698
12.905476 -19.721634 2.062014 2.454425
12.690235 -19.691391 2.049538 2.455064
12.477729 -19.661757 2.037337 2.455688
12.267884 -19.632719 2.025404 2.456299
12.061263 -19.605305 2.013840 2.456891
11.862482 -19.587286 2.003433 2.457424
11.665108 -19.568399 1.993124 2.457952
11.464992 -19.541607 1.982193 2.458512
11.267187 -19.515341 1.971502 2.459059
11.071628 -19.489592 1.961044 2.459594
10.878255 -19.464346 1.950815 2.460118
10.681699 -19.429939 1.939845 2.460680
10.487353 -19.395956 1.929096 2.461230
10.296100 -19.364147 1.918736 2.461761
10.101453 -19.322298 1.907555 2.462333
9.915361 -19.293207 1.897803 2.462832
9.733002 -19.268068 1.888600 2.463304
9.551293 -19.240957 1.879361 2.463777
9.365346 -19.201803 1.869105 2.464302
9.186879 -19.174498 1.860158 2.464760
9.009092 -19.145298 1.851179 2.465220
8.835414 -19.121592 1.842877 2.465645
8.664915 -19.101698 1.835085 2.466043
8.492632 -19.074764 1.826757 2.466470
8.320170 -19.044119 1.818215 2.466907
8.154282 -19.025368 1.810946 2.467280
7.989797 -19.006979 1.803842 2.467643
7.826679 -18.988945 1.796901 2.467999
7.664886 -18.971258 1.790120 2.468346
7.504385 -18.953913 1.783496 2.468685
7.345140 -18.936905 1.777027 2.469016
7.187118 -18.920225 1.770710 2.469340
7.030287 -18.903870 1.764543 2.469656
6.874609 -18.887835 1.758523 2.469964
6.720804 -18.874210 1.752844 2.470254
6.572020 -18.872274 1.748360 2.470484
6.419129 -18.856071 1.742665 2.470776
6.270283 -18.849165 1.737939 2.471018
6.122773 -18.843958 1.733475 2.471246
5.972574 -18.827942 1.728124 2.471520
5.827667 -18.826155 1.724183 2.471722
5.683789 -18.825624 1.720459 2.471912
5.537704 -18.815504 1.715959 2.472143
5.395303 -18.815659 1.712496 2.472320
5.250694 -18.805874 1.708228 2.472539
5.109324 -18.805437 1.704906 2.472709
4.968752 -18.805977 1.701769 2.472869
4.828707 -18.806568 1.698730 2.473025
4.689243 -18.807526 1.695818 2.473174
4.550555 -18.809744 1.693112 2.473313
4.414625 -18.821856 1.691387 2.473401
4.276599 -18.823530 1.688813 2.473533
4.140823 -18.833542 1.687077 2.473622
4.003604 -18.835476 1.684705 2.473743
3.868691 -18.846794 1.683261 2.473817
3.734907 -18.862665 1.682309 2.473866
3.599836 -18.871008 1.680770 2.473944
3.464248 -18.875202 1.678949 2.474038
3.331107 -18.891644 1.678302 2.474071
3.198072 -18.908144 1.677743 2.474100
3.065737 -18.928442 1.677604 2.474107
2.933939 -18.952101 1.677845 2.474094
2.801930 -18.974628 1.678067 2.474083
2.670280 -19.000027 1.678623 2.474054
2.538888 -19.028084 1.679495 2.474010
2.408493 -19.065195 1.681246 2.473920
2.280962 -19.128731 1.685403 2.473707
2.150923 -19.175907 1.688195 2.473564
2.020382 -19.222651 1.691028 2.473419
1.890224 -19.278002 1.694695 2.473232
1.760258 -19.341993 1.699198 2.473001
1.629610 -19.406528 1.703827 2.472764
1.497260 -19.458626 1.707441 2.472579
1.363086 -19.493034 1.709584 2.472469
1.230821 -19.563341 1.714955 2.472194
1.099420 -19.664581 1.723115 2.471776
0.965856 -19.748392 1.729825 2.471433
0.830128 -19.806242 1.734343 2.471201
0.696135 -19.934690 1.745123 2.470650
0.561612 -20.106045 1.759737 2.469901
0.423092 -20.198236 1.767504 2.469504
0.283894 -20.331198 1.778923 2.468919
0.142582 -20.422997 1.786824 2.468515
-0.000000 -20.662386 1.807724 2.467444
-0.145307 -20.813251 1.820968 2.466766
-0.294103 -21.062132 1.842877 2.465645
-0.443242 -21.160070 1.851672 2.465194
-0.595085 -21.304386 1.864619 2.464531
-0.748843 -21.444054 1.877255 2.463885
-0.900046 -21.474440 1.880419 2.463722
-1.054103 -21.552687 1.887870 2.463341
-1.205070 -21.554232 1.888696 2.463299
-1.357039 -21.569527 1.890820 2.463190
-1.508661 -21.574863 1.892165 2.463121
-1.658796 -21.557974 1.891654 2.463147
-1.806587 -21.514057 1.888861 2.463290
-1.953944 -21.470207 1.886162 2.463428
-2.098644 -21.403639 1.881556 2.463664
-2.242371 -21.334740 1.876829 2.463906
-2.386424 -21.275448 1.873033 2.464101
-2.535079 -21.259804 1.873169 2.464094
-2.680044 -21.214718 1.870799 2.464215
-2.823212 -21.158997 1.867578 2.464380
-2.966892 -21.110538 1.865084 2.464508
-3.105188 -21.028290 1.859687 2.464784
-3.242917 -20.947962 1.854540 2.465047
-3.383391 -20.889675 1.851426 2.465207
-3.522620 -20.826986 1.848005 2.465382
-3.659935 -20.756521 1.843974 2.465588
-3.795120 -20.677977 1.839306 2.465827
-3.931711 -20.610744 1.835722 2.466011
-4.072306 -20.566641 1.834282 2.466085
-4.215950 -20.538509 1.834353 2.466081
-4.357069 -20.498398 1.833442 2.466128
-4.501235 -20.472792 1.833918 2.466103
-4.645652 -20.447908 1.834550 2.466071
-4.786247 -20.406260 1.833767 2.466111
-4.934405 -20.396387 1.835930 2.466000
-5.082566 -20.385057 1.838060 2.465891
-5.228311 -20.362925 1.839310 2.465827
-5.386149 -20.385754 1.844724 2.465550
-5.532448 -20.362785 1.846096 2.465480
-5.682522 -20.352510 1.848716 2.465346
-5.834567 -20.347553 1.851920 2.465182
-5.984779 -20.334534 1.854493 2.465050
-6.149133 -20.366907 1.861315 2.464700
-6.313602 -20.395948 1.867952 2.464361
-6.474068 -20.408850 1.873227 2.464091
-6.637675 -20.428663 1.879254 2.463782
-6.800983 -20.444508 1.885033 2.463486
-6.977126 -20.495169 1.894149 2.463019
-7.152182 -20.538263 1.902700 2.462582
-7.332314 -20.591532 1.912331 2.462089
-7.524517 -20.673441 1.924770 2.461452
-7.713959 -20.742210 1.936139 2.460870
-7.916748 -20.840982 1.950470 2.460136
-8.119061 -20.932182 1.964263 2.459430
-8.308534 -20.984962 1.974610 2.458900
-8.487864 -21.008202 1.982325 2.458505
-8.669444 -21.033646 1.990388 2.458092
-8.859543 -21.076017 2.000202 2.457590
-9.023936 -21.054417 2.004082 2.457391
-9.191948 -21.039539 2.008725 2.457153
-9.344432 -20.987938 2.009978 2.457089
-9.498441 -20.939196 2.011612 2.457006
-9.650821 -20.886288 2.012953 2.456937
-9.804911 -20.836491 2.014702 2.456847
-9.959036 -20.786114 2.016504 2.456755
-10.104532 -20.717361 2.016629 2.456748
-10.247231 -20.642910 2.016297 2.456766
-10.393503 -20.575636 2.016764 2.456742
-10.537978 -20.504683 2.016971 2.456731
-10.684128 -20.436853 2.017587 2.456700
-10.831059 -20.370258 2.018429 2.456656
-10.973194 -20.294497 2.018463 2.456655
-11.110466 -20.209862 2.017711 2.456693
-11.245566 -20.121569 2.016685 2.456746
-11.379499 -20.031542 2.015576 2.456802
-11.504819 -19.926931 2.013083 2.456930
-11.628644 -19.820541 2.010487 2.457063
-11.753213 -19.716196 2.008177 2.457181
-11.876451 -19.610350 2.005793 2.457304
-11.996944 -19.500757 2.003101 2.457441
-12.121546 -19.398529 2.001244 2.457536
-12.245863 -19.296391 1.999478 2.457627
-12.363336 -19.184139 1.996742 2.457767
-12.481524 -19.073765 1.994275 2.457893
-12.595901 -18.958357 1.991354 2.458043
-12.709366 -18.842409 1.988447 2.458192
-12.821383 -18.725157 1.985471 2.458344
-12.926549 -18.598864 1.981601 2.458542
-13.024146 -18.462902 1.976754 2.458790
-13.127677 -18.336546 1.972990 2.458983
-13.231823 -18.212042 1.969485 2.459162
-13.339669 -18.093487 1.966688 2.459306
-13.446754 -17.974646 1.963927 2.459447
-13.556596 -17.860153 1.961710 2.459560
-13.662106 -17.740606 1.959008 2.459699
-13.766738 -17.620621 1.956324 2.459836
-13.872352 -17.502546 1.953920 2.459959
-13.970998 -17.376415 1.950681 2.460125
-14.069844 -17.251335 1.947618 2.460282
-14.171168 -17.129995 1.945042 2.460414
-14.269836 -17.006128 1.942242 2.460557
-14.366875 -16.881016 1.939361 2.460705
-14.463663 -16.756313 1.936588 2.460847
-14.562749 -16.634895 1.934258 2.460966
-14.662133 -16.514355 1.932098 2.461076
-14.745787 -16.376854 1.928008 2.461286
-14.828524 -16.239300 1.923955 2.461493
-14.915296 -16.107052 1.920577 2.461666
-14.991089 -15.963890 1.915939 2.461904
-15.068640 -15.823627 1.911685 2.462122
-15.146935 -15.685109 1.907679 2.462327
-15.215603 -15.537658 1.902619 2.462586
-15.290473 -15.397593 1.898493 2.462797
-15.359294 -15.252440 1.893771 2.463039
-15.419005 -15.099402 1.888089 2.463330
-15.483484 -14.952227 1.883156 2.463582
-15.538896 -14.797485 1.877285 2.463883
-15.585779 -14.636019 1.870559 2.464227
-15.632937 -14.476260 1.864044 2.464561
-15.689116 -14.326129 1.858771 2.464831
-15.740542 -14.172848 1.853096 2.465122
-15.786448 -14.015861 1.846936 2.465437
-15.833413 -13.861104 1.841064 2.465737
-15.880672 -13.707830 1.835387 2.466028
-15.936085 -13.562668 1.830803 2.466263
-15.983847 -13.412040 1.825489 2.466535
-16.035805 -13.265967 1.820801 2.466775
-16.092987 -13.125119 1.816845 2.466977
-16.145803 -12.981560 1.812532 2.467198
-16.208202 -12.846459 1.809424 2.467357
-16.276312 -12.716448 1.807073 2.467478
-16.349344 -12.590686 1.805378 2.467565
-16.432520 -12.472960 1.804903 2.467589
-16.520987 -12.359279 1.805099 2.467579
-16.620558 -12.253730 1.806587 2.467503
-16.728958 -12.154299 1.809102 2.467374
-16.848776 -12.062535 1.812908 2.467179
-16.980213 -11.978222 1.818008 2.466918
-17.128811 -11.904836 1.824975 2.466561
-17.278666 -11.830947 1.832096 2.466197
-17.444773 -11.766648 1.840954 2.465743
-17.620504 -11.707030 1.850828 2.465237
-17.813393 -11.656755 1.862496 2.464640
-17.974260 -11.583621 1.870814 2.464214
-17.977579 -11.408916 1.862824 2.464623
-17.980867 -11.235693 1.854992 2.465024
-17.984127 -11.063905 1.847314 2.465418
-17.987358 -10.893530 1.839789 2.465803
-17.990562 -10.724528 1.832414 2.466180
-17.993738 -10.556861 1.825186 2.466550
-17.996887 -10.390508 1.818103 2.466913
-18.000010 -10.225425 1.811163 2.467268
-18.003107 -10.061596 1.804362 2.467617
-18.006180 -9.898983 1.797700 2.467958
-17.732311 -9.587822 1.763632 2.469702
-17.278975 -9.187394 1.712122 2.472339
-17.280630 -9.034092 1.705995 2.472653
-17.283487 -8.882505 1.700114 2.472954
-17.286324 -8.731952 1.694355 2.473249
-17.289139 -8.582401 1.688717 2.473538
-17.364027 -8.469002 1.690215 2.473461
-17.479095 -8.374576 1.695683 2.473181
-17.594910 -8.279535 1.701270 2.472895
-17.711496 -8.183861 1.706977 2.472603
-17.828875 -8.087534 1.712806 2.472304
-17.947056 -7.990544 1.718758 2.472000
-18.044109 -7.883274 1.722740 2.471796
-18.046888 -7.734905 1.717808 2.472048
-18.049650 -7.587376 1.712987 2.472295
-18.052397 -7.440659 1.708276 2.472536
-18.055124 -7.294744 1.703674 2.472772
-18.057837 -7.149600 1.699178 2.473002
-18.060532 -7.005218 1.694789 2.473227
-18.063213 -6.861572 1.690504 2.473446
-18.065878 -6.718638 1.686322 2.473660
-18.068529 -6.576407 1.682243 2.473869
-18.071165 -6.434849 1.678265 2.474073
-18.073788 -6.293958 1.674387 2.474272
-18.076397 -6.153708 1.670608 2.474465
-18.027052 -5.996799 1.662138 2.474899
-17.777260 -5.776182 1.635348 2.476270
-17.535370 -5.562543 1.609485 2.477594
-17.349161 -5.370461 1.588914 2.478648
-17.351603 -5.238759 1.585749 2.478810
-17.354033 -5.107567 1.582674 2.478967
-17.356451 -4.976882 1.579687 2.479120
-17.358860 -4.846678 1.576788 2.479268
-17.361259 -4.716949 1.573977 2.479412
-17.482405 -4.619051 1.581998 2.479002
-17.606037 -4.520460 1.590290 2.478577
-17.730972 -4.420828 1.598749 2.478144
-17.857252 -4.320121 1.607376 2.477702
-17.984903 -4.218320 1.616176 2.477252
-18.113964 -4.115393 1.625153 2.476792
-18.116541 -3.983178 1.622849 2.476910
-18.118965 -3.851305 1.620619 2.477024
-18.121384 -3.719783 1.618472 2.477134
-18.123791 -3.588606 1.616411 2.477240
-18.126192 -3.457757 1.614432 2.477341
-18.128586 -3.327216 1.612537 2.477438
-18.130972 -3.196980 1.610725 2.477531
-18.133352 -3.067024 1.608995 2.477619
-18.135725 -2.937346 1.607347 2.477704
-18.138092 -2.807926 1.605780 2.477784
-18.140453 -2.678747 1.604294 2.477860
-18.142807 -2.549805 1.602889 2.477932
-18.145157 -2.421078 1.601564 2.478000
-18.147499 -2.292561 1.600320 2.478064
-18.052345 -2.152613 1.590564 2.478563
-17.881094 -2.005684 1.574203 2.479401
-17.713326 -1.861746 1.558252 2.480217
-17.548908 -1.720683 1.542693 2.481014
-17.418650 -1.585220 1.530232 2.481652
-17.420872 -1.462872 1.529493 2.481690
-17.423088 -1.340632 1.528829 2.481724
-17.425303 -1.218496 1.528239 2.481754
-17.427515 -1.096444 1.527725 2.481780
-17.429724 -0.974472 1.527285 2.481803
-17.515596 -0.856657 1.534248 2.481447
-17.657524 -0.740068 1.546190 2.480835
-17.801678 -0.621648 1.558394 2.480210
-17.948135 -0.501334 1.570871 2.479571
-18.096958 -0.379076 1.583626 2.478918
-18.184450 -0.253920 1.591088 2.478536
-18.186739 -0.126968 1.591172 2.478532
-18.189024 0.000000 1.591333 2.478524
-18.191309 0.127004 1.591572 2.478512
-18.193592 0.254048 1.591888 2.478495
-18.195875 0.381148 1.592282 2.478475
-18.198158 0.508323 1.592754 2.478451
-18.200441 0.635573 1.593303 2.478423
-18.202724 0.762923 1.593930 2.478391
-18.205008 0.890374 1.594636 2.478355
-18.207291 1.017945 1.595419 2.478314
-18.209576 1.145651 1.596281 2.478270
-18.211861 1.273497 1.597222 2.478222
-18.214148 1.401505 1.598242 2.478170
-18.216434 1.529678 1.599341 2.478114
-18.118052 1.648871 1.591675 2.478506
-17.987947 1.763736 1.581288 2.479038
-17.859529 1.877112 1.571113 2.479559
-17.732740 1.989048 1.561143 2.480069
-17.607548 2.099574 1.551374 2.480570
-17.486811 2.209097 1.542057 2.481047
-17.489021 2.333535 1.543651 2.480965
-17.491234 2.458233 1.545324 2.480880
-17.493450 2.583211 1.547075 2.480790
-17.495668 2.708474 1.548906 2.480696
-17.497892 2.834039 1.550817 2.480598
-17.646320 2.984654 1.565780 2.479832
-17.842871 3.146179 1.585131 2.478841
-18.044355 3.311762 1.605045 2.477822
-18.250965 3.481559 1.625546 2.476772
-18.253414 3.614272 1.627971 2.476648
-18.255760 3.747371 1.630474 2.476520
-18.258112 3.880882 1.633064 2.476387
-18.260471 4.014828 1.635742 2.476250
-18.262836 4.149216 1.638509 2.476108
-18.265207 4.284064 1.641365 2.475962
-18.267584 4.419396 1.644311 2.475811
-18.269968 4.555215 1.647348 2.475656
-18.272360 4.691548 1.650477 2.475495
-18.274759 4.828401 1.653698 2.475331
-18.277166 4.965796 1.657013 2.475161
-18.279583 5.103753 1.660422 2.474986
-18.282005 5.242281 1.663926 2.474807
-18.258514 5.373776 1.665162 2.474744
-18.141344 5.477196 1.657923 2.475114
-18.025183 5.579725 1.650827 2.475478
-17.910000 5.681389 1.643870 2.475834
-17.795782 5.782200 1.637052 2.476183
-17.682497 5.882187 1.630369 2.476525
-17.570131 5.981362 1.623819 2.476861
-17.555422 6.113444 1.626365 2.476730
-17.557831 6.252065 1.630592 2.476514
-17.560253 6.391409 1.634921 2.476292
-17.562685 6.531507 1.639353 2.476065
-17.608067 6.688678 1.647907 2.475627
-17.932941 6.955729 1.682816 2.473840
-18.271904 7.234361 1.719321 2.471971
-18.319569 7.401586 1.728626 2.471494
-18.322168 7.551857 1.733805 2.471229
-18.324781 7.703030 1.739098 2.470958
-18.327410 7.855137 1.744510 2.470681
-18.330053 8.008205 1.750041 2.470398
-18.332710 8.162249 1.755692 2.470109
-18.335384 8.317303 1.761466 2.469813
-18.338074 8.473381 1.767364 2.469511
-18.340778 8.630514 1.773389 2.469203
-18.343502 8.788735 1.779542 2.468887
-18.346241 8.948060 1.785824 2.468566
-18.348999 9.108525 1.792239 2.468237
-18.257710 9.222634 1.789568 2.468374
-18.142729 9.324095 1.784634 2.468627
-18.028370 9.425007 1.779815 2.468873
-17.914625 9.525375 1.775107 2.469114
-17.801472 9.625223 1.770510 2.469350
-17.688898 9.724555 1.766023 2.469580
-17.619791 9.847367 1.765944 2.469584
-17.622589 10.011026 1.773187 2.469213
-17.625406 10.176033 1.780575 2.468834
-17.628248 10.342436 1.788113 2.468449
-17.922464 10.683934 1.825478 2.466536
-18.383646 11.133531 1.880322 2.463727
-18.386679 11.311563 1.888664 2.463300
-18.389738 11.491183 1.897173 2.462865
-18.392822 11.672444 1.905851 2.462420
-18.395933 11.855371 1.914703 2.461967
-18.399071 12.040013 1.923732 2.461505
-18.402237 12.226419 1.932941 2.461033
-18.405432 12.414620 1.942333 2.460552
-18.408655 12.604673 1.951912 2.460062
-18.411909 12.796612 1.961682 2.459562
-18.377867 12.964157 1.967650 2.459256
-18.257036 13.070757 1.964435 2.459421
-18.136597 13.177009 1.961327 2.459580
-18.016527 13.282934 1.958323 2.459734
-17.896824 13.388536 1.955424 2.459882
-17.777468 13.493831 1.952628 2.460025
-17.683830 13.618385 1.952739 2.460020
-17.687210 13.818763 1.963717 2.459458
-17.437836 13.821062 1.946696 2.460329
-17.112156 13.758528 1.921015 2.461644
-16.756987 13.666663 1.891808 2.463139
-16.565371 13.704070 1.880931 2.463696
-16.381014 13.745302 1.870848 2.464212
-16.173311 13.764571 1.858057 2.464868
-15.945165 13.763498 1.842841 2.465647
-15.793565 13.826220 1.836431 2.465975
-15.596706 13.847407 1.824737 2.466573
-15.475673 13.934359 1.821914 2.466718
-15.334065 14.001930 1.816707 2.466985
-15.173929 14.051213 1.809313 2.467363
-15.065584 14.147523 1.808127 2.467424
-14.915991 14.204309 1.802031 2.467736
-14.784047 14.276789 1.798088 2.467938
-14.650276 14.346615 1.793957 2.468149
-14.511277 14.410322 1.789212 2.468392
-14.392600 14.493430 1.787011 2.468505
-14.279478 14.581726 1.785562 2.468579
-14.124935 14.626799 1.778963 2.468917
-13.988452 14.689326 1.774647 2.469138
-13.859300 14.758657 1.771290 2.469310
-13.721915 14.818318 1.766910 2.469534
-13.598133 14.891859 1.764316 2.469667
-13.494803 14.987497 1.764442 2.469661
-13.384595 15.075437 1.763751 2.469696
-13.272123 15.160625 1.762834 2.469743
-13.170106 15.257712 1.763389 2.469714
-13.086372 15.376438 1.766509 2.469555
-12.979127 15.467921 1.766566 2.469552
-12.856133 15.540400 1.764549 2.469655
-12.803201 15.698277 1.772283 2.469259
-12.723559 15.824915 1.776509 2.469043
-12.631888 15.937480 1.779202 2.468905
-12.539731 16.050123 1.781960 2.468764
-12.413296 16.118998 1.779942 2.468867
-12.324712 16.237209 1.783451 2.468687
-12.182461 16.284630 1.779274 2.468901
-12.037998 16.327948 1.774781 2.469131
-11.899272 16.377943 1.771142 2.469317
-11.763255 16.430746 1.767928 2.469482
-11.619920 16.472288 1.763627 2.469702
-11.452656 16.478210 1.755657 2.470110
-11.302024 16.506193 1.750189 2.470390
-11.146917 16.525984 1.743994 2.470708
-10.999366 16.555382 1.738950 2.470966
-10.859093 16.594435 1.735046 2.471166
-10.725420 16.642593 1.732210 2.471311
-10.578413 16.668917 1.727221 2.471566
-10.429965 16.691433 1.721967 2.471835
-10.278608 16.707645 1.716195 2.472131
-10.146789 16.754341 1.713673 2.472260
-10.028455 16.822887 1.713482 2.472270
-9.898464 16.871529 1.711355 2.472378
-9.755152 16.896418 1.706930 2.472605
-9.598877 16.897085 1.700186 2.472950
-9.462254 16.930712 1.696881 2.473120
-9.323900 16.960110 1.693263 2.473305
-9.159191 16.939575 1.684787 2.473739
-8.993557 16.914421 1.676000 2.474189
-8.842613 16.914366 1.669837 2.474504
-8.671944 16.873779 1.659812 2.475018
-8.486921 16.801247 1.646809 2.475683
-8.374249 16.869820 1.647760 2.475635
-8.232319 16.878754 1.642979 2.475879
-8.088408 16.881817 1.637740 2.476148
-7.934896 16.862514 1.630454 2.476521
-7.805461 16.892563 1.628051 2.476644
-7.676662 16.923113 1.625790 2.476759
-7.528369 16.908995 1.619345 2.477089
-7.385633 16.905052 1.613990 2.477364
-7.245586 16.905222 1.609138 2.477612
-7.110295 16.914721 1.605278 2.477810
-6.976027 16.925114 1.601603 2.477998
-6.829404 16.903368 1.594994 2.478336
-6.684711 16.883659 1.588692 2.478659
-6.553319 16.895468 1.585460 2.478824
-6.413419 16.883442 1.580091 2.479099
-6.272747 16.866913 1.574407 2.479390
-6.139450 16.868000 1.570470 2.479592
-5.982192 16.799955 1.560208 2.480117
-5.836945 16.761427 1.552808 2.480496
-5.732686 16.839651 1.556309 2.480317
-5.592544 16.811811 1.550090 2.480635
-5.452253 16.780308 1.543638 2.480966
-5.327765 16.795254 1.541553 2.481072
-5.203893 16.811064 1.539632 2.481171
-5.094266 16.873022 1.542012 2.481049
-4.966792 16.875717 1.539052 2.481200
-4.837500 16.870365 1.535446 2.481385
-4.701460 16.838747 1.529544 2.481687
-4.588865 16.889833 1.531237 2.481601
-4.476574 16.943150 1.533200 2.481500
-4.353810 16.956980 1.531663 2.481579
-4.236222 16.990559 1.531988 2.481562
-4.113123 17.001606 1.530358 2.481646
-3.996077 17.037386 1.531029 2.481611
-3.872490 17.044847 1.529233 2.481703
-3.752064 17.065372 1.528687 2.481731
-3.638553 17.118046 1.531093 2.481608
-3.529060 17.192230 1.535487 2.481383
-3.408759 17.215517 1.535404 2.481387
-3.286406 17.227962 1.534430 2.481437
-3.162691 17.232161 1.532800 2.481521
-3.039657 17.238752 1.531462 2.481589
-2.921452 17.272648 1.532624 2.481530
-2.800788 17.292622 1.532624 2.481530
-2.677645 17.296560 1.531278 2.481599
-2.556234 17.310793 1.530921 2.481617
-2.435365 17.328522 1.530948 2.481615
-2.315139 17.351147 1.531482 2.481588
-2.199224 17.408693 1.535169 2.481399
-2.077430 17.421883 1.535015 2.481407
-1.955678 17.435274 1.534955 2.481410
-1.835454 17.463181 1.536246 2.481344
-1.712833 17.468805 1.535652 2.481375
-1.591765 17.490610 1.536554 2.481328
-1.470896 17.516479 1.537887 2.481260
-1.349025 17.532171 1.538400 2.481234
-1.226991 17.546791 1.538894 2.481209
-1.104802 17.560301 1.539365 2.481184
-0.984988 17.617897 1.543773 2.480959
-0.862804 17.641382 1.545266 2.480882
-0.740985 17.679403 1.548105 2.480737
-0.618750 17.718685 1.551129 2.480582
-0.495627 17.743645 1.552973 2.480488
-0.372056 17.762041 1.554318 2.480419
-0.248563 17.801128 1.557549 2.480253
-0.124584 17.845362 1.561305 2.480061
0.000000 17.901619 1.566189 2.479811
0.125324 17.951298 1.570573 2.479587
0.251105 17.982504 1.573418 2.479441
0.378614 18.074682 1.581677 2.479018
0.506491 18.132597 1.587015 2.478745
0.635103 18.186956 1.592122 2.478483
0.765235 18.257998 1.598770 2.478143
0.897811 18.356953 1.607945 2.477673
1.031754 18.454193 1.617054 2.477207
1.169142 18.582951 1.629012 2.476594
1.306645 18.685888 1.638795 2.476094
1.446413 18.797840 1.649459 2.475548
1.589504 18.928823 1.661886 2.474911
1.732404 19.035873 1.672306 2.474378
1.880460 19.178394 1.685938 2.473680
2.029737 19.311661 1.698858 2.473018
2.190047 19.524725 1.718904 2.471992
2.353103 19.733662 1.738703 2.470978
2.771105 21.935518 1.934362 2.460961
2.913465 21.835388 1.927279 2.461323
3.069163 21.838228 1.929374 2.461216
3.225207 21.841072 1.931567 2.461104
3.432140 22.170231 1.962749 2.459507
3.669019 22.653173 2.007723 2.457205
3.867183 22.864141 2.028764 2.456127
4.032096 22.867151 2.031479 2.455988
4.197459 22.870169 2.034301 2.455844
4.363303 22.873198 2.037230 2.455694
4.529621 22.876234 2.040268 2.455538
4.696444 22.879280 2.043414 2.455377
4.863791 22.882336 2.046670 2.455210
5.012626 22.798742 2.042273 2.455436
5.129776 22.578758 2.025726 2.456283
5.245039 22.362320 2.009544 2.457111
5.358483 22.149303 1.993715 2.457922
5.470160 21.939611 1.978229 2.458714
5.619056 21.884787 1.976775 2.458789
5.783010 21.887785 1.980644 2.458591
5.949035 21.896067 1.985104 2.458363
6.330775 22.674278 2.059613 2.454548
6.570352 22.913538 2.085462 2.453224
6.744758 22.916731 2.089987 2.452992
6.919945 22.919937 2.094635 2.452755
7.095909 22.923159 2.099406 2.452510
7.272684 22.926397 2.104301 2.452260
7.450295 22.929649 2.109322 2.452003
7.589786 22.815746 2.103667 2.452292
7.706979 22.639078 2.092288 2.452875
7.822908 22.464317 2.081134 2.453446
7.937615 22.291405 2.070198 2.454006
8.051128 22.120293 2.059477 2.454555
8.163479 21.950939 2.048965 2.455093
8.332134 21.934477 2.052809 2.454896
8.509087 21.937723 2.058622 2.454599
8.955498 22.618998 2.128367 2.451027
9.277717 22.963154 2.166793 2.449060
9.466151 22.966612 2.173302 2.448727
9.655746 22.970093 2.179958 2.448386
9.846500 22.973595 2.186761 2.448038
10.038460 22.977119 2.193714 2.447682
10.203386 22.917181 2.194739 2.447629
10.307265 22.722246 2.182908 2.448235
10.410044 22.529379 2.171309 2.448829
10.511734 22.338560 2.159939 2.449411
10.612371 22.149723 2.148791 2.449982
10.719540 21.978313 2.139370 2.450464
10.911882 21.981850 2.147078 2.450069
11.105640 21.985413 2.154947 2.449667
11.825521 23.009962 2.263407 2.444113
12.031299 23.013746 2.271986 2.443674
12.238654 23.017561 2.280742 2.443226
12.447625 23.021406 2.289678 2.442769
12.658266 23.025282 2.298797 2.442302
12.858227 23.007076 2.305886 2.441939
12.960670 22.814899 2.295638 2.442463
13.062213 22.624416 2.285591 2.442978
13.162878 22.435587 2.275743 2.443482
13.262692 22.248358 2.266089 2.443976
13.361662 22.062716 2.256627 2.444461
13.553236 22.030466 2.262951 2.444137
13.768643 22.034435 2.273177 2.443613
14.635395 23.061697 2.389637 2.437650
14.864987 23.065929 2.400771 2.437080
15.096725 23.070202 2.412127 2.436499
15.330675 23.074516 2.423709 2.435906
15.542458 23.042641 2.431699 2.435497
15.645417 22.849560 2.422791 2.435953
15.747639 22.657867 2.414064 2.436400
15.849126 22.467558 2.405518 2.436837
15.949903 22.278584 2.397149 2.437266
16.049988 22.090914 2.388954 2.437685
16.279325 22.080746 2.400086 2.437116
16.711882 22.339220 2.440805 2.435031
16.915066 22.284767 2.447698 2.434678
17.117548 22.227583 2.454483 2.434330
17.322037 22.171196 2.461551 2.433969
17.520468 22.105333 2.467758 2.433651
17.714151 22.031946 2.473312 2.433366
17.930824 21.985353 2.482074 2.432918
18.148386 21.937624 2.490929 2.432464
18.365908 21.887636 2.499750 2.432013
18.585779 21.838221 2.508865 2.431546
18.816612 21.799242 2.519418 2.431006
19.069366 21.782753 2.532837 2.430319
19.318623 21.759085 2.545705 2.429660
19.607550 21.776390 2.563682 2.428739
19.944521 21.842043 2.587741 2.427508
20.298021 21.919853 2.613686 2.426179
20.798542 22.148188 2.658161 2.423902
21.114986 22.172916 2.678755 2.422848
21.120043 21.870445 2.659961 2.423810
21.292656 21.743349 2.662518 2.423679
21.467680 21.618065 2.665465 2.423528
21.643089 21.492508 2.668549 2.423370
21.818914 21.366653 2.671771 2.423205
21.995174 21.240492 2.675131 2.423033
22.171888 21.114008 2.678631 2.422854
22.179203 20.827644 2.661882 2.423712
22.183990 20.542591 2.645180 2.424567
22.188719 20.261080 2.628813 2.425405
22.193394 19.983021 2.612775 2.426226
22.198013 19.708323 2.597058 2.427031
21.175941 18.538122 2.462277 2.433931
21.180248 18.282291 2.447878 2.434669
21.213909 18.054447 2.437141 2.435218
21.377195 17.937597 2.441454 2.434998
21.541071 17.820328 2.445902 2.434770
21.705568 17.702618 2.450486 2.434535
21.870680 17.584471 2.455207 2.434293
22.036438 17.465862 2.460067 2.434044
22.202864 17.346779 2.465066 2.433789
22.241547 17.128302 2.456025 2.434252
22.245661 16.885365 2.443402 2.434898
22.249733 16.644920 2.431026 2.435531
22.253769 16.406889 2.418893 2.436153
22.257767 16.171213 2.406998 2.436762
22.261728 15.937835 2.395335 2.437359
21.819666 15.392071 2.336150 2.440389
21.239805 14.762043 2.262977 2.444135
21.243484 14.545714 2.252495 2.444672
21.247131 14.331371 2.242218 2.445198
21.369909 14.198137 2.244660 2.445073
21.526194 14.086336 2.250690 2.444765
21.683317 13.973938 2.256864 2.444448
21.841314 13.860917 2.263181 2.444125
22.000210 13.747256 2.269646 2.443794
22.160023 13.632940 2.276259 2.443455
22.303137 13.507250 2.281217 2.443202
22.306725 13.297470 2.272033 2.443672
22.310286 13.089364 2.263033 2.444133
22.313822 12.882892 2.254214 2.444584
22.317333 12.678013 2.245572 2.445027
22.320820 12.474675 2.237105 2.445460
22.324284 12.272873 2.228811 2.445885
22.327723 12.072552 2.220685 2.446301
22.028702 11.712868 2.182759 2.448243
21.301792 11.136311 2.102977 2.452327
21.305010 10.949280 2.095696 2.452700
21.308208 10.763545 2.088568 2.453065
21.311388 10.579062 2.081590 2.453423
21.395979 10.435516 2.082686 2.453366
21.550289 10.325171 2.090639 2.452959
21.705803 10.213966 2.098756 2.452544
21.862526 10.101899 2.107039 2.452119
22.020502 9.988939 2.115492 2.451687
22.179760 9.875065 2.124117 2.451245
22.340332 9.760254 2.132917 2.450795
22.370586 9.588037 2.129363 2.450977
22.373758 9.405057 2.123363 2.451284
22.376915 9.223096 2.117500 2.451584
22.380056 9.042130 2.111772 2.451877
22.383184 8.862132 2.106178 2.452164
22.386297 8.683064 2.100715 2.452443
22.389397 8.504929 2.095383 2.452716
22.392481 8.327686 2.090180 2.452983
22.386488 8.148015 2.084260 2.453286
21.961390 7.820102 2.039549 2.455575
21.554098 7.505924 1.996809 2.457763
21.368710 7.274497 1.974881 2.458886
21.371595 7.109381 1.970513 2.459110
21.374470 6.944986 1.966259 2.459327
21.377333 6.781292 1.962120 2.459539
21.463608 6.644089 1.965733 2.459354
21.624763 6.528896 1.976270 2.458815
21.787666 6.412457 1.987018 2.458265
21.952362 6.294739 1.997981 2.457703
22.118895 6.175709 2.009165 2.457131
22.287327 6.055325 2.020575 2.456546
22.434486 5.927442 2.030116 2.456058
22.437416 5.760947 2.026692 2.456233
22.440338 5.595005 2.023378 2.456403
22.443253 5.429597 2.020174 2.456567
22.446159 5.264692 2.017078 2.456726
22.449060 5.100296 2.014090 2.456878
22.451956 4.936380 2.011209 2.457026
22.454844 4.772924 2.008433 2.457168
22.457726 4.609911 2.005764 2.457305
22.460604 4.447312 2.003199 2.457436
22.324041 4.258533 1.988319 2.458198
22.049671 4.046870 1.961318 2.459580
21.782642 3.840868 1.935133 2.460921
21.522638 3.640284 1.909731 2.462222
21.435684 3.471816 1.899818 2.462729
21.438402 3.318835 1.897959 2.462824
21.441118 3.166147 1.896196 2.462915
21.443830 3.013734 1.894529 2.463000
21.508682 2.869873 1.898443 2.462800
21.690290 2.740114 1.912737 2.462068
21.874651 2.608389 1.927342 2.461320
22.061859 2.474632 1.942267 2.460556
22.252003 2.338780 1.957521 2.459775
22.445168 2.200770 1.973115 2.458977
22.503307 2.047954 1.976920 2.458781
22.506138 1.889888 1.975962 2.458831
22.508966 1.731968 1.975101 2.458875
22.511795 1.574178 1.974336 2.458914
22.514624 1.416502 1.973669 2.458948
22.517454 1.258914 1.973098 2.458977
22.520283 1.101421 1.972624 2.459002
22.523113 0.943996 1.972247 2.459021
22.525944 0.786623 1.971966 2.459035
22.528778 0.629288 1.971781 2.459045
22.391907 0.469036 1.959468 2.459675
22.185501 0.309783 1.941169 2.460612
21.982904 0.153470 1.923302 2.461527
21.774010 -0.000000 1.141127 2.501574
21.578846 -0.150651 1.130927 2.502096
21.487322 -0.300039 1.126213 2.502338
21.490034 -0.450152 1.126492 2.502324
21.492748 -0.600347 1.126827 2.502306
21.495466 -0.750638 1.127216 2.502286
21.498188 -0.901041 1.127661 2.502264
21.725954 -1.062576 1.139970 2.501634
21.964184 -1.227988 1.152892 2.500972
22.207890 -1.397202 1.166167 2.500292
22.457289 -1.570367 1.179811 2.499594
22.554781 -1.735496 1.185540 2.499300
22.557659 -1.894220 1.186358 2.499258
22.560543 -2.053170 1.187234 2.499214
22.563435 -2.212364 1.188170 2.499166
22.566330 -2.371817 1.189166 2.499115
22.569231 -2.531545 1.190221 2.499061
22.572140 -2.691565 1.191336 2.499003
22.575056 -2.851893 1.192512 2.498943
22.577978 -3.012546 1.193748 2.498880
22.580910 -3.173540 1.195045 2.498814
22.477777 -3.319230 1.190785 2.499032
22.300411 -3.452286 1.182636 2.499449
22.125446 -3.583540 1.174656 2.499858
21.952818 -3.713041 1.166839 2.500258
21.782467 -3.840837 1.159181 2.500650
21.614328 -3.966972 1.151679 2.501034
21.556559 -4.112134 1.150103 2.501115
21.559420 -4.268880 1.151818 2.501027
21.562292 -4.426103 1.153594 2.500936
21.565176 -4.583819 1.155432 2.500842
21.664385 -4.763224 1.162501 2.500480
21.989990 -4.996003 1.181815 2.499491
22.326618 -5.236661 1.201842 2.498466
22.622892 -5.473054 1.219818 2.497545
22.625975 -5.641289 1.222078 2.497430
22.629068 -5.810157 1.224406 2.497310
22.632175 -5.979679 1.226803 2.497188
22.635296 -6.149874 1.229270 2.497061
22.638430 -6.320764 1.231807 2.496931
22.641581 -6.492369 1.234414 2.496798
22.644743 -6.664711 1.237093 2.496661
22.647923 -6.837811 1.239845 2.496520
22.651117 -7.011693 1.242669 2.496375
22.511757 -7.141150 1.237728 2.496628
22.353722 -7.263165 1.231797 2.496932
22.197186 -7.384021 1.225982 2.497230
22.042112 -7.503748 1.220281 2.497522
21.888470 -7.622372 1.214692 2.497808
21.736221 -7.739920 1.209212 2.498088
21.625517 -7.871044 1.206081 2.498249
21.628698 -8.043640 1.209361 2.498080
21.631899 -8.217188 1.212718 2.497909
21.635118 -8.391709 1.216153 2.497733
21.899628 -8.670676 1.234394 2.496799
22.470203 -9.078552 1.270097 2.494971
22.694273 -9.353904 1.286422 2.494135
22.697735 -9.541249 1.290363 2.493933
22.701218 -9.729754 1.294391 2.493727
22.704725 -9.919451 1.298508 2.493516
22.708256 -10.110367 1.302715 2.493301
22.711811 -10.302535 1.307013 2.493081
22.715393 -10.495986 1.311404 2.492856
22.719000 -10.690750 1.315889 2.492626
22.670229 -10.861754 1.317425 2.492548
22.515249 -10.981421 1.312842 2.492782
22.361338 -11.100265 1.308354 2.493012
22.208467 -11.218305 1.303960 2.493237
22.056614 -11.335561 1.299659 2.493457
21.905754 -11.452051 1.295449 2.493673
21.755859 -11.567796 1.291330 2.493884
21.696953 -11.731498 1.292663 2.493816
21.700640 -11.930029 1.297813 2.493552
21.704361 -12.130157 1.303069 2.493283
22.113171 -12.562030 1.332845 2.491758
22.764521 -13.143102 1.377602 2.489467
22.768522 -13.358212 1.383454 2.489167
22.772560 -13.575171 1.389424 2.488862
22.776634 -13.794021 1.395514 2.488549
22.780746 -14.014810 1.401727 2.488232
22.784899 -14.237584 1.408064 2.487907
22.789087 -14.462396 1.414528 2.487576
22.737289 -14.653182 1.417628 2.487417
22.579092 -14.775345 1.414162 2.487595
22.421661 -14.896917 1.410781 2.487768
22.264975 -15.017915 1.407485 2.487937
22.109011 -15.138356 1.404272 2.488101
21.953751 -15.258254 1.401143 2.488261
21.799173 -15.377625 1.398095 2.488418
21.768764 -15.584906 1.403089 2.488162
21.773144 -15.819115 1.410455 2.487785
21.777571 -16.055811 1.417969 2.487400
22.838072 -17.085060 1.494749 2.483469
22.842817 -17.338642 1.502946 2.483049
22.847616 -17.595036 1.511307 2.482621
22.852472 -17.854307 1.519836 2.482184
22.857384 -18.116541 1.528537 2.481739
22.862354 -18.381804 1.537414 2.481284
22.707380 -18.519688 1.535650 2.481375
22.541403 -18.647871 1.533192 2.481501
22.375950 -18.775652 1.530817 2.481622
22.211000 -18.903044 1.528524 2.481740
22.046537 -19.030060 1.526311 2.481853
21.882542 -19.156717 1.524180 2.481962
21.840078 -19.390530 1.530614 2.481632
21.845320 -19.669615 1.540567 2.481123
22.909985 -20.919691 1.625909 2.476753
22.915630 -21.220106 1.636784 2.476197
22.921356 -21.524586 1.647886 2.475628
22.927160 -21.833241 1.659222 2.475048
22.933048 -22.146187 1.670796 2.474455
22.779629 -22.307461 1.670924 2.474449
22.601942 -22.444698 1.669344 2.474530
22.424582 -22.581684 1.667848 2.474606
22.247530 -22.718431 1.666435 2.474679
22.070772 -22.854954 1.665106 2.474746
21.908100 -23.005774 1.664911 2.474756
21.914331 -23.336393 1.677724 2.474101
22.983412 -24.819826 1.772794 2.469233
22.990156 -25.177435 1.786829 2.468514
20.161386 -22.391489 1.579084 2.479151
19.526590 -21.993330 1.541354 2.481082
19.002634 -21.706533 1.511920 2.482589
18.405998 -21.323555 1.476258 2.484416
16.254749 -19.099268 1.314379 2.492704
15.672964 -18.678312 1.277849 2.494574
15.344411 -18.548208 1.261588 2.495407
14.971412 -18.356764 1.241427 2.496439
14.626675 -18.191916 1.223343 2.497365
14.365650 -18.124941 1.212066 2.497942
14.115861 -18.067478 1.201603 2.498478
13.872682 -18.014046 1.191579 2.498991
13.633551 -17.961538 1.181782 2.499493
13.398441 -17.910067 1.172212 2.499983
13.180715 -17.877888 1.164055 2.500400
12.970963 -17.853001 1.156510 2.500787
12.764013 -17.828587 1.149128 2.501165
12.559789 -17.804636 1.141904 2.501534
12.358211 -17.781136 1.134836 2.501896
12.171084 -17.775421 1.129021 2.502194
11.987706 -17.772505 1.123493 2.502477
11.806262 -17.769854 1.118087 2.502754
11.619271 -17.756107 1.112091 2.503061
11.435769 -17.744841 1.106358 2.503354
11.254998 -17.735041 1.100821 2.503638
11.069127 -17.714306 1.094711 2.503951
10.885386 -17.693943 1.088730 2.504257
10.703723 -17.673946 1.082875 2.504557
10.524287 -17.654657 1.077165 2.504849
10.357057 -17.653177 1.072637 2.505081
10.182755 -17.637051 1.067311 2.505354
10.008830 -17.618729 1.061948 2.505628
9.833763 -17.595448 1.056381 2.505913
9.658707 -17.569122 1.050727 2.506203
9.491115 -17.553452 1.045801 2.506455
9.325147 -17.538050 1.040979 2.506702
9.162457 -17.526165 1.036452 2.506933
9.000715 -17.513496 1.031962 2.507164
8.838370 -17.497000 1.027329 2.507401
8.677536 -17.480785 1.022794 2.507633
8.518041 -17.464571 1.018342 2.507861
8.355943 -17.440199 1.013494 2.508109
8.195465 -17.416252 1.008753 2.508352
8.036564 -17.392721 1.004116 2.508589
7.879200 -17.369598 0.999581 2.508821
7.723325 -17.346872 0.995146 2.509048
7.568903 -17.324537 0.990809 2.509270
7.415896 -17.302584 0.986569 2.509488
7.265550 -17.284063 0.982596 2.509691
7.118998 -17.271980 0.979060 2.509872
6.977931 -17.270987 0.976219 2.510018
6.835388 -17.264221 0.973115 2.510176
6.692267 -17.253696 0.969865 2.510343
6.550577 -17.244520 0.966755 2.510502
6.410329 -17.236855 0.963792 2.510654
6.274360 -17.238663 0.961421 2.510775
6.135526 -17.230560 0.958557 2.510922
5.997502 -17.222485 0.955755 2.511065
5.863757 -17.224676 0.953581 2.511177
5.727746 -17.218241 0.950988 2.511309
5.591617 -17.209227 0.948311 2.511446
5.459888 -17.211750 0.946327 2.511548
5.328741 -17.214382 0.944403 2.511647
5.198111 -17.216980 0.942531 2.511742
5.068071 -17.219828 0.940727 2.511835
4.938554 -17.222784 0.938982 2.511924
4.809542 -17.225845 0.937296 2.512011
4.681019 -17.229015 0.935667 2.512094
4.552967 -17.232292 0.934096 2.512174
4.427611 -17.244404 0.933055 2.512228
4.300601 -17.248766 0.931643 2.512300
4.173759 -17.252251 0.930235 2.512372
4.048703 -17.261738 0.929200 2.512425
3.925187 -17.276783 0.928512 2.512460
3.799605 -17.281593 0.927322 2.512521
3.674906 -17.289072 0.926324 2.512572
3.552078 -17.304379 0.925793 2.512599
3.429397 -17.319723 0.925311 2.512624
3.306837 -17.335052 0.924874 2.512646
3.186514 -17.361946 0.925099 2.512635
3.066131 -17.388891 0.925372 2.512621
2.945618 -17.415541 0.925673 2.512605
2.825054 -17.442417 0.926031 2.512587
2.706035 -17.479929 0.926997 2.512538
2.586328 -17.514574 0.927854 2.512494
2.466643 -17.551077 0.928852 2.512443
2.348576 -17.601759 0.930644 2.512351
2.229618 -17.649248 0.932309 2.512266
2.111980 -17.711607 0.934802 2.512138
1.994100 -17.777800 0.937538 2.511998
1.876701 -17.855619 0.940928 2.511824
1.758972 -17.939388 0.944672 2.511633
1.641440 -18.036402 0.949154 2.511403
1.524261 -18.151957 0.954652 2.511122
1.402770 -18.230621 0.958251 2.510937
1.279069 -18.291534 0.960960 2.510799
1.155071 -18.359343 0.964075 2.510639
1.034185 -18.497774 0.970941 2.510288
0.910683 -18.620302 0.977015 2.509977
0.781443 -18.644653 0.977983 2.509927
0.654058 -18.729774 0.982184 2.509712
0.524164 -18.765392 0.983836 2.509628
0.395520 -18.881990 0.989780 2.509323
0.264193 -18.920332 0.991669 2.509227
0.132276 -18.946747 0.992981 2.509159
-0.000000 -19.052761 0.998513 2.508876
-0.133220 -19.081987 1.000069 2.508796
-0.266553 -19.089148 1.000517 2.508773
-0.400627 -19.125673 1.002554 2.508669
-0.535420 -19.168343 1.004962 2.508546
-0.668585 -19.145769 1.003999 2.508595
-0.801111 -19.113928 1.002598 2.508667
-0.934262 -19.102350 1.002308 2.508682
-1.067413 -19.092058 1.002135 2.508691
-1.198191 -19.044716 1.000065 2.508797
-1.330477 -19.026712 0.999583 2.508821
-1.463497 -19.019833 0.999734 2.508814
-1.594258 -18.985502 0.998490 2.508877
-1.723483 -18.937874 0.996594 2.508974
-1.850044 -18.868216 0.993583 2.509129
-1.982325 -18.860561 0.993885 2.509113
-2.115426 -18.859446 0.994580 2.509078
-2.248687 -18.858042 0.995310 2.509040
-2.385437 -18.882666 0.997464 2.508930
-2.520891 -18.893202 0.998926 2.508855
-2.655463 -18.894606 0.999956 2.508802
-2.791311 -18.902714 1.001392 2.508729
-2.926568 -18.904474 1.002543 2.508670
-3.065070 -18.924305 1.004705 2.508559
-3.213579 -18.999825 1.009881 2.508294
-3.355532 -19.030167 1.012714 2.508149
-3.508902 -19.118502 1.018694 2.507843
-3.654103 -19.155472 1.021998 2.507674
-3.810644 -19.245152 1.028177 2.507357
-3.962388 -19.303251 1.032734 2.507124
-4.109614 -19.334213 1.035900 2.506962
-4.256526 -19.359789 1.038837 2.506811
-4.400853 -19.370424 1.041031 2.506699
-4.562526 -19.452421 1.047124 2.506387
-4.708879 -19.464176 1.049501 2.506266
-4.856479 -19.478273 1.052064 2.506134
-5.010330 -19.513945 1.055854 2.505940
-5.159242 -19.526943 1.058481 2.505806
-5.309275 -19.541374 1.061246 2.505664
-5.462535 -19.564604 1.064553 2.505495
-5.617281 -19.589788 1.068031 2.505317
-5.774503 -19.620075 1.071854 2.505121
-5.923925 -19.620981 1.074137 2.505004
-6.078914 -19.637793 1.077354 2.504839
-6.237199 -19.662146 1.081053 2.504650
-6.391781 -19.671881 1.084015 2.504498
-6.546194 -19.678583 1.086876 2.504352
-6.710637 -19.712362 1.091303 2.504125
-6.878388 -19.752033 1.096131 2.503878
-7.038961 -19.767700 1.099701 2.503695
-7.205768 -19.797686 1.104141 2.503468
-7.374072 -19.828279 1.108691 2.503235
-7.542484 -19.855726 1.113143 2.503007
-7.714791 -19.889914 1.118052 2.502756
-7.906826 -19.970366 1.125650 2.502367
-8.082993 -20.006109 1.130818 2.502102
-8.265496 -20.053596 1.136736 2.501799
-8.455244 -20.114227 1.143491 2.501453
-8.653053 -20.189081 1.151152 2.501061
-8.840532 -20.235180 1.157272 2.500748
-9.023837 -20.267870 1.162716 2.500469
-9.202539 -20.286884 1.167464 2.500226
-9.374109 -20.287428 1.171233 2.500033
-9.536825 -20.266781 1.173856 2.499899
-9.696349 -20.237843 1.176072 2.499785
-9.858624 -20.213175 1.178610 2.499655
-10.015539 -20.176170 1.180501 2.499558
-10.168304 -20.129820 1.181913 2.499486
-10.318549 -20.077721 1.183055 2.499428
-10.468349 -20.024105 1.184174 2.499370
-10.609127 -19.952866 1.184312 2.499363
-10.744747 -19.871994 1.183935 2.499382
-10.879859 -19.790386 1.183570 2.499401
-11.015412 -19.709757 1.183318 2.499414
-11.146907 -19.622107 1.182699 2.499446
-11.273905 -19.526976 1.181681 2.499498
-11.401830 -19.433947 1.180839 2.499541
-11.523703 -19.331188 1.179455 2.499612
-11.642825 -19.224586 1.177882 2.499692
-11.768223 -19.128975 1.177029 2.499736
-11.890696 -19.029091 1.175962 2.499791
-12.003120 -18.913891 1.173993 2.499892
-12.115054 -18.798882 1.172076 2.499990
-12.226886 -18.684637 1.170246 2.500083
-12.335990 -18.567158 1.168254 2.500185
-12.443831 -18.448738 1.166241 2.500288
-12.550168 -18.329058 1.164186 2.500394
-12.653513 -18.206017 1.161953 2.500508
-12.752144 -18.077314 1.159393 2.500639
-12.853447 -17.953506 1.157179 2.500752
-12.952096 -17.827030 1.154827 2.500873
-13.048308 -17.698294 1.152361 2.500999
-13.141059 -17.566015 1.149694 2.501136
-13.235312 -17.436876 1.147261 2.501260
-13.336358 -17.317616 1.145513 2.501350
-13.435609 -17.196795 1.143697 2.501443
-13.530755 -17.071558 1.141623 2.501549
-13.625776 -16.947046 1.139630 2.501651
-13.722933 -16.825981 1.137904 2.501739
-13.825006 -16.711557 1.136665 2.501803
-13.920750 -16.590103 1.134987 2.501889
-14.012482 -16.464605 1.133066 2.501987
-14.107945 -16.344210 1.131532 2.502066
-14.200512 -16.221117 1.129845 2.502152
-14.290579 -16.095863 1.128043 2.502244
-14.377858 -15.968229 1.126105 2.502343
-14.465887 -15.842162 1.124310 2.502435
-14.551827 -15.714542 1.122435 2.502531
-14.629998 -15.579368 1.120048 2.502653
-14.702859 -15.439520 1.117347 2.502792
-14.771850 -15.296699 1.114447 2.502940
-14.848114 -15.162390 1.112187 2.503056
-14.919259 -15.023779 1.109633 2.503187
-14.981185 -14.876962 1.106487 2.503348
-15.044147 -14.732314 1.103513 2.503500
-15.100699 -14.582576 1.100167 2.503671
-15.159942 -14.436612 1.097113 2.503828
-15.221493 -14.293931 1.094319 2.503971
-15.276208 -14.145925 1.091127 2.504134
-15.329342 -13.997610 1.087915 2.504299
-15.380643 -13.848793 1.084668 2.504465
-15.429120 -13.698609 1.081316 2.504637
-15.478240 -13.550173 1.078102 2.504801
-15.528140 -13.403533 1.075034 2.504958
-15.578714 -13.258522 1.072101 2.505108
-15.631905 -13.116725 1.069433 2.505245
-15.685427 -12.976110 1.066871 2.505376
-15.741553 -12.838496 1.064566 2.505494
-15.798443 -12.702275 1.062391 2.505606
-15.855467 -12.566885 1.060299 2.505713
-15.915544 -12.434586 1.058486 2.505805
-15.977288 -12.304164 1.056854 2.505889
-16.046032 -12.179600 1.055750 2.505945
-16.117771 -12.057634 1.054906 2.505989
-16.191683 -11.937535 1.054263 2.506021
-16.277342 -11.826181 1.054439 2.506013
-16.363760 -11.715297 1.054713 2.505999
-16.457552 -11.609525 1.055509 2.505958
-16.553082 -11.504693 1.056459 2.505909
-16.653967 -11.403206 1.057791 2.505841
-16.760260 -11.304938 1.059503 2.505754
-16.872517 -11.210069 1.061626 2.505645
-16.988474 -11.116945 1.064013 2.505522
-17.109026 -11.026016 1.066716 2.505384
-17.233009 -10.936398 1.069660 2.505233
-17.364988 -10.850849 1.073124 2.505056
-17.501060 -10.766720 1.076861 2.504865
-17.637173 -10.681451 1.080622 2.504672
-17.773720 -10.595264 1.084429 2.504477
-17.908743 -10.506994 1.088165 2.504286
-18.012133 -10.399309 1.090009 2.504192
-18.015200 -10.234054 1.085845 2.504405
-18.018242 -10.070054 1.081764 2.504614
-18.021261 -9.907274 1.077767 2.504818
-17.757940 -9.601680 1.057984 2.505831
-17.303217 -9.200284 1.027041 2.507415
-17.294949 -9.041577 1.022778 2.507634
-17.297760 -8.889840 1.019249 2.507814
-17.300550 -8.739138 1.015794 2.507991
-17.303320 -8.589440 1.012411 2.508164
-17.376152 -8.474916 1.013186 2.508125
-17.491341 -8.380444 1.016466 2.507957
-17.607279 -8.285356 1.019817 2.507785
-17.723988 -8.189633 1.023241 2.507610
-17.841492 -8.093257 1.026737 2.507431
-17.959803 -7.996219 1.030308 2.507248
-18.058592 -7.889602 1.032790 2.507121
-18.061333 -7.741096 1.029831 2.507272
-18.064056 -7.593431 1.026939 2.507421
-18.066763 -7.446580 1.024112 2.507565
-18.069454 -7.300534 1.021351 2.507707
-18.072132 -7.155260 1.018654 2.507845
-18.074793 -7.010749 1.016020 2.507980
-18.077438 -6.866976 1.013449 2.508111
-18.080072 -6.723916 1.010941 2.508240
-18.082689 -6.581561 1.008493 2.508365
-18.085295 -6.439881 1.006106 2.508487
-18.087887 -6.298868 1.003780 2.508606
-18.090466 -6.158498 1.001513 2.508723
-18.042068 -6.001795 0.996489 2.508980
-17.791830 -5.780916 0.980415 2.509803
-17.549515 -5.567031 0.964897 2.510597
-17.362549 -5.374606 0.952531 2.511230
-17.364965 -5.242794 0.950633 2.511328
-17.367373 -5.111494 0.948788 2.511422
-17.369768 -4.980701 0.946996 2.511514
-17.372154 -4.850390 0.945257 2.511603
-17.374531 -4.720555 0.943570 2.511689
-17.496101 -4.622670 0.948396 2.511442
-17.619904 -4.524020 0.953372 2.511187
-17.745010 -4.424328 0.958447 2.510927
-17.871468 -4.323560 0.963623 2.510663
-17.999298 -4.221696 0.968903 2.510392
-18.127823 -4.118541 0.974250 2.510118
-18.130238 -3.986189 0.972860 2.510190
-18.132647 -3.854213 0.971522 2.510258
-18.135046 -3.722587 0.970234 2.510324
-18.137440 -3.591309 0.968997 2.510387
-18.139826 -3.460358 0.967811 2.510448
-18.142204 -3.329716 0.966674 2.510506
-18.144579 -3.199379 0.965586 2.510562
-18.146946 -3.069323 0.964549 2.510615
-18.149305 -2.939545 0.963560 2.510666
-18.151661 -2.810027 0.962620 2.510714
-18.154011 -2.680749 0.961728 2.510760
-18.156355 -2.551709 0.960886 2.510803
-18.158695 -2.422884 0.960091 2.510843
-18.161030 -2.294271 0.959344 2.510882
-18.062595 -2.153835 0.953327 2.511190
-17.891142 -2.006811 0.943515 2.511692
-17.723179 -1.862781 0.933949 2.512182
-17.558573 -1.721630 0.924619 2.512660
-17.431595 -1.586398 0.917327 2.513033
-17.433811 -1.463959 0.916883 2.513056
-17.436026 -1.341627 0.916484 2.513076
-17.438236 -1.219400 0.916131 2.513094
-17.440445 -1.097257 0.915822 2.513110
-17.442652 -0.975195 0.915558 2.513123
-17.532160 -0.857467 0.919920 2.512900
-17.674353 -0.740773 0.927087 2.512533
-17.818777 -0.622245 0.934412 2.512158
-17.965515 -0.501819 0.941900 2.511775
-18.114622 -0.379446 0.949555 2.511383
-18.197929 -0.254109 0.953806 2.511165
-18.200220 -0.127062 0.953856 2.511163
-18.202509 0.000000 0.953953 2.511158
-18.204798 0.127098 0.954096 2.511150
-18.207085 0.254236 0.954286 2.511141
-18.209373 0.381431 0.954522 2.511128
-18.211662 0.508700 0.954805 2.511114
-18.213951 0.636045 0.955135 2.511097
-18.216242 0.763490 0.955511 2.511078
-18.218533 0.891036 0.955934 2.511056
-18.220823 1.018701 0.956404 2.511032
-18.223118 1.146503 0.956921 2.511006
-18.225412 1.274445 0.957486 2.510977
-18.227709 1.402549 0.958097 2.510945
-18.230007 1.530818 0.958757 2.510912
-18.126175 1.649610 0.953878 2.511162
-17.995960 1.764521 0.947651 2.511480
-17.867434 1.877943 0.941550 2.511792
-17.740538 1.989923 0.935573 2.512099
-17.615244 2.100492 0.929716 2.512398
-17.499908 2.210752 0.924421 2.512670
-17.502132 2.335285 0.925377 2.512621
-17.504360 2.460078 0.926380 2.512569
-17.506594 2.585152 0.927431 2.512516
-17.508831 2.710511 0.928529 2.512459
-17.511072 2.836174 0.929676 2.512401
-17.668880 2.988469 0.939138 2.511916
-17.865963 3.150251 0.950760 2.511321
-18.068003 3.316102 0.962720 2.510709
-18.264894 3.484216 0.974483 2.510106
-18.267258 3.617013 0.975933 2.510032
-18.269627 3.750218 0.977434 2.509955
-18.272003 3.883834 0.978988 2.509876
-18.274387 4.017888 0.980595 2.509794
-18.276777 4.152383 0.982255 2.509709
-18.279173 4.287341 0.983968 2.509621
-18.281578 4.422781 0.985736 2.509530
-18.283991 4.558711 0.987558 2.509437
-18.286411 4.695155 0.989435 2.509341
-18.288839 4.832121 0.991368 2.509242
-18.291277 4.969629 0.993356 2.509140
-18.293722 5.107701 0.995401 2.509035
-18.296177 5.246345 0.997504 2.508928
-18.265545 5.375845 0.997855 2.508910
-18.148298 5.479296 0.993516 2.509132
-18.032063 5.581855 0.989262 2.509350
-17.916807 5.683548 0.985092 2.509563
-17.802519 5.784389 0.981004 2.509773
-17.689163 5.884405 0.976998 2.509978
-17.576729 5.983608 0.973071 2.510179
-17.569290 6.118273 0.975001 2.510080
-17.571737 6.257016 0.977537 2.509950
-17.574196 6.396484 0.980134 2.509817
-17.576668 6.536708 0.982793 2.509681
-17.643152 6.702006 0.989103 2.509358
-17.969433 6.969883 1.010098 2.508283
-18.309896 7.249403 1.032056 2.507159
-18.334322 7.407547 1.036322 2.506940
-18.336969 7.557957 1.039429 2.506781
-18.339630 7.709271 1.042605 2.506618
-18.342306 7.861521 1.045852 2.506452
-18.344997 8.014735 1.049170 2.506282
-18.347706 8.168925 1.052561 2.506109
-18.350431 8.324128 1.056026 2.505931
-18.353174 8.480358 1.059565 2.505750
-18.355932 8.637645 1.063180 2.505565
-18.358711 8.796022 1.066871 2.505376
-18.361506 8.955504 1.070641 2.505183
-18.364321 9.116132 1.074490 2.504986
-18.264116 9.225871 1.072370 2.505095
-18.149078 9.327358 1.069412 2.505246
-18.034662 9.428296 1.066523 2.505394
-17.920862 9.528691 1.063701 2.505538
-17.807652 9.628565 1.060946 2.505679
-17.695024 9.727923 1.058256 2.505817
-17.634905 9.855814 1.058750 2.505792
-17.637766 10.019649 1.063096 2.505569
-17.640652 10.184834 1.067529 2.505342
-17.643559 10.351418 1.072052 2.505111
-17.998701 10.729381 1.098156 2.503774
-18.068556 10.942705 1.107052 2.503319
-17.951862 11.044062 1.104600 2.503444
-17.851830 11.155061 1.103209 2.503515
-17.742483 11.259727 1.101283 2.503614
-17.625870 11.359099 1.098941 2.503734
-17.510387 11.458476 1.096701 2.503849
-17.402039 11.561890 1.094944 2.503939
-17.276409 11.653086 1.092132 2.504083
-17.150654 11.743301 1.089338 2.504226
-17.020226 11.829366 1.086273 2.504383
-16.888565 11.913570 1.083152 2.504543
-16.753084 11.994033 1.079807 2.504714
-16.591116 12.054152 1.074766 2.504972
-16.436932 12.118356 1.070232 2.505204
-16.285675 12.183243 1.065896 2.505426
-16.125454 12.239885 1.060976 2.505678
-15.955232 12.287185 1.055395 2.505964
-15.792110 12.338149 1.050277 2.506226
-15.627819 12.386460 1.045076 2.506492
-15.479799 12.446079 1.040963 2.506703
-15.321658 12.496037 1.036170 2.506948
-15.154246 12.536686 1.030742 2.507226
-15.000617 12.587012 1.026245 2.507456
-14.842817 12.632232 1.021458 2.507701
-14.701705 12.690173 1.017819 2.507888
-14.559167 12.745585 1.014086 2.508079
-14.414410 12.797714 1.010202 2.508278
-14.276991 12.855061 1.006837 2.508450
-14.135879 12.907835 1.003216 2.508635
-13.997927 12.962224 0.999823 2.508809
-13.874351 13.028881 0.997469 2.508929
-13.748225 13.092260 0.994949 2.509058
-13.618235 13.150976 0.992162 2.509201
-13.512137 13.232066 0.991138 2.509254
-13.401274 13.308042 0.989797 2.509322
-13.307194 13.400420 0.989734 2.509326
-13.214070 13.493767 0.989791 2.509323
-13.109572 13.575360 0.989038 2.509361
-13.017477 13.669702 0.989266 2.509350
-12.938873 13.778502 0.990579 2.509282
-12.847310 13.873832 0.990960 2.509263
-12.763842 13.978193 0.992025 2.509208
-12.688544 14.092056 0.993795 2.509118
-12.592357 14.183117 0.993992 2.509108
-12.493597 14.271322 0.994037 2.509105
-12.405760 14.372210 0.995007 2.509056
-12.317472 14.472983 0.996006 2.509004
-12.227642 14.572336 0.996944 2.508956
-12.141472 14.676522 0.998249 2.508890
-12.053066 14.778521 0.999439 2.508829
-11.958195 14.872993 1.000157 2.508792
-11.859419 14.962866 1.000609 2.508769
-11.762900 15.055826 1.001309 2.508733
-11.663729 15.145665 1.001844 2.508706
-11.563091 15.233812 1.002310 2.508682
-11.454276 15.311246 1.002119 2.508691
-11.330975 15.368964 1.000695 2.508765
-11.228398 15.454564 1.001140 2.508742
-11.104247 15.510253 0.999701 2.508815
-10.993630 15.584467 0.999513 2.508825
-10.873757 15.645285 0.998521 2.508876
-10.752880 15.704188 0.997465 2.508930
-10.629906 15.759484 0.996239 2.508992
-10.501305 15.805739 0.994504 2.509081
-10.369345 15.846021 0.992460 2.509186
-10.238639 15.887256 0.990541 2.509284
-10.098198 15.912218 0.987678 2.509431
-9.957914 15.935994 0.984815 2.509578
-9.813129 15.951020 0.981485 2.509748
-9.664612 15.958173 0.977750 2.509939
-9.530504 15.987568 0.975451 2.510057
-9.377833 15.984133 0.971223 2.510273
-9.214435 15.959869 0.965816 2.510550
-9.053429 15.936923 0.960579 2.510818
-8.892823 15.911836 0.955302 2.511088
-8.730594 15.880888 0.949761 2.511372
-8.587468 15.882195 0.946231 2.511553
-8.433752 15.861582 0.941472 2.511797
-8.284919 15.847593 0.937185 2.512016
-8.134335 15.827706 0.932628 2.512249
-7.988828 15.815188 0.928582 2.512457
-7.842955 15.799535 0.924425 2.512669
-7.693771 15.774569 0.919799 2.512906
-7.550066 15.758210 0.915750 2.513113
-7.412765 15.752929 0.912413 2.513284
-7.271153 15.736215 0.908483 2.513486
-7.131051 15.720319 0.904669 2.513681
-6.988883 15.697287 0.900513 2.513894
-6.852134 15.683923 0.896980 2.514075
-6.708564 15.652254 0.892469 2.514306
-6.580588 15.654597 0.889961 2.514434
-6.454445 15.659661 0.887666 2.514551
-6.331182 15.670225 0.885738 2.514650
-6.203890 15.669244 0.883213 2.514779
-6.077251 15.668092 0.880735 2.514906
-5.955200 15.677171 0.878887 2.515001
-5.831609 15.680729 0.876782 2.515109
-5.705934 15.676925 0.874321 2.515235
-5.589331 15.696671 0.873224 2.515291
-5.473434 15.717565 0.872240 2.515341
-5.354062 15.727451 0.870693 2.515420
-5.239663 15.751014 0.869951 2.515459
-5.126778 15.778600 0.869477 2.515483
-5.007115 15.784436 0.867851 2.515566
-4.895918 15.816160 0.867695 2.515574
-4.781375 15.836676 0.866968 2.515611
-4.666276 15.854651 0.866147 2.515653
-4.554728 15.884222 0.866004 2.515661
-4.447752 15.930065 0.866790 2.515620
-4.341140 15.978054 0.867731 2.515572
-4.232101 16.017855 0.868266 2.515545
-4.119640 16.044947 0.868155 2.515550
-4.009039 16.079378 0.868482 2.515534
-3.898738 16.115442 0.868939 2.515510
-3.789116 16.155001 0.869624 2.515475
-3.681169 16.202740 0.870789 2.515416
-3.571242 16.242947 0.871589 2.515375
-3.460894 16.282227 0.872379 2.515334
-3.354235 16.340549 0.874228 2.515239
-3.244195 16.384409 0.875341 2.515182
-3.133783 16.427885 0.876474 2.515125
-3.022082 16.466040 0.877362 2.515079
-2.911702 16.513083 0.878764 2.515007
-2.801093 16.561043 0.880255 2.514931
-2.687297 16.591909 0.880876 2.514899
-2.574420 16.629765 0.881911 2.514846
-2.463092 16.680037 0.883643 2.514757
-2.349197 16.715405 0.884626 2.514707
-2.235226 16.752228 0.885728 2.514651
-2.121990 16.797327 0.887307 2.514570
-2.008631 16.844919 0.889059 2.514480
-1.891381 16.862057 0.889245 2.514471
-1.776242 16.899813 0.890560 2.514403
-1.660478 16.934843 0.891774 2.514341
-1.544902 16.975679 0.893334 2.514261
-1.428453 17.011034 0.894648 2.514194
-1.312066 17.051846 0.896291 2.514110
-1.194699 17.084986 0.897573 2.514044
-1.076544 17.111151 0.898530 2.513995
-0.957807 17.131737 0.899238 2.513959
-0.839635 17.167662 0.900794 2.513879
-0.721671 17.218601 0.903181 2.513757
-0.602656 17.257809 0.904995 2.513664
-0.483021 17.292360 0.906608 2.513582
-0.362929 17.326294 0.908232 2.513498
-0.242325 17.354370 0.909593 2.513429
-0.121323 17.378208 0.910775 2.513368
0.000000 17.436178 0.913791 2.513214
0.122074 17.485823 0.916415 2.513079
0.244976 17.543545 0.919508 2.512921
0.368253 17.580036 0.921533 2.512818
0.492045 17.615427 0.923546 2.512714
0.617420 17.680590 0.927165 2.512529
0.743612 17.742086 0.930640 2.512351
0.870821 17.805105 0.934241 2.512167
0.999074 17.869675 0.937972 2.511976
1.128796 17.941673 0.942142 2.511762
1.259765 18.015474 0.946457 2.511541
1.391704 18.086832 0.950693 2.511325
1.529114 18.209667 0.957687 2.510966
1.662876 18.271889 0.961546 2.510769
1.801038 18.368382 0.967263 2.510476
1.941083 18.468174 0.973207 2.510172
2.085851 18.595798 0.980676 2.509789
2.226912 18.675394 0.985670 2.509534
2.371361 18.771223 0.991577 2.509231
2.516845 18.862858 0.997321 2.508937
2.664945 18.962069 1.003526 2.508620
2.814543 19.060062 1.009728 2.508302
2.966234 19.160667 1.016129 2.507974
3.121653 19.273643 1.023252 2.507610
3.275179 19.364008 1.029238 2.507303
3.434275 19.476744 1.036479 2.506932
3.597048 19.598787 1.044285 2.506533
3.760843 19.714996 1.051850 2.506145
3.930985 19.852903 1.060647 2.505695
4.099924 19.973261 1.068580 2.505289
4.279966 20.135656 1.078840 2.504763
4.471803 20.338938 1.091378 2.504121
4.695646 20.667931 1.110764 2.503129
5.239047 22.336767 1.202389 2.498438
5.352408 22.124195 1.192928 2.498922
5.464006 21.914932 1.183673 2.499396
5.617872 21.880178 1.183885 2.499385
5.781790 21.883167 1.186202 2.499266
5.966914 21.961872 1.192698 2.498934
6.350517 22.744987 1.237604 2.496634
6.568956 22.908674 1.248976 2.496052
6.743323 22.911854 1.251686 2.495914
6.918469 22.915051 1.254468 2.495771
7.094392 22.918261 1.257325 2.495625
7.271126 22.921486 1.260256 2.495475
7.448695 22.924726 1.263262 2.495321
7.582704 22.794455 1.258970 2.495541
7.699826 22.618065 1.252167 2.495889
7.815686 22.443579 1.245497 2.496230
7.930325 22.270933 1.238959 2.496565
8.043773 22.100084 1.232548 2.496893
8.156058 21.930988 1.226263 2.497215
8.330312 21.929680 1.229412 2.497054
8.507221 21.932911 1.232893 2.496876
8.833879 22.311823 1.257628 2.495609
9.016166 22.315794 1.261369 2.495418
9.176394 22.263609 1.262010 2.495385
9.336671 22.211042 1.262695 2.495350
9.502230 22.170349 1.264122 2.495277
9.671841 22.137962 1.266094 2.495176
9.845920 22.114298 1.268641 2.495045
10.023692 22.097113 1.271639 2.494892
10.196839 22.067965 1.274027 2.494770
10.383150 22.065304 1.278027 2.494565
10.578886 22.079832 1.283115 2.494304
10.717096 21.973305 1.281241 2.494400
10.909387 21.976822 1.285856 2.494164
11.103091 21.980366 1.290568 2.493923
11.396047 22.174297 1.306594 2.493102
11.610954 22.209702 1.313424 2.492753
11.838325 22.264650 1.321529 2.492338
12.066818 22.317120 1.329611 2.491924
12.305428 22.383472 1.338650 2.491461
12.846706 22.986464 1.380043 2.489342
12.949109 22.794550 1.373915 2.489655
13.050612 22.604324 1.367907 2.489963
13.151238 22.415749 1.362018 2.490265
13.251014 22.228767 1.356246 2.490560
13.349946 22.043371 1.350587 2.490850
13.549969 22.025154 1.355234 2.490612
13.765309 22.029100 1.361357 2.490298
14.230539 22.423746 1.391851 2.488737
14.420036 22.375500 1.395072 2.488572
14.611349 22.328472 1.398465 2.488399
14.797191 22.271557 1.401337 2.488251
14.971477 22.196127 1.403133 2.488159
15.148982 22.124537 1.405258 2.488051
15.335040 22.064217 1.408193 2.487900
15.521712 22.003420 1.411195 2.487747
15.707310 21.939734 1.414109 2.487598
15.893930 21.876120 1.417126 2.487443
16.087954 21.821173 1.420807 2.487255
16.290827 21.776382 1.425262 2.487026
16.487661 21.721682 1.429181 2.486826
16.693586 21.677059 1.433878 2.486585
16.910534 21.644495 1.439498 2.486298
17.114773 21.593473 1.444016 2.486066
17.318010 21.539248 1.448440 2.485840
17.516960 21.477907 1.452503 2.485632
17.719982 21.419773 1.456903 2.485407
17.923580 21.360493 1.461346 2.485179
18.126127 21.298132 1.465701 2.484956
18.329988 21.235483 1.470161 2.484728
18.526201 21.162300 1.474013 2.484530
18.729967 21.096066 1.478471 2.484302
18.950394 21.046545 1.484236 2.484007
19.187990 21.013536 1.491319 2.483644
19.433517 20.986277 1.498977 2.483252
19.653254 20.928581 1.504620 2.482963
19.864065 20.859318 1.509574 2.482710
20.106106 20.820482 1.516884 2.482336
20.322834 20.753000 1.522267 2.482060
20.489298 20.632828 1.523909 2.481976
20.608843 20.465458 1.522136 2.482067
20.700199 20.271130 1.518394 2.482258
20.752302 20.040266 1.511917 2.482590
20.796980 19.804701 1.505062 2.482941
20.449490 19.203337 1.470176 2.484727
20.525118 19.006458 1.466038 2.484939
20.767879 18.963676 1.473885 2.484537
21.152023 19.045366 1.491675 2.483626
21.360685 18.964909 1.497017 2.483353
21.155348 18.520094 1.473528 2.484555
21.159771 18.264616 1.464919 2.484996
21.200653 18.043165 1.458993 2.485300
21.363813 17.926369 1.461573 2.485167
21.527563 17.809153 1.464234 2.485031
21.691931 17.691496 1.466977 2.484891
21.856913 17.573400 1.469801 2.484746
22.022539 17.454845 1.472709 2.484597
22.188831 17.335815 1.475700 2.484444
22.220970 17.112453 1.469856 2.484743
22.225183 16.869822 1.462308 2.485130
22.229357 16.629677 1.454909 2.485508
22.233490 16.391939 1.447654 2.485880
22.237583 16.156551 1.440541 2.486244
22.241640 15.923453 1.433568 2.486601
21.677288 15.291634 1.390278 2.488818
21.220821 14.748848 1.354365 2.490656
21.224585 14.532773 1.348097 2.490977
21.228315 14.318679 1.341952 2.491292
21.356049 14.188928 1.343732 2.491201
21.512194 14.077176 1.347340 2.491016
21.669178 13.964826 1.351033 2.490827
21.827032 13.851852 1.354813 2.490633
21.985781 13.738241 1.358680 2.490436
22.145449 13.623974 1.362636 2.490233
22.283970 13.495642 1.365328 2.490095
22.287630 13.286088 1.359837 2.490376
22.291265 13.078204 1.354455 2.490652
22.294872 12.871950 1.349181 2.490922
22.298452 12.667288 1.344013 2.491186
22.302008 12.464162 1.338949 2.491446
22.305538 12.262568 1.333989 2.491700
22.309044 12.062451 1.329130 2.491949
21.991932 11.693317 1.305342 2.493166
21.284098 11.127060 1.258686 2.495555
21.287374 10.940215 1.254332 2.495778
21.290628 10.754665 1.250070 2.495996
21.293863 10.570363 1.245896 2.496210
21.381231 10.428323 1.246718 2.496168
21.535378 10.318027 1.251476 2.495924
21.690725 10.206872 1.256331 2.495676
21.847281 10.094855 1.261286 2.495422
22.005083 9.981946 1.266343 2.495163
22.164167 9.868123 1.271502 2.494899
22.324560 9.753364 1.276766 2.494629
22.352640 9.580345 1.274515 2.494745
22.355860 9.397532 1.270927 2.494928
22.359064 9.215738 1.267421 2.495108
22.362251 9.034936 1.263995 2.495283
22.365423 8.855100 1.260649 2.495455
22.368580 8.676192 1.257382 2.495622
22.371721 8.498214 1.254193 2.495785
22.374847 8.321129 1.251081 2.495945
22.365820 8.140492 1.247368 2.496135
21.941547 7.813036 1.220634 2.497504
21.535032 7.499284 1.195078 2.498812
21.352039 7.268822 1.182078 2.499477
21.354959 7.103847 1.179465 2.499611
21.357866 6.939592 1.176921 2.499742
21.360764 6.776036 1.174445 2.499868
21.447268 6.639030 1.176624 2.499757
21.608213 6.523899 1.182926 2.499434
21.770901 6.407522 1.189355 2.499105
21.935377 6.289868 1.195912 2.498769
22.101685 6.170904 1.202601 2.498427
22.269886 6.050587 1.209425 2.498077
22.417328 5.922908 1.215157 2.497784
22.420284 5.756548 1.213109 2.497889
22.423231 5.590739 1.211127 2.497990
22.426170 5.425464 1.209211 2.498088
22.429102 5.260691 1.207359 2.498183
22.432026 5.096426 1.205572 2.498275
22.434942 4.932640 1.203848 2.498363
22.437853 4.769313 1.202189 2.498448
22.440756 4.606428 1.200592 2.498530
22.443651 4.443955 1.199058 2.498608
22.310200 4.255893 1.190312 2.499056
22.036186 4.044394 1.174157 2.499883
21.769499 3.838550 1.158491 2.500685
21.509823 3.638117 1.143293 2.501463
21.419596 3.469211 1.137182 2.501776
21.422329 3.316347 1.136070 2.501833
21.425056 3.163775 1.135016 2.501887
21.427782 3.011478 1.134019 2.501938
21.489626 2.867331 1.136205 2.501826
21.670929 2.737668 1.144752 2.501389
21.854977 2.606043 1.153485 2.500942
22.041864 2.472389 1.162409 2.500484
22.231676 2.336643 1.171530 2.500017
22.424501 2.198744 1.180854 2.499540
22.486546 2.046429 1.183340 2.499413
22.489382 1.888481 1.182767 2.499442
22.492216 1.730679 1.182251 2.499469
22.495049 1.573007 1.181794 2.499492
22.497881 1.415449 1.181395 2.499512
22.500713 1.257978 1.181054 2.499530
22.503546 1.100602 1.180771 2.499544
22.506376 0.943294 1.180545 2.499556
22.509209 0.786039 1.180377 2.499565
22.512041 0.628821 1.180266 2.499570
22.381351 0.468815 1.173214 2.499931
22.175140 0.309639 1.162263 2.500492
21.972734 0.153399 1.151570 2.501040
21.764069 -0.000000 0.379893 2.540549
21.569080 -0.150583 0.376499 2.540723
21.471420 -0.299817 0.374822 2.540809
21.474127 -0.449819 0.374914 2.540804
21.476835 -0.599902 0.375026 2.540799
21.479546 -0.750082 0.375155 2.540792
21.482260 -0.900373 0.375303 2.540784
21.701477 -1.061379 0.379253 2.540582
21.939157 -1.226589 0.383547 2.540362
22.182295 -1.395592 0.387959 2.540137
22.431105 -1.568536 0.392492 2.539904
22.538023 -1.734206 0.394566 2.539798
22.540888 -1.892811 0.394837 2.539784
22.543758 -2.051643 0.395129 2.539769
22.546633 -2.210717 0.395440 2.539753
22.549513 -2.370049 0.395771 2.539737
22.552399 -2.529657 0.396122 2.539718
22.555288 -2.689555 0.396493 2.539700
22.558186 -2.849762 0.396884 2.539680
22.561089 -3.010292 0.397295 2.539658
22.563997 -3.171163 0.397727 2.539636
22.469263 -3.317972 0.396455 2.539701
22.292021 -3.450987 0.393744 2.539840
22.117178 -3.582201 0.391088 2.539976
21.944670 -3.711663 0.388486 2.540109
21.774433 -3.839420 0.385937 2.540240
21.606409 -3.965518 0.383441 2.540368
21.540270 -4.109026 0.382767 2.540402
21.543104 -4.265649 0.383337 2.540373
21.545950 -4.422749 0.383928 2.540343
21.548803 -4.580339 0.384539 2.540312
21.631180 -4.755924 0.386592 2.540206
21.955727 -4.988219 0.393005 2.539878
22.291241 -5.228364 0.399654 2.539538
22.605600 -5.468870 0.405965 2.539215
22.608646 -5.636969 0.406717 2.539176
22.611704 -5.805699 0.407491 2.539136
22.614775 -5.975081 0.408288 2.539096
22.617859 -6.145136 0.409108 2.539054
22.620955 -6.315885 0.409952 2.539011
22.624065 -6.487346 0.410819 2.538966
22.627188 -6.659544 0.411710 2.538920
22.630327 -6.832499 0.412625 2.538874
22.633478 -7.006232 0.413564 2.538826
22.504114 -7.138726 0.412101 2.538900
22.346169 -7.260710 0.410127 2.539001
22.189720 -7.381537 0.408191 2.539100
22.034735 -7.501236 0.406294 2.539198
21.881176 -7.619832 0.404433 2.539293
21.729010 -7.737353 0.402609 2.539386
21.608379 -7.864807 0.401382 2.539449
21.611511 -8.037250 0.402473 2.539393
21.614662 -8.210640 0.403589 2.539336
21.617830 -8.385004 0.404731 2.539278
21.844959 -8.649032 0.410104 2.539003
22.412493 -9.055235 0.421935 2.538397
22.675978 -9.346364 0.428114 2.538081
22.679380 -9.533534 0.429424 2.538013
22.682804 -9.721863 0.430763 2.537945
22.686251 -9.911379 0.432132 2.537875
22.689718 -10.102114 0.433531 2.537803
22.693211 -10.294097 0.434961 2.537730
22.696726 -10.487360 0.436421 2.537655
22.700266 -10.681934 0.437912 2.537579
22.663145 -10.858360 0.438648 2.537541
22.508240 -10.978002 0.437122 2.537619
22.354399 -11.096820 0.435628 2.537696
22.201599 -11.214835 0.434166 2.537771
22.049816 -11.332067 0.432734 2.537844
21.899023 -11.448532 0.431333 2.537916
21.749195 -11.564253 0.429962 2.537986
21.678526 -11.721535 0.430172 2.537975
21.682137 -11.919856 0.431884 2.537887
21.685780 -12.119773 0.433632 2.537798
21.985317 -12.489398 0.441354 2.537403
22.744869 -13.131757 0.458431 2.536528
22.748785 -13.346633 0.460377 2.536429
22.752735 -13.563353 0.462362 2.536327
22.756718 -13.781960 0.464387 2.536223
22.760738 -14.002500 0.466453 2.536118
22.764795 -14.225023 0.468559 2.536010
22.768888 -14.449577 0.470709 2.535900
22.730556 -14.648844 0.472019 2.535833
22.572424 -14.770980 0.470865 2.535892
22.415054 -14.892528 0.469740 2.535949
22.258429 -15.013500 0.468643 2.536005
22.102526 -15.133916 0.467573 2.536060
21.947327 -15.253788 0.466532 2.536114
21.792807 -15.373135 0.465517 2.536165
21.748699 -15.570540 0.466886 2.536095
21.752968 -15.804457 0.469334 2.535970
21.757284 -16.040854 0.471832 2.535842
22.816683 -17.069059 0.497379 2.534534
22.821306 -17.322315 0.500103 2.534395
22.825981 -17.578373 0.502883 2.534252
22.830709 -17.837305 0.505718 2.534107
22.835493 -18.099190 0.508611 2.533959
22.840332 -18.364098 0.511562 2.533808
22.700872 -18.514380 0.511321 2.533820
22.534954 -18.642536 0.510503 2.533862
22.369558 -18.770287 0.509712 2.533903
22.204664 -18.897652 0.508949 2.533942
22.040258 -19.024639 0.508212 2.533979
21.876318 -19.151268 0.507503 2.534016
21.818119 -19.371033 0.509277 2.533925
21.823214 -19.649710 0.512586 2.533756
22.886646 -20.898382 0.540978 2.532302
22.892132 -21.198345 0.544592 2.532117
22.897692 -21.502363 0.548282 2.531928
22.903328 -21.810545 0.552050 2.531735
22.909042 -22.123005 0.555897 2.531538
22.773209 -22.301176 0.556365 2.531514
22.595579 -22.438379 0.555839 2.531541
22.418274 -22.575333 0.555341 2.531567
16.315918 -16.661268 0.407046 2.539159
15.827085 -16.389427 0.397696 2.539638
15.409945 -16.182037 0.390043 2.540030
14.982195 -15.954416 0.382027 2.540440
14.747656 -15.926020 0.378872 2.540602
14.532839 -15.915491 0.376199 2.540739
14.320009 -15.903981 0.373554 2.540874
14.106309 -15.888318 0.370864 2.541012
13.904271 -15.882721 0.368459 2.541135
13.706826 -15.879512 0.366156 2.541253
13.501854 -15.864626 0.363630 2.541382
13.310280 -15.862574 0.361444 2.541494
13.138210 -15.881370 0.359774 2.541580
12.973039 -15.906517 0.358283 2.541656
12.793428 -15.911817 0.356382 2.541753
12.610887 -15.910980 0.354382 2.541856
12.434215 -15.915069 0.352531 2.541950
12.251876 -15.909387 0.350502 2.542054
12.079797 -15.914544 0.348749 2.542144
11.897182 -15.903291 0.346674 2.542250
11.727429 -15.906699 0.344955 2.542338
11.560694 -15.911930 0.343310 2.542422
11.389814 -15.909125 0.341526 2.542514
11.225159 -15.912676 0.339911 2.542596
11.057154 -15.909161 0.338179 2.542685
10.896706 -15.914238 0.336662 2.542763
10.730445 -15.908540 0.334948 2.542850
10.573111 -15.913811 0.333497 2.542925
10.407919 -15.904966 0.331781 2.543013
10.243701 -15.895113 0.330075 2.543100
10.081181 -15.885400 0.328404 2.543186
9.920316 -15.875823 0.326766 2.543269
9.769537 -15.880157 0.325444 2.543337
9.615149 -15.876497 0.323985 2.543412
9.458810 -15.867302 0.322442 2.543491
9.303967 -15.858231 0.320930 2.543568
9.150583 -15.849276 0.319448 2.543644
8.998619 -15.840435 0.317996 2.543719
8.848045 -15.831713 0.316573 2.543791
8.698825 -15.823105 0.315179 2.543863
8.554727 -15.821637 0.313952 2.543926
8.411958 -15.820592 0.312759 2.543987
8.266294 -15.811964 0.311440 2.544054
8.124716 -15.808988 0.310256 2.544115
7.981619 -15.800920 0.308997 2.544179
7.839691 -15.792956 0.307763 2.544243
7.698903 -15.785090 0.306555 2.544304
7.559226 -15.777323 0.305372 2.544365
7.420633 -15.769650 0.304213 2.544424
7.283098 -15.762073 0.303079 2.544482
7.146597 -15.754586 0.301968 2.544539
7.016089 -15.758394 0.301095 2.544584
6.884902 -15.758920 0.300179 2.544631
6.751182 -15.751689 0.299136 2.544684
6.618395 -15.744544 0.298116 2.544736
6.486523 -15.737482 0.297117 2.544787
6.359820 -15.741108 0.296340 2.544827
6.232935 -15.742599 0.295542 2.544868
6.103502 -15.735770 0.294607 2.544916
5.978241 -15.737835 0.293857 2.544955
5.854152 -15.741338 0.293152 2.544991
5.726970 -15.734721 0.292277 2.545035
5.603298 -15.735889 0.291565 2.545072
5.481535 -15.740827 0.290940 2.545104
5.360024 -15.744973 0.290318 2.545136
5.239366 -15.750113 0.289731 2.545166
5.119196 -15.755265 0.289162 2.545195
4.999476 -15.760347 0.288607 2.545223
4.880208 -15.765409 0.288069 2.545251
4.761425 -15.770606 0.287550 2.545277
4.643076 -15.775818 0.287047 2.545303
4.525142 -15.781044 0.286560 2.545328
4.407610 -15.786286 0.286089 2.545352
4.290467 -15.791544 0.285635 2.545376
4.173698 -15.796819 0.285196 2.545398
4.057602 -15.803316 0.284795 2.545419
3.944158 -15.819152 0.284577 2.545430
3.829961 -15.831162 0.284306 2.545444
3.714397 -15.836415 0.283927 2.545463
3.600666 -15.848394 0.283684 2.545475
3.487987 -15.864272 0.283526 2.545483
3.375430 -15.880152 0.283382 2.545491
3.262965 -15.895926 0.283250 2.545498
3.150628 -15.911839 0.283134 2.545503
3.038376 -15.927731 0.283033 2.545509
2.926215 -15.943690 0.282947 2.545513
2.814875 -15.963950 0.282950 2.545513
2.704907 -15.992373 0.283113 2.545505
2.594231 -16.017273 0.283226 2.545499
2.483676 -16.043583 0.283378 2.545491
2.371612 -16.060522 0.283377 2.545491
2.261122 -16.088718 0.283589 2.545480
2.152013 -16.128593 0.284021 2.545458
2.042765 -16.170155 0.284494 2.545434
1.934898 -16.226557 0.285242 2.545395
1.824874 -16.269112 0.285759 2.545369
1.715137 -16.318436 0.286408 2.545336
1.606486 -16.384218 0.287359 2.545287
1.497453 -16.454245 0.288397 2.545234
1.388803 -16.538834 0.289702 2.545167
1.280903 -16.646812 0.291430 2.545079
1.172620 -16.769251 0.293423 2.544977
1.064613 -16.921537 0.295951 2.544847
0.953684 -17.057905 0.298212 2.544732
0.838374 -17.141840 0.299570 2.544662
0.725316 -17.305496 0.302334 2.544520
0.608333 -17.420368 0.304259 2.544422
0.489561 -17.526554 0.306046 2.544330
0.369039 -17.617781 0.307587 2.544251
0.247393 -17.717196 0.309285 2.544165
0.124562 -17.841814 0.311438 2.544054
-0.000000 -17.875486 0.312018 2.544024
-0.124985 -17.902441 0.312496 2.544000
-0.249999 -17.903625 0.312539 2.543998
-0.375549 -17.928453 0.313011 2.543974
-0.500760 -17.927515 0.313048 2.543972
-0.624776 -17.891243 0.312483 2.544001
-0.748620 -17.861513 0.312048 2.544023
-0.871931 -17.827902 0.311559 2.544048
-0.996148 -17.817385 0.311489 2.544052
-1.121279 -17.822233 0.311703 2.544041
-1.242704 -17.771490 0.310960 2.544079
-1.363165 -17.715910 0.310146 2.544121
-1.482689 -17.656864 0.309286 2.544164
-1.604837 -17.634172 0.309078 2.544175
-1.727389 -17.617281 0.308985 2.544180
-1.851263 -17.613594 0.309140 2.544172
-1.977007 -17.625412 0.309582 2.544149
-2.108224 -17.680094 0.310793 2.544087
-2.232022 -17.668264 0.310852 2.544084
-2.357684 -17.670023 0.311165 2.544068
-2.485511 -17.685328 0.311732 2.544039
-2.614027 -17.702154 0.312343 2.544008
-2.746992 -17.744484 0.313421 2.543953
-2.877971 -17.769119 0.314203 2.543913
-3.009591 -17.793774 0.315003 2.543872
-3.146021 -17.841970 0.316237 2.543808
-3.275835 -17.848619 0.316753 2.543782
-3.408835 -17.869736 0.317542 2.543742
-3.543731 -17.897144 0.318461 2.543695
-3.680242 -17.928741 0.319472 2.543643
-3.822716 -17.984463 0.320933 2.543568
-3.967966 -18.047344 0.322542 2.543486
-4.119079 -18.130190 0.324528 2.543384
-4.263237 -18.176399 0.325880 2.543315
-4.405674 -18.210876 0.327042 2.543255
-4.552024 -18.257172 0.328436 2.543184
-4.686963 -18.254513 0.328969 2.543157
-4.832787 -18.291361 0.330233 2.543092
-4.982492 -18.338612 0.331706 2.543016
-5.125088 -18.356003 0.332660 2.542968
-5.263190 -18.354925 0.333298 2.542935
-5.406494 -18.369688 0.334243 2.542887
-5.553432 -18.393852 0.335380 2.542829
-5.698837 -18.409962 0.336391 2.542777
-5.838005 -18.403725 0.337014 2.542745
-5.989937 -18.435131 0.338346 2.542677
-6.138166 -18.452005 0.339434 2.542621
-6.299656 -18.505114 0.341212 2.542530
-6.463850 -18.561646 0.343078 2.542434
-6.624996 -18.605150 0.344729 2.542350
-6.789370 -18.653639 0.346497 2.542259
-6.959928 -18.714680 0.348525 2.542156
-7.135038 -18.783117 0.350718 2.542043
-7.305101 -18.833672 0.352606 2.541946
-7.475816 -18.881758 0.354475 2.541851
-7.662982 -18.966545 0.357062 2.541718
-7.846247 -19.036421 0.359400 2.541599
-8.024145 -19.088684 0.361436 2.541494
-8.206402 -19.146965 0.363615 2.541383
-8.400436 -19.227840 0.366256 2.541248
-8.587882 -19.288700 0.368548 2.541130
-8.784983 -19.366385 0.371195 2.540995
-8.967191 -19.406775 0.373160 2.540894
-9.145068 -19.434256 0.374907 2.540805
-9.321752 -19.455997 0.376573 2.540720
-9.494110 -19.465811 0.378037 2.540644
-9.669423 -19.478926 0.379593 2.540565
-9.826435 -19.453033 0.380416 2.540523
-9.987432 -19.433435 0.381387 2.540473
-10.143818 -19.403336 0.382177 2.540432
-10.295379 -19.362791 0.382785 2.540401
-10.437435 -19.303631 0.383046 2.540388
-10.578552 -19.242313 0.383286 2.540376
-10.715033 -19.172289 0.383372 2.540371
-10.845518 -19.091566 0.383262 2.540377
-10.975319 -19.009809 0.383150 2.540383
-11.105648 -18.929117 0.383077 2.540386
-11.229184 -18.837130 0.382792 2.540401
-11.350895 -18.742552 0.382472 2.540417
-11.472413 -18.648142 0.382170 2.540433
-11.588098 -18.544834 0.381702 2.540457
-11.703120 -18.441166 0.381240 2.540480
-11.813684 -18.331249 0.380664 2.540510
-11.921874 -18.218529 0.380042 2.540542
-12.025022 -18.099113 0.379293 2.540580
-12.126409 -17.978140 0.378523 2.540620
-12.224754 -17.853802 0.377693 2.540662
-12.321733 -17.728647 0.376856 2.540705
-12.416668 -17.601746 0.375992 2.540749
-12.512694 -17.477547 0.375195 2.540790
-12.609667 -17.355717 0.374461 2.540828
-12.702961 -17.229876 0.373650 2.540869
-12.787601 -17.093536 0.372620 2.540922
-12.876448 -16.964090 0.371749 2.540966
-12.965644 -16.836233 0.370922 2.541009
-13.049718 -16.702877 0.369982 2.541057
-13.140038 -16.578598 0.369252 2.541094
-13.230092 -16.454914 0.368546 2.541130
-13.317280 -16.328600 0.367790 2.541169
-13.406057 -16.205135 0.367108 2.541204
-13.493804 -16.081289 0.366428 2.541239
-13.590492 -15.968769 0.366017 2.541260
-13.688245 -15.857983 0.365659 2.541278
-13.778594 -15.739163 0.365128 2.541305
-13.865836 -15.617464 0.364542 2.541335
-13.955229 -15.498852 0.364039 2.541361
-14.041862 -15.377795 0.363489 2.541389
-14.128752 -15.257662 0.362972 2.541416
-14.215411 -15.137877 0.362475 2.541441
-14.301852 -15.018421 0.361996 2.541466
-14.383121 -14.894157 0.361413 2.541496
-14.459059 -14.765100 0.360722 2.541531
-14.534889 -14.636716 0.360056 2.541565
-14.606301 -14.504686 0.359307 2.541604
-14.671403 -14.367296 0.358433 2.541648
-14.736642 -14.231009 0.357590 2.541691
-14.799817 -14.093671 0.356727 2.541735
-14.857484 -13.952105 0.355761 2.541785
-14.916892 -13.813195 0.354865 2.541831
-14.972945 -13.672174 0.353919 2.541879
-15.018414 -13.522641 0.352754 2.541939
-15.076735 -13.385748 0.351920 2.541981
-15.134501 -13.249252 0.351101 2.542024
-15.188191 -13.110096 0.350215 2.542069
-15.234466 -12.965544 0.349186 2.542122
-15.286129 -12.826585 0.348309 2.542166
-15.339705 -12.690104 0.347503 2.542208
-15.395266 -12.556071 0.346767 2.542245
-15.449552 -12.421760 0.346028 2.542283
-15.504208 -12.288481 0.345322 2.542320
-15.560617 -12.157287 0.344680 2.542352
-15.620245 -12.029204 0.344132 2.542380
-15.684599 -11.905257 0.343710 2.542402
-15.751246 -11.783439 0.343360 2.542420
-15.818210 -11.662188 0.343036 2.542436
-15.890960 -11.545458 0.342858 2.542446
-15.970485 -11.433740 0.342843 2.542446
-16.050877 -11.322646 0.342863 2.542445
-16.132397 -11.212309 0.342924 2.542442
-16.213394 -11.101540 0.342990 2.542439
-16.302082 -10.995893 0.343234 2.542426
-16.392912 -10.891421 0.343537 2.542411
-16.488724 -10.789918 0.343958 2.542389
-16.588091 -10.690297 0.344466 2.542363
-16.692539 -10.593406 0.345090 2.542331
-16.797302 -10.496119 0.345733 2.542298
-16.901112 -10.397630 0.346367 2.542266
-17.010708 -10.302050 0.347130 2.542227
-17.125803 -10.209029 0.348016 2.542181
-17.238197 -10.113588 0.348857 2.542138
-17.352125 -10.018254 0.349739 2.542093
-17.465397 -9.921722 0.350617 2.542048
-17.577705 -9.823846 0.351486 2.542004
-17.689299 -9.724775 0.352351 2.541960
-17.783548 -9.615526 0.352883 2.541932
-17.327440 -9.213163 0.342548 2.542461
-17.309240 -9.049048 0.340931 2.542544
-17.312004 -8.897161 0.339753 2.542605
-17.314749 -8.746309 0.338601 2.542664
-17.317472 -8.596466 0.337472 2.542722
-17.388252 -8.480817 0.337689 2.542710
-17.503559 -8.386297 0.338783 2.542654
-17.619619 -8.291162 0.339901 2.542597
-17.736450 -8.195392 0.341043 2.542539
-17.854080 -8.098968 0.342209 2.542479
-17.972519 -8.001881 0.343400 2.542418
-18.073046 -7.895916 0.344259 2.542374
-18.075747 -7.747273 0.343272 2.542424
-18.078430 -7.599474 0.342307 2.542474
-18.081100 -7.452490 0.341364 2.542522
-18.083755 -7.306312 0.340443 2.542569
-18.086397 -7.160908 0.339543 2.542615
-18.089024 -7.016269 0.338665 2.542660
-18.091637 -6.872369 0.337807 2.542704
-18.094234 -6.729184 0.336970 2.542747
-18.096821 -6.586704 0.336154 2.542789
-18.099396 -6.444901 0.335358 2.542830
-18.101955 -6.303767 0.334581 2.542869
-18.104506 -6.163277 0.333825 2.542908
-18.057058 -6.006782 0.332169 2.542993
-17.806372 -5.785641 0.326806 2.543267
-17.563631 -5.571509 0.321630 2.543533
-17.375910 -5.378742 0.317497 2.543744
-17.378302 -5.246819 0.316863 2.543777
-17.380684 -5.115411 0.316248 2.543808
-17.383057 -4.984511 0.315650 2.543839
-17.385420 -4.854094 0.315070 2.543868
-17.387775 -4.724153 0.314507 2.543897
-17.509769 -4.626282 0.316122 2.543815
-17.633739 -4.527573 0.317782 2.543730
-17.759020 -4.427821 0.319475 2.543643
-17.885654 -4.326992 0.321201 2.543555
-18.013664 -4.225066 0.322963 2.543464
-18.141508 -4.121650 0.324731 2.543374
-18.143906 -3.989194 0.324267 2.543397
-18.146297 -3.857114 0.323821 2.543420
-18.148680 -3.725386 0.323392 2.543442
-18.151058 -3.594005 0.322979 2.543463
-18.153429 -3.462953 0.322583 2.543484
-18.155794 -3.332210 0.322204 2.543503
-18.158154 -3.201772 0.321841 2.543522
-18.160509 -3.071617 0.321495 2.543539
-18.162857 -2.941740 0.321165 2.543556
-18.165201 -2.812123 0.320852 2.543572
-18.167540 -2.682747 0.320554 2.543588
-18.169874 -2.553609 0.320273 2.543602
-18.172203 -2.424687 0.320008 2.543616
-18.174530 -2.295976 0.319759 2.543628
-18.072821 -2.155054 0.317697 2.543734
-17.901165 -2.007936 0.314426 2.543901
-17.733007 -1.863814 0.311236 2.544065
-17.568213 -1.722575 0.308125 2.544224
-17.444513 -1.587574 0.305753 2.544345
-17.446724 -1.465043 0.305606 2.544353
-17.448935 -1.342620 0.305473 2.544360
-17.451141 -1.220303 0.305355 2.544366
-17.453348 -1.098069 0.305252 2.544371
-17.455553 -0.975916 0.305164 2.544375
-17.548695 -0.858275 0.306680 2.544298
-17.691151 -0.741477 0.309071 2.544176
-17.835846 -0.622841 0.311516 2.544050
-17.982862 -0.502304 0.314014 2.543922
-18.132257 -0.379816 0.316569 2.543792
-18.211380 -0.254296 0.317912 2.543723
-18.213673 -0.127156 0.317929 2.543722
-18.215963 0.000000 0.317961 2.543720
-18.218256 0.127192 0.318009 2.543718
-18.220549 0.254424 0.318072 2.543715
-18.222841 0.381713 0.318151 2.543711
-18.225136 0.509076 0.318245 2.543706
-18.227432 0.636516 0.318355 2.543700
-18.229729 0.764055 0.318480 2.543694
-18.232027 0.891696 0.318622 2.543686
-18.234327 1.019456 0.318778 2.543679
-18.236629 1.147353 0.318951 2.543670
-18.238934 1.275391 0.319139 2.543660
-18.241241 1.403590 0.319343 2.543649
-18.243551 1.531955 0.319563 2.543638
-18.134275 1.650347 0.317843 2.543726
-18.003950 1.765305 0.315767 2.543833
-17.875315 1.878771 0.313733 2.543937
-17.748316 1.990795 0.311741 2.544039
-17.622917 2.101407 0.309788 2.544139
-17.512976 2.212402 0.308120 2.544224
-17.515217 2.337031 0.308439 2.544208
-17.517460 2.461919 0.308773 2.544191
-17.519711 2.587089 0.309124 2.544173
-17.521963 2.712544 0.309490 2.544154
-17.524223 2.838304 0.309873 2.544135
-17.691416 2.992281 0.313191 2.543965
-17.889032 3.154319 0.317071 2.543766
-18.091627 3.320438 0.321065 2.543561
-18.278687 3.486847 0.324809 2.543370
-18.281073 3.619749 0.325292 2.543345
-18.283464 3.753058 0.325793 2.543319
-18.285866 3.886781 0.326312 2.543293
-18.288273 4.020941 0.326848 2.543265
-18.290688 4.155543 0.327401 2.543237
-18.293110 4.290609 0.327973 2.543208
-18.295542 4.426159 0.328562 2.543177
-18.297981 4.562199 0.329170 2.543146
-18.300430 4.698755 0.329796 2.543114
-18.302889 4.835833 0.330441 2.543081
-18.305357 4.973454 0.331104 2.543047
-18.307833 5.111641 0.331787 2.543012
-18.310320 5.250400 0.332488 2.542976
-18.272554 5.377908 0.332476 2.542977
-18.155233 5.481389 0.331029 2.543051
-18.038923 5.583979 0.329611 2.543124
-17.923595 5.685702 0.328221 2.543195
-17.809235 5.786572 0.326859 2.543265
-17.695810 5.886616 0.325524 2.543333
-17.583307 5.985847 0.324215 2.543400
-17.583128 6.123092 0.324992 2.543360
-17.585613 6.261958 0.325838 2.543317
-17.588112 6.401549 0.326704 2.543272
-17.590624 6.541897 0.327591 2.543227
-17.678251 6.715339 0.330088 2.543099
-18.005941 6.984043 0.337109 2.542740
-18.346369 7.263844 0.344424 2.542365
-18.349047 7.413496 0.345437 2.542314
-18.351738 7.564044 0.346474 2.542260
-18.354446 7.715500 0.347533 2.542206
-18.357172 7.867893 0.348616 2.542151
-18.359913 8.021252 0.349723 2.542094
-18.362673 8.175589 0.350855 2.542036
-18.365448 8.330940 0.352010 2.541977
-18.368242 8.487321 0.353191 2.541917
-18.371056 8.644762 0.354397 2.541855
-18.373888 8.803295 0.355629 2.541792
-18.376740 8.962935 0.356886 2.541727
-18.379612 9.123722 0.358170 2.541662
-18.270506 9.229097 0.357291 2.541707
-18.155411 9.330612 0.356305 2.541757
-18.040937 9.431577 0.355342 2.541806
-17.927080 9.531998 0.354402 2.541855
-17.813814 9.631897 0.353484 2.541902
-17.701132 9.731281 0.352587 2.541947
-17.649990 9.864244 0.352931 2.541930
-17.652916 10.028255 0.354381 2.541856
-17.655865 10.193619 0.355861 2.541780
-17.601185 10.326557 0.356203 2.541762
-17.512066 10.439288 0.355866 2.541780
-17.419506 10.549626 0.355473 2.541800
-17.323950 10.657767 0.355032 2.541822
-17.223953 10.762720 0.354514 2.541849
-17.107449 10.856720 0.353668 2.541892
-16.995136 10.952620 0.352918 2.541931
-16.890238 11.052661 0.352334 2.541960
-16.768927 11.141252 0.351417 2.542007
-16.634418 11.220057 0.350231 2.542068
-16.517754 11.309945 0.349429 2.542109
-16.381710 11.385587 0.348224 2.542171
-16.258886 11.469381 0.347307 2.542218
-16.124159 11.543767 0.346142 2.542278
-15.987369 11.615503 0.344938 2.542339
-15.831416 11.671930 0.343323 2.542422
-15.683024 11.732403 0.341873 2.542496
-15.536867 11.793122 0.340473 2.542568
-15.384943 11.848003 0.338948 2.542646
-15.231748 11.900346 0.337395 2.542725
-15.092505 11.962176 0.336153 2.542789
-14.935722 12.008631 0.334520 2.542873
-14.783791 12.057364 0.332994 2.542951
-14.643797 12.114405 0.331738 2.543015
-14.504269 12.170527 0.330494 2.543079
-14.365038 12.225609 0.329258 2.543142
-14.217288 12.272036 0.327827 2.543215
-14.089677 12.334579 0.326863 2.543265
-13.952491 12.387604 0.325678 2.543325
-13.816632 12.440552 0.324527 2.543384
-13.698709 12.508644 0.323800 2.543422
-13.570981 12.566867 0.322847 2.543470
-13.444047 12.624799 0.321916 2.543518
-13.318283 12.682833 0.321017 2.543564
-13.196159 12.743383 0.320210 2.543605
-13.078142 12.807067 0.319508 2.543641
-12.954864 12.864738 0.318683 2.543683
-12.825340 12.915191 0.317707 2.543733
-12.714452 12.983573 0.317198 2.543760
-12.596175 13.043721 0.316511 2.543795
-12.471047 13.095894 0.315657 2.543839
-12.356983 13.158853 0.315087 2.543868
-12.244937 13.223328 0.314576 2.543894
-12.128238 13.282118 0.313953 2.543926
-12.026166 13.356411 0.313717 2.543938
-11.936060 13.443913 0.313807 2.543933
-11.827469 13.510410 0.313424 2.543953
-11.736980 13.597422 0.313534 2.543947
-11.654261 13.693713 0.313871 2.543930
-11.556141 13.772073 0.313810 2.543933
-11.481499 13.878752 0.314407 2.543902
-11.400605 13.978524 0.314856 2.543879
-11.311367 14.068502 0.315096 2.543867
-11.222999 14.159903 0.315381 2.543853
-11.130311 14.246148 0.315563 2.543843
-11.044806 14.341977 0.315970 2.543822
-10.949790 14.425817 0.316126 2.543814
-10.867206 14.526492 0.316662 2.543787
-10.768291 14.605758 0.316743 2.543783
-10.674287 14.691895 0.316987 2.543770
-10.581564 14.780177 0.317290 2.543755
-10.479442 14.855557 0.317330 2.543753
-10.365551 14.914072 0.317027 2.543768
-10.248026 14.966868 0.316620 2.543789
-10.136873 15.028533 0.316420 2.543799
-10.003925 15.057123 0.315544 2.543844
-9.871891 15.085833 0.314693 2.543888
-9.737955 15.110347 0.313779 2.543935
-9.600244 15.127567 0.312737 2.543988
-9.446687 15.117859 0.311165 2.544068
-9.302276 15.120639 0.309878 2.544134
-9.158833 15.123033 0.308609 2.544199
-9.000892 15.099135 0.306832 2.544290
-8.858950 15.099718 0.305580 2.544354
-8.722553 15.107905 0.304505 2.544409
-8.580857 15.105046 0.303233 2.544474
-8.434602 15.091945 0.301780 2.544549
-8.288207 15.076190 0.300301 2.544625
-8.146879 15.067343 0.298985 2.544692
-7.997416 15.040951 0.297346 2.544776
-7.853438 15.022248 0.295885 2.544851
-7.723315 15.027946 0.294928 2.544899
-7.584879 15.015506 0.293637 2.544966
-7.447506 15.002909 0.292367 2.545031
-7.313343 14.994575 0.291203 2.545090
-7.181613 14.989188 0.290117 2.545146
-7.051077 14.984303 0.289063 2.545200
-6.915752 14.967056 0.287792 2.545265
-6.792838 14.974732 0.287021 2.545305
-6.674955 14.992195 0.286455 2.545334
-6.554174 15.001919 0.285760 2.545369
-6.435937 15.016168 0.285168 2.545399
-6.312001 15.015655 0.284315 2.545443
-6.186785 15.010271 0.283388 2.545491
-6.066354 15.014754 0.282666 2.545527
-5.955656 15.042277 0.282395 2.545541
-5.843379 15.065131 0.282051 2.545559
-5.729892 15.084044 0.281649 2.545579
-5.612974 15.092835 0.281075 2.545609
-5.498004 15.105641 0.280592 2.545634
-5.385560 15.124417 0.280235 2.545652
-5.271901 15.138841 0.279814 2.545674
-5.163714 15.168307 0.279685 2.545680
-5.059035 15.208025 0.279759 2.545676
-4.949251 15.232229 0.279562 2.545686
-4.839768 15.256889 0.279388 2.545695
-4.729262 15.277781 0.279159 2.545707
-4.621847 15.308292 0.279120 2.545709
-4.513742 15.336388 0.279051 2.545712
-4.404092 15.358894 0.278894 2.545721
-4.297991 15.393683 0.278974 2.545717
-4.194608 15.438725 0.279253 2.545702
-4.090911 15.483472 0.279539 2.545687
-3.986388 15.525966 0.279797 2.545674
-3.882599 15.572254 0.280136 2.545657
-3.776553 15.610391 0.280341 2.545646
-3.670216 15.648067 0.280550 2.545636
-3.567137 15.700826 0.281043 2.545610
-3.462404 15.747924 0.281447 2.545590
-3.356878 15.792870 0.281824 2.545571
-3.253762 15.851087 0.282451 2.545538
-3.144830 15.882580 0.282614 2.545530
-3.038594 15.928887 0.283053 2.545508
-2.933242 15.981990 0.283626 2.545478
-2.828090 16.038898 0.284279 2.545445
-2.720614 16.085226 0.284756 2.545420
-2.613347 16.135323 0.285313 2.545392
-2.505899 16.187147 0.285913 2.545361
-2.397485 16.235752 0.286469 2.545333
-2.288930 16.286581 0.287077 2.545301
-2.180702 16.343588 0.287807 2.545264
-2.070307 16.388210 0.288331 2.545238
-1.959401 16.432058 0.288855 2.545211
-1.847550 16.471292 0.289310 2.545187
-1.734127 16.499113 0.289579 2.545173
-1.623361 16.556301 0.290377 2.545133
-1.511228 16.605656 0.291051 2.545098
-1.397158 16.638357 0.291446 2.545078
-1.283137 16.675873 0.291939 2.545053
-1.169329 16.722187 0.292600 2.545019
-1.054325 16.757982 0.293090 2.544994
-0.938544 16.787188 0.293479 2.544974
-0.823201 16.831635 0.294148 2.544940
-0.707119 16.871387 0.294750 2.544909
-0.590417 16.907343 0.295299 2.544881
-0.473197 16.940664 0.295816 2.544854
-0.355320 16.963051 0.296156 2.544837
-0.237444 17.004810 0.296849 2.544801
-0.118983 17.042980 0.297494 2.544768
0.000000 17.078630 0.298109 2.544737
0.119517 17.119545 0.298830 2.544700
0.239482 17.150120 0.299386 2.544672
0.360076 17.189697 0.300113 2.544634
0.481487 17.237429 0.300998 2.544589
0.603887 17.293068 0.302036 2.544536
0.726862 17.342443 0.302979 2.544487
0.850353 17.386616 0.303847 2.544443
0.975479 17.447659 0.305026 2.544383
1.101326 17.505041 0.306156 2.544325
1.228055 17.562006 0.307295 2.544266
1.356403 17.628057 0.308608 2.544199
1.486467 17.701794 0.310073 2.544124
1.616381 17.760994 0.311300 2.544061
1.747934 17.826786 0.312660 2.543992
1.883078 17.916296 0.314453 2.543900
2.018292 17.993496 0.316047 2.543818
2.154404 18.067324 0.317600 2.543739
2.293016 18.151060 0.319346 2.543649
2.433788 18.240377 0.321209 2.543554
2.575463 18.325371 0.323014 2.543462
2.719035 18.413280 0.324890 2.543365
2.864279 18.502077 0.326802 2.543268
3.010412 18.586817 0.328662 2.543172
3.158601 18.674757 0.330599 2.543073
3.306249 18.750671 0.332343 2.542984
3.459327 18.848400 0.334495 2.542874
3.611064 18.929829 0.336380 2.542777
3.765196 19.015608 0.338363 2.542676
3.922147 19.107199 0.340471 2.542568
4.078703 19.188787 0.342424 2.542468
4.233107 19.253284 0.344094 2.542382
4.398185 19.358656 0.346518 2.542258
4.562036 19.450319 0.348720 2.542145
4.728043 19.543379 0.350972 2.542030
4.903264 19.665918 0.353779 2.541887
5.082479 19.794956 0.356730 2.541735
5.258517 19.902660 0.359323 2.541603
5.439125 20.019289 0.362106 2.541460
5.626755 20.152765 0.365222 2.541301
5.813690 20.274746 0.368159 2.541150
6.012274 20.427963 0.371694 2.540969
6.213404 20.579762 0.375236 2.540788
6.417101 20.730288 0.378789 2.540606
6.616477 20.857769 0.381953 2.540444
6.804440 20.941912 0.384354 2.540321
6.992020 21.018795 0.386652 2.540203
7.164542 21.045681 0.388057 2.540131
7.342093 21.083603 0.389692 2.540048
7.513251 21.099653 0.390948 2.539983
7.682331 21.107031 0.392069 2.539926
7.857942 21.129377 0.393494 2.539853
8.036640 21.156584 0.395036 2.539774
8.197401 21.134148 0.395676 2.539741
8.368208 21.135674 0.396788 2.539684
8.545916 21.151882 0.398203 2.539612
8.711431 21.135523 0.399030 2.539570
8.879940 21.124525 0.399983 2.539521
9.055504 21.128059 0.401238 2.539457
9.230784 21.128424 0.402459 2.539394
9.405442 21.124969 0.403634 2.539334
9.586746 21.133871 0.405073 2.539260
9.775600 21.156321 0.406801 2.539172
9.957062 21.159821 0.408195 2.539100
10.136518 21.156542 0.409487 2.539034
10.326937 21.173359 0.411198 2.538947
10.519740 21.191885 0.412974 2.538856
10.712282 21.206697 0.414710 2.538767
10.916488 21.241177 0.416865 2.538656
11.123240 21.276791 0.419077 2.538543
11.334828 21.317711 0.421432 2.538423
11.572216 21.402370 0.424692 2.538256
11.784513 21.435932 0.426980 2.538139
12.018559 21.504669 0.430010 2.537983
12.253948 21.570845 0.433034 2.537829
12.478952 21.614180 0.435642 2.537695
12.708727 21.661507 0.438373 2.537555
12.937583 21.702980 0.441030 2.537419
13.165281 21.738453 0.443608 2.537287
13.353624 21.706001 0.444837 2.537224
13.556863 21.695517 0.446551 2.537137
13.742723 21.655071 0.447682 2.537079
13.935894 21.624258 0.449046 2.537009
14.115160 21.570215 0.449959 2.536962
14.295549 21.516527 0.450910 2.536913
14.484027 21.473454 0.452115 2.536852
14.671443 21.427107 0.453285 2.536792
14.854724 21.373133 0.454326 2.536738
15.040259 21.320917 0.455437 2.536682
15.239666 21.286535 0.456964 2.536603
15.438116 21.248743 0.458455 2.536527
15.633132 21.204269 0.459839 2.536456
15.832569 21.163818 0.461348 2.536379
16.021481 21.107512 0.462548 2.536318
16.219622 21.061604 0.464012 2.536242
16.444080 21.047462 0.466218 2.536130
16.650803 21.008089 0.467909 2.536043
16.872189 20.984756 0.470002 2.535936
17.081314 20.943752 0.471743 2.535847
17.271730 20.877932 0.472965 2.535784
17.453959 20.800817 0.473967 2.535733
17.645605 20.733519 0.475229 2.535668
17.825792 20.651365 0.476187 2.535619
17.996561 20.557297 0.476903 2.535583
18.149519 20.442291 0.477163 2.535569
18.302294 20.326756 0.477437 2.535555
18.433594 20.187366 0.477174 2.535569
18.533041 20.013849 0.476120 2.535623
18.588604 19.794844 0.473985 2.535732
18.589241 19.520620 0.470515 2.535909
18.571669 19.231525 0.466661 2.536107
18.552900 18.945602 0.462854 2.536302
18.516628 18.646341 0.458690 2.536515
18.276308 18.149151 0.449587 2.536981
17.933249 17.561531 0.438122 2.537568
17.715435 17.107597 0.429872 2.537991
17.834946 16.983994 0.429884 2.537990
18.022488 16.924232 0.431546 2.537905
18.285307 16.932371 0.434998 2.537728
18.554466 16.942553 0.438577 2.537545
18.835915 16.959932 0.442420 2.537348
19.135773 16.989536 0.446666 2.537131
19.475304 17.049328 0.451802 2.536868
19.825785 17.113152 0.457150 2.536594
20.089849 17.097797 0.460475 2.536424
20.394699 17.113184 0.464713 2.536206
20.642033 17.076578 0.467621 2.536058
20.866137 17.017994 0.469995 2.535936
21.118101 16.979382 0.472988 2.535783
21.459873 17.008881 0.477972 2.535528
21.788458 17.023008 0.482632 2.535289
22.104158 17.022497 0.486980 2.535067
22.204821 16.854364 0.486594 2.535086
22.209093 16.614517 0.484134 2.535212
22.213324 16.377071 0.481722 2.535336
22.217512 16.141968 0.479357 2.535457
22.221661 15.909150 0.477039 2.535576
21.537266 15.192860 0.460058 2.536445
21.201939 14.735725 0.450687 2.536925
21.205786 14.519902 0.448603 2.537031
21.209599 14.306055 0.446560 2.537136
21.342257 14.179765 0.447258 2.537100
21.498264 14.068060 0.448458 2.537039
21.655107 13.955758 0.449686 2.536976
21.812820 13.842834 0.450943 2.536912
21.971424 13.729270 0.452230 2.536846
22.130945 13.615052 0.453546 2.536778
22.264904 13.484096 0.454351 2.536737
22.268641 13.274767 0.452525 2.536831
22.272346 13.067104 0.450735 2.536922
22.276024 12.861069 0.448982 2.537012
22.279675 12.656619 0.447263 2.537100
22.283297 12.453704 0.445580 2.537186
22.286892 12.252316 0.443930 2.537271
22.290462 12.052405 0.442315 2.537354
21.955418 11.673903 0.434038 2.537777
21.266497 11.117858 0.418875 2.538554
21.269831 10.931200 0.417427 2.538628
21.273144 10.745832 0.416009 2.538700
21.276434 10.561710 0.414622 2.538771
21.366556 10.421165 0.414950 2.538754
21.520540 10.310918 0.416532 2.538674
21.675724 10.199813 0.418147 2.538591
21.832111 10.087846 0.419795 2.538506
21.989744 9.974987 0.421477 2.538420
22.148653 9.861216 0.423193 2.538332
22.308870 9.746509 0.424944 2.538243
22.334787 9.572694 0.424154 2.538283
22.338055 9.390048 0.422961 2.538344
22.341305 9.208419 0.421795 2.538404
22.344538 9.027780 0.420656 2.538462
22.347754 8.848104 0.419543 2.538519
22.350954 8.669355 0.418457 2.538575
22.354137 8.491535 0.417396 2.538629
22.357306 8.314605 0.416362 2.538682
22.345263 8.133011 0.415070 2.538748
21.921814 7.806009 0.406182 2.539203
21.516069 7.492680 0.397685 2.539639
21.335457 7.263177 0.393400 2.539858
21.338409 7.098342 0.392531 2.539902
21.341351 6.934226 0.391685 2.539946
21.344280 6.770807 0.390862 2.539988
21.431011 6.633999 0.391592 2.539950
21.591747 6.518928 0.393688 2.539843
21.754221 6.402613 0.395826 2.539734
21.918478 6.285023 0.398007 2.539622
22.084564 6.166123 0.400231 2.539508
22.252537 6.045873 0.402500 2.539392
22.400257 5.918398 0.404415 2.539294
22.403238 5.752172 0.403734 2.539329
22.406212 5.586496 0.403075 2.539362
22.409176 5.421353 0.402438 2.539395
22.412132 5.256711 0.401822 2.539427
22.415079 5.092576 0.401227 2.539457
22.418016 4.928918 0.400654 2.539486
22.420948 4.765719 0.400102 2.539515
22.423872 4.602962 0.399571 2.539542
22.426786 4.440616 0.399061 2.539568
22.296427 4.253266 0.396203 2.539714
22.022768 4.041932 0.390830 2.539989
21.756420 3.836244 0.385618 2.540257
21.497068 3.635959 0.380562 2.540515
21.403591 3.466619 0.378470 2.540622
21.406338 3.313872 0.378100 2.540641
21.409079 3.161415 0.377749 2.540659
21.411816 3.009234 0.377418 2.540676
21.470675 2.864802 0.378093 2.540642
21.651672 2.735235 0.380935 2.540496
21.835409 2.603710 0.383839 2.540347
22.021976 2.470158 0.386806 2.540195
22.211460 2.334518 0.389838 2.540040
22.403948 2.196729 0.392938 2.539881
22.469872 2.044911 0.393834 2.539836
22.472712 1.887082 0.393643 2.539845
22.475552 1.729397 0.393472 2.539854
22.478390 1.571842 0.393320 2.539862
22.481226 1.414401 0.393187 2.539869
22.484060 1.257047 0.393074 2.539875
22.486893 1.099788 0.392979 2.539879
22.489725 0.942596 0.392904 2.539883
22.492558 0.785457 0.392848 2.539886
22.495390 0.628356 0.392812 2.539888
22.370844 0.468595 0.390570 2.540003
22.164827 0.309495 0.386926 2.540190
21.962610 0.153328 0.383368 2.540371
21.754147 -0.000000 -0.379720 2.579442
21.559336 -0.150515 -0.376329 2.579268
21.455563 -0.299596 -0.374545 2.579177
21.458263 -0.449487 -0.374638 2.579181
21.460964 -0.599459 -0.374749 2.579187
21.463669 -0.749528 -0.374878 2.579194
21.466373 -0.899708 -0.375026 2.579201
21.677084 -1.060186 -0.378827 2.579396
21.914219 -1.225195 -0.383111 2.579615
22.156792 -1.393987 -0.387513 2.579841
22.405014 -1.566711 -0.392036 2.580072
22.521311 -1.732921 -0.394273 2.580187
22.524162 -1.891407 -0.394544 2.580200
22.527018 -2.050119 -0.394836 2.580215
22.529879 -2.209074 -0.395146 2.580231
22.532742 -2.368287 -0.395477 2.580248
22.535610 -2.527774 -0.395827 2.580266
22.538483 -2.687551 -0.396198 2.580285
22.541361 -2.847636 -0.396588 2.580305
22.544245 -3.008044 -0.396999 2.580326
22.547132 -3.168793 -0.397429 2.580348
22.460766 -3.316718 -0.396306 2.580291
22.283648 -3.449691 -0.393596 2.580152
22.108927 -3.580865 -0.390942 2.580016
21.936537 -3.710288 -0.388342 2.579883
21.766417 -3.838006 -0.385795 2.579753
21.598505 -3.964068 -0.383300 2.579625
21.524023 -4.105927 -0.382478 2.579583
21.526833 -4.262427 -0.383047 2.579612
21.529650 -4.419403 -0.383637 2.579642
21.532476 -4.576869 -0.384248 2.579673
21.598118 -4.748654 -0.386001 2.579763
21.921612 -4.980468 -0.392394 2.580091
22.256020 -5.220102 -0.399023 2.580430
22.588354 -5.464698 -0.405655 2.580770
22.591366 -5.632660 -0.406406 2.580808
22.594389 -5.801253 -0.407179 2.580848
22.597424 -5.970497 -0.407975 2.580888
22.600470 -6.140412 -0.408794 2.580930
22.603529 -6.311018 -0.409636 2.580973
22.606600 -6.482338 -0.410502 2.581018
22.609682 -6.654391 -0.411391 2.581063
22.612778 -6.827201 -0.412305 2.581110
22.615889 -7.000787 -0.413243 2.581158
22.496485 -7.136305 -0.411961 2.581092
22.338629 -7.258260 -0.409988 2.580991
22.182268 -7.379058 -0.408054 2.580892
22.027369 -7.498729 -0.406158 2.580795
21.873896 -7.617297 -0.404299 2.580700
21.721813 -7.734790 -0.402476 2.580607
21.591291 -7.858587 -0.401065 2.580534
21.594374 -8.030875 -0.402153 2.580590
21.597475 -8.204111 -0.403268 2.580647
21.600592 -8.378318 -0.404409 2.580706
21.790628 -8.627521 -0.409084 2.580945
22.355146 -9.032065 -0.420856 2.581548
22.657736 -9.338844 -0.427769 2.581902
22.661079 -9.525842 -0.429077 2.581969
22.664444 -9.713993 -0.430415 2.582037
22.667828 -9.903331 -0.431781 2.582107
22.671234 -10.093884 -0.433178 2.582179
22.674662 -10.285683 -0.434605 2.582252
22.678112 -10.478760 -0.436063 2.582326
22.681585 -10.673144 -0.437552 2.582403
22.656075 -10.854973 -0.438511 2.582452
22.501242 -10.974589 -0.436986 2.582374
22.347473 -11.093382 -0.435493 2.582297
22.194744 -11.211372 -0.434032 2.582222
22.043030 -11.328579 -0.432601 2.582149
21.892303 -11.445021 -0.431201 2.582078
21.742544 -11.560716 -0.429830 2.582007
21.660152 -11.711600 -0.429807 2.582006
21.663689 -11.909714 -0.431517 2.582094
21.667252 -12.109418 -0.433261 2.582183
21.859085 -12.417689 -0.438820 2.582468
22.725277 -13.120444 -0.458036 2.583452
22.729105 -13.335087 -0.459979 2.583551
22.732967 -13.551569 -0.461960 2.583652
22.736860 -13.769933 -0.463982 2.583756
22.740789 -13.990227 -0.466044 2.583861
22.744753 -14.212499 -0.468147 2.583969
22.748751 -14.436797 -0.470292 2.584079
22.723835 -14.644512 -0.471879 2.584160
22.565765 -14.766623 -0.470726 2.584101
22.408459 -14.888145 -0.469602 2.584044
22.251896 -15.009092 -0.468505 2.583987
22.096052 -15.129483 -0.467436 2.583933
21.940912 -15.249331 -0.466395 2.583879
21.786453 -15.368652 -0.465381 2.583827
21.728695 -15.556219 -0.466456 2.583883
21.732855 -15.789844 -0.468900 2.584008
21.737061 -16.025944 -0.471394 2.584135
22.795359 -17.053106 -0.496914 2.585442
22.799862 -17.306038 -0.499634 2.585581
22.804415 -17.561764 -0.502408 2.585723
22.809017 -17.820356 -0.505238 2.585868
22.813671 -18.081894 -0.508125 2.586016
22.818378 -18.346447 -0.511070 2.586167
22.694376 -18.509083 -0.511174 2.586172
22.528515 -18.637211 -0.510357 2.586130
22.363176 -18.764933 -0.509567 2.586090
22.198339 -18.892269 -0.508804 2.586051
22.033989 -19.019228 -0.508068 2.586013
21.870104 -19.145830 -0.507358 2.585977
16.609606 -14.746700 -0.387701 2.579850
15.864707 -14.284647 -0.372632 2.579079
15.431084 -14.090516 -0.364749 2.578675
15.146419 -14.025737 -0.360326 2.578449
14.839484 -13.935204 -0.355330 2.578193
14.589551 -13.893443 -0.351659 2.578005
14.403656 -13.909449 -0.349510 2.577895
14.251505 -13.956105 -0.348174 2.577826
14.100383 -14.002286 -0.346862 2.577759
13.929934 -14.027525 -0.345070 2.577667
13.764328 -14.055671 -0.343390 2.577582
13.592493 -14.075438 -0.341546 2.577487
13.418032 -14.090322 -0.339626 2.577389
13.245389 -14.104906 -0.337740 2.577292
13.086428 -14.132057 -0.336195 2.577213
12.930052 -14.160214 -0.334709 2.577137
12.775014 -14.188090 -0.333251 2.577062
12.621325 -14.215742 -0.331823 2.576989
12.468843 -14.243045 -0.330420 2.576917
12.308886 -14.259981 -0.328812 2.576835
12.147603 -14.273386 -0.327157 2.576750
11.987861 -14.286576 -0.325533 2.576667
11.829659 -14.299602 -0.323941 2.576586
11.673037 -14.312556 -0.322380 2.576506
11.517823 -14.325284 -0.320848 2.576427
11.364024 -14.337831 -0.319344 2.576350
11.201312 -14.337026 -0.317577 2.576260
11.046777 -14.344533 -0.316027 2.576181
10.897300 -14.356661 -0.314610 2.576108
10.743027 -14.360500 -0.313043 2.576028
10.588891 -14.362423 -0.311466 2.575947
10.443430 -14.374147 -0.310132 2.575879
10.289879 -14.372751 -0.308544 2.575797
10.141556 -14.376571 -0.307099 2.575723
9.990631 -14.374634 -0.305560 2.575645
9.848478 -14.383341 -0.304276 2.575579
9.701028 -14.382365 -0.302815 2.575504
9.554003 -14.379931 -0.301352 2.575429
9.409844 -14.379749 -0.299964 2.575358
9.268749 -14.382284 -0.298660 2.575291
9.125993 -14.380264 -0.297288 2.575221
8.987039 -14.382268 -0.296025 2.575156
8.853935 -14.391867 -0.294943 2.575101
8.715863 -14.391601 -0.293683 2.575037
8.577877 -14.389523 -0.292412 2.574971
8.446784 -14.397196 -0.291362 2.574918
8.311498 -14.395936 -0.290155 2.574856
8.176570 -14.393368 -0.288946 2.574794
8.042738 -14.390785 -0.287760 2.574733
7.909974 -14.388190 -0.286597 2.574674
7.780954 -14.390574 -0.285555 2.574620
7.652418 -14.392105 -0.284519 2.574567
7.523342 -14.390827 -0.283448 2.574512
7.398964 -14.396827 -0.282542 2.574466
7.271013 -14.394160 -0.281487 2.574412
7.143992 -14.391479 -0.280452 2.574359
7.018548 -14.390156 -0.279465 2.574309
6.897490 -14.396173 -0.278639 2.574266
6.773250 -14.393889 -0.277673 2.574217
6.652740 -14.397852 -0.276847 2.574175
6.530767 -14.396996 -0.275947 2.574128
6.409712 -14.396449 -0.275072 2.574084
6.292129 -14.402114 -0.274334 2.574046
6.171743 -14.399757 -0.273462 2.574001
6.054459 -14.402991 -0.272714 2.573963
5.939842 -14.411137 -0.272077 2.573930
5.822045 -14.410068 -0.271282 2.573889
5.704831 -14.408759 -0.270501 2.573849
5.591861 -14.416681 -0.269911 2.573819
5.477726 -14.420218 -0.269254 2.573786
5.364143 -14.423744 -0.268614 2.573753
5.252452 -14.430994 -0.268060 2.573725
5.141206 -14.438185 -0.267520 2.573697
5.027281 -14.436386 -0.266830 2.573662
4.914232 -14.435467 -0.266172 2.573628
4.804375 -14.442482 -0.265677 2.573603
4.694917 -14.449468 -0.265196 2.573578
4.585851 -14.456435 -0.264730 2.573554
4.477143 -14.463314 -0.264277 2.573531
4.368785 -14.470120 -0.263838 2.573508
4.260777 -14.476876 -0.263412 2.573487
4.153100 -14.483582 -0.263000 2.573466
4.045748 -14.490241 -0.262602 2.573445
3.939575 -14.500050 -0.262275 2.573428
3.835506 -14.516811 -0.262087 2.573419
3.729105 -14.523906 -0.261739 2.573401
3.623195 -14.531842 -0.261420 2.573385
3.517589 -14.539972 -0.261118 2.573369
3.411866 -14.546570 -0.260802 2.573353
3.308640 -14.563041 -0.260677 2.573347
3.204893 -14.576687 -0.260514 2.573338
3.099789 -14.583361 -0.260240 2.573324
2.995661 -14.593721 -0.260046 2.573314
2.892858 -14.610003 -0.259970 2.573310
2.788573 -14.618217 -0.259763 2.573300
2.684069 -14.624337 -0.259532 2.573288
2.582306 -14.644986 -0.259573 2.573290
2.480731 -14.666966 -0.259649 2.573294
2.377123 -14.676804 -0.259523 2.573287
2.273847 -14.688168 -0.259437 2.573283
2.172208 -14.710162 -0.259551 2.573289
2.070950 -14.735576 -0.259738 2.573298
1.969535 -14.760979 -0.259937 2.573309
1.867959 -14.786423 -0.260149 2.573320
1.766790 -14.816753 -0.260460 2.573335
1.665797 -14.850914 -0.260849 2.573355
1.564817 -14.888242 -0.261307 2.573379
1.463236 -14.923240 -0.261735 2.573401
1.361674 -14.962289 -0.262247 2.573427
1.259136 -14.994662 -0.262654 2.573448
1.155162 -15.012671 -0.262822 2.573456
1.050804 -15.027195 -0.262941 2.573462
0.947160 -15.054683 -0.263300 2.573481
0.845843 -15.129034 -0.264491 2.573542
0.744946 -15.231547 -0.266185 2.573629
0.641662 -15.309581 -0.267464 2.573694
0.536860 -15.373657 -0.268512 2.573748
0.431560 -15.450084 -0.269787 2.573813
0.324040 -15.469551 -0.270081 2.573828
0.216837 -15.528915 -0.271085 2.573879
0.109578 -15.695571 -0.273974 2.574028
-0.000000 -15.792098 -0.275652 2.574113
-0.110482 -15.825033 -0.276234 2.574143
-0.221623 -15.871520 -0.277065 2.574186
-0.333557 -15.923776 -0.278012 2.574234
-0.445614 -15.953226 -0.278573 2.574263
-0.559364 -16.018089 -0.279767 2.574324
-0.670622 -16.000542 -0.279536 2.574312
-0.781396 -15.976793 -0.279209 2.574296
-0.893810 -15.986941 -0.279489 2.574310
-1.005365 -15.979829 -0.279480 2.574309
-1.114832 -15.942838 -0.278963 2.574283
-1.228113 -15.960750 -0.279419 2.574306
-1.339682 -15.953831 -0.279455 2.574308
-1.453475 -15.970984 -0.279927 2.574332
-1.566164 -15.972981 -0.280146 2.574343
-1.680684 -15.990642 -0.280655 2.574369
-1.795431 -16.006626 -0.281149 2.574395
-1.916192 -16.069658 -0.282484 2.574463
-2.034144 -16.101894 -0.283293 2.574505
-2.153284 -16.138117 -0.284188 2.574550
-2.274332 -16.182713 -0.285246 2.574605
-2.395310 -16.221008 -0.286209 2.574654
-2.516049 -16.252686 -0.287071 2.574698
-2.637383 -16.283684 -0.287937 2.574742
-2.759516 -16.315241 -0.288828 2.574788
-2.884156 -16.356861 -0.289915 2.574843
-3.007016 -16.383938 -0.290759 2.574887
-3.130928 -16.412895 -0.291654 2.574933
-3.252225 -16.424932 -0.292264 2.574964
-3.376925 -16.451099 -0.293142 2.575009
-3.497993 -16.456764 -0.293671 2.575036
-3.621321 -16.470709 -0.294364 2.575071
-3.746046 -16.488277 -0.295138 2.575111
-3.875067 -16.521427 -0.296209 2.575166
-4.000565 -16.536356 -0.296970 2.575205
-4.125045 -16.544651 -0.297629 2.575239
-4.252953 -16.564154 -0.298507 2.575284
-4.381586 -16.583635 -0.299402 2.575329
-4.511009 -16.603266 -0.300317 2.575376
-4.637963 -16.611320 -0.301041 2.575413
-4.769467 -16.633108 -0.302032 2.575464
-4.898636 -16.644136 -0.302846 2.575505
-5.030092 -16.660463 -0.303775 2.575553
-5.163434 -16.680355 -0.304787 2.575605
-5.297704 -16.700481 -0.305823 2.575658
-5.432386 -16.719166 -0.306853 2.575711
-5.568979 -16.740969 -0.307959 2.575768
-5.705978 -16.761198 -0.309056 2.575824
-5.844025 -16.781748 -0.310180 2.575881
-5.983038 -16.802324 -0.311325 2.575940
-6.123097 -16.823071 -0.312493 2.575999
-6.264202 -16.843929 -0.313686 2.576061
-6.406335 -16.864794 -0.314899 2.576123
-6.555949 -16.902243 -0.316446 2.576202
-6.701402 -16.925810 -0.317755 2.576269
-6.848053 -16.949526 -0.319090 2.576337
-6.999748 -16.982658 -0.320626 2.576416
-7.152934 -17.016155 -0.322193 2.576496
-7.305144 -17.044176 -0.323682 2.576572
-7.465930 -17.088839 -0.325512 2.576666
-7.628560 -17.134026 -0.327379 2.576762
-7.798484 -17.191660 -0.329512 2.576871
-7.977122 -17.264072 -0.331960 2.576996
-8.149021 -17.317547 -0.334074 2.577104
-8.311738 -17.347937 -0.335771 2.577191
-8.531333 -17.491825 -0.339701 2.577393
-8.747432 -17.621586 -0.343398 2.577582
-9.038355 -17.892899 -0.349907 2.577915
-9.292662 -18.081560 -0.354856 2.578168
-9.490603 -18.153851 -0.357566 2.578307
-9.654658 -18.157772 -0.358963 2.578379
-9.813927 -18.150476 -0.360164 2.578440
-9.960272 -18.117664 -0.360884 2.578477
-10.107180 -18.084665 -0.361623 2.578515
-10.254666 -18.051477 -0.362382 2.578554
-10.395597 -18.005703 -0.362912 2.578581
-10.528508 -17.945408 -0.363169 2.578594
-10.646973 -17.860460 -0.362945 2.578583
-10.765308 -17.775633 -0.362740 2.578572
-10.883536 -17.690937 -0.362553 2.578563
-10.991904 -17.590723 -0.362063 2.578538
-11.096185 -17.484789 -0.361469 2.578507
-11.200102 -17.379154 -0.360893 2.578478
-11.303667 -17.273811 -0.360335 2.578449
-11.406889 -17.168749 -0.359796 2.578421
-11.509783 -17.063955 -0.359275 2.578395
-11.606355 -16.950651 -0.358587 2.578360
-11.700312 -16.834541 -0.357850 2.578322
-11.779529 -16.698544 -0.356698 2.578263
-11.864742 -16.572498 -0.355767 2.578215
-11.953713 -16.452875 -0.354981 2.578175
-12.031359 -16.318937 -0.353895 2.578120
-12.108500 -16.185764 -0.352832 2.578065
-12.187504 -16.056440 -0.351859 2.578015
-12.268235 -15.930629 -0.350970 2.577970
-12.348569 -15.805448 -0.350103 2.577925
-12.428479 -15.680833 -0.349256 2.577882
-12.514389 -15.564758 -0.348609 2.577849
-12.601865 -15.451414 -0.348032 2.577819
-12.694524 -15.345039 -0.347624 2.577798
-12.788617 -15.240881 -0.347278 2.577780
-12.886544 -15.141633 -0.347058 2.577769
-12.983384 -15.041394 -0.346830 2.577758
-13.076131 -14.936746 -0.346513 2.577741
-13.170970 -14.834817 -0.346274 2.577729
-13.273516 -14.741733 -0.346255 2.577728
-13.377646 -14.650388 -0.346295 2.577730
-13.484888 -14.562353 -0.346431 2.577737
-13.589553 -14.471406 -0.346516 2.577742
-13.678257 -14.363582 -0.346212 2.577726
-13.768236 -14.257426 -0.345962 2.577713
-13.861460 -14.154853 -0.345813 2.577706
-13.952740 -14.050488 -0.345635 2.577696
-14.036291 -13.938641 -0.345285 2.577678
-14.113697 -13.821151 -0.344807 2.577654
-14.188826 -13.701989 -0.344297 2.577628
-14.264446 -13.583844 -0.343823 2.577604
-14.339980 -13.466136 -0.343369 2.577580
-14.413542 -13.347087 -0.342891 2.577556
-14.483829 -13.225551 -0.342358 2.577529
-14.553842 -13.104338 -0.341842 2.577502
-14.616808 -12.977406 -0.341185 2.577469
-14.677248 -12.848957 -0.340493 2.577433
-14.743674 -12.726400 -0.339965 2.577406
-14.809890 -12.604201 -0.339454 2.577380
-14.869906 -12.477333 -0.338825 2.577348
-14.922842 -12.345245 -0.338059 2.577308
-14.981414 -12.218541 -0.337446 2.577277
-15.041607 -12.093764 -0.336891 2.577249
-15.103356 -11.970770 -0.336394 2.577223
-15.164930 -11.848143 -0.335915 2.577199
-15.226340 -11.725857 -0.335454 2.577175
-15.287556 -11.603886 -0.335010 2.577152
-15.350408 -11.483574 -0.334622 2.577132
-15.417540 -11.366788 -0.334347 2.577118
-15.485777 -11.251075 -0.334116 2.577106
-15.554360 -11.135824 -0.333910 2.577096
-15.625508 -11.022583 -0.333777 2.577089
-15.699434 -10.911392 -0.333721 2.577086
-15.781363 -10.805722 -0.333851 2.577093
-15.861504 -10.698719 -0.333958 2.577099
-15.936777 -10.588366 -0.333978 2.577100
-16.017506 -10.481560 -0.334128 2.577107
-16.107430 -10.380531 -0.334484 2.577126
-16.197948 -10.279529 -0.334865 2.577145
-16.288145 -10.177962 -0.335253 2.577165
-16.380260 -10.077200 -0.335693 2.577188
-16.473318 -9.976595 -0.336164 2.577211
-16.569670 -9.877507 -0.336715 2.577240
-16.665083 -9.777344 -0.337259 2.577267
-16.766174 -9.679955 -0.337928 2.577302
-16.868853 -9.582838 -0.338641 2.577338
-16.969780 -9.484088 -0.339330 2.577374
-17.069839 -9.384225 -0.340012 2.577409
-17.176067 -9.287063 -0.340829 2.577450
-17.284121 -9.190130 -0.341691 2.577494
-17.323536 -9.056522 -0.341212 2.577470
-17.326254 -8.904484 -0.340033 2.577410
-17.328951 -8.753485 -0.338878 2.577351
-17.331631 -8.603495 -0.337748 2.577293
-17.400352 -8.486719 -0.337924 2.577302
-17.515781 -8.392153 -0.339020 2.577358
-17.631962 -8.296970 -0.340139 2.577415
-17.748917 -8.201152 -0.341282 2.577474
-17.866673 -8.104680 -0.342450 2.577533
-17.985237 -8.007544 -0.343643 2.577595
-18.087503 -7.902233 -0.344534 2.577640
-18.090164 -7.753453 -0.343546 2.577589
-18.092812 -7.605519 -0.342579 2.577540
-18.095444 -7.458402 -0.341635 2.577492
-18.098063 -7.312092 -0.340712 2.577445
-18.100668 -7.166558 -0.339811 2.577398
-18.103258 -7.021791 -0.338931 2.577353
-18.105837 -6.877764 -0.338072 2.577309
-18.108404 -6.734453 -0.337234 2.577266
-18.110958 -6.591849 -0.336416 2.577224
-18.113499 -6.449924 -0.335619 2.577183
-18.116030 -6.308668 -0.334842 2.577144
-18.118549 -6.168058 -0.334084 2.577105
-18.072052 -6.011770 -0.332445 2.577021
-17.820921 -5.790368 -0.327073 2.576746
-17.577753 -5.575989 -0.321888 2.576481
-17.389275 -5.382879 -0.317741 2.576268
-17.391642 -5.250847 -0.317107 2.576236
-17.393999 -5.119330 -0.316490 2.576204
-17.396349 -4.988323 -0.315892 2.576174
-17.398689 -4.857799 -0.315310 2.576144
-17.401022 -4.727752 -0.314747 2.576115
-17.523443 -4.629894 -0.316369 2.576198
-17.647583 -4.531127 -0.318031 2.576283
-17.773035 -4.431315 -0.319727 2.576370
-17.899845 -4.330425 -0.321456 2.576458
-18.028036 -4.228436 -0.323220 2.576549
-18.155197 -4.124761 -0.324976 2.576639
-18.157578 -3.992200 -0.324512 2.576615
-18.159950 -3.860017 -0.324065 2.576592
-18.162319 -3.728186 -0.323635 2.576570
-18.164680 -3.596703 -0.323221 2.576549
-18.167036 -3.465549 -0.322825 2.576529
-18.169388 -3.334705 -0.322445 2.576509
-18.171734 -3.204167 -0.322082 2.576491
-18.174074 -3.073912 -0.321735 2.576473
-18.176411 -2.943935 -0.321405 2.576456
-18.178743 -2.814219 -0.321091 2.576440
-18.181072 -2.684745 -0.320793 2.576425
-18.183395 -2.555510 -0.320512 2.576410
-18.185717 -2.426490 -0.320246 2.576397
-18.188034 -2.297682 -0.319997 2.576384
-18.083044 -2.156273 -0.317877 2.576275
-17.911188 -2.009060 -0.314602 2.576108
-17.742834 -1.864847 -0.311408 2.575944
-17.577850 -1.723521 -0.308294 2.575784
-17.457434 -1.588750 -0.305980 2.575666
-17.459641 -1.466128 -0.305832 2.575659
-17.461847 -1.343614 -0.305699 2.575652
-17.464050 -1.221205 -0.305581 2.575646
-17.466255 -1.098881 -0.305477 2.575640
-17.468456 -0.976637 -0.305389 2.575636
-17.565241 -0.859084 -0.306969 2.575717
-17.707960 -0.742182 -0.309365 2.575839
-17.852928 -0.623438 -0.311814 2.575965
-18.000223 -0.502789 -0.314318 2.576093
-18.149904 -0.380185 -0.316877 2.576224
-18.224833 -0.254484 -0.318147 2.576289
-18.227127 -0.127249 -0.318163 2.576290
-18.229422 0.000000 -0.318196 2.576292
-18.231718 0.127286 -0.318244 2.576294
-18.234015 0.254612 -0.318307 2.576297
-18.236313 0.381995 -0.318386 2.576301
-18.238613 0.509453 -0.318480 2.576306
-18.240915 0.636987 -0.318590 2.576312
-18.243219 0.764620 -0.318716 2.576318
-18.245525 0.892356 -0.318857 2.576325
-18.247833 1.020211 -0.319015 2.576334
-18.250145 1.148204 -0.319187 2.576342
-18.252459 1.276336 -0.319376 2.576352
-18.254776 1.404631 -0.319580 2.576362
-18.257097 1.533092 -0.319800 2.576374
-18.142374 1.651084 -0.317985 2.576281
-18.011938 1.766088 -0.315907 2.576174
-17.883194 1.879600 -0.313872 2.576070
-17.756088 1.991667 -0.311877 2.575968
-17.630587 2.102321 -0.309923 2.575868
-17.526049 2.214054 -0.308350 2.575788
-17.528303 2.338777 -0.308669 2.575804
-17.530563 2.463760 -0.309004 2.575821
-17.532829 2.589026 -0.309355 2.575839
-17.535101 2.714578 -0.309722 2.575858
-17.537378 2.840435 -0.310105 2.575877
-17.713980 2.996097 -0.313590 2.576056
-17.912132 3.158392 -0.317481 2.576255
-18.115282 3.324780 -0.321485 2.576460
-18.292482 3.489479 -0.325054 2.576643
-18.294889 3.622485 -0.325538 2.576668
-18.297306 3.755900 -0.326040 2.576693
-18.299730 3.889728 -0.326559 2.576720
-18.302162 4.023994 -0.327096 2.576747
-18.304604 4.158705 -0.327650 2.576776
-18.307053 4.293880 -0.328223 2.576805
-18.309511 4.429539 -0.328813 2.576835
-18.311977 4.565689 -0.329422 2.576866
-18.314455 4.702356 -0.330049 2.576898
-18.316942 4.839546 -0.330695 2.576931
-18.319441 4.977281 -0.331359 2.576966
-18.321949 5.115582 -0.332042 2.577001
-18.324467 5.254457 -0.332745 2.577036
-18.279560 5.379971 -0.332603 2.577029
-18.162165 5.483482 -0.331156 2.576955
-18.045782 5.586102 -0.329737 2.576882
-17.930382 5.687854 -0.328346 2.576811
-17.815948 5.788753 -0.326982 2.576741
-17.702454 5.888826 -0.325646 2.576673
-17.594461 5.989644 -0.324421 2.576610
-17.596972 6.127913 -0.325248 2.576653
-17.599495 6.266901 -0.326095 2.576696
-17.602032 6.406616 -0.326963 2.576740
-17.604584 6.547089 -0.327851 2.576786
-17.713446 6.728708 -0.330745 2.576934
-18.042553 6.998244 -0.337795 2.577295
-18.361053 7.269658 -0.344699 2.577649
-18.363775 7.419447 -0.345715 2.577701
-18.366514 7.570135 -0.346753 2.577754
-18.369270 7.721731 -0.347814 2.577808
-18.372044 7.874267 -0.348899 2.577864
-18.374834 8.027770 -0.350008 2.577920
-18.377644 8.182254 -0.351141 2.577978
-18.380472 8.337755 -0.352298 2.578038
-18.383320 8.494287 -0.353481 2.578098
-18.314137 8.617978 -0.353299 2.578089
-18.171738 8.706440 -0.351716 2.578008
-18.059734 8.808321 -0.350730 2.577957
-17.912792 8.891992 -0.349073 2.577873
-17.780266 8.981460 -0.347704 2.577802
-17.669884 9.081085 -0.346777 2.577755
-17.560732 9.180532 -0.345884 2.577709
-17.443182 9.274705 -0.344836 2.577656
-17.335304 9.373167 -0.343988 2.577612
-17.256676 9.486939 -0.343734 2.577599
-17.180923 9.602092 -0.343552 2.577590
-17.088575 9.707664 -0.343052 2.577564
-16.996807 9.813110 -0.342577 2.577540
-16.916811 9.925037 -0.342353 2.577528
-16.843237 10.040586 -0.342274 2.577524
-16.767584 10.154808 -0.342169 2.577519
-16.670275 10.255624 -0.341636 2.577492
-16.591135 10.367291 -0.341489 2.577484
-16.507616 10.476055 -0.341267 2.577473
-16.411026 10.576186 -0.340789 2.577448
-16.310841 10.673513 -0.340247 2.577421
-16.190214 10.756756 -0.339289 2.577372
-16.090992 10.853512 -0.338790 2.577346
-15.973571 10.937336 -0.337917 2.577301
-15.840117 11.009170 -0.336711 2.577240
-15.719522 11.088902 -0.335785 2.577192
-15.587062 11.159243 -0.334612 2.577132
-15.449653 11.224830 -0.333336 2.577067
-15.309318 11.287006 -0.332001 2.576998
-15.168049 11.347152 -0.330647 2.576929
-15.032395 11.410208 -0.329418 2.576866
-14.895090 11.470766 -0.328156 2.576802
-14.743735 11.519069 -0.326585 2.576721
-14.603552 11.574636 -0.325262 2.576653
-14.464506 11.629763 -0.323966 2.576587
-14.334302 11.690770 -0.322870 2.576531
-14.203885 11.750478 -0.321772 2.576475
-14.073174 11.808795 -0.320671 2.576418
-13.952755 11.874729 -0.319808 2.576374
-13.826977 11.935128 -0.318827 2.576324
-13.703134 11.996185 -0.317895 2.576276
-13.575164 12.052597 -0.316871 2.576224
-13.460049 12.119482 -0.316151 2.576187
-13.334747 12.176302 -0.315197 2.576138
-13.215517 12.237704 -0.314391 2.576097
-13.099056 12.300831 -0.313655 2.576059
-12.977406 12.358218 -0.312801 2.576015
-12.856397 12.415278 -0.311966 2.575973
-12.724547 12.460801 -0.310870 2.575917
-12.594733 12.507113 -0.309824 2.575863
-12.469336 12.556691 -0.308888 2.575815
-12.341475 12.602702 -0.307893 2.575764
-12.207467 12.641203 -0.306744 2.575705
-12.081037 12.686342 -0.305785 2.575656
-11.948480 12.723840 -0.304671 2.575599
-11.818820 12.763164 -0.303629 2.575546
-11.693020 12.805493 -0.302687 2.575498
-11.562131 12.841047 -0.301612 2.575443
-11.430253 12.874207 -0.300509 2.575386
-11.293992 12.901025 -0.299287 2.575323
-11.149515 12.916837 -0.297841 2.575249
-11.008570 12.935028 -0.296481 2.575180
-10.870455 12.954904 -0.295190 2.575114
-10.745395 12.988955 -0.294249 2.575066
-10.611094 13.010488 -0.293052 2.575004
-10.470926 13.023204 -0.291685 2.574934
-10.336215 13.041061 -0.290461 2.574872
-10.214397 13.073833 -0.289596 2.574827
-10.092837 13.105821 -0.288736 2.574783
-9.955386 13.115738 -0.287417 2.574716
-9.826096 13.134811 -0.286324 2.574660
-9.710442 13.170926 -0.285627 2.574624
-9.591333 13.201337 -0.284827 2.574583
-9.476774 13.237022 -0.284163 2.574549
-9.361988 13.271466 -0.283492 2.574515
-9.239623 13.294073 -0.282590 2.574468
-9.127717 13.330698 -0.282007 2.574439
-9.016543 13.367576 -0.281449 2.574410
-8.897285 13.391494 -0.280638 2.574369
-8.799762 13.447448 -0.280516 2.574363
-8.703270 13.504829 -0.280439 2.574358
-8.605554 13.560185 -0.280334 2.574353
-8.500520 13.603675 -0.279999 2.574336
-8.419655 13.685959 -0.280476 2.574360
-8.332819 13.759122 -0.280777 2.574376
-8.234599 13.813667 -0.280710 2.574372
-8.127423 13.852860 -0.280346 2.574354
-8.026985 13.903147 -0.280223 2.574347
-7.932279 13.963341 -0.280313 2.574352
-7.825710 14.002460 -0.279995 2.574336
-7.705718 14.016647 -0.279196 2.574295
-7.592102 14.041302 -0.278625 2.574265
-7.480004 14.067842 -0.278108 2.574239
-7.375854 14.108712 -0.277892 2.574228
-7.262743 14.131771 -0.277340 2.574200
-7.143899 14.142516 -0.276566 2.574160
-7.034555 14.171023 -0.276156 2.574139
-6.920434 14.188992 -0.275558 2.574109
-6.810888 14.215425 -0.275141 2.574087
-6.700593 14.239489 -0.274695 2.574064
-6.589771 14.261570 -0.274226 2.574040
-6.480271 14.285683 -0.273814 2.574019
-6.375094 14.318695 -0.273587 2.574008
-6.264330 14.338491 -0.273122 2.573984
-6.156604 14.364436 -0.272791 2.573967
-6.050961 14.394665 -0.272557 2.573955
-5.943725 14.420563 -0.272255 2.573939
-5.835186 14.442593 -0.271895 2.573921
-5.726343 14.463098 -0.271521 2.573902
-5.623882 14.499237 -0.271456 2.573899
-5.520962 14.534033 -0.271379 2.573895
-5.415622 14.562175 -0.271192 2.573885
-5.307478 14.582175 -0.270868 2.573868
-5.202347 14.609895 -0.270702 2.573860
-5.093908 14.627714 -0.270366 2.573843
-4.994465 14.671142 -0.270518 2.573851
-4.893184 14.709458 -0.270588 2.573854
-4.787251 14.733642 -0.270412 2.573845
-4.686465 14.773619 -0.270538 2.573852
-4.585015 14.811794 -0.270644 2.573857
-4.482797 14.847736 -0.270723 2.573861
-4.382405 14.890140 -0.270931 2.573872
-4.282462 14.934719 -0.271192 2.573885
-4.182906 14.981495 -0.271504 2.573901
-4.081388 15.022005 -0.271716 2.573912
-3.981595 15.069728 -0.272069 2.573930
-3.880676 15.114244 -0.272377 2.573946
-3.778215 15.153593 -0.272604 2.573957
-3.678366 15.204535 -0.273052 2.573980
-3.576460 15.248337 -0.273384 2.573997
-3.473912 15.290494 -0.273698 2.574013
-3.376447 15.356971 -0.274459 2.574052
-3.275058 15.407937 -0.274955 2.574078
-3.171715 15.451384 -0.275328 2.574097
-3.068702 15.498105 -0.275772 2.574120
-2.967390 15.555621 -0.276421 2.574153
-2.864033 15.604895 -0.276934 2.574179
-2.760629 15.656304 -0.277498 2.574208
-2.657197 15.710283 -0.278119 2.574239
-2.553719 15.767170 -0.278803 2.574275
-2.448697 15.817643 -0.279387 2.574305
-2.343673 15.871335 -0.280039 2.574338
-2.238176 15.925447 -0.280712 2.574372
-2.132105 15.979369 -0.281393 2.574407
-2.025182 16.031004 -0.282046 2.574441
-1.916883 16.075491 -0.282587 2.574468
-1.808816 16.125975 -0.283245 2.574502
-1.700057 16.174959 -0.283890 2.574535
-1.590538 16.221540 -0.284506 2.574567
-1.481159 16.275257 -0.285260 2.574605
-1.370671 16.322933 -0.285921 2.574639
-1.258762 16.359100 -0.286393 2.574663
-1.146313 16.393044 -0.286840 2.574686
-1.034402 16.441313 -0.287552 2.574723
-0.921485 16.482056 -0.288145 2.574753
-0.808359 16.528172 -0.288845 2.574789
-0.694374 16.567314 -0.289437 2.574819
-0.579296 16.588879 -0.289736 2.574835
-0.464372 16.624706 -0.290298 2.574863
-0.348988 16.660767 -0.290879 2.574893
-0.233162 16.698137 -0.291495 2.574924
-0.116842 16.736359 -0.292141 2.574958
0.000000 16.764881 -0.292632 2.574983
0.117294 16.801090 -0.293271 2.575015
0.235182 16.842211 -0.294011 2.575053
0.353529 16.877134 -0.294656 2.575086
0.472488 16.915262 -0.295372 2.575123
0.592019 16.953207 -0.296100 2.575160
0.712379 16.996887 -0.296942 2.575203
0.833811 17.048395 -0.297937 2.575254
0.955603 17.092148 -0.298810 2.575299
1.078004 17.134359 -0.299673 2.575343
1.201759 17.185961 -0.300715 2.575397
1.326173 17.235176 -0.301730 2.575449
1.451274 17.282692 -0.302732 2.575500
1.578009 17.339363 -0.303910 2.575560
1.706135 17.400494 -0.305183 2.575625
1.835671 17.465242 -0.306536 2.575695
1.965298 17.521044 -0.307749 2.575757
2.096139 17.578705 -0.309011 2.575821
2.227552 17.632860 -0.310229 2.575884
2.362000 17.702356 -0.311734 2.575961
2.501123 17.796412 -0.313690 2.576061
2.636678 17.855558 -0.315050 2.576130
2.778576 17.948473 -0.317024 2.576231
2.919058 18.022783 -0.318688 2.576317
3.062035 18.103825 -0.320492 2.576409
3.209043 18.199385 -0.322572 2.576516
3.352823 18.268106 -0.324197 2.576599
3.501787 18.356981 -0.326200 2.576701
3.649704 18.432329 -0.327984 2.576793
3.799206 18.508280 -0.329799 2.576886
3.952380 18.594488 -0.331819 2.576989
4.106669 18.678213 -0.333817 2.577091
4.261415 18.756659 -0.335742 2.577190
4.416842 18.831285 -0.337622 2.577286
4.573749 18.905603 -0.339518 2.577383
4.735886 18.994600 -0.341702 2.577495
4.899033 19.080482 -0.343854 2.577605
5.063604 19.164948 -0.346005 2.577715
5.225867 19.234369 -0.347908 2.577813
5.394758 19.321844 -0.350163 2.577928
5.566307 19.412020 -0.352493 2.578048
5.742658 19.511885 -0.355026 2.578177
5.918661 19.603529 -0.357436 2.578301
6.099154 19.703169 -0.360021 2.578433
6.275933 19.784241 -0.362294 2.578549
6.459476 19.880224 -0.364869 2.578681
6.642991 19.969576 -0.367351 2.578808
6.830969 20.065819 -0.369989 2.578943
7.008906 20.126823 -0.372007 2.579047
7.197007 20.211536 -0.374493 2.579174
7.372732 20.256414 -0.376269 2.579265
7.547036 20.293373 -0.377925 2.579350
7.720756 20.325014 -0.379509 2.579431
7.891308 20.344994 -0.380901 2.579502
8.063840 20.366928 -0.382356 2.579576
8.233284 20.378094 -0.383636 2.579642
8.401325 20.383148 -0.384826 2.579703
8.575554 20.400417 -0.386273 2.579777
8.745159 20.403973 -0.387487 2.579839
8.910056 20.394306 -0.388475 2.579890
9.077574 20.388563 -0.389563 2.579946
9.244688 20.379807 -0.390620 2.580000
9.411710 20.368790 -0.391658 2.580053
9.581683 20.362103 -0.392806 2.580112
9.755610 20.361521 -0.394099 2.580178
9.923593 20.346380 -0.395138 2.580231
10.091646 20.329494 -0.396168 2.580284
10.260222 20.311773 -0.397209 2.580337
10.430202 20.294966 -0.398295 2.580393
10.603647 20.282902 -0.399501 2.580454
10.784404 20.282513 -0.400967 2.580529
10.954909 20.260687 -0.402037 2.580584
11.123821 20.234140 -0.403042 2.580636
11.287088 20.195856 -0.403839 2.580677
11.445721 20.148106 -0.404472 2.580709
11.610946 20.110748 -0.405340 2.580753
11.776273 20.072176 -0.406209 2.580798
11.925646 20.005442 -0.406534 2.580814
12.086148 19.956593 -0.407246 2.580851
12.251274 19.914156 -0.408115 2.580895
12.409446 19.859264 -0.408756 2.580928
12.565893 19.800684 -0.409346 2.580959
12.726059 19.746965 -0.410062 2.580995
12.881639 19.685198 -0.410637 2.581025
13.034269 19.618149 -0.411127 2.581049
13.196061 19.563965 -0.411912 2.581090
13.351732 19.499718 -0.412511 2.581120
13.500183 19.424206 -0.412898 2.581140
13.649089 19.348808 -0.413311 2.581161
13.796002 19.270048 -0.413676 2.581180
13.949652 19.200048 -0.414253 2.581210
14.096292 19.119751 -0.414634 2.581229
14.238739 19.033302 -0.414905 2.581243
14.387382 18.954666 -0.415370 2.581267
14.524637 18.860622 -0.415522 2.581275
14.664807 18.770098 -0.415773 2.581287
14.804074 18.678097 -0.416014 2.581300
14.945388 18.588301 -0.416328 2.581316
15.084261 18.495123 -0.416589 2.581329
15.216290 18.393332 -0.416679 2.581334
15.346328 18.289042 -0.416734 2.581337
15.471616 18.179092 -0.416679 2.581334
15.587424 18.058193 -0.416392 2.581319
15.673965 17.904219 -0.415355 2.581266
15.754500 17.744717 -0.414196 2.581207
15.834527 17.586023 -0.413062 2.581149
15.925012 17.440117 -0.412237 2.581106
16.045866 17.327948 -0.412223 2.581106
16.145237 17.192923 -0.411683 2.581078
16.246222 17.060209 -0.411211 2.581054
16.335367 16.915770 -0.410468 2.581016
16.423920 16.771559 -0.409741 2.580979
16.507624 16.623262 -0.408924 2.580937
16.588455 16.473042 -0.408067 2.580893
16.669056 16.323542 -0.407237 2.580851
16.750750 16.176012 -0.406464 2.580811
16.853512 16.049387 -0.406228 2.580799
17.003736 15.967561 -0.407152 2.580846
17.159252 15.889635 -0.408210 2.580900
17.318993 15.814411 -0.409374 2.580960
17.486195 15.744641 -0.410718 2.581029
17.656004 15.675736 -0.412126 2.581101
17.834337 15.612772 -0.413734 2.581183
18.018631 15.553258 -0.415480 2.581273
18.215618 15.502704 -0.417516 2.581377
18.421082 15.457123 -0.419742 2.581491
18.637018 15.417885 -0.422200 2.581617
18.891697 15.407682 -0.425522 2.581787
19.158661 15.403953 -0.429102 2.581970
19.433163 15.402533 -0.432831 2.582161
19.716869 15.404507 -0.436744 2.582361
19.992146 15.396029 -0.440450 2.582551
20.270304 15.385988 -0.444201 2.582743
20.558971 15.380069 -0.448163 2.582946
20.830242 15.357375 -0.451728 2.583128
21.128332 15.350632 -0.455857 2.583340
21.444101 15.352471 -0.460347 2.583570
21.399208 15.095471 -0.457109 2.583404
21.183115 14.722641 -0.450287 2.583055
21.187044 14.507070 -0.448206 2.582948
21.190939 14.293469 -0.446167 2.582844
21.328499 14.170625 -0.446969 2.582885
21.484369 14.058968 -0.448168 2.582946
21.641073 13.946713 -0.449395 2.583009
21.798643 13.833837 -0.450650 2.583073
21.957106 13.720322 -0.451935 2.583139
22.116480 13.606153 -0.453249 2.583206
22.245895 13.472584 -0.453963 2.583243
22.249704 13.263479 -0.452140 2.583149
22.253483 13.056037 -0.450353 2.583058
22.257231 12.850218 -0.448603 2.582968
22.260948 12.645982 -0.446887 2.582880
22.264639 12.443276 -0.445207 2.582794
22.268301 12.242096 -0.443560 2.582710
22.271936 12.042388 -0.441947 2.582628
21.919069 11.654576 -0.433320 2.582186
21.248945 11.108683 -0.418529 2.581429
21.252338 10.922210 -0.417083 2.581355
21.255707 10.737024 -0.415668 2.581282
21.259052 10.553082 -0.414283 2.581211
21.351919 10.414027 -0.414666 2.581231
21.505743 10.303828 -0.416246 2.581312
21.660761 10.192772 -0.417859 2.581394
21.816980 10.080855 -0.419505 2.581479
21.974443 9.968047 -0.421184 2.581565
22.133181 9.854326 -0.422897 2.581652
22.293221 9.739672 -0.424646 2.581742
22.316986 9.565063 -0.423816 2.581699
22.320301 9.382585 -0.422625 2.581638
22.323597 9.201120 -0.421461 2.581579
22.326876 9.020643 -0.420323 2.581521
22.330135 8.841128 -0.419213 2.581464
22.333378 8.662539 -0.418128 2.581408
22.336603 8.484875 -0.417069 2.581354
22.339813 8.308100 -0.416036 2.581301
22.324770 8.125551 -0.414689 2.581232
21.902138 7.799004 -0.405817 2.580778
21.497162 7.486096 -0.397336 2.580343
21.318918 7.257547 -0.393095 2.580126
21.321907 7.092852 -0.392227 2.580082
21.324881 6.928874 -0.391383 2.580039
21.327843 6.765593 -0.390561 2.579997
21.414801 6.628981 -0.391296 2.580034
21.575327 6.513970 -0.393389 2.580141
21.737589 6.397717 -0.395523 2.580251
21.901627 6.280190 -0.397701 2.580362
22.067490 6.161356 -0.399922 2.580476
22.235235 6.041173 -0.402187 2.580592
22.383232 5.913900 -0.404108 2.580690
22.386242 5.747808 -0.403428 2.580655
22.389240 5.582264 -0.402770 2.580622
22.392229 5.417253 -0.402133 2.580589
22.395208 5.252741 -0.401518 2.580558
22.398178 5.088736 -0.400925 2.580527
22.401138 4.925207 -0.400353 2.580498
22.404089 4.762136 -0.399801 2.580470
22.407034 4.599506 -0.399271 2.580443
22.409969 4.437286 -0.398762 2.580416
22.282688 4.250645 -0.395959 2.580273
22.009382 4.039475 -0.390592 2.579998
21.743372 3.833943 -0.385387 2.579732
21.484344 3.633807 -0.380337 2.579473
21.387630 3.464033 -0.378187 2.579363
21.390390 3.311403 -0.377818 2.579344
21.393145 3.159062 -0.377468 2.579326
21.395891 3.006996 -0.377137 2.579309
21.451778 2.862281 -0.377761 2.579341
21.632475 2.732810 -0.380597 2.579486
21.815901 2.601384 -0.383496 2.579635
22.002150 2.467934 -0.386457 2.579787
22.191305 2.332400 -0.389484 2.579942
22.383457 2.194720 -0.392578 2.580100
22.453241 2.043398 -0.393542 2.580149
22.456087 1.885686 -0.393352 2.580140
22.458933 1.728118 -0.393181 2.580131
22.461775 1.570680 -0.393029 2.580123
22.464613 1.413356 -0.392897 2.580116
22.467451 1.256118 -0.392783 2.580111
22.470285 1.098976 -0.392689 2.580106
22.473120 0.941900 -0.392614 2.580102
22.475952 0.784878 -0.392558 2.580099
22.478783 0.627892 -0.392522 2.580097
22.360361 0.468376 -0.390387 2.579988
22.154537 0.309351 -0.386747 2.579801
21.952507 0.153258 -0.383192 2.579619
21.744223 -0.000000 -1.139566 2.618346
21.549589 -0.150447 -1.129394 2.617825
21.439709 -0.299374 -1.123717 2.617534
21.442404 -0.449154 -1.123995 2.617548
21.445099 -0.599016 -1.124328 2.617566
21.447794 -0.748973 -1.124716 2.617585
21.450491 -0.899042 -1.125160 2.617608
21.652718 -1.058995 -1.136127 2.618170
21.889309 -1.223802 -1.148962 2.618827
22.131315 -1.392384 -1.162146 2.619502
22.378950 -1.564889 -1.175695 2.620195
22.504604 -1.731635 -1.182903 2.620565
22.507442 -1.890003 -1.183717 2.620606
22.510283 -2.048596 -1.184589 2.620651
22.513126 -2.207431 -1.185521 2.620698
22.515974 -2.366524 -1.186512 2.620749
22.518826 -2.525891 -1.187563 2.620803
22.521681 -2.685548 -1.188673 2.620860
22.524540 -2.845511 -1.189843 2.620920
22.527405 -3.005797 -1.191074 2.620983
22.530273 -3.166423 -1.192366 2.621049
22.452265 -3.315462 -1.189433 2.620899
22.275270 -3.448394 -1.181303 2.620483
22.100670 -3.579527 -1.173341 2.620075
21.928400 -3.708911 -1.165541 2.619676
21.758396 -3.836592 -1.157900 2.619284
21.590597 -3.962616 -1.150415 2.618901
21.507782 -4.102829 -1.147501 2.618752
21.510565 -4.259206 -1.149207 2.618840
21.513355 -4.416058 -1.150976 2.618930
21.516155 -4.573400 -1.152805 2.619024
21.565115 -4.741398 -1.157174 2.619247
21.887562 -4.972732 -1.176311 2.620227
22.220867 -5.211857 -1.196150 2.621243
22.565624 -5.459199 -1.216730 2.622296
22.574091 -5.628353 -1.219276 2.622427
22.577080 -5.796809 -1.221593 2.622545
22.580078 -5.965914 -1.223979 2.622668
22.583088 -6.135689 -1.226434 2.622793
22.586107 -6.306155 -1.228959 2.622923
22.589138 -6.477331 -1.231555 2.623056
22.592182 -6.649240 -1.234222 2.623192
22.595236 -6.821905 -1.236960 2.623332
22.598305 -6.995344 -1.239772 2.623476
22.488852 -7.133884 -1.236469 2.623307
22.331083 -7.255809 -1.230550 2.623004
22.174812 -7.376578 -1.224747 2.622707
22.020000 -7.496220 -1.219057 2.622416
21.866611 -7.614760 -1.213479 2.622130
21.714613 -7.732226 -1.208010 2.621850
21.574207 -7.852370 -1.203219 2.621605
21.577242 -8.024505 -1.206484 2.621772
21.580294 -8.197585 -1.209825 2.621943
21.583359 -8.371634 -1.213244 2.622118
21.736502 -8.606091 -1.225200 2.622730
22.298025 -9.008986 -1.260365 2.624531
22.639500 -9.331328 -1.283317 2.625706
22.642786 -9.518151 -1.287239 2.625906
22.646090 -9.706127 -1.291248 2.626112
22.649414 -9.895286 -1.295345 2.626322
22.652758 -10.085657 -1.299531 2.626536
22.656122 -10.277272 -1.303808 2.626755
22.659508 -10.470162 -1.308178 2.626979
22.662914 -10.664358 -1.312641 2.627207
22.649000 -10.851583 -1.316191 2.627389
22.494240 -10.971174 -1.311617 2.627155
22.340544 -11.089942 -1.307137 2.626925
22.187883 -11.207908 -1.302752 2.626701
22.036238 -11.325089 -1.298459 2.626481
21.885582 -11.441505 -1.294256 2.626266
21.735889 -11.557178 -1.290144 2.626055
21.641788 -11.701671 -1.289376 2.626016
21.645248 -11.899576 -1.294500 2.626278
21.648735 -12.099069 -1.299729 2.626546
21.734144 -12.346712 -1.310000 2.627072
22.705694 -13.109138 -1.374042 2.630351
22.709436 -13.323547 -1.379864 2.630649
22.713209 -13.539791 -1.385803 2.630953
22.717014 -13.757914 -1.391861 2.631263
22.720850 -13.977961 -1.398041 2.631580
22.724720 -14.199982 -1.404345 2.631902
22.728624 -14.424025 -1.410775 2.632231
22.717112 -14.640179 -1.416370 2.632518
22.559103 -14.762264 -1.412910 2.632341
22.401859 -14.883760 -1.409535 2.632168
22.245358 -15.004683 -1.406245 2.632000
22.089575 -15.125048 -1.403038 2.631835
21.934494 -15.244870 -1.399914 2.631675
21.780094 -15.364166 -1.396871 2.631520
21.708702 -15.541906 -1.399218 2.631640
21.712755 -15.775240 -1.406543 2.632015
21.716848 -16.011044 -1.414015 2.632398
22.774050 -17.037167 -1.490559 2.636317
18.798325 -14.268705 -1.236838 2.623326
17.334627 -13.349461 -1.146638 2.618708
16.547363 -12.928218 -1.100506 2.616346
15.948613 -12.640716 -1.066529 2.614606
15.480344 -12.446515 -1.041000 2.613299
15.195288 -12.392975 -1.027624 2.612614
14.941916 -12.361029 -1.016300 2.612035
14.697342 -12.332535 -1.005497 2.611481
14.486507 -12.328985 -0.996937 2.611043
14.305680 -12.348331 -0.990401 2.610708
14.116903 -12.358415 -0.983281 2.610344
13.930695 -12.368250 -0.976302 2.609987
13.753177 -12.383415 -0.969896 2.609658
13.603456 -12.421662 -0.965430 2.609430
13.454981 -12.459449 -0.961043 2.609205
13.307711 -12.496773 -0.956732 2.608985
13.161623 -12.533646 -0.952497 2.608768
13.016788 -12.570167 -0.948343 2.608555
12.880066 -12.613093 -0.944775 2.608372
12.741903 -12.653256 -0.941097 2.608184
12.597901 -12.686160 -0.936980 2.607973
12.455041 -12.718671 -0.932936 2.607766
12.307505 -12.744794 -0.928527 2.607541
12.156250 -12.765321 -0.923817 2.607299
12.006489 -12.785612 -0.919197 2.607063
11.858060 -12.805540 -0.914655 2.606830
11.710992 -12.825174 -0.910196 2.606602
11.565277 -12.844542 -0.905818 2.606378
11.420924 -12.863697 -0.901524 2.606158
11.277796 -12.882522 -0.897303 2.605942
11.135902 -12.901067 -0.893158 2.605730
10.995230 -12.919353 -0.889088 2.605521
10.855796 -12.937434 -0.885095 2.605317
10.717480 -12.955208 -0.881171 2.605116
10.570517 -12.960734 -0.876506 2.604877
10.431252 -12.973861 -0.872447 2.604669
10.296476 -12.990921 -0.868739 2.604479
10.160593 -13.004967 -0.864914 2.604284
10.019053 -13.010005 -0.860576 2.604061
9.878848 -13.014901 -0.856317 2.603843
9.739947 -13.019656 -0.852135 2.603629
9.602323 -13.024275 -0.848029 2.603419
9.465946 -13.028757 -0.843997 2.603213
9.330787 -13.033106 -0.840039 2.603010
9.196820 -13.037323 -0.836152 2.602811
9.064017 -13.041412 -0.832335 2.602616
8.932353 -13.045374 -0.828588 2.602424
8.801805 -13.049212 -0.824909 2.602235
8.678643 -13.062408 -0.821893 2.602081
8.555343 -13.073934 -0.818840 2.601925
8.427817 -13.077413 -0.815353 2.601746
8.301311 -13.080773 -0.811929 2.601571
8.175802 -13.084019 -0.808568 2.601398
8.051268 -13.087150 -0.805268 2.601230
7.927688 -13.090168 -0.802029 2.601064
7.805039 -13.093076 -0.798849 2.600901
7.683303 -13.095874 -0.795727 2.600741
7.562459 -13.098564 -0.792663 2.600584
7.442487 -13.101148 -0.789656 2.600430
7.323780 -13.104362 -0.786749 2.600281
7.205498 -13.106753 -0.783853 2.600133
7.093441 -13.119047 -0.781608 2.600018
6.980295 -13.128026 -0.779220 2.599896
6.864250 -13.130100 -0.776480 2.599756
6.748971 -13.132076 -0.773792 2.599618
6.634438 -13.133954 -0.771154 2.599483
6.520635 -13.135736 -0.768567 2.599350
6.408197 -13.138750 -0.766107 2.599225
6.300719 -13.150616 -0.764216 2.599128
6.191681 -13.157994 -0.762114 2.599020
6.080496 -13.159403 -0.759718 2.598898
5.972792 -13.166945 -0.757728 2.598796
5.867324 -13.178225 -0.756001 2.598707
5.758450 -13.180572 -0.753811 2.598595
5.649780 -13.181926 -0.751615 2.598483
5.545755 -13.192833 -0.750011 2.598401
5.442118 -13.203567 -0.748443 2.598320
5.338884 -13.214203 -0.746914 2.598242
5.234194 -13.220066 -0.745162 2.598152
5.130306 -13.226721 -0.743500 2.598067
5.027969 -13.236226 -0.742043 2.597992
4.926001 -13.245616 -0.740624 2.597920
4.824403 -13.254938 -0.739244 2.597849
4.723140 -13.264118 -0.737899 2.597780
4.622208 -13.273175 -0.736589 2.597713
4.521614 -13.282156 -0.735318 2.597648
4.421324 -13.290991 -0.734080 2.597585
4.321341 -13.299718 -0.732878 2.597523
4.221653 -13.308339 -0.731711 2.597464
4.123379 -13.320487 -0.730779 2.597416
4.027158 -13.338594 -0.730212 2.597387
3.929344 -13.350765 -0.729359 2.597343
3.830628 -13.358988 -0.728329 2.597290
3.733797 -13.372960 -0.727652 2.597256
3.637786 -13.389281 -0.727140 2.597230
3.540506 -13.400282 -0.726378 2.597191
3.442620 -13.408116 -0.725482 2.597145
3.346153 -13.420686 -0.724880 2.597114
3.250325 -13.435237 -0.724423 2.597090
3.152883 -13.442388 -0.723604 2.597048
3.056042 -13.451223 -0.722914 2.597013
2.960867 -13.466792 -0.722622 2.596998
2.865750 -13.482293 -0.722362 2.596985
2.770685 -13.497725 -0.722135 2.596973
2.675653 -13.513041 -0.721938 2.596963
2.581033 -13.530256 -0.721877 2.596960
2.486310 -13.546836 -0.721818 2.596957
2.391340 -13.561963 -0.721717 2.596952
2.297444 -13.583308 -0.721982 2.596965
2.203464 -13.604601 -0.722278 2.596981
2.109398 -13.625889 -0.722609 2.596997
2.015230 -13.647106 -0.722970 2.597016
1.921880 -13.674891 -0.723714 2.597054
1.828420 -13.703371 -0.724528 2.597096
1.736139 -13.742960 -0.725962 2.597169
1.643877 -13.785975 -0.727611 2.597254
1.550510 -13.823109 -0.728981 2.597324
1.456384 -13.856571 -0.730192 2.597386
1.361934 -13.890080 -0.731439 2.597450
1.267561 -13.928159 -0.732960 2.597528
1.173240 -13.971759 -0.734806 2.597622
1.077667 -14.005534 -0.736169 2.597692
0.981565 -14.037039 -0.737446 2.597757
0.884817 -14.063766 -0.738508 2.597811
0.788324 -14.100225 -0.740116 2.597894
0.691608 -14.140973 -0.741983 2.597989
0.593917 -14.170411 -0.743292 2.598056
0.494914 -14.172496 -0.743202 2.598052
0.395853 -14.171759 -0.743000 2.598042
0.297043 -14.180741 -0.743344 2.598059
0.198138 -14.189783 -0.743728 2.598079
0.099086 -14.192709 -0.743827 2.598084
-0.000000 -14.198372 -0.744105 2.598098
-0.099259 -14.217493 -0.745125 2.598150
-0.198815 -14.238089 -0.746259 2.598208
-0.298649 -14.257323 -0.747359 2.598265
-0.398739 -14.275084 -0.748417 2.598319
-0.499373 -14.300168 -0.749897 2.598395
-0.600608 -14.330057 -0.751666 2.598485
-0.701888 -14.351120 -0.753009 2.598554
-0.804075 -14.381910 -0.754901 2.598651
-0.906744 -14.412294 -0.756810 2.598749
-1.009790 -14.440669 -0.758651 2.598843
-1.114236 -14.480790 -0.761149 2.598971
-1.218458 -14.510216 -0.763125 2.599072
-1.322546 -14.532319 -0.764754 2.599155
-1.427611 -14.559904 -0.766711 2.599256
-1.532670 -14.582386 -0.768440 2.599344
-1.637031 -14.594454 -0.769660 2.599406
-1.743194 -14.618859 -0.771570 2.599504
-1.850361 -14.647104 -0.773723 2.599615
-1.955855 -14.658455 -0.775025 2.599681
-2.064674 -14.690918 -0.777485 2.599807
-2.175169 -14.730211 -0.780349 2.599954
-2.285039 -14.760449 -0.782777 2.600078
-2.397573 -14.803052 -0.785905 2.600238
-2.509645 -14.837917 -0.788667 2.600380
-2.622036 -14.870305 -0.791342 2.600517
-2.737491 -14.915411 -0.794740 2.600691
-2.849989 -14.940161 -0.797099 2.600811
-2.963567 -14.967098 -0.799621 2.600940
-3.075288 -14.981635 -0.801525 2.601038
-3.189285 -15.004407 -0.803915 2.601161
-3.301968 -15.018209 -0.805870 2.601260
-3.414243 -15.027841 -0.807646 2.601351
-3.525401 -15.030618 -0.809099 2.601426
-3.636934 -15.033287 -0.810589 2.601502
-3.748856 -15.035840 -0.812118 2.601580
-3.861767 -15.040586 -0.813811 2.601667
-3.977806 -15.055387 -0.816095 2.601784
-4.092344 -15.062325 -0.818000 2.601882
-4.206104 -15.064574 -0.819696 2.601968
-4.320302 -15.066686 -0.821432 2.602057
-4.434962 -15.068707 -0.823211 2.602148
-4.550095 -15.070640 -0.825032 2.602242
-4.667249 -15.077442 -0.827168 2.602351
-4.786982 -15.090481 -0.829696 2.602480
-4.903715 -15.092082 -0.831646 2.602580
-5.020967 -15.093580 -0.833640 2.602682
-5.138750 -15.094975 -0.835678 2.602787
-5.258289 -15.099746 -0.837954 2.602903
-5.377235 -15.101032 -0.840088 2.603012
-5.500400 -15.112223 -0.842827 2.603153
-5.623445 -15.120986 -0.845484 2.603289
-5.744253 -15.121851 -0.847754 2.603405
-5.869709 -15.133012 -0.850657 2.603554
-5.996229 -15.144746 -0.853649 2.603707
-6.119091 -15.145282 -0.856066 2.603831
-6.242610 -15.145707 -0.858533 2.603957
-6.366801 -15.146020 -0.861049 2.604086
-6.491679 -15.146219 -0.863616 2.604217
-6.617270 -15.146333 -0.866235 2.604351
-6.743605 -15.146385 -0.868910 2.604488
-6.870647 -15.146257 -0.871633 2.604627
-6.998444 -15.146018 -0.874409 2.604770
-7.127028 -15.145701 -0.877242 2.604915
-7.256364 -15.145201 -0.880126 2.605062
-7.385862 -15.143261 -0.882988 2.605209
-7.515630 -15.140138 -0.885844 2.605355
-7.647209 -15.138898 -0.888874 2.605510
-7.779651 -15.137561 -0.891962 2.605669
-7.912891 -15.135965 -0.895102 2.605829
-8.047032 -15.134267 -0.898302 2.605993
-8.181691 -15.131720 -0.901519 2.606158
-8.313683 -15.122530 -0.904407 2.606306
-8.450013 -15.119515 -0.907733 2.606476
-8.579046 -15.101853 -0.910246 2.606605
-8.710208 -15.086522 -0.912965 2.606744
-8.843919 -15.074095 -0.915927 2.606895
-8.973478 -15.053148 -0.918439 2.607024
-9.103670 -15.031942 -0.921000 2.607155
-9.234505 -15.010474 -0.923612 2.607289
-9.366020 -14.988766 -0.926278 2.607425
-9.489569 -14.953167 -0.928149 2.607521
-9.612574 -14.915793 -0.929972 2.607615
-9.735911 -14.878030 -0.931833 2.607710
-9.859659 -14.839981 -0.933738 2.607807
-9.983849 -14.801663 -0.935690 2.607907
-10.108542 -14.763153 -0.937694 2.608010
-10.233662 -14.724308 -0.939742 2.608115
-10.357121 -14.682151 -0.941643 2.608212
-10.477505 -14.634825 -0.943276 2.608296
-10.594829 -14.582531 -0.944650 2.608366
-10.710880 -14.527884 -0.945931 2.608432
-10.824375 -14.469239 -0.947010 2.608487
-10.935991 -14.407634 -0.947952 2.608535
-11.049516 -14.348089 -0.949087 2.608593
-11.165896 -14.291696 -0.950490 2.608665
-11.274755 -14.225195 -0.951279 2.608706
-11.381950 -14.156290 -0.951962 2.608740
-11.495564 -14.094955 -0.953211 2.608804
-11.609611 -14.033606 -0.954520 2.608871
-11.717196 -13.964010 -0.955327 2.608913
-11.826583 -13.896183 -0.956312 2.608963
-11.942064 -13.835013 -0.957816 2.609040
-12.054168 -13.769366 -0.959074 2.609105
-12.162343 -13.698773 -0.960048 2.609154
-12.272985 -13.630531 -0.961247 2.609216
-12.386258 -13.564679 -0.962678 2.609289
-12.499728 -13.498477 -0.964149 2.609364
-12.613484 -13.431998 -0.965667 2.609442
-12.727037 -13.364703 -0.967194 2.609520
-12.840424 -13.296648 -0.968732 2.609599
-12.959458 -13.233759 -0.970719 2.609701
-13.071741 -13.163318 -0.972222 2.609778
-13.178030 -13.086350 -0.973309 2.609833
-13.288525 -13.013082 -0.974736 2.609906
-13.399591 -12.939835 -0.976232 2.609983
-13.504845 -12.860486 -0.977335 2.610039
-13.606044 -12.776924 -0.978180 2.610083
-13.703078 -12.689191 -0.978763 2.610113
-13.803823 -12.604620 -0.979650 2.610158
-13.894473 -12.510640 -0.979861 2.610169
-13.982049 -12.413840 -0.979901 2.610171
-14.067977 -12.315581 -0.979873 2.610169
-14.155236 -12.218473 -0.979986 2.610175
-14.241950 -12.120848 -0.980107 2.610181
-14.313903 -12.010791 -0.979264 2.610138
-14.383870 -11.899368 -0.978343 2.610091
-14.459891 -11.793198 -0.977890 2.610068
-14.530837 -11.683094 -0.977149 2.610030
-14.604580 -11.575445 -0.976649 2.610004
-14.674399 -11.464897 -0.975942 2.609968
-14.737974 -11.349765 -0.974876 2.609914
-14.803929 -11.236793 -0.974026 2.609870
-14.870037 -11.124210 -0.973242 2.609830
-14.938711 -11.013765 -0.972681 2.609801
-15.007509 -10.903593 -0.972180 2.609776
-15.078781 -10.795343 -0.971891 2.609761
-15.149348 -10.686688 -0.971607 2.609746
-15.222281 -10.579762 -0.971524 2.609742
-15.295482 -10.473032 -0.971505 2.609741
-15.369409 -10.366797 -0.971580 2.609745
-15.445354 -10.261865 -0.971829 2.609758
-15.522788 -10.157826 -0.972215 2.609777
-15.602574 -10.055175 -0.972792 2.609807
-15.683313 -9.952931 -0.973470 2.609842
-15.761855 -9.849100 -0.974053 2.609871
-15.837645 -9.743381 -0.974509 2.609895
-15.923016 -9.643320 -0.975596 2.609951
-16.009987 -9.543868 -0.976818 2.610013
-16.094095 -9.442348 -0.977904 2.610069
-16.180761 -9.341967 -0.979183 2.610134
-16.274752 -9.245342 -0.980941 2.610224
-16.366722 -9.147051 -0.982612 2.610310
-16.461679 -9.049886 -0.984496 2.610406
-16.557226 -8.952456 -0.986448 2.610506
-16.656286 -8.856305 -0.988642 2.610619
-16.758125 -8.760933 -0.991032 2.610741
-16.858818 -8.664254 -0.993385 2.610861
-16.963989 -8.569129 -0.996033 2.610997
-17.073223 -8.475220 -0.998948 2.611146
-17.186325 -8.382331 -1.002117 2.611308
-17.295410 -8.286569 -1.005080 2.611460
-17.406921 -8.191074 -1.008213 2.611620
-17.521957 -8.096282 -1.011577 2.611793
-17.630072 -7.997353 -1.014571 2.611946
-17.742083 -7.899284 -1.017818 2.612112
-17.867603 -7.806160 -1.021868 2.612319
-17.981441 -7.706854 -1.025276 2.612494
-18.087372 -7.603232 -1.028264 2.612647
-18.109827 -7.464330 -1.026553 2.612560
-18.112410 -7.317888 -1.023779 2.612417
-18.114979 -7.172224 -1.021069 2.612279
-18.117535 -7.027328 -1.018423 2.612143
-18.120079 -6.883173 -1.015840 2.612011
-18.122612 -6.739737 -1.013319 2.611882
-18.125134 -6.597009 -1.010860 2.611756
-18.127644 -6.454960 -1.008462 2.611633
-18.130142 -6.313583 -1.006125 2.611514
-18.132633 -6.172853 -1.003847 2.611397
-18.087091 -6.016772 -0.998976 2.611148
-17.835510 -5.795108 -0.982822 2.610320
-17.591915 -5.580481 -0.967228 2.609522
-17.402676 -5.387027 -0.954733 2.608882
-17.405018 -5.254886 -0.952825 2.608784
-17.407352 -5.123260 -0.950972 2.608690
-17.409678 -4.992145 -0.949172 2.608598
-17.411995 -4.861514 -0.947425 2.608508
-17.414307 -4.731361 -0.945730 2.608421
-17.537153 -4.633517 -0.950622 2.608672
-17.661463 -4.534691 -0.955621 2.608928
-17.787090 -4.434820 -0.960719 2.609189
-17.914076 -4.333868 -0.965920 2.609455
-18.042448 -4.231817 -0.971225 2.609727
-18.168924 -4.127879 -0.976459 2.609995
-18.171286 -3.995214 -0.975063 2.609923
-18.173643 -3.862927 -0.973718 2.609854
-18.175995 -3.730993 -0.972425 2.609788
-18.178341 -3.599407 -0.971182 2.609725
-18.180681 -3.468152 -0.969990 2.609663
-18.183018 -3.337206 -0.968848 2.609605
-18.185350 -3.206568 -0.967756 2.609549
-18.187679 -3.076213 -0.966714 2.609496
-18.190002 -2.946137 -0.965720 2.609445
-18.192324 -2.816321 -0.964776 2.609396
-18.194641 -2.686749 -0.963881 2.609351
-18.196955 -2.557415 -0.963034 2.609307
-18.199266 -2.428298 -0.962236 2.609266
-18.201574 -2.299392 -0.961486 2.609228
-18.093292 -2.157495 -0.954947 2.608893
-17.921232 -2.010186 -0.945102 2.608389
-17.752684 -1.865882 -0.935504 2.607898
-17.587511 -1.724468 -0.926143 2.607419
-17.470388 -1.589929 -0.919368 2.607072
-17.472591 -1.467216 -0.918923 2.607049
-17.474794 -1.344610 -0.918522 2.607028
-17.476995 -1.222111 -0.918167 2.607010
-17.479195 -1.099695 -0.917857 2.606994
-17.481396 -0.977361 -0.917592 2.606981
-17.581837 -0.859896 -0.922526 2.607233
-17.724823 -0.742888 -0.929734 2.607602
-17.870064 -0.624036 -0.937101 2.607980
-18.017637 -0.503275 -0.944633 2.608365
-18.167608 -0.380556 -0.952333 2.608759
-18.238323 -0.254673 -0.955923 2.608943
-18.240620 -0.127344 -0.955974 2.608946
-18.242918 0.000000 -0.956071 2.608951
-18.245216 0.127381 -0.956215 2.608958
-18.247519 0.254801 -0.956405 2.608968
-18.249823 0.382278 -0.956642 2.608980
-18.252127 0.509830 -0.956927 2.608995
-18.254436 0.637459 -0.957258 2.609011
-18.256746 0.765187 -0.957636 2.609031
-18.259060 0.893018 -0.958061 2.609053
-18.261377 1.020969 -0.958533 2.609077
-18.263697 1.149056 -0.959052 2.609103
-18.266022 1.277285 -0.959619 2.609132
-18.268349 1.405676 -0.960234 2.609164
-18.270681 1.534233 -0.960896 2.609198
-18.150490 1.651823 -0.955158 2.608904
-18.019943 1.766873 -0.948914 2.608584
-17.891090 1.880429 -0.942797 2.608271
-17.763880 1.992541 -0.936804 2.607964
-17.638273 2.103238 -0.930931 2.607664
-17.539156 2.215710 -0.926494 2.607436
-17.541426 2.340528 -0.927454 2.607486
-17.543703 2.465606 -0.928462 2.607537
-17.545984 2.590968 -0.929518 2.607591
-17.548273 2.716617 -0.930621 2.607648
-17.550570 2.842571 -0.931772 2.607707
-17.736629 2.999928 -0.942740 2.608268
-17.935322 3.162481 -0.954451 2.608868
-18.139030 3.329138 -0.966505 2.609485
-18.306316 3.492117 -0.976693 2.610007
-18.308746 3.625228 -0.978149 2.610081
-18.311186 3.758749 -0.979658 2.610158
-18.313633 3.892683 -0.981219 2.610238
-18.316090 4.027057 -0.982833 2.610321
-18.318556 4.161875 -0.984500 2.610406
-18.321032 4.297158 -0.986222 2.610494
-18.323517 4.432928 -0.987997 2.610585
-18.326014 4.569188 -0.989828 2.610679
-18.328520 4.705967 -0.991714 2.610776
-18.331036 4.843269 -0.993655 2.610875
-18.333563 4.981118 -0.995653 2.610977
-18.336102 5.119534 -0.997707 2.611083
-18.338654 5.258524 -0.999819 2.611191
-18.286581 5.382037 -0.999005 2.611149
-18.169111 5.485579 -0.994655 2.610926
-18.052652 5.588228 -0.990391 2.610708
-17.937180 5.690011 -0.986212 2.610494
-17.822676 5.790938 -0.982115 2.610284
-17.709110 5.891040 -0.978100 2.610079
-17.608307 5.994358 -0.974820 2.609911
-17.610853 6.132747 -0.977307 2.610038
-17.613415 6.271857 -0.979855 2.610168
-17.615992 6.411697 -0.982465 2.610302
-17.618584 6.552296 -0.985137 2.610439
-17.665752 6.710591 -0.990370 2.610707
-17.560753 6.811366 -0.987125 2.610541
-17.494129 6.926418 -0.986074 2.610487
-17.442259 7.047130 -0.985900 2.610478
-17.390409 7.167813 -0.985773 2.610472
-17.310404 7.276625 -0.984094 2.610385
-17.248096 7.392542 -0.983462 2.610353
-17.178715 7.505198 -0.982469 2.610302
-17.093428 7.610484 -0.980606 2.610207
-17.018793 7.720070 -0.979393 2.610145
-16.935625 7.825358 -0.977727 2.610059
-16.831608 7.920352 -0.974890 2.609914
-16.707752 8.005016 -0.970930 2.609711
-16.611065 8.101758 -0.968575 2.609591
-16.548664 8.214831 -0.968257 2.609575
-16.444424 8.306678 -0.965527 2.609435
-16.375135 8.415675 -0.964885 2.609402
-16.316925 8.530284 -0.964941 2.609405
-16.258291 8.644687 -0.965019 2.609409
-16.207411 8.763318 -0.965607 2.609439
-16.151491 8.879359 -0.965945 2.609456
-16.103354 8.999860 -0.966800 2.609500
-16.070408 9.129265 -0.968625 2.609593
-15.998168 9.236547 -0.968134 2.609568
-15.965072 9.366655 -0.970065 2.609667
-15.910719 9.484694 -0.970762 2.609703
-15.881557 9.618212 -0.973056 2.609820
-15.836140 9.742460 -0.974417 2.609890
-15.780435 9.860710 -0.975201 2.609930
-15.706009 9.967340 -0.974878 2.609914
-15.619878 10.066326 -0.973871 2.609862
-15.561960 10.183460 -0.974668 2.609903
-15.467216 10.276396 -0.973204 2.609828
-15.371127 10.367956 -0.971689 2.609750
-15.275753 10.459530 -0.970252 2.609677
-15.170829 10.544002 -0.968240 2.609574
-15.069230 10.630171 -0.966469 2.609483
-14.964994 10.713886 -0.964557 2.609385
-14.848736 10.788238 -0.961895 2.609249
-14.724290 10.855686 -0.958720 2.609087
-14.601052 10.922984 -0.955637 2.608929
-14.472047 10.984880 -0.952190 2.608752
-14.359137 11.058026 -0.949817 2.608631
-14.243087 11.127919 -0.947257 2.608500
-14.132122 11.200986 -0.945055 2.608387
-14.018595 11.271240 -0.942702 2.608266
-13.902520 11.338617 -0.940197 2.608138
-13.781317 11.400900 -0.937360 2.607993
-13.666649 11.467680 -0.934983 2.607871
-13.564915 11.544651 -0.933515 2.607796
-13.447491 11.607564 -0.930988 2.607666
-13.330517 11.669985 -0.928507 2.607540
-13.219629 11.736938 -0.926469 2.607435
-13.106146 11.800826 -0.924267 2.607322
-12.981887 11.854095 -0.921318 2.607172
-12.865676 11.913748 -0.918951 2.607050
-12.747939 11.971110 -0.916488 2.606924
-12.623506 12.021205 -0.913554 2.606774
-12.495697 12.066955 -0.910379 2.606611
-12.371148 12.114727 -0.907445 2.606461
-12.240540 12.155382 -0.904067 2.606288
-12.110271 12.195112 -0.900712 2.606116
-11.975133 12.228606 -0.896989 2.605926
-11.842746 12.263522 -0.893464 2.605745
-11.703410 12.289795 -0.889403 2.605537
-11.569395 12.320156 -0.885734 2.605350
-11.431329 12.344710 -0.881740 2.605145
-11.285520 12.359223 -0.877127 2.604909
-11.137678 12.369645 -0.872327 2.604663
-10.991018 12.379486 -0.867589 2.604420
-10.842381 12.385152 -0.862660 2.604168
-10.687087 12.381107 -0.857161 2.603887
-10.545963 12.391467 -0.852760 2.603661
-10.402550 12.397276 -0.848141 2.603425
-10.259871 12.402059 -0.843547 2.603189
-10.114798 12.401969 -0.838718 2.602942
-9.968681 12.398538 -0.833759 2.602688
-9.831146 12.403822 -0.829478 2.602469
-9.702586 12.418743 -0.825926 2.602288
-9.566923 12.422907 -0.821741 2.602073
-9.431665 12.425762 -0.817554 2.601859
-9.291488 12.420187 -0.812900 2.601620
-9.160569 12.425097 -0.809016 2.601422
-9.030858 12.429910 -0.805204 2.601226
-8.902319 12.434631 -0.801464 2.601035
-8.774934 12.439262 -0.797795 2.600847
-8.651106 12.447309 -0.794418 2.600674
-8.526048 12.451982 -0.790898 2.600494
-8.402059 12.456564 -0.787444 2.600317
-8.282810 12.466637 -0.784406 2.600162
-8.173378 12.490232 -0.782282 2.600053
-8.059873 12.506473 -0.779756 2.599923
-7.942424 12.515261 -0.776827 2.599774
-7.828585 12.528354 -0.774229 2.599640
-7.722918 12.553428 -0.772427 2.599548
-7.623162 12.587338 -0.771221 2.599486
-7.520883 12.616396 -0.769765 2.599412
-7.426841 12.658747 -0.769167 2.599381
-7.336498 12.707187 -0.768979 2.599372
-7.238560 12.742174 -0.768019 2.599323
-7.147388 12.788747 -0.767800 2.599311
-7.059096 12.840446 -0.767927 2.599318
-6.970501 12.891675 -0.768061 2.599325
-6.882531 12.944158 -0.768307 2.599337
-6.799037 13.005363 -0.769103 2.599378
-6.717289 13.070433 -0.770159 2.599432
-6.637501 13.140018 -0.771510 2.599501
-6.554262 13.203478 -0.772531 2.599553
-6.471063 13.267646 -0.773623 2.599610
-6.394877 13.347144 -0.775636 2.599712
-6.305953 13.400833 -0.776179 2.599740
-6.224205 13.470411 -0.777673 2.599817
-6.141862 13.539664 -0.779177 2.599894
-6.052649 13.594473 -0.779880 2.599930
-5.962804 13.648324 -0.780562 2.599965
-5.873785 13.704570 -0.781415 2.600008
-5.786626 13.765838 -0.782586 2.600068
-5.694783 13.816584 -0.783191 2.600099
-5.602771 13.867345 -0.783832 2.600132
-5.508263 13.912292 -0.784180 2.600150
-5.410826 13.949944 -0.784154 2.600149
-5.315148 13.992225 -0.784426 2.600163
-5.222051 14.041677 -0.785135 2.600199
-5.126748 14.085625 -0.785572 2.600221
-5.031851 14.131088 -0.786129 2.600250
-4.935690 14.173374 -0.786546 2.600271
-4.839711 14.216554 -0.787048 2.600297
-4.744028 14.261079 -0.787660 2.600328
-4.647639 14.303963 -0.788217 2.600357
-4.551045 14.346720 -0.788803 2.600387
-4.456290 14.395950 -0.789780 2.600437
-4.358003 14.434400 -0.790201 2.600458
-4.262155 14.481567 -0.791135 2.600506
-4.168774 14.538240 -0.792622 2.600582
-4.074217 14.592216 -0.793994 2.600652
-3.978253 14.642406 -0.795195 2.600714
-3.881713 14.691689 -0.796380 2.600775
-3.785841 14.744885 -0.797811 2.600848
-3.689138 14.796326 -0.799182 2.600918
-3.591274 14.844541 -0.800412 2.600981
-3.492530 14.890501 -0.801556 2.601040
-3.395962 14.947395 -0.803323 2.601130
-3.296476 14.993240 -0.804530 2.601192
-3.199075 15.050464 -0.806383 2.601287
-3.102940 15.116335 -0.808732 2.601407
-3.000694 15.154635 -0.809640 2.601454
-2.901716 15.211344 -0.811568 2.601552
-2.802998 15.272343 -0.813758 2.601664
-2.702553 15.326941 -0.815642 2.601761
-2.600810 15.376901 -0.817315 2.601846
-2.498559 15.426602 -0.819009 2.601933
-2.396410 15.479892 -0.820930 2.602031
-2.294377 15.537504 -0.823116 2.602144
-2.191017 15.589897 -0.825061 2.602243
-2.087768 15.647079 -0.827296 2.602358
-1.982125 15.690176 -0.828823 2.602436
-1.877107 15.741922 -0.830844 2.602539
-1.772133 15.798940 -0.833180 2.602659
-1.666090 15.851784 -0.835333 2.602769
-1.559562 15.905625 -0.837576 2.602884
-1.452075 15.955672 -0.839657 2.602990
-1.344286 16.008720 -0.841934 2.603107
-1.235312 16.054340 -0.843859 2.603206
-1.124898 16.086786 -0.845131 2.603271
-1.014858 16.130680 -0.847045 2.603369
-0.904127 16.171583 -0.848840 2.603461
-0.792532 16.204571 -0.850261 2.603533
-0.680816 16.243824 -0.852050 2.603625
-0.568522 16.280352 -0.853737 2.603711
-0.455923 16.322216 -0.855745 2.603814
-0.342898 16.370022 -0.858105 2.603935
-0.228934 16.395411 -0.859331 2.603998
-0.114700 16.429516 -0.861055 2.604086
0.000000 16.468983 -0.863103 2.604191
0.115198 16.500893 -0.864796 2.604277
0.230802 16.528519 -0.866307 2.604355
0.347116 16.570961 -0.868638 2.604474
0.464028 16.612410 -0.870959 2.604593
0.581208 16.643629 -0.872787 2.604687
0.699107 16.680233 -0.874941 2.604797
0.817777 16.720549 -0.877334 2.604919
0.936835 16.756458 -0.879540 2.605032
1.056333 16.789900 -0.881661 2.605141
1.177413 16.837791 -0.884586 2.605291
1.298194 16.871561 -0.886815 2.605405
1.419913 16.909227 -0.889294 2.605532
1.543027 16.954967 -0.892244 2.605683
1.667613 17.007610 -0.895606 2.605855
1.792603 17.055481 -0.898763 2.606017
1.916939 17.089916 -0.901261 2.606144
2.044074 17.142071 -0.904742 2.606323
2.172019 17.193274 -0.908223 2.606501
2.301175 17.246490 -0.911860 2.606687
2.432986 17.311600 -0.916179 2.606908
2.565403 17.372887 -0.920348 2.607122
2.698618 17.431974 -0.924453 2.607332
2.834023 17.497765 -0.928969 2.607563
2.970471 17.562468 -0.933482 2.607794
3.109958 17.637447 -0.938599 2.608056
3.249620 17.705797 -0.943421 2.608303
3.390854 17.775448 -0.948370 2.608557
3.533679 17.846361 -0.953446 2.608816
3.677238 17.914097 -0.958413 2.609071
3.826975 18.004503 -0.964656 2.609390
3.972365 18.067360 -0.969486 2.609638
4.125588 18.158817 -0.975915 2.609967
4.277977 18.239229 -0.981818 2.610269
4.431862 18.319115 -0.987760 2.610573
4.585275 18.390535 -0.993313 2.610857
4.739676 18.459827 -0.998818 2.611139
4.901021 18.549599 -1.005502 2.611482
5.059527 18.622137 -1.011325 2.611780
5.218805 18.691652 -1.017054 2.612073
5.384705 18.778698 -1.023811 2.612419
5.549601 18.855934 -1.030109 2.612741
5.716736 18.934721 -1.036568 2.613072
5.884274 19.009005 -1.042858 2.613394
6.052136 19.078743 -1.048976 2.613708
6.222871 19.152029 -1.055369 2.614035
6.395718 19.226244 -1.061893 2.614369
6.567216 19.291052 -1.067979 2.614680
6.744718 19.368177 -1.074829 2.615031
6.916975 19.425117 -1.080642 2.615329
7.096367 19.497108 -1.087377 2.615674
7.270411 19.549553 -1.093106 2.615967
7.445138 19.599445 -1.098776 2.616257
7.616628 19.636827 -1.103825 2.616516
7.785190 19.663139 -1.108333 2.616747
7.959108 19.699482 -1.113486 2.617011
8.130470 19.726006 -1.118166 2.617250
8.297535 19.739038 -1.122162 2.617455
8.465048 19.750425 -1.126141 2.617658
8.634536 19.763666 -1.130306 2.617872
8.802092 19.769821 -1.134144 2.618068
8.966887 19.767399 -1.137569 2.618243
9.128664 19.756224 -1.140566 2.618397
9.289370 19.740906 -1.143398 2.618542
9.450330 19.724356 -1.146232 2.618687
9.612980 19.709528 -1.149243 2.618841
9.770541 19.682634 -1.151624 2.618963
9.927611 19.653315 -1.153936 2.619081
10.084397 19.622105 -1.156209 2.619198
10.242034 19.591198 -1.158573 2.619319
10.402169 19.563635 -1.161209 2.619454
10.553350 19.518017 -1.162846 2.619538
10.708560 19.478785 -1.164935 2.619645
10.862630 19.436378 -1.166905 2.619745
11.015460 19.390711 -1.168752 2.619840
11.167364 19.342442 -1.170514 2.619930
11.316843 19.289097 -1.172038 2.620008
11.468040 19.237803 -1.173758 2.620096
11.618601 19.184580 -1.175431 2.620182
11.765368 19.124327 -1.176743 2.620249
11.912443 19.063894 -1.178113 2.620319
12.058867 19.001740 -1.179446 2.620388
12.203690 18.936405 -1.180650 2.620449
12.347193 18.868481 -1.181761 2.620506
12.491219 18.800791 -1.182954 2.620567
12.633220 18.729519 -1.183990 2.620620
12.772038 18.653095 -1.184767 2.620660
12.910509 18.575775 -1.185552 2.620700
13.049552 18.498911 -1.186432 2.620745
13.190733 18.424616 -1.187544 2.620802
13.327817 18.344166 -1.188327 2.620842
13.464628 18.262981 -1.189129 2.620883
13.600617 18.180309 -1.189899 2.620923
13.732938 18.092468 -1.190396 2.620948
13.864542 18.003469 -1.190880 2.620973
13.994673 17.912365 -1.191287 2.620994
14.127312 17.824234 -1.191957 2.621028
14.258533 17.734026 -1.192552 2.621058
14.389842 17.643682 -1.193203 2.621092
14.518682 17.550068 -1.193698 2.621117
14.646234 17.454700 -1.194137 2.621140
14.768914 17.353418 -1.194233 2.621145
14.891332 17.251762 -1.194363 2.621151
15.013733 17.150042 -1.194548 2.621161
15.125541 17.036303 -1.193952 2.621130
15.233350 16.918348 -1.193109 2.621087
15.347831 16.808023 -1.192856 2.621074
15.462520 16.697990 -1.192680 2.621065
15.574744 16.585411 -1.192376 2.621050
15.684628 16.470478 -1.191956 2.621028
15.784555 16.345387 -1.190849 2.620971
15.881060 16.217209 -1.189559 2.620905
15.972672 16.084564 -1.187981 2.620825
16.065439 15.953664 -1.186568 2.620752
16.145245 15.810589 -1.184281 2.620635
16.217394 15.660954 -1.181525 2.620494
16.337893 15.558369 -1.182361 2.620537
16.470104 15.466447 -1.184086 2.620625
16.607723 15.378914 -1.186232 2.620735
16.745899 15.291104 -1.188447 2.620848
16.887232 15.205332 -1.190915 2.620975
17.032402 15.122077 -1.193678 2.621116
17.185698 15.044931 -1.197031 2.621288
17.340673 14.968060 -1.200518 2.621467
17.496103 14.890347 -1.204052 2.621647
17.662115 14.820275 -1.208327 2.621866
17.829260 14.749649 -1.212688 2.622090
18.000612 14.680931 -1.217341 2.622328
18.176582 14.614340 -1.222312 2.622582
18.353880 14.547103 -1.227375 2.622842
18.533560 14.480004 -1.232601 2.623109
18.728086 14.422571 -1.238811 2.623427
18.934616 14.372146 -1.245805 2.623785
19.150196 14.326171 -1.253378 2.624173
19.385963 14.292562 -1.262247 2.624627
19.628984 14.261292 -1.271557 2.625104
19.878578 14.231668 -1.281258 2.625600
20.154333 14.217308 -1.292603 2.626181
20.423176 14.194470 -1.303457 2.626737
20.707701 14.178856 -1.315267 2.627342
21.000305 14.164885 -1.327539 2.627970
21.309729 14.158153 -1.340818 2.628650
21.470476 14.049875 -1.344727 2.628850
21.627039 13.937669 -1.348406 2.629038
21.784468 13.824841 -1.352171 2.629231
21.942785 13.711374 -1.356023 2.629428
22.102015 13.597254 -1.359964 2.629630
22.226896 13.461077 -1.361832 2.629726
22.230778 13.252196 -1.356368 2.629446
22.234627 13.044975 -1.351013 2.629172
22.238445 12.839373 -1.345766 2.628903
22.242231 12.635349 -1.340624 2.628640
22.245991 12.432854 -1.335586 2.628382
22.249718 12.231879 -1.330651 2.628129
22.253418 12.032374 -1.325816 2.627882
21.882797 11.635290 -1.298864 2.626502
21.231401 11.099511 -1.255570 2.624285
21.234852 10.913223 -1.251238 2.624063
21.238277 10.728220 -1.246996 2.623846
21.241678 10.544458 -1.242843 2.623634
21.337286 10.406890 -1.244156 2.623701
21.490948 10.296740 -1.248894 2.623943
21.645802 10.185733 -1.253729 2.624191
21.801855 10.073865 -1.258664 2.624444
21.959146 9.961108 -1.263699 2.624701
22.117710 9.847439 -1.268837 2.624964
22.277575 9.732836 -1.274079 2.625233
22.299191 9.557437 -1.271468 2.625099
22.302553 9.375124 -1.267897 2.624916
22.305895 9.193824 -1.264407 2.624738
22.309219 9.013510 -1.260998 2.624563
22.312523 8.834155 -1.257668 2.624393
22.315809 8.655724 -1.254416 2.624226
22.319077 8.478216 -1.251242 2.624063
22.322327 8.301596 -1.248145 2.623905
22.304289 8.118097 -1.243937 2.623690
21.882475 7.792002 -1.217348 2.622328
21.478266 7.479516 -1.191927 2.621027
21.302387 7.251919 -1.179329 2.620382
21.305408 7.087364 -1.176728 2.620248
21.308416 6.923524 -1.174196 2.620119
21.311411 6.760380 -1.171732 2.619992
21.398594 6.623964 -1.173954 2.620106
21.558912 6.509015 -1.180227 2.620428
21.720961 6.392824 -1.186626 2.620755
21.884781 6.275360 -1.193154 2.621089
22.050423 6.156591 -1.199812 2.621430
22.217941 6.036473 -1.206604 2.621778
22.366213 5.909403 -1.212386 2.622074
22.369249 5.743444 -1.210348 2.621970
22.372272 5.578034 -1.208375 2.621869
22.375286 5.413154 -1.206467 2.621771
22.378288 5.248773 -1.204624 2.621677
22.381281 5.084898 -1.202845 2.621585
22.384264 4.921497 -1.201129 2.621498
22.387236 4.758554 -1.199477 2.621413
22.390200 4.596050 -1.197887 2.621332
22.393154 4.433957 -1.196360 2.621254
22.268950 4.248024 -1.188111 2.620831
21.995995 4.037018 -1.172016 2.620007
21.730324 3.831642 -1.156406 2.619208
21.471621 3.631655 -1.141262 2.618433
21.371674 3.461449 -1.134638 2.618093
21.374447 3.308934 -1.133531 2.618037
21.377213 3.156710 -1.132481 2.617983
21.379972 3.004759 -1.131488 2.617932
21.432892 2.859761 -1.133205 2.618020
21.613287 2.730386 -1.141707 2.618455
21.796402 2.599059 -1.150393 2.618900
21.982334 2.465711 -1.159270 2.619355
22.171164 2.330283 -1.168342 2.619819
22.362980 2.192712 -1.177614 2.620294
22.436615 2.041885 -1.180712 2.620452
22.439468 1.884290 -1.180142 2.620423
22.442318 1.726840 -1.179629 2.620397
22.445164 1.569519 -1.179174 2.620373
22.448006 1.412311 -1.178776 2.620353
22.450846 1.255190 -1.178436 2.620336
22.453684 1.098163 -1.178154 2.620322
22.456518 0.941205 -1.177930 2.620310
22.459351 0.784298 -1.177762 2.620301
22.462181 0.627428 -1.177652 2.620296
22.349874 0.468156 -1.171564 2.619984
22.144243 0.309207 -1.160644 2.619425
21.942400 0.153187 -1.149981 2.618879
21.734272 -0.000000 -1.901502 2.657357
21.539816 -0.150379 -1.884536 2.656488
21.423820 -0.299152 -1.874524 2.655976
21.426510 -0.448821 -1.874988 2.655999
21.429197 -0.598572 -1.875543 2.656028
21.431887 -0.748418 -1.876190 2.656061
21.434574 -0.898375 -1.876929 2.656099
21.628317 -1.057801 -1.894494 2.656998
21.864363 -1.222408 -1.915871 2.658092
22.105804 -1.390779 -1.937831 2.659217
22.352854 -1.563064 -1.960397 2.660372
22.487860 -1.730347 -1.973248 2.661030
22.490685 -1.888596 -1.974605 2.661100
22.493511 -2.047070 -1.976060 2.661174
22.496340 -2.205785 -1.977613 2.661254
22.499170 -2.364758 -1.979265 2.661338
22.502005 -2.524004 -1.981016 2.661428
22.504843 -2.683540 -1.982867 2.661523
22.507683 -2.843382 -1.984818 2.661623
22.510527 -3.003546 -1.986870 2.661728
22.513376 -3.164049 -1.989022 2.661838
22.443737 -3.314203 -1.984866 2.661625
22.266869 -3.447093 -1.971304 2.660931
22.092392 -3.578187 -1.958021 2.660251
21.920238 -3.707531 -1.945010 2.659585
21.750351 -3.835174 -1.932265 2.658932
21.582666 -3.961161 -1.919778 2.658293
21.491507 -4.099724 -1.914168 2.658005
21.494263 -4.255979 -1.917014 2.658151
21.497026 -4.412706 -1.919961 2.658302
21.499798 -4.569923 -1.923011 2.658458
21.532093 -4.734138 -1.928809 2.658755
21.853493 -4.964992 -1.960656 2.660385
22.185696 -5.203608 -1.993672 2.662076
22.529295 -5.450410 -2.027919 2.663829
22.556780 -5.624037 -2.033877 2.664135
22.559732 -5.792355 -2.037740 2.664332
22.562695 -5.961321 -2.041717 2.664536
22.565666 -6.130956 -2.045810 2.664745
22.568649 -6.301280 -2.050018 2.664961
22.571640 -6.472314 -2.054344 2.665182
22.574644 -6.644079 -2.058789 2.665410
22.577658 -6.816597 -2.063354 2.665644
22.580683 -6.989889 -2.068040 2.665884
22.481194 -7.131455 -2.063438 2.665648
22.323519 -7.253351 -2.053563 2.665142
22.167336 -7.374091 -2.043882 2.664647
22.012609 -7.493704 -2.034390 2.664161
21.859304 -7.612216 -2.025084 2.663684
21.707390 -7.729654 -2.015960 2.663217
21.557091 -7.846139 -2.007040 2.662760
21.560076 -8.018120 -2.012481 2.663039
21.563076 -8.191045 -2.018050 2.663324
21.566092 -8.364936 -2.023748 2.663616
21.682447 -8.584688 -2.040241 2.664460
22.240986 -8.985941 -2.098650 2.667451
22.621227 -9.323797 -2.140619 2.669600
22.624454 -9.510446 -2.147155 2.669934
22.627699 -9.698244 -2.153836 2.670276
22.630962 -9.887224 -2.160665 2.670626
22.634243 -10.077415 -2.167642 2.670983
22.637545 -10.268846 -2.174771 2.671348
22.640863 -10.461549 -2.182053 2.671721
22.644205 -10.655554 -2.189492 2.672102
22.641905 -10.848184 -2.196539 2.672463
22.487217 -10.967749 -2.188907 2.672072
22.333591 -11.086491 -2.181434 2.671689
22.181004 -11.204432 -2.174117 2.671315
22.029427 -11.321589 -2.166955 2.670948
21.878839 -11.437981 -2.159944 2.670589
21.729214 -11.553628 -2.153084 2.670238
21.623388 -11.691722 -2.150633 2.670112
21.626772 -11.889419 -2.159173 2.670550
21.630180 -12.088699 -2.167886 2.670996
21.633615 -12.289604 -2.176776 2.671451
22.686073 -13.097811 -2.291820 2.677341
22.689730 -13.311985 -2.301522 2.677838
22.693415 -13.527990 -2.311419 2.678345
22.697128 -13.745871 -2.321516 2.678861
21.305922 -13.107491 -2.188526 2.672052
19.816885 -12.382964 -2.044404 2.664673
18.821505 -11.944491 -1.950271 2.659854
18.174372 -11.712583 -1.891642 2.656852
17.583448 -11.506286 -1.838454 2.654129
17.076176 -11.345386 -1.793653 2.651835
16.643238 -11.226006 -1.756367 2.649926
16.227356 -11.111103 -1.720623 2.648096
15.850151 -11.016142 -1.688741 2.646463
15.489661 -10.926754 -1.658420 2.644911
15.101395 -10.811538 -1.624892 2.643194
14.866222 -10.800943 -1.607662 2.642312
14.669016 -10.814932 -1.594462 2.641636
14.479426 -10.831994 -1.582036 2.641000
14.300816 -10.854911 -1.570762 2.640423
14.126034 -10.878511 -1.559869 2.639865
13.968576 -10.913448 -1.550857 2.639404
13.803247 -10.940320 -1.540944 2.638896
13.641082 -10.967710 -1.531351 2.638405
13.485964 -10.998884 -1.522521 2.637953
13.332506 -11.029610 -1.513852 2.637509
13.177671 -11.057380 -1.505000 2.637056
13.032300 -11.091357 -1.497204 2.636657
12.909486 -11.143168 -1.491996 2.636390
12.798059 -11.203855 -1.488122 2.636192
12.682856 -11.260366 -1.483831 2.635972
12.553218 -11.302968 -1.477860 2.635666
12.428082 -11.348399 -1.472420 2.635388
12.296720 -11.386887 -1.466239 2.635072
12.154554 -11.413887 -1.458754 2.634688
12.013691 -11.440484 -1.451398 2.634311
11.874141 -11.466724 -1.444175 2.633942
11.735855 -11.492599 -1.437080 2.633579
11.598728 -11.518035 -1.430100 2.633221
11.462791 -11.543097 -1.423241 2.632870
11.328034 -11.567808 -1.416502 2.632525
11.194468 -11.592211 -1.409886 2.632186
11.061973 -11.616216 -1.403378 2.631853
10.928631 -11.637809 -1.396736 2.631513
10.788848 -11.650897 -1.389233 2.631129
10.660101 -11.674301 -1.383115 2.630815
10.527427 -11.691892 -1.376459 2.630475
10.391465 -11.704189 -1.369332 2.630110
10.256783 -11.716228 -1.362330 2.629751
10.123348 -11.728012 -1.355449 2.629399
9.991136 -11.739546 -1.348687 2.629053
9.860121 -11.750834 -1.342043 2.628713
9.730274 -11.761881 -1.335514 2.628378
9.601573 -11.772692 -1.329098 2.628050
9.473991 -11.783269 -1.322793 2.627727
9.346616 -11.792495 -1.316471 2.627403
9.218131 -11.798670 -1.309944 2.627069
9.094324 -11.809220 -1.304034 2.626766
8.971518 -11.819537 -1.298226 2.626469
8.849689 -11.829625 -1.292516 2.626177
8.728821 -11.839486 -1.286904 2.625889
8.608892 -11.849124 -1.281387 2.625607
8.486581 -11.853931 -1.275469 2.625304
8.361183 -11.852733 -1.269028 2.624974
8.243729 -11.861172 -1.263739 2.624703
8.127158 -11.869416 -1.258541 2.624437
8.011454 -11.877469 -1.253434 2.624176
7.896596 -11.885333 -1.248416 2.623919
7.782770 -11.893318 -1.243517 2.623668
7.674838 -11.909017 -1.239526 2.623464
7.567053 -11.923768 -1.235532 2.623259
7.455263 -11.930914 -1.230850 2.623019
7.344235 -11.937884 -1.226249 2.622784
7.233957 -11.944682 -1.221730 2.622552
7.124409 -11.951308 -1.217291 2.622325
7.015579 -11.957766 -1.212930 2.622102
6.907451 -11.964057 -1.208647 2.621883
6.800010 -11.970183 -1.204441 2.621667
6.693243 -11.976148 -1.200310 2.621456
6.587134 -11.981953 -1.196254 2.621248
6.481670 -11.987599 -1.192271 2.621044
6.379814 -11.998685 -1.188914 2.620872
6.280264 -12.013038 -1.185963 2.620721
6.177269 -12.019664 -1.182331 2.620535
6.074115 -12.024704 -1.178627 2.620346
5.971542 -12.029595 -1.174991 2.620159
5.869831 -12.034938 -1.171481 2.619980
5.772610 -12.048367 -1.168837 2.619844
5.671947 -12.053503 -1.165466 2.619672
5.571593 -12.058035 -1.162114 2.619500
5.475422 -12.070499 -1.159603 2.619372
5.379783 -12.083190 -1.157186 2.619248
5.282842 -12.091948 -1.154465 2.619108
5.188300 -12.105213 -1.152245 2.618995
5.094061 -12.118295 -1.150077 2.618884
5.000118 -12.131194 -1.147960 2.618776
4.904189 -12.138292 -1.145364 2.618643
4.807223 -12.141660 -1.142487 2.618495
4.714750 -12.155353 -1.140650 2.618401
4.625211 -12.175958 -1.139526 2.618344
4.533209 -12.189431 -1.137797 2.618255
4.440585 -12.200408 -1.135900 2.618158
4.348233 -12.211257 -1.134057 2.618064
4.256124 -12.221926 -1.132260 2.617972
4.164456 -12.233012 -1.130566 2.617885
4.075391 -12.251075 -1.129579 2.617834
3.986421 -12.268942 -1.128633 2.617786
3.895531 -12.280271 -1.127145 2.617710
3.804465 -12.290242 -1.125595 2.617630
3.715086 -12.304960 -1.124540 2.617577
3.626629 -12.322227 -1.123777 2.617537
3.538258 -12.339373 -1.123061 2.617501
3.449970 -12.356406 -1.122391 2.617466
3.361749 -12.373295 -1.121766 2.617434
3.273578 -12.390001 -1.121182 2.617404
3.185469 -12.406583 -1.120642 2.617377
3.099013 -12.429464 -1.120728 2.617381
3.012035 -12.450263 -1.120680 2.617379
2.923713 -12.465316 -1.120170 2.617353
2.836178 -12.483487 -1.119996 2.617344
2.749810 -12.506853 -1.120343 2.617362
2.662389 -12.525555 -1.120326 2.617361
2.574167 -12.540363 -1.120016 2.617345
2.487286 -12.561714 -1.120344 2.617362
2.400325 -12.582949 -1.120716 2.617381
2.313290 -12.604126 -1.121137 2.617402
2.226168 -12.625226 -1.121604 2.617426
2.139959 -12.652200 -1.122645 2.617479
2.054605 -12.685519 -1.124302 2.617564
1.967940 -12.712129 -1.125415 2.617621
1.881890 -12.744134 -1.127058 2.617705
1.795564 -12.776102 -1.128749 2.617792
1.709641 -12.813166 -1.130941 2.617904
1.623506 -12.851379 -1.133286 2.618024
1.537384 -12.892900 -1.135974 2.618162
1.451174 -12.937509 -1.138984 2.618316
1.364488 -12.982233 -1.142055 2.618473
1.277215 -13.026047 -1.145097 2.618629
1.189296 -13.068172 -1.148042 2.618780
1.100911 -13.110418 -1.151050 2.618934
1.012052 -13.152790 -1.154122 2.619091
0.922398 -13.190899 -1.156872 2.619232
0.832191 -13.227309 -1.159528 2.619368
0.741383 -13.260625 -1.161966 2.619493
0.650012 -13.290491 -1.164157 2.619605
0.558061 -13.314924 -1.165928 2.619695
0.465960 -13.343350 -1.168103 2.619807
0.373479 -13.370771 -1.170247 2.619916
0.280453 -13.388705 -1.171617 2.619987
0.187167 -13.404058 -1.172817 2.620048
0.093654 -13.414631 -1.173657 2.620091
-0.000000 -13.423716 -1.174423 2.620130
-0.093848 -13.442455 -1.176091 2.620216
-0.187982 -13.462291 -1.177913 2.620309
-0.282233 -13.473593 -1.179045 2.620367
-0.376610 -13.482859 -1.180057 2.620419
-0.471356 -13.497856 -1.181629 2.620499
-0.566355 -13.512803 -1.183255 2.620583
-0.661616 -13.527701 -1.184935 2.620669
-0.757146 -13.542535 -1.186669 2.620757
-0.852778 -13.554529 -1.188212 2.620836
-0.948676 -13.566695 -1.189830 2.620919
-1.044909 -13.579793 -1.191590 2.621009
-1.141487 -13.593595 -1.193471 2.621106
-1.238610 -13.610020 -1.195643 2.621217
-1.336080 -13.626398 -1.197872 2.621331
-1.433908 -13.642720 -1.200158 2.621448
-1.532099 -13.658969 -1.202499 2.621568
-1.630404 -13.672976 -1.204705 2.621681
-1.728402 -13.681699 -1.206507 2.621773
-1.827074 -13.693284 -1.208624 2.621881
-1.926730 -13.709394 -1.211204 2.622014
-2.027151 -13.727838 -1.214054 2.622159
-2.126638 -13.737239 -1.216169 2.622268
-2.227393 -13.752333 -1.218852 2.622405
-2.327707 -13.762231 -1.221140 2.622522
-2.428373 -13.771988 -1.223480 2.622642
-2.529410 -13.781668 -1.225879 2.622765
-2.630435 -13.789221 -1.228155 2.622881
-2.731098 -13.793049 -1.230164 2.622984
-2.832869 -13.800661 -1.232576 2.623108
-2.933617 -13.801584 -1.234458 2.623204
-3.034642 -13.802341 -1.236390 2.623303
-3.135962 -13.802984 -1.238379 2.623405
-3.237585 -13.803508 -1.240424 2.623510
-3.339505 -13.803859 -1.242520 2.623617
-3.440969 -13.800975 -1.244393 2.623713
-3.541236 -13.792202 -1.245800 2.623785
-3.642524 -13.786395 -1.247543 2.623874
-3.745628 -13.786197 -1.249860 2.623993
-3.849087 -13.785883 -1.252238 2.624115
-3.952914 -13.785450 -1.254675 2.624239
-4.055824 -13.780507 -1.256771 2.624346
-4.157873 -13.771536 -1.258570 2.624439
-4.262647 -13.770385 -1.261153 2.624571
-4.367470 -13.768011 -1.263698 2.624701
-4.470169 -13.757764 -1.265591 2.624798
-4.573135 -13.747350 -1.267539 2.624898
-4.679073 -13.744686 -1.270274 2.625038
-4.785718 -13.742708 -1.273148 2.625185
-4.892795 -13.740566 -1.276083 2.625335
-5.000318 -13.738260 -1.279080 2.625489
-5.108316 -13.735847 -1.282144 2.625646
-5.216504 -13.732540 -1.285204 2.625802
-5.321483 -13.719599 -1.287438 2.625917
-5.427426 -13.708116 -1.289885 2.626042
-5.537167 -13.704969 -1.293195 2.626211
-5.645982 -13.698178 -1.296242 2.626368
-5.756134 -13.693298 -1.299551 2.626537
-5.867120 -13.689013 -1.303000 2.626714
-5.974387 -13.674832 -1.305589 2.626846
-6.082021 -13.660442 -1.308237 2.626981
-6.193543 -13.653589 -1.311690 2.627159
-6.306498 -13.648511 -1.315399 2.627348
-6.415885 -13.634447 -1.318329 2.627498
-6.525218 -13.619182 -1.321225 2.627647
-6.638404 -13.610744 -1.324871 2.627833
-6.753537 -13.604912 -1.328860 2.628038
-6.865071 -13.590528 -1.332104 2.628204
-6.976267 -13.574346 -1.335259 2.628365
-7.087938 -13.557977 -1.338484 2.628531
-7.200049 -13.541323 -1.341770 2.628699
-7.315433 -13.529610 -1.345637 2.628897
-7.432960 -13.520501 -1.349859 2.629113
-7.545549 -13.501168 -1.353155 2.629282
-7.658597 -13.481570 -1.356517 2.629454
-7.772119 -13.461704 -1.359945 2.629629
-7.886121 -13.441567 -1.363439 2.629808
-8.000615 -13.421155 -1.367001 2.629990
-8.115612 -13.400465 -1.370631 2.630176
-8.231119 -13.379495 -1.374330 2.630366
-8.347154 -13.358239 -1.378099 2.630558
-8.463724 -13.336695 -1.381939 2.630755
-8.580841 -13.314857 -1.385850 2.630955
-8.698517 -13.292725 -1.389833 2.631159
-8.816761 -13.270293 -1.393890 2.631367
-8.935590 -13.247557 -1.398020 2.631579
-9.055013 -13.224512 -1.402225 2.631794
-9.174528 -13.200415 -1.406427 2.632009
-9.291067 -13.170925 -1.410162 2.632200
-9.404387 -13.135909 -1.413408 2.632366
-9.518121 -13.100570 -1.416721 2.632536
-9.632277 -13.064901 -1.420101 2.632709
-9.746864 -13.028900 -1.423550 2.632886
-9.861897 -12.992568 -1.427068 2.633066
-9.977432 -12.955960 -1.430663 2.633250
-10.089261 -12.913665 -1.433736 2.633407
-10.198009 -12.866681 -1.436389 2.633543
-10.312402 -12.826039 -1.439854 2.633720
-10.429634 -12.787996 -1.443722 2.633919
-10.545521 -12.747342 -1.447409 2.634107
-10.658914 -12.702799 -1.450765 2.634279
-10.772727 -12.657907 -1.454193 2.634455
-10.888687 -12.614664 -1.457923 2.634646
-11.008394 -12.574789 -1.462161 2.634863
-11.122225 -12.527260 -1.465627 2.635040
-11.232772 -12.475257 -1.468682 2.635196
-11.346796 -12.426323 -1.472212 2.635377
-11.459615 -12.375257 -1.475604 2.635551
-11.572831 -12.323814 -1.479068 2.635728
-11.685391 -12.270867 -1.482468 2.635902
-11.805599 -12.225056 -1.486855 2.636127
-11.922341 -12.174690 -1.490816 2.636330
-12.040648 -12.125002 -1.494989 2.636543
-12.160110 -12.075513 -1.499318 2.636765
-12.280140 -12.025599 -1.503728 2.636991
-12.397062 -11.971704 -1.507775 2.637198
-12.518250 -11.920965 -1.512355 2.637433
-12.643857 -11.873371 -1.517478 2.637695
-12.762384 -11.818099 -1.521765 2.637914
-12.882760 -11.763574 -1.526288 2.638146
-13.010445 -11.714657 -1.531689 2.638422
-13.128382 -11.655918 -1.535955 2.638641
-13.240911 -11.591540 -1.539615 2.638828
-13.348151 -11.521816 -1.542694 2.638986
-13.454626 -11.450782 -1.545723 2.639141
-13.561337 -11.379313 -1.548818 2.639299
-13.666761 -11.306125 -1.551805 2.639452
-13.749477 -11.213799 -1.552270 2.639476
-13.830919 -11.120346 -1.552662 2.639496
-13.918984 -11.032048 -1.553864 2.639558
-14.009534 -10.945448 -1.555404 2.639637
-14.093520 -10.853468 -1.556278 2.639681
-14.166965 -10.753310 -1.556061 2.639670
-14.242640 -10.654857 -1.556164 2.639676
-14.318784 -10.556716 -1.556393 2.639687
-14.393318 -10.457357 -1.556521 2.639694
-14.467783 -10.357911 -1.556716 2.639704
-14.541859 -10.258152 -1.556943 2.639715
-14.616514 -10.158744 -1.557305 2.639734
-14.690683 -10.058919 -1.557686 2.639753
-14.761712 -9.956901 -1.557809 2.639760
-14.835234 -9.856503 -1.558268 2.639783
-14.910640 -9.757248 -1.558996 2.639820
-14.983383 -9.656133 -1.559515 2.639847
-15.054207 -9.553688 -1.559906 2.639867
-15.129299 -9.453835 -1.560810 2.639913
-15.208076 -9.356068 -1.562160 2.639982
-15.286933 -9.258095 -1.563583 2.640055
-15.363126 -9.158262 -1.564799 2.640118
-15.441593 -9.059526 -1.566311 2.640195
-15.522246 -8.961773 -1.568107 2.640287
-15.606060 -8.865473 -1.570283 2.640398
-15.689999 -8.768843 -1.572531 2.640514
-15.768172 -8.668627 -1.574262 2.640602
-15.842534 -8.566024 -1.575677 2.640675
-15.920690 -8.465180 -1.577534 2.640770
-16.013777 -8.371797 -1.580928 2.640944
-16.099758 -8.274151 -1.583675 2.641084
-16.175188 -8.170676 -1.585445 2.641175
-16.255991 -8.069542 -1.587804 2.641295
-16.341675 -7.970367 -1.590700 2.641444
-16.422613 -7.868394 -1.593192 2.641572
-16.498150 -7.763439 -1.595223 2.641675
-16.579323 -7.660724 -1.597862 2.641810
-16.661821 -7.558135 -1.600688 2.641955
-16.731684 -7.449426 -1.602364 2.642041
-16.815474 -7.346497 -1.605438 2.642198
-16.901236 -7.243877 -1.608758 2.642368
-16.982609 -7.138833 -1.611721 2.642520
-17.051184 -7.027988 -1.613533 2.642613
-17.109373 -6.912635 -1.614433 2.642659
-17.152733 -6.791245 -1.614011 2.642637
-17.220911 -6.679550 -1.615999 2.642739
-17.300495 -6.571843 -1.619122 2.642899
-17.353891 -6.453852 -1.619863 2.642937
-17.410746 -6.336993 -1.621001 2.642995
-17.462812 -6.218225 -1.621767 2.643034
-17.523376 -6.102284 -1.623396 2.643118
-17.591614 -5.988675 -1.625805 2.643241
-17.654297 -5.872801 -1.627769 2.643342
-17.716766 -5.756526 -1.629784 2.643445
-17.606152 -5.584997 -1.615982 2.642738
-17.416147 -5.391197 -1.595049 2.641666
-17.418465 -5.258945 -1.591860 2.641503
-17.420774 -5.127211 -1.588760 2.641345
-17.423077 -4.995986 -1.585751 2.641190
-17.425371 -4.865248 -1.582830 2.641041
-17.427753 -4.735015 -1.580005 2.640896
-17.550936 -4.637158 -1.588199 2.641316
-17.675417 -4.538274 -1.596557 2.641744
-17.801218 -4.438342 -1.605083 2.642180
-17.928383 -4.337329 -1.613779 2.642625
-18.056936 -4.235215 -1.622649 2.643080
-18.182722 -4.131014 -1.631321 2.643523
-18.185066 -3.998244 -1.628988 2.643404
-18.187405 -3.865852 -1.626740 2.643289
-18.189739 -3.733814 -1.624578 2.643178
-18.192070 -3.602126 -1.622500 2.643072
-18.194397 -3.470768 -1.620507 2.642970
-18.196718 -3.339721 -1.618598 2.642872
-18.199038 -3.208981 -1.616772 2.642779
-18.201353 -3.078525 -1.615029 2.642689
-18.203665 -2.948349 -1.613368 2.642604
-18.205975 -2.818435 -1.611790 2.642524
-18.208281 -2.688763 -1.610293 2.642447
-18.210585 -2.559331 -1.608877 2.642375
-18.212885 -2.430115 -1.607542 2.642306
-18.215185 -2.301112 -1.606288 2.642242
-18.103588 -2.158723 -1.595079 2.641668
-17.931326 -2.011319 -1.578626 2.640826
-17.762581 -1.866922 -1.562585 2.640004
-17.597219 -1.725420 -1.546940 2.639203
-17.483412 -1.591114 -1.535922 2.638639
-17.485611 -1.468309 -1.535177 2.638601
-17.487808 -1.345612 -1.534508 2.638567
-17.490005 -1.223020 -1.533914 2.638536
-17.492203 -1.100513 -1.533395 2.638510
-17.494402 -0.978088 -1.532952 2.638487
-17.598526 -0.860712 -1.541512 2.638925
-17.741779 -0.743599 -1.553567 2.639543
-17.887295 -0.624638 -1.565889 2.640173
-18.035151 -0.503765 -1.578487 2.640819
-18.185410 -0.380929 -1.591366 2.641478
-18.251881 -0.254862 -1.596988 2.641766
-18.254181 -0.127438 -1.597073 2.641770
-18.256481 0.000000 -1.597235 2.641778
-18.258785 0.127475 -1.597476 2.641791
-18.261091 0.254990 -1.597794 2.641807
-18.263399 0.382563 -1.598191 2.641827
-18.265711 0.510209 -1.598666 2.641852
-18.268026 0.637933 -1.599219 2.641880
-18.270344 0.765757 -1.599851 2.641912
-18.272665 0.893683 -1.600562 2.641949
-18.274990 1.021730 -1.601351 2.641989
-18.277321 1.149913 -1.602220 2.642034
-18.279654 1.278238 -1.603168 2.642082
-18.281992 1.406726 -1.604195 2.642135
-18.284334 1.535380 -1.605302 2.642191
-18.158642 1.652565 -1.595241 2.641676
-18.027985 1.767661 -1.584808 2.641142
-17.899023 1.881263 -1.574587 2.640619
-17.771706 1.993419 -1.564573 2.640106
-17.645996 2.104158 -1.554762 2.639604
-17.552330 2.217374 -1.547835 2.639249
-17.554617 2.342288 -1.549441 2.639331
-17.556910 2.467463 -1.551126 2.639417
-17.559208 2.592921 -1.552891 2.639508
-17.561514 2.718667 -1.554735 2.639602
-17.565012 2.844910 -1.556765 2.639706
-17.541277 2.966887 -1.556460 2.639691
-17.411238 3.070071 -1.546785 2.639195
-17.339685 3.182431 -1.542365 2.638969
-17.261951 3.292894 -1.537458 2.638718
-17.183161 3.402356 -1.532518 2.638465
-17.104557 3.511063 -1.527657 2.638216
-17.037828 3.621502 -1.523918 2.638025
-17.003965 3.738567 -1.523187 2.637987
-16.958231 3.852816 -1.521462 2.637899
-16.922144 3.969052 -1.520674 2.637858
-16.908123 4.090508 -1.521943 2.637923
-16.901510 4.214020 -1.523959 2.638027
-16.887304 4.335926 -1.525370 2.638099
-16.855095 4.453309 -1.525232 2.638092
-16.817831 4.569303 -1.524709 2.638065
-16.783541 4.686050 -1.524529 2.638056
-16.780354 4.811689 -1.527254 2.638195
-16.746155 4.928664 -1.527236 2.638195
-16.696983 5.041117 -1.525924 2.638127
-16.659784 5.157063 -1.525777 2.638120
-16.641628 5.279037 -1.527453 2.638206
-16.578333 5.386627 -1.525058 2.638083
-16.512205 5.492882 -1.522465 2.637950
-16.457952 5.602745 -1.521032 2.637877
-16.406868 5.713475 -1.519961 2.637822
-16.323824 5.812654 -1.515990 2.637619
-16.255682 5.916584 -1.513461 2.637489
-16.228928 6.035487 -1.514856 2.637560
-16.168564 6.141862 -1.513187 2.637475
-16.078953 6.236613 -1.508838 2.637253
-15.990053 6.330912 -1.504607 2.637036
-15.943895 6.441752 -1.504459 2.637028
-15.914798 6.559609 -1.505998 2.637107
-15.860578 6.667174 -1.505235 2.637068
-15.793986 6.769310 -1.503364 2.636972
-15.733353 6.873734 -1.502124 2.636909
-15.711932 6.995403 -1.504704 2.637041
-15.673777 7.109943 -1.505767 2.637095
-15.643014 7.228088 -1.507623 2.637190
-15.599889 7.340749 -1.508369 2.637228
-15.550344 7.450478 -1.508572 2.637239
-15.518922 7.569084 -1.510613 2.637343
-15.475777 7.682245 -1.511597 2.637394
-15.415110 7.786733 -1.510944 2.637360
-15.373677 7.900996 -1.512253 2.637427
-15.359771 8.029896 -1.516363 2.637638
-15.309592 8.140255 -1.516982 2.637670
-15.259286 8.250668 -1.517668 2.637705
-15.207621 8.360461 -1.518298 2.637737
-15.170356 8.478424 -1.520450 2.637847
-15.143820 8.602889 -1.523773 2.638017
-15.078165 8.705382 -1.523245 2.637990
-15.048019 8.828624 -1.526389 2.638151
-15.000248 8.941943 -1.527838 2.638225
-14.944840 9.050916 -1.528593 2.638264
-14.918683 9.178038 -1.532434 2.638460
-14.879212 9.297564 -1.535010 2.638592
-14.802534 9.393977 -1.533828 2.638532
-14.752849 9.507564 -1.535520 2.638618
-14.696548 9.617150 -1.536611 2.638674
-14.631941 9.721440 -1.536915 2.638690
-14.577101 9.832378 -1.538327 2.638762
-14.497940 9.926950 -1.537250 2.638707
-14.425240 10.025804 -1.536925 2.638690
-14.338633 10.114792 -1.535184 2.638601
-14.255825 10.206171 -1.533910 2.638536
-14.174510 10.298384 -1.532859 2.638482
-14.084610 10.384073 -1.530940 2.638384
-14.000166 10.473464 -1.529671 2.638319
-13.903106 10.553030 -1.527079 2.638186
-13.819542 10.642483 -1.526024 2.638132
-13.726036 10.723954 -1.523929 2.638025
-13.626640 10.800345 -1.521228 2.637887
-13.535633 10.882930 -1.519513 2.637799
-13.442121 10.963124 -1.517571 2.637700
-13.343943 11.039072 -1.515151 2.637576
-13.247808 11.116231 -1.513010 2.637466
-13.138024 11.181338 -1.509351 2.637279
-13.034420 11.251011 -1.506435 2.637129
-12.928756 11.318269 -1.503319 2.636970
-12.822862 11.384672 -1.500211 2.636811
-12.717341 11.450746 -1.497182 2.636656
-12.600295 11.505654 -1.492823 2.636433
-12.480397 11.556976 -1.488141 2.636193
-12.362858 11.609495 -1.483754 2.635968
-12.242055 11.657953 -1.478987 2.635724
-12.111622 11.696057 -1.473059 2.635420
-11.983999 11.735602 -1.467466 2.635134
-11.854897 11.772423 -1.461685 2.634838
-11.718942 11.801041 -1.455045 2.634498
-11.576161 11.821189 -1.447529 2.634113
-11.437362 11.843736 -1.440477 2.633752
-11.293913 11.859781 -1.432804 2.633359
-11.139278 11.862128 -1.423658 2.632891
-10.992504 11.870823 -1.415456 2.632471
-10.845950 11.877833 -1.407229 2.632050
-10.694484 11.877427 -1.398301 2.631593
-10.549527 11.882222 -1.390161 2.631176
-10.406629 11.887398 -1.382233 2.630770
-10.257218 11.883101 -1.373373 2.630317
-10.107262 11.875996 -1.364363 2.629855
-9.963057 11.873508 -1.356054 2.629430
-9.820478 11.870923 -1.347895 2.629012
-9.679586 11.868347 -1.339897 2.628603
-9.540982 11.866588 -1.332146 2.628206
-9.402045 11.862432 -1.324278 2.627803
-9.264058 11.857453 -1.316470 2.627403
-9.128126 11.853117 -1.308882 2.627015
-8.992575 11.847281 -1.301273 2.626625
-8.863374 11.847915 -1.294514 2.626279
-8.732615 11.844634 -1.287463 2.625918
-8.603273 11.841390 -1.280551 2.625564
-8.476095 11.839289 -1.273893 2.625223
-8.359501 11.850348 -1.268773 2.624961
-8.244058 11.861643 -1.263789 2.624706
-8.123114 11.863510 -1.257915 2.624405
-8.016881 11.885515 -1.254283 2.624219
-7.911284 11.907444 -1.250738 2.624038
-7.801507 11.921954 -1.246511 2.623821
-7.697663 11.944433 -1.243212 2.623652
-7.593611 11.965619 -1.239869 2.623481
-7.492064 11.989809 -1.236926 2.623331
-7.393309 12.017656 -1.234443 2.623204
-7.294969 12.045427 -1.232035 2.623080
-7.202223 12.081841 -1.230586 2.623006
-7.109652 12.118112 -1.229195 2.622935
-7.018877 12.157051 -1.228144 2.622881
-6.926116 12.192173 -1.226777 2.622811
-6.835664 12.230983 -1.225851 2.622763
-6.748006 12.274575 -1.225469 2.622744
-6.662151 12.321394 -1.225469 2.622744
-6.578560 12.372473 -1.225952 2.622769
-6.494866 12.423537 -1.226489 2.622796
-6.411565 12.475558 -1.227175 2.622831
-6.329583 12.530443 -1.228198 2.622884
-6.247221 12.584949 -1.229235 2.622937
-6.168538 12.647377 -1.231096 2.623032
-6.090732 12.712343 -1.233251 2.623142
-6.015282 12.783126 -1.236014 2.623284
-5.936777 12.848361 -1.238284 2.623400
-5.855085 12.907468 -1.240010 2.623488
-5.772797 12.965914 -1.241723 2.623576
-5.692422 13.029446 -1.243971 2.623691
-5.612334 13.094558 -1.246416 2.623816
-5.532096 13.160335 -1.248971 2.623947
-5.454466 13.233531 -1.252273 2.624116
-5.375276 13.304275 -1.255386 2.624276
-5.292439 13.367182 -1.257804 2.624400
-5.209304 13.430390 -1.260299 2.624527
-5.127082 13.497137 -1.263173 2.624674
-5.039873 13.551814 -1.264966 2.624766
-4.953887 13.610691 -1.267203 2.624881
-4.867753 13.670245 -1.269553 2.625001
-4.778595 13.722258 -1.271254 2.625088
-4.690953 13.779580 -1.273499 2.625203
-4.602217 13.834781 -1.275600 2.625311
-4.511864 13.886088 -1.277395 2.625403
-4.423234 13.943807 -1.279833 2.625527
-4.334248 14.001696 -1.282338 2.625656
-4.243633 14.055587 -1.284529 2.625768
-4.150984 14.103840 -1.286259 2.625856
-4.056754 14.147583 -1.287634 2.625927
-3.963469 14.195560 -1.289451 2.626020
-3.873328 14.256218 -1.292473 2.626174
-3.780943 14.310292 -1.294950 2.626301
-3.687850 14.363234 -1.297380 2.626426
-3.594936 14.418500 -1.300073 2.626564
-3.501892 14.475079 -1.302938 2.626710
-3.409817 14.537848 -1.306414 2.626888
-3.315137 14.591646 -1.309136 2.627028
-3.219843 14.644692 -1.311847 2.627167
-3.124726 14.700681 -1.314876 2.627322
-3.028566 14.754017 -1.317723 2.627467
-2.933110 14.813314 -1.321158 2.627643
-2.836519 14.869573 -1.324377 2.627808
-2.739433 14.926003 -1.327668 2.627976
-2.642508 14.986406 -1.331367 2.628166
-2.542561 15.032516 -1.333854 2.628293
-2.443001 15.083575 -1.336838 2.628446
-2.344603 15.145232 -1.340820 2.628650
-2.242954 15.189262 -1.343299 2.628777
-2.142815 15.246918 -1.347042 2.628968
-2.040931 15.296057 -1.350091 2.629125
-1.938883 15.347880 -1.353438 2.629296
-1.837237 15.407557 -1.357536 2.629506
-1.734758 15.465734 -1.361562 2.629712
-1.630718 15.515247 -1.364885 2.629882
-1.526587 15.569319 -1.368671 2.630076
-1.422448 15.630128 -1.373110 2.630303
-1.315819 15.669705 -1.375746 2.630438
-1.209293 15.716183 -1.379052 2.630607
-1.102280 15.763342 -1.382481 2.630783
-0.994487 15.806898 -1.385659 2.630946
-0.885937 15.846231 -1.388531 2.631093
-0.776849 15.883900 -1.391322 2.631236
-0.667399 15.923704 -1.394367 2.631392
-0.557577 15.966903 -1.397774 2.631566
-0.446995 16.002613 -1.400593 2.631710
-0.336001 16.040743 -1.403691 2.631869
-0.224530 16.079985 -1.406953 2.632036
-0.112526 16.118200 -1.410194 2.632202
0.000000 16.155161 -1.413393 2.632366
0.113013 16.187868 -1.416289 2.632514
0.226462 16.217718 -1.419005 2.632653
0.340441 16.252340 -1.422207 2.632817
0.454813 16.282513 -1.425091 2.632965
0.569867 16.318842 -1.428584 2.633143
0.685337 16.351686 -1.431843 2.633310
0.801808 16.394056 -1.436009 2.633523
0.917808 16.416142 -1.438469 2.633650
1.034534 16.443426 -1.441458 2.633803
1.152844 16.486433 -1.445898 2.634030
1.270576 16.512638 -1.448939 2.634186
1.389843 16.551136 -1.453133 2.634400
1.509402 16.585501 -1.457040 2.634600
1.629018 16.613995 -1.460507 2.634778
1.750392 16.653866 -1.465050 2.635010
1.871995 16.689226 -1.469275 2.635227
1.994874 16.729467 -1.474008 2.635469
2.119126 16.774584 -1.479250 2.635738
2.244101 16.818743 -1.484490 2.636006
2.367833 16.848009 -1.488496 2.636211
2.493686 16.887222 -1.493462 2.636465
2.620513 16.927450 -1.498601 2.636728
2.751235 16.986616 -1.505503 2.637082
2.883157 17.046238 -1.512534 2.637442
3.014740 17.097439 -1.518908 2.637768
3.145047 17.136024 -1.524249 2.638041
3.279386 17.191113 -1.531148 2.638395
3.414621 17.245077 -1.538041 2.638748
3.553798 17.312746 -1.546251 2.639168
3.694255 17.380104 -1.554532 2.639592
3.839080 17.461145 -1.564140 2.640084
3.978831 17.512865 -1.571223 2.640447
4.125841 17.590593 -1.580743 2.640934
4.274368 17.668110 -1.590351 2.641426
4.426148 17.752312 -1.600673 2.641954
4.578574 17.832375 -1.610735 2.642469
4.727404 17.892481 -1.619106 2.642898
4.880278 17.962391 -1.628476 2.643378
5.038274 18.045063 -1.639120 2.643923
5.197977 18.127499 -1.649864 2.644473
5.357085 18.201822 -1.659992 2.644992
5.522036 18.289843 -1.671494 2.645580
5.679785 18.348406 -1.680429 2.646038
5.843513 18.421078 -1.690780 2.646568
6.011676 18.502035 -1.702021 2.647144
6.170495 18.549200 -1.710281 2.647566
6.339483 18.622089 -1.721041 2.648117
6.507145 18.685961 -1.731100 2.648632
6.673939 18.742592 -1.740620 2.649120
6.842463 18.799515 -1.750300 2.649615
7.014790 18.862207 -1.760654 2.650146
7.182109 18.907017 -1.769474 2.650597
7.350819 18.951532 -1.778400 2.651054
7.512674 18.974844 -1.785465 2.651416
7.680109 19.008936 -1.793675 2.651836
7.849744 19.044912 -1.802197 2.652272
8.012935 19.062002 -1.809064 2.652624
8.175378 19.074575 -1.815629 2.652960
8.341102 19.092022 -1.822789 2.653327
8.504023 19.100348 -1.829207 2.653655
8.666640 19.105509 -1.835451 2.653975
8.828732 19.107111 -1.841482 2.654284
8.985737 19.095652 -1.846378 2.654535
9.143538 19.084028 -1.851382 2.654791
9.300866 19.069601 -1.856236 2.655039
9.458412 19.053852 -1.861085 2.655288
9.613019 19.030527 -1.865317 2.655504
9.767329 19.005157 -1.869469 2.655717
9.918367 18.972080 -1.872981 2.655897
10.069483 18.937944 -1.876505 2.656077
10.220774 18.902929 -1.880060 2.656259
10.372611 18.867695 -1.883712 2.656446
10.524489 18.831347 -1.887373 2.656634
10.673458 18.788679 -1.890519 2.656795
10.821487 18.743366 -1.893515 2.656948
10.968666 18.695642 -1.896384 2.657095
11.113608 18.643238 -1.898892 2.657223
11.258405 18.589827 -1.901411 2.657352
11.403118 18.535500 -1.903951 2.657482
11.544456 18.474991 -1.905968 2.657585
11.686458 18.414915 -1.908140 2.657697
11.827404 18.352526 -1.910186 2.657801
11.965481 18.285162 -1.911822 2.657885
12.103752 18.217607 -1.913547 2.657974
12.240226 18.146881 -1.915048 2.658050
12.375807 18.074413 -1.916471 2.658123
12.511553 18.001753 -1.917982 2.658201
12.643884 17.923840 -1.919039 2.658255
12.774829 17.843689 -1.919960 2.658302
12.905809 17.763323 -1.920960 2.658353
13.036205 17.681883 -1.921948 2.658404
13.166694 17.600271 -1.923023 2.658459
13.293240 17.513187 -1.923601 2.658488
13.418309 17.424026 -1.924050 2.658511
13.545195 17.337057 -1.924842 2.658552
13.670929 17.248423 -1.925551 2.658588
13.792429 17.154312 -1.925748 2.658598
13.912742 17.058701 -1.925871 2.658605
14.033002 16.962980 -1.926078 2.658615
14.153227 16.867159 -1.926370 2.658630
14.271709 16.769205 -1.926515 2.658638
14.389952 16.670910 -1.926718 2.658648
14.506006 16.570070 -1.926721 2.658648
14.621276 16.468336 -1.926714 2.658648
14.735617 16.365561 -1.926678 2.658646
14.850528 16.263407 -1.926811 2.658653
14.963285 16.158869 -1.926756 2.658650
15.073375 16.051506 -1.926455 2.658634
15.180205 15.940783 -1.925838 2.658603
15.283854 15.826894 -1.924923 2.658556
15.378836 15.704353 -1.923030 2.658459
15.468495 15.576855 -1.920596 2.658334
15.551999 15.443796 -1.917530 2.658177
15.635177 15.311093 -1.914560 2.658025
15.727179 15.187560 -1.912795 2.657935
15.822688 15.067745 -1.911571 2.657872
15.958479 14.985999 -1.915289 2.658063
16.096125 14.905168 -1.919273 2.658267
16.227352 14.817605 -1.922539 2.658434
16.360420 14.730989 -1.926073 2.658615
16.499001 14.648501 -1.930301 2.658831
16.646530 14.572927 -1.935611 2.659103
16.791256 14.493816 -1.940626 2.659360
16.932501 14.410684 -1.945275 2.659598
17.072609 14.325621 -1.949834 2.659831
17.219534 14.245241 -1.955209 2.660107
17.363178 14.161053 -1.960245 2.660364
17.509005 14.077596 -1.965565 2.660637
17.663973 14.000289 -1.971941 2.660963
17.815475 13.918975 -1.977958 2.661271
17.968626 13.837708 -1.984188 2.661590
18.127281 13.759346 -1.991050 2.661942
18.292513 13.684542 -1.998657 2.662331
18.457739 13.608215 -2.006281 2.662721
18.630463 13.535824 -2.014734 2.663154
18.812899 13.468716 -2.024245 2.663641
19.011074 13.410829 -2.035444 2.664215
19.217567 13.356552 -2.047520 2.664833
19.439743 13.310667 -2.061240 2.665535
19.675539 13.271318 -2.076367 2.666310
19.936291 13.245644 -2.094075 2.667217
20.208557 13.224100 -2.112924 2.668182
20.489641 13.204667 -2.132622 2.669190
20.800329 13.200288 -2.155315 2.670352
21.108084 13.189795 -2.177610 2.671494
21.431402 13.184690 -2.201416 2.672712
21.744707 13.169053 -2.224099 2.673874
22.070881 13.156878 -2.248011 2.675098
22.215734 13.033891 -2.253442 2.675376
22.219624 12.828506 -2.244698 2.674928
22.223478 12.624696 -2.236129 2.674490
22.227304 12.422411 -2.227732 2.674060
22.231098 12.221643 -2.219507 2.673639
22.234861 12.022342 -2.211449 2.673226
21.846512 11.615996 -2.164706 2.670833
21.213823 11.090322 -2.094292 2.667228
21.217331 10.904219 -2.087072 2.666858
21.220814 10.719398 -2.080002 2.666496
21.224270 10.535816 -2.073081 2.666142
21.322618 10.399736 -2.075545 2.666268
21.476118 10.289635 -2.083443 2.666672
21.630808 10.178677 -2.091505 2.667085
21.786694 10.066859 -2.099731 2.667506
21.943815 9.954153 -2.108125 2.667936
22.102203 9.840535 -2.116690 2.668375
22.261892 9.725985 -2.125428 2.668822
22.281357 9.549793 -2.120869 2.668588
22.284767 9.367648 -2.114917 2.668284
22.288157 9.186512 -2.109101 2.667986
22.291525 9.006361 -2.103419 2.667695
22.294872 8.827168 -2.097868 2.667411
22.298203 8.648894 -2.092449 2.667133
22.301512 8.471544 -2.087158 2.666862
22.304802 8.295079 -2.081996 2.666598
22.283772 8.110629 -2.074697 2.666224
21.862776 7.784986 -2.030391 2.663956
21.459332 7.472922 -1.988029 2.661787
21.285820 7.246279 -1.967220 2.660722
21.288876 7.081864 -1.962886 2.660500
21.291916 6.918163 -1.958665 2.660284
21.294943 6.755156 -1.954558 2.660073
21.382353 6.618937 -1.958291 2.660264
21.542461 6.504048 -1.968748 2.660800
21.704296 6.387919 -1.979414 2.661346
21.867899 6.270519 -1.990294 2.661903
22.033318 6.151815 -2.001392 2.662471
22.200609 6.031765 -2.012713 2.663051
22.349157 5.904897 -2.022394 2.663546
22.352221 5.739072 -2.018996 2.663373
22.355268 5.573795 -2.015708 2.663204
22.358307 5.409046 -2.012528 2.663041
22.361334 5.244796 -2.009455 2.662884
22.364349 5.081050 -2.006490 2.662732
22.367353 4.917779 -2.003630 2.662586
22.370346 4.754964 -2.000876 2.662445
22.373331 4.592587 -1.998226 2.662309
22.376305 4.430620 -1.995680 2.662179
22.255178 4.245397 -1.982186 2.661488
21.982576 4.034555 -1.955350 2.660114
21.717243 3.829336 -1.929323 2.658781
21.458864 3.629498 -1.904072 2.657488
21.355682 3.458859 -1.892727 2.656908
21.358469 3.306461 -1.890883 2.656813
21.361248 3.154352 -1.889133 2.656723
21.364019 3.002517 -1.887478 2.656639
21.413971 2.857236 -1.890083 2.656772
21.594063 2.727957 -1.904251 2.657498
21.776869 2.596730 -1.918726 2.658239
21.962481 2.463485 -1.933518 2.658996
22.150984 2.328162 -1.948635 2.659770
22.342464 2.190700 -1.964086 2.660561
22.419952 2.040368 -1.969598 2.660843
22.422812 1.882891 -1.968646 2.660795
22.425667 1.725559 -1.967791 2.660751
22.428516 1.568355 -1.967033 2.660712
22.431362 1.411264 -1.966370 2.660678
22.434206 1.254260 -1.965804 2.660649
22.437044 1.097350 -1.965333 2.660625
22.439880 0.940507 -1.964959 2.660606
22.442713 0.783717 -1.964680 2.660592
8.468953 0.236560 -0.741226 2.597951
22.339359 0.467936 -1.954869 2.660089
22.133923 0.309063 -1.936656 2.659157
21.932266 0.153116 -1.918872 2.658246
21.724268 -0.000000 -2.667405 2.696571
21.529989 -0.150310 -2.643615 2.695353
21.407860 -0.298930 -2.628811 2.694595
21.410542 -0.448487 -2.629461 2.694628
21.413223 -0.598126 -2.630239 2.694668
21.415905 -0.747860 -2.631145 2.694715
21.418585 -0.897705 -2.632180 2.694767
21.603821 -1.056603 -2.655786 2.695976
21.839319 -1.221008 -2.685719 2.697509
22.080196 -1.389168 -2.716467 2.699083
22.326658 -1.561232 -2.748063 2.700701
22.471039 -1.729052 -2.767252 2.701683
22.473850 -1.887182 -2.769154 2.701781
22.476662 -2.045537 -2.771192 2.701885
22.479475 -2.204132 -2.773369 2.701996
22.482290 -2.362984 -2.775684 2.702115
22.485107 -2.522109 -2.778138 2.702240
22.487926 -2.681523 -2.780731 2.702373
22.490747 -2.841242 -2.783465 2.702513
22.493572 -3.001283 -2.786340 2.702661
22.496401 -3.161663 -2.789356 2.702815
22.435165 -3.312937 -2.784564 2.702570
22.258423 -3.445786 -2.765546 2.701596
22.084066 -3.576838 -2.746918 2.700642
21.912035 -3.706143 -2.728672 2.699708
21.742264 -3.833748 -2.710798 2.698793
21.574694 -3.959697 -2.693286 2.697896
21.475157 -4.096605 -2.684365 2.697439
21.477886 -4.252736 -2.688352 2.697644
21.480623 -4.409338 -2.692482 2.697855
21.483364 -4.566430 -2.696756 2.698074
21.498970 -4.726855 -2.702792 2.698383
21.819323 -4.957228 -2.747349 2.700664
22.150423 -5.195335 -2.793538 2.703029
22.492859 -5.441596 -2.841447 2.705482
22.539389 -5.619701 -2.852212 2.706033
22.542307 -5.787881 -2.857625 2.706310
22.545233 -5.956707 -2.863198 2.706596
22.548166 -6.126201 -2.868932 2.706889
22.551111 -6.296383 -2.874830 2.707191
22.554064 -6.467274 -2.880892 2.707501
22.557026 -6.638894 -2.887120 2.707820
22.559999 -6.811265 -2.893516 2.708148
22.562981 -6.984410 -2.900082 2.708484
22.473495 -7.129013 -2.894907 2.708219
22.315910 -7.250879 -2.881058 2.707510
22.159817 -7.371590 -2.867480 2.706815
22.005177 -7.491174 -2.854168 2.706133
21.851959 -7.609658 -2.841116 2.705465
21.700127 -7.727068 -2.828321 2.704810
21.549648 -7.843431 -2.815776 2.704168
21.542831 -8.011707 -2.822125 2.704493
21.545782 -8.184475 -2.829928 2.704892
21.548744 -8.358208 -2.837912 2.705301
21.628332 -8.563262 -2.856197 2.706237
22.183891 -8.962873 -2.937755 2.710413
22.602873 -9.316232 -3.001780 2.713691
22.606041 -9.502705 -3.010938 2.714160
22.408556 -9.604320 -2.993492 2.713267
22.035793 -9.627202 -2.952603 2.711173
21.601883 -9.617778 -2.903389 2.708653
21.177242 -9.606423 -2.855260 2.706189
20.734421 -9.580648 -2.804505 2.703591
20.337635 -9.570166 -2.759807 2.701302
19.877775 -9.523834 -2.706360 2.698565
19.492085 -9.506925 -2.662820 2.696336
19.075462 -9.469142 -2.614873 2.693881
18.716599 -9.454435 -2.574665 2.691823
18.344934 -9.428017 -2.532531 2.689666
17.965933 -9.392363 -2.489201 2.687447
17.638630 -9.378626 -2.452865 2.685587
17.299894 -9.354018 -2.414783 2.683637
17.005341 -9.348765 -2.382720 2.681995
16.680941 -9.322662 -2.346328 2.680132
16.407362 -9.320679 -2.316943 2.678627
16.134394 -9.315196 -2.287525 2.677121
15.851092 -9.299781 -2.256509 2.675533
15.602126 -9.300735 -2.230256 2.674189
15.348989 -9.295679 -2.203294 2.672808
15.118155 -9.300752 -2.179426 2.671587
14.866698 -9.289744 -2.152473 2.670207
14.638700 -9.290002 -2.128801 2.668994
14.404020 -9.282758 -2.104047 2.667727
14.196215 -9.289743 -2.083115 2.666655
14.058746 -9.340610 -2.072461 2.666110
13.942413 -9.404277 -2.064940 2.665725
13.828498 -9.468571 -2.057809 2.665360
13.709565 -9.528396 -2.049960 2.664958
13.578524 -9.578595 -2.040315 2.664464
13.448017 -9.627835 -2.030756 2.663975
13.318515 -9.676468 -2.021352 2.663493
13.198914 -9.731079 -2.013462 2.663089
13.078693 -9.784112 -2.005494 2.662681
12.951933 -9.831053 -1.996532 2.662222
12.826052 -9.877391 -1.987709 2.661771
12.701907 -9.923818 -1.979158 2.661333
12.586942 -9.976288 -1.972049 2.660969
12.469386 -10.025643 -1.964550 2.660585
12.346849 -10.069845 -1.956272 2.660161
12.217770 -10.107419 -1.946954 2.659684
12.087151 -10.142323 -1.937375 2.659194
11.957556 -10.176679 -1.927944 2.658711
11.829021 -10.210537 -1.918667 2.658236
11.701546 -10.243929 -1.909544 2.657768
11.575146 -10.276896 -1.900579 2.657310
11.449661 -10.309321 -1.891747 2.656857
11.325151 -10.341285 -1.883057 2.656412
11.201599 -10.372794 -1.874509 2.655975
11.079005 -10.403879 -1.866103 2.655545
10.957369 -10.434563 -1.857841 2.655121
10.829737 -10.458156 -1.848535 2.654645
10.700574 -10.478777 -1.838930 2.654153
10.572566 -10.499012 -1.829483 2.653669
10.445688 -10.518869 -1.820192 2.653194
10.319918 -10.538354 -1.811052 2.652726
10.192149 -10.554279 -1.801517 2.652238
10.058357 -10.562316 -1.790858 2.651692
9.934611 -10.579286 -1.781933 2.651235
9.813234 -10.597329 -1.773389 2.650797
9.690174 -10.612095 -1.764496 2.650342
9.561825 -10.619482 -1.754582 2.649834
9.439245 -10.631678 -1.745666 2.649378
9.322996 -10.649573 -1.737875 2.648979
9.198724 -10.656824 -1.728536 2.648501
9.078773 -10.667522 -1.719949 2.648061
8.964304 -10.683242 -1.712351 2.647672
8.845191 -10.692000 -1.703816 2.647235
8.724851 -10.697724 -1.694980 2.646783
8.605555 -10.703152 -1.686280 2.646338
8.492369 -10.714704 -1.678718 2.645950
8.383162 -10.729959 -1.671898 2.645601
8.266973 -10.734884 -1.663631 2.645178
8.154042 -10.742554 -1.655958 2.644785
8.047191 -10.756902 -1.649469 2.644453
7.941038 -10.770963 -1.643084 2.644126
7.829083 -10.775809 -1.635445 2.643735
7.718495 -10.781081 -1.628027 2.643355
7.614527 -10.794279 -1.621953 2.643044
7.511205 -10.807208 -1.615977 2.642738
7.408518 -10.819869 -1.610097 2.642437
7.306457 -10.832268 -1.604312 2.642141
7.200958 -10.838314 -1.597723 2.641804
7.094099 -10.840919 -1.590768 2.641447
6.992785 -10.850678 -1.584997 2.641152
6.893259 -10.862040 -1.579589 2.640875
6.794301 -10.873154 -1.574268 2.640603
6.695896 -10.884025 -1.569036 2.640335
6.598038 -10.894655 -1.563890 2.640071
6.500714 -10.905049 -1.558829 2.639812
6.403913 -10.915208 -1.553852 2.639557
6.307631 -10.925138 -1.548959 2.639307
6.211854 -10.934840 -1.544149 2.639060
6.117579 -10.946117 -1.539673 2.638831
6.027113 -10.963278 -1.536130 2.638650
5.936875 -10.980022 -1.532632 2.638471
5.842874 -10.988847 -1.528132 2.638240
5.749330 -10.997454 -1.523710 2.638014
5.656237 -11.005846 -1.519365 2.637791
5.563584 -11.014026 -1.515095 2.637573
5.474231 -11.027768 -1.511691 2.637398
5.386163 -11.043270 -1.508625 2.637242
5.296588 -11.054832 -1.505116 2.637062
5.208040 -11.067649 -1.501874 2.636896
5.121418 -11.083765 -1.499173 2.636758
5.032450 -11.093973 -1.495765 2.636583
4.942369 -11.100743 -1.491989 2.636390
4.855973 -11.114883 -1.489297 2.636252
4.769837 -11.128865 -1.486672 2.636117
4.683934 -11.142642 -1.484108 2.635986
4.598260 -11.156214 -1.481604 2.635858
4.513822 -11.172101 -1.479493 2.635750
4.431376 -11.192378 -1.478045 2.635676
4.347414 -11.208305 -1.476104 2.635576
4.262156 -11.220206 -1.473717 2.635454
4.177123 -11.231944 -1.471392 2.635335
4.092300 -11.243502 -1.469128 2.635219
4.007677 -11.254865 -1.466921 2.635106
3.923253 -11.266049 -1.464773 2.634996
3.839564 -11.278646 -1.462890 2.634900
3.758116 -11.297313 -1.461872 2.634848
3.676738 -11.315836 -1.460912 2.634799
3.595416 -11.334189 -1.460005 2.634752
3.514139 -11.352351 -1.459149 2.634708
3.432899 -11.370314 -1.458342 2.634667
3.351701 -11.388103 -1.457587 2.634629
3.270549 -11.405760 -1.456889 2.634593
3.189428 -11.423250 -1.456243 2.634559
3.109231 -11.443872 -1.456069 2.634551
3.029922 -11.467799 -1.456387 2.634567
2.950538 -11.491585 -1.456756 2.634586
2.871060 -11.515192 -1.457172 2.634607
2.791495 -11.538660 -1.457640 2.634631
2.712269 -11.563820 -1.458391 2.634670
2.632132 -11.585377 -1.458756 2.634688
2.552237 -11.608239 -1.459356 2.634719
2.473706 -11.637874 -1.460875 2.634797
2.394450 -11.664854 -1.462127 2.634861
2.314458 -11.688871 -1.463077 2.634909
2.234960 -11.716074 -1.464493 2.634982
2.155279 -11.743188 -1.465966 2.635057
2.076460 -11.776193 -1.468240 2.635174
1.997398 -11.809330 -1.470598 2.635294
1.918509 -11.845234 -1.473365 2.635436
1.839813 -11.884472 -1.476612 2.635602
1.759513 -11.915398 -1.478892 2.635719
1.680460 -11.957096 -1.482575 2.635908
1.601068 -11.999446 -1.486404 2.636104
1.521888 -12.046987 -1.490940 2.636336
1.442889 -12.100441 -1.496273 2.636609
1.362369 -12.145786 -1.500667 2.636834
1.282368 -12.200916 -1.506336 2.637124
1.201898 -12.257910 -1.512300 2.637430
1.119023 -12.296000 -1.515998 2.637619
1.035987 -12.337252 -1.520155 2.637832
0.953234 -12.388379 -1.525598 2.638110
0.869034 -12.427768 -1.529664 2.638319
0.784289 -12.465919 -1.533649 2.638523
0.698852 -12.499887 -1.537190 2.638704
0.612944 -12.532581 -1.540647 2.638881
0.526643 -12.565313 -1.544181 2.639062
0.439730 -12.592209 -1.547071 2.639210
0.352464 -12.618420 -1.549951 2.639357
0.264852 -12.643942 -1.552821 2.639504
0.176931 -12.670982 -1.555953 2.639665
0.088650 -12.697973 -1.559153 2.639829
-0.000000 -12.718426 -1.561626 2.639955
-0.088865 -12.728725 -1.562929 2.640022
-0.177855 -12.737082 -1.564070 2.640080
-0.266978 -12.745357 -1.565276 2.640142
-0.356298 -12.755662 -1.566809 2.640221
-0.445927 -12.769672 -1.568874 2.640326
-0.535791 -12.783584 -1.571005 2.640435
-0.625897 -12.797387 -1.573200 2.640548
-0.715796 -12.802923 -1.574456 2.640612
-0.806025 -12.811400 -1.576152 2.640699
-0.896444 -12.819740 -1.577910 2.640789
-0.987058 -12.827959 -1.579731 2.640882
-1.077618 -12.833000 -1.581240 2.640960
-1.168082 -12.835054 -1.582459 2.641022
-1.258818 -12.838426 -1.583920 2.641097
-1.349558 -12.840187 -1.585261 2.641165
-1.440378 -12.841254 -1.586596 2.641234
-1.531949 -12.847301 -1.588625 2.641338
-1.623982 -12.855132 -1.590957 2.641457
-1.714686 -12.850976 -1.591885 2.641505
-1.805346 -12.845701 -1.592754 2.641549
-1.896452 -12.842745 -1.593991 2.641612
-1.988284 -12.843529 -1.595772 2.641703
-2.079245 -12.837638 -1.596805 2.641756
-2.170126 -12.830557 -1.597769 2.641806
-2.261095 -12.823306 -1.598793 2.641858
-2.352155 -12.815886 -1.599877 2.641914
-2.443313 -12.808293 -1.601019 2.641972
-2.534574 -12.800529 -1.602221 2.642034
-2.625942 -12.792593 -1.603484 2.642098
-2.718891 -12.791377 -1.605671 2.642210
-2.810884 -12.784633 -1.607249 2.642291
-2.902847 -12.776923 -1.608788 2.642370
-2.995667 -12.772085 -1.610773 2.642472
-3.088493 -12.766302 -1.612724 2.642571
-3.180752 -12.757298 -1.614352 2.642655
-3.273160 -12.748116 -1.616043 2.642741
-3.365724 -12.738751 -1.617795 2.642831
-3.458449 -12.729204 -1.619609 2.642924
-3.551341 -12.719475 -1.621487 2.643020
-3.644408 -12.709561 -1.623427 2.643120
-3.737459 -12.698794 -1.625345 2.643218
-3.830573 -12.687468 -1.627278 2.643317
-3.923859 -12.675938 -1.629273 2.643419
-4.017322 -12.664204 -1.631330 2.643524
-4.110970 -12.652264 -1.633449 2.643633
-4.204807 -12.640116 -1.635631 2.643744
-4.298841 -12.627760 -1.637876 2.643859
-4.393076 -12.615193 -1.640184 2.643977
-4.487518 -12.602415 -1.642556 2.644099
-4.582175 -12.589423 -1.644992 2.644223
-4.677053 -12.576216 -1.647493 2.644351
-4.772158 -12.562791 -1.650058 2.644483
-4.867495 -12.549148 -1.652689 2.644618
-4.963070 -12.535285 -1.655386 2.644756
-5.058893 -12.521199 -1.658150 2.644897
-5.154968 -12.506888 -1.660980 2.645042
-5.251302 -12.492352 -1.663878 2.645190
-5.349830 -12.482087 -1.667445 2.645373
-5.449764 -12.474019 -1.671409 2.645576
-5.546301 -12.457197 -1.674303 2.645724
-5.643090 -12.440123 -1.677262 2.645876
-5.740138 -12.422793 -1.680288 2.646031
-5.837449 -12.405208 -1.683380 2.646189
-5.935030 -12.387362 -1.686540 2.646351
-6.032889 -12.369255 -1.689768 2.646516
-6.135151 -12.359181 -1.694202 2.646743
-6.238416 -12.349963 -1.698867 2.646982
-6.337602 -12.331637 -1.702391 2.647162
-6.436782 -12.312429 -1.705902 2.647342
-6.536276 -12.292948 -1.709483 2.647526
-6.636088 -12.273188 -1.713136 2.647712
-6.736226 -12.253147 -1.716862 2.647903
-6.836696 -12.232824 -1.720660 2.648098
-6.937503 -12.212215 -1.724532 2.648296
-7.038660 -12.191317 -1.728478 2.648498
-7.140162 -12.170111 -1.732496 2.648704
-7.242037 -12.148628 -1.736593 2.648914
-7.344282 -12.126848 -1.740767 2.649127
-7.446901 -12.104766 -1.745018 2.649345
-7.549909 -12.082379 -1.749346 2.649567
-7.653309 -12.059685 -1.753754 2.649792
-7.757111 -12.036678 -1.758240 2.650022
-7.861321 -12.013356 -1.762808 2.650256
-7.965948 -11.989717 -1.767456 2.650494
-8.070512 -11.965026 -1.772079 2.650730
-8.176492 -11.941464 -1.777001 2.650982
-8.280891 -11.914640 -1.781569 2.651216
-8.381749 -11.881886 -1.785378 2.651411
-8.486609 -11.853971 -1.790042 2.651650
-8.591869 -11.825694 -1.794786 2.651893
-8.697536 -11.797050 -1.799611 2.652140
-8.803615 -11.768033 -1.804516 2.652391
-8.910115 -11.738642 -1.809504 2.652647
-9.017044 -11.708871 -1.814574 2.652906
-9.124412 -11.678714 -1.819729 2.653170
-9.231772 -11.647593 -1.824878 2.653434
-9.335174 -11.610613 -1.829250 2.653657
-9.438927 -11.573269 -1.833704 2.653885
-9.548620 -11.542296 -1.839314 2.654173
-9.660662 -11.513128 -1.845369 2.654483
-9.766007 -11.475017 -1.850143 2.654727
-9.871696 -11.436469 -1.854995 2.654976
-9.985322 -11.406143 -1.861338 2.655300
-10.097423 -11.372998 -1.867387 2.655610
-10.204187 -11.332899 -1.872455 2.655870
-10.311396 -11.292416 -1.877614 2.656134
-10.419027 -11.251524 -1.882864 2.656403
-10.527073 -11.210196 -1.888200 2.656676
-10.635542 -11.168417 -1.893624 2.656953
-10.750113 -11.132068 -1.900140 2.657287
-10.864944 -11.094912 -1.906699 2.657623
-10.978120 -11.055029 -1.912969 2.657944
-11.089464 -11.012316 -1.918928 2.658249
-11.200452 -10.968290 -1.924836 2.658551
-11.314714 -10.926493 -1.931316 2.658883
-11.436337 -10.890673 -1.939050 2.659279
-11.552972 -10.848961 -1.945936 2.659632
-11.669818 -10.806371 -1.952863 2.659986
-11.787331 -10.763309 -1.959905 2.660347
-11.905540 -10.719797 -1.967068 2.660714
-12.024359 -10.675722 -1.974337 2.661086
-12.148794 -10.635465 -1.982529 2.661505
-12.279383 -10.599279 -1.991715 2.661976
-12.401157 -10.554210 -1.999467 2.662373
-12.523088 -10.508120 -2.007249 2.662771
-12.645782 -10.461498 -2.015159 2.663176
-12.758277 -10.405396 -2.021460 2.663499
-12.867736 -10.345926 -2.027310 2.663798
-12.971830 -10.281343 -2.032351 2.664056
-13.079206 -10.218596 -2.037948 2.664343
-13.175614 -10.146585 -2.041882 2.664544
-13.269109 -10.071800 -2.045424 2.664726
-13.354947 -9.990778 -2.047854 2.664850
-13.438924 -9.908027 -2.050075 2.664964
-13.522877 -9.824945 -2.052368 2.665081
-13.606849 -9.741544 -2.054740 2.665203
-13.688338 -9.656059 -2.056816 2.665309
-13.762892 -9.565460 -2.057934 2.665366
-13.836169 -9.473821 -2.058950 2.665418
-13.909355 -9.381979 -2.060044 2.665474
-13.983076 -9.290330 -2.061306 2.665539
-14.061940 -9.201875 -2.063411 2.665647
-14.140808 -9.113131 -2.065598 2.665759
-14.208541 -9.017012 -2.066246 2.665792
-14.276826 -8.921151 -2.067069 2.665834
-14.350069 -8.828218 -2.068699 2.665917
-14.424226 -8.735620 -2.070547 2.666012
-14.494104 -8.640222 -2.071869 2.666080
-14.560197 -8.542415 -2.072741 2.666124
-14.619943 -8.440827 -2.072807 2.666128
-14.675509 -8.336846 -2.072382 2.666106
-14.740233 -8.238037 -2.073350 2.666155
-14.807901 -8.140714 -2.074823 2.666231
-14.875504 -8.043154 -2.076377 2.666311
-14.943042 -7.945356 -2.078011 2.666394
-15.003753 -7.843769 -2.078788 2.666434
-15.056849 -7.738168 -2.078609 2.666425
-15.109718 -7.632469 -2.078501 2.666419
-15.161221 -7.526093 -2.078307 2.666409
-15.211061 -7.418930 -2.077988 2.666393
-15.256175 -7.309531 -2.077129 2.666349
-15.291006 -7.195400 -2.074981 2.666239
-15.328440 -7.082735 -2.073301 2.666153
-15.359677 -6.967457 -2.070896 2.666030
-15.383266 -6.849072 -2.067579 2.665860
-15.402423 -6.729150 -2.063789 2.665666
-15.439518 -6.617385 -2.062519 2.665601
-15.466933 -6.501701 -2.060068 2.665475
-15.473311 -6.377637 -2.054937 2.665213
-15.494874 -6.260335 -2.051946 2.665060
-15.529196 -6.148441 -2.050757 2.664999
-15.559789 -6.035243 -2.049183 2.664918
-15.588999 -5.921706 -2.047535 2.664834
-15.627707 -5.811891 -2.047240 2.664819
-15.668822 -5.702985 -2.047360 2.664825
-15.716935 -5.596546 -2.048492 2.664883
-15.753895 -5.486086 -2.048267 2.664871
-15.783648 -5.373193 -2.047209 2.664817
-15.812587 -5.260146 -2.046149 2.664763
-15.836317 -5.145531 -2.044521 2.664680
-15.891238 -5.040995 -2.047018 2.664807
-15.959400 -4.940259 -2.051306 2.665027
-16.005959 -4.832485 -2.052904 2.665108
-16.056175 -4.725587 -2.055063 2.665219
-16.106289 -4.618404 -2.057300 2.665334
-16.152018 -4.509722 -2.059069 2.665424
-16.186251 -4.397706 -2.059469 2.665445
-16.220222 -4.285569 -2.059935 2.665469
-16.253937 -4.173300 -2.060466 2.665496
-16.278059 -4.058576 -2.059882 2.665466
-16.307249 -3.945136 -2.060040 2.665474
-16.321869 -3.828259 -2.058460 2.665393
-16.335871 -3.711420 -2.056908 2.665314
-16.351778 -3.595170 -2.055701 2.665252
-16.376774 -3.480991 -2.055738 2.665254
-16.401064 -3.366652 -2.055786 2.665256
-16.397636 -3.246819 -2.052465 2.665086
-16.398605 -3.128202 -2.049803 2.664950
-16.395361 -3.009110 -2.046722 2.664792
-16.417826 -2.894906 -2.046953 2.664804
-16.464428 -2.784747 -2.050290 2.664975
-16.482237 -2.669539 -2.050137 2.664967
-16.478458 -2.551001 -2.047401 2.664827
-16.487236 -2.434621 -2.046330 2.664772
-16.496296 -2.318403 -2.045396 2.664724
-16.513714 -2.203397 -2.045599 2.664735
-16.539116 -2.089375 -2.046888 2.664801
-16.564075 -1.975147 -2.048221 2.664869
-16.585096 -1.860315 -2.049164 2.664917
-16.605848 -1.745345 -2.050173 2.664969
-16.626335 -1.630224 -2.051247 2.665024
-16.647898 -1.515077 -2.052552 2.665091
-16.666512 -1.399527 -2.053593 2.665144
-16.683956 -1.283759 -2.054588 2.665195
-16.701622 -1.167891 -2.055709 2.665252
-16.714369 -1.051576 -2.056324 2.665284
-16.730162 -0.935360 -2.057413 2.665339
-16.739706 -0.818709 -2.057834 2.665361
-16.744425 -0.701798 -2.057762 2.665357
-16.748882 -0.584884 -2.057758 2.665357
-16.742561 -0.467659 -2.056530 2.665294
-16.719931 -0.350232 -2.053400 2.665134
-16.701075 -0.233207 -2.050834 2.665003
-16.665739 -0.116349 -2.046345 2.664773
-16.621981 0.000000 -2.040923 2.664495
-16.611670 0.115976 -2.039706 2.664433
-16.592083 0.231685 -2.037450 2.664317
-16.564796 0.346982 -2.034347 2.664159
-16.536211 0.461900 -2.031183 2.663997
-16.494011 0.575984 -2.026444 2.663754
-16.455997 0.689713 -2.022316 2.663543
-16.424561 0.803296 -2.019093 2.663378
-16.384098 0.916012 -2.014856 2.663161
-16.351025 1.028721 -2.011623 2.662995
-16.321552 1.141314 -2.008928 2.662857
-16.291273 1.253548 -2.006230 2.662719
-16.268742 1.366125 -2.004581 2.662635
-16.235838 1.477576 -2.001749 2.662489
-16.197269 1.588158 -1.998312 2.662313
-16.162651 1.698763 -1.995455 2.662167
-16.096289 1.805491 -1.988770 2.661825
-16.058804 1.914897 -1.985742 2.661670
-16.002653 2.021604 -1.980496 2.661401
-15.946026 2.127656 -1.975278 2.661134
-15.933997 2.239377 -1.975676 2.661155
-15.870294 2.343524 -1.969758 2.660851
-15.789641 2.444366 -1.961818 2.660445
-15.744605 2.550069 -1.958387 2.660269
-15.721086 2.659024 -1.957723 2.660235
-15.677660 2.764394 -1.954670 2.660079
-15.661507 2.874427 -1.955111 2.660102
-15.617098 2.979122 -1.952116 2.659948
-15.582355 3.085389 -1.950418 2.659861
-15.554394 3.192860 -1.949661 2.659823
-15.528296 3.300641 -1.949230 2.659801
-15.508089 3.409677 -1.949634 2.659821
-15.492929 3.519908 -1.950770 2.659879
-15.465686 3.627443 -1.950481 2.659865
-15.439867 3.735299 -1.950467 2.659864
-15.404115 3.840677 -1.949290 2.659804
-15.387474 3.950835 -1.950627 2.659872
-15.382613 4.064262 -1.953560 2.660022
-15.390714 4.181563 -1.958248 2.660262
-15.400264 4.299833 -1.963235 2.660517
-15.378060 4.409588 -1.964281 2.660571
-15.361604 4.521169 -1.966163 2.660667
-15.356266 4.636331 -1.969575 2.660842
-15.347043 4.750702 -1.972598 2.660997
-15.331484 4.863435 -1.974914 2.661116
-15.315619 4.976346 -1.977297 2.661238
-15.310116 5.093000 -1.981129 2.661434
-15.287024 5.204129 -1.982794 2.661519
-15.254661 5.312234 -1.983358 2.661548
-15.245838 5.428801 -1.987091 2.661739
-15.210773 5.536269 -1.987509 2.661761
-15.154308 5.635839 -1.985224 2.661644
-15.116026 5.742040 -1.985412 2.661653
-15.092935 5.854163 -1.987699 2.661770
-15.075527 5.968825 -1.990846 2.661931
-15.059128 6.084282 -1.994241 2.662105
-15.022635 6.191886 -1.995085 2.662148
-14.994912 6.303282 -1.997199 2.662256
-14.952460 6.408632 -1.997455 2.662270
-14.931927 6.523600 -2.000747 2.662438
-14.896535 6.632365 -2.002160 2.662510
-14.850380 6.736434 -2.002229 2.662514
-14.844987 6.859348 -2.007910 2.662805
-14.826383 6.976765 -2.011932 2.663011
-14.799696 7.090828 -2.014980 2.663167
-14.755095 7.196541 -2.015698 2.663204
-14.717205 7.305687 -2.017441 2.663293
-14.685103 7.417981 -2.020090 2.663429
-14.654181 7.531225 -2.023020 2.663579
-14.621012 7.643682 -2.025759 2.663719
-14.596169 7.760921 -2.029774 2.663924
-14.580664 7.883739 -2.035223 2.664203
-14.558191 8.003434 -2.039835 2.664440
-14.520140 8.115031 -2.042392 2.664570
-14.473151 8.221896 -2.043807 2.664643
-14.429109 8.330649 -2.045750 2.664742
-14.391365 8.443367 -2.048707 2.664894
-14.336411 8.546217 -2.049327 2.664926
-14.286504 8.652213 -2.050778 2.665000
-14.233064 8.756242 -2.051832 2.665054
-14.177780 8.859261 -2.052729 2.665100
-14.119296 8.960382 -2.053268 2.665127
-14.059070 9.060452 -2.053658 2.665147
-14.005643 9.165035 -2.055151 2.665224
-13.949461 9.268002 -2.056351 2.665285
-13.889021 9.368263 -2.057033 2.665320
-13.806535 9.453535 -2.054541 2.665193
-13.750411 9.556786 -2.056068 2.665271
-13.680677 9.650655 -2.055665 2.665250
-13.606215 9.741096 -2.054645 2.665198
-13.534103 9.833101 -2.054072 2.665169
-13.467213 9.928889 -2.054390 2.665185
-13.380072 10.009574 -2.051707 2.665047
-13.298944 10.094446 -2.050023 2.664961
-13.227972 10.186913 -2.049996 2.664960
-13.154011 10.277040 -2.049603 2.664940
-13.075247 10.363317 -2.048554 2.664886
-13.001076 10.453135 -2.048317 2.664874
-12.925438 10.541729 -2.047945 2.664855
-12.834063 10.617262 -2.045163 2.664712
-12.753949 10.701834 -2.044252 2.664665
-12.664676 10.778487 -2.041955 2.664548
-12.557531 10.839372 -2.036831 2.664286
-12.452944 10.901727 -2.032162 2.664047
-12.340487 10.956399 -2.026244 2.663744
-12.230830 11.012690 -2.020813 2.663465
-12.116212 11.063625 -2.014589 2.663147
-11.997480 11.109790 -2.007694 2.662794
-11.881789 11.157742 -2.001321 2.662467
-11.749989 11.189365 -1.992231 2.662002
-11.622346 11.223570 -1.983826 2.661572
-11.489289 11.251147 -1.974474 2.661093
-11.340261 11.261368 -1.962326 2.660471
-11.193968 11.272389 -1.950581 2.659870
-11.057262 11.291306 -1.940449 2.659351
-10.917687 11.305596 -1.929759 2.658804
-10.774758 11.314615 -1.918412 2.658223
-10.632330 11.322283 -1.907080 2.657643
-10.491364 11.329641 -1.895936 2.657072
-10.339549 11.323254 -1.882742 2.656396
-10.194014 11.321599 -1.870588 2.655774
-10.053791 11.323861 -1.859319 2.655197
-9.914345 11.325067 -1.848107 2.654623
-9.771291 11.320148 -1.836128 2.654010
-9.631338 11.316787 -1.824631 2.653421
-9.491540 11.311577 -1.813063 2.652829
-9.349703 11.301853 -1.800998 2.652211
-9.212539 11.295690 -1.789723 2.651634
-9.077017 11.289532 -1.778664 2.651067
-8.943004 11.283265 -1.767797 2.650511
-8.810575 11.277021 -1.757139 2.649965
-8.685110 11.277849 -1.747777 2.649486
-8.568399 11.288450 -1.740107 2.649093
-8.443213 11.286274 -1.730643 2.648609
-8.324282 11.290784 -1.722381 2.648186
-8.208787 11.298426 -1.714763 2.647796
-8.102747 11.317801 -1.709076 2.647505
-7.999750 11.340370 -1.704009 2.647245
-7.887774 11.349017 -1.696993 2.646886
-7.783737 11.367863 -1.691644 2.646612
-7.681985 11.389011 -1.686769 2.646363
-7.583061 11.413427 -1.682503 2.646144
-7.485333 11.438789 -1.678497 2.645939
-7.386707 11.461925 -1.674284 2.645723
-7.289755 11.486819 -1.670446 2.645527
-7.192509 11.510421 -1.666535 2.645327
-7.104640 11.548431 -1.664816 2.645239
-7.018248 11.588506 -1.663490 2.645171
-6.927282 11.620622 -1.661117 2.645049
-6.838880 11.656591 -1.659393 2.644961
-6.752207 11.695166 -1.658134 2.644897
-6.666160 11.734568 -1.657081 2.644843
-6.579697 11.772983 -1.655979 2.644786
-6.490054 11.805364 -1.654120 2.644691
-6.407606 11.850623 -1.654153 2.644692
-6.327318 11.899954 -1.654833 2.644727
-6.244611 11.944844 -1.654972 2.644735
-6.163052 11.992002 -1.655504 2.644762
-6.081126 12.038581 -1.656033 2.644789
-6.000830 12.088597 -1.657110 2.644844
-5.921893 12.141681 -1.658679 2.644924
-5.844110 12.197603 -1.660704 2.645028
-5.766071 12.253526 -1.662797 2.645135
-5.688064 12.310098 -1.665045 2.645250
-5.610986 12.369353 -1.667720 2.645387
-5.541519 12.446454 -1.672859 2.645650
-5.465128 12.509191 -1.676122 2.645817
-5.384908 12.563934 -1.678379 2.645933
-5.308726 12.628959 -1.682073 2.646122
-5.235524 12.702337 -1.686937 2.646371
-5.161573 12.775342 -1.691805 2.646621
-5.085526 12.844578 -1.696231 2.646847
-5.008774 12.913392 -1.700659 2.647074
-4.932735 12.985515 -1.705581 2.647326
-4.853408 13.050426 -1.709614 2.647532
-4.769680 13.104588 -1.712306 2.647670
-4.691307 13.174726 -1.717149 2.647918
-4.611826 13.243363 -1.721856 2.648159
-4.529233 13.304533 -1.725656 2.648353
-4.444124 13.359533 -1.728724 2.648511
-4.362517 13.426449 -1.733399 2.648750
-4.280083 13.492539 -1.738032 2.648987
-4.192623 13.544178 -1.740870 2.649132
-4.107548 13.604851 -1.744941 2.649341
-4.021518 13.663951 -1.748877 2.649543
-3.934231 13.720294 -1.752530 2.649729
-3.846490 13.776587 -1.756248 2.649920
-3.760608 13.841341 -1.761113 2.650169
-3.672493 13.899825 -1.765249 2.650381
-3.581932 13.950710 -1.768492 2.650547
-3.493412 14.011312 -1.773040 2.650780
-3.407609 14.085361 -1.779356 2.651103
-3.317547 14.144456 -1.783852 2.651333
-3.223549 14.188517 -1.786527 2.651470
-3.136069 14.263668 -1.793189 2.651811
-3.044974 14.325479 -1.798244 2.652070
-2.951752 14.379808 -1.802433 2.652285
-2.856040 14.424078 -1.805438 2.652438
-2.765278 14.496112 -1.811994 2.652774
-2.670416 14.549963 -1.816351 2.652997
-2.574549 14.600993 -1.820433 2.653206
-2.478467 14.653566 -1.824786 2.653429
-2.382373 14.709244 -1.829604 2.653676
-2.285378 14.762664 -1.834219 2.653912
-2.188262 14.818896 -1.839263 2.654170
-2.090498 14.874669 -1.844329 2.654430
-1.990018 14.914481 -1.847497 2.654592
-1.889902 14.960155 -1.851475 2.654795
-1.790221 15.013273 -1.856457 2.655051
-1.689948 15.066244 -1.861503 2.655309
-1.589588 15.123920 -1.867213 2.655601
-1.488090 15.176696 -1.872400 2.655867
-1.385858 15.228065 -1.877498 2.656128
-1.282489 15.272796 -1.881863 2.656351
-1.179147 15.324407 -1.887162 2.656623
-1.075579 15.381490 -1.893221 2.656933
-0.970878 15.431631 -1.898512 2.657204
-0.865287 15.476883 -1.903290 2.657448
-0.759469 15.528543 -1.908944 2.657738
-0.652456 15.567168 -1.913086 2.657950
-0.544981 15.606210 -1.917370 2.658169
-0.437130 15.649435 -1.922258 2.658420
-0.328618 15.688316 -1.926706 2.658647
-0.219586 15.725939 -1.931091 2.658872
-0.110064 15.765421 -1.935797 2.659113
0.000000 15.800598 -1.940070 2.659332
0.110529 15.832160 -1.943992 2.659532
0.221434 15.857661 -1.947266 2.659700
0.332821 15.888547 -1.951296 2.659906
0.444828 15.925013 -1.956108 2.660153
0.557339 15.960090 -1.960847 2.660395
0.670256 15.991874 -1.965279 2.660622
0.783352 16.016699 -1.968954 2.660810
0.896515 16.035282 -1.971960 2.660964
1.010427 16.060255 -1.975850 2.661163
1.125630 16.097263 -1.981322 2.661444
1.241238 16.131353 -1.986536 2.661711
1.356573 16.154938 -1.990558 2.661916
1.472406 16.178980 -1.994738 2.662131
1.588300 16.198719 -1.998491 2.662323
1.705351 16.225327 -2.003193 2.662563
1.823607 16.257841 -2.008730 2.662847
1.942369 16.289150 -2.014225 2.663128
2.061967 16.322124 -2.020033 2.663426
2.183132 16.361799 -2.026780 2.663771
2.303102 16.387424 -2.031897 2.664033
2.422713 16.406593 -2.036321 2.664259
2.544503 16.436453 -2.042182 2.664560
2.667456 16.469347 -2.048533 2.664885
2.792778 16.511887 -2.056200 2.665277
2.917700 16.547098 -2.063071 2.665629
3.045958 16.596128 -2.071785 2.666075
3.171474 16.625423 -2.078155 2.666401
3.301482 16.673683 -2.087018 2.666855
3.432491 16.721783 -2.095987 2.667314
3.561519 16.755630 -2.103295 2.667689
3.695165 16.806583 -2.112877 2.668179
3.830589 16.860374 -2.122951 2.668695
3.966240 16.910133 -2.132650 2.669192
4.104856 16.967434 -2.143439 2.669744
4.245979 17.029692 -2.154996 2.670336
4.382978 17.070580 -2.163989 2.670796
4.527389 17.135458 -2.176168 2.671420
4.675245 17.207747 -2.189440 2.672099
4.821352 17.268137 -2.201353 2.672709
4.972072 17.339674 -2.214844 2.673400
5.123313 17.407532 -2.228025 2.674075
5.277518 17.479961 -2.241958 2.674788
5.434068 17.554625 -2.256344 2.675525
5.594314 17.635506 -2.271705 2.676311
5.751416 17.701038 -2.285263 2.677005
5.908721 17.762278 -2.298439 2.677680
6.077615 17.852859 -2.315594 2.678558
6.236907 17.909946 -2.328590 2.679224
6.398855 17.970068 -2.342158 2.679919
6.557226 18.015831 -2.354031 2.680526
6.729478 18.095028 -2.370461 2.681367
6.888005 18.132786 -2.381649 2.681940
7.048656 18.172510 -2.393271 2.682535
7.205952 18.200151 -2.403478 2.683058
7.367024 18.234026 -2.414685 2.683632
7.531073 18.271757 -2.426585 2.684241
7.691159 18.296528 -2.436947 2.684772
7.849434 18.314091 -2.446525 2.685262
8.007373 18.328148 -2.455811 2.685737
8.169188 18.348297 -2.466092 2.686264
8.319244 18.339678 -2.472680 2.686601
8.472123 18.335339 -2.480010 2.686976
8.624233 18.327419 -2.487021 2.687335
8.771935 18.308437 -2.492695 2.687626
8.926150 18.301321 -2.500150 2.688008
9.074998 18.281469 -2.506032 2.688309
9.221309 18.255074 -2.511178 2.688572
9.368546 18.229212 -2.516556 2.688848
9.515483 18.201435 -2.521831 2.689118
9.658614 18.165213 -2.526093 2.689336
9.799178 18.123207 -2.529703 2.689521
9.942757 18.085794 -2.534109 2.689746
10.086720 18.048050 -2.538625 2.689977
10.229657 18.007450 -2.542898 2.690196
10.370486 17.962210 -2.546671 2.690390
10.515471 17.923189 -2.551485 2.690636
10.656712 17.876787 -2.555409 2.690837
10.796876 17.827753 -2.559112 2.691026
10.937660 17.778910 -2.562999 2.691226
11.075915 17.725170 -2.566337 2.691396
11.214018 17.670469 -2.569690 2.691568
11.354966 17.619446 -2.573736 2.691775
11.485978 17.552406 -2.575593 2.691870
11.616680 17.484505 -2.577468 2.691966
11.756211 17.429300 -2.581366 2.692166
11.885151 17.357830 -2.583006 2.692250
12.011988 17.282972 -2.584284 2.692315
12.148461 17.221535 -2.587716 2.692491
12.276128 17.147110 -2.589348 2.692575
12.399441 17.066366 -2.590163 2.692616
12.534334 17.001162 -2.593485 2.692786
12.659670 16.922520 -2.594908 2.692859
12.780145 16.837212 -2.595445 2.692887
12.904765 16.757175 -2.596932 2.692963
13.029057 16.676432 -2.598452 2.693041
13.151747 16.593378 -2.599755 2.693107
13.266400 16.500063 -2.599583 2.693099
13.381201 16.406967 -2.599570 2.693098
13.495913 16.313751 -2.599666 2.693103
13.609541 16.219219 -2.599679 2.693104
13.726466 16.128546 -2.600442 2.693142
13.841487 16.035507 -2.600959 2.693169
13.950630 15.935670 -2.600500 2.693146
14.058280 15.834219 -2.599897 2.693115
14.166727 15.733745 -2.599575 2.693098
14.277058 15.635377 -2.599728 2.693106
14.385849 15.535294 -2.599724 2.693106
14.491899 15.432299 -2.599355 2.693087
14.588952 15.319905 -2.597516 2.692993
14.686704 15.208527 -2.595953 2.692913
14.782423 15.095317 -2.594181 2.692822
14.871980 14.976160 -2.591485 2.692684
14.954252 14.850208 -2.587692 2.692490
15.048433 14.736512 -2.586124 2.692410
15.154207 14.634248 -2.586681 2.692438
15.275895 14.547042 -2.590054 2.692611
15.403571 14.464907 -2.594515 2.692839
15.540956 14.391077 -2.600670 2.693154
15.681503 14.319177 -2.607397 2.693499
15.822280 14.246445 -2.614203 2.693847
15.954689 14.165238 -2.619677 2.694128
16.088192 14.084138 -2.625388 2.694420
16.224401 14.004520 -2.631597 2.694738
16.359730 13.923219 -2.637717 2.695051
16.491766 13.838235 -2.643364 2.695340
16.615677 13.745686 -2.647779 2.695566
16.742052 13.654475 -2.652661 2.695816
16.867619 13.561908 -2.657490 2.696064
16.993959 13.469243 -2.662515 2.696321
17.123823 13.378596 -2.668163 2.696610
17.254116 13.287461 -2.673945 2.696906
17.396124 13.204368 -2.681600 2.697298
17.539410 13.121150 -2.689502 2.697702
17.681267 13.035751 -2.697233 2.698098
17.822435 12.948756 -2.704912 2.698491
17.963955 12.860931 -2.712698 2.698890
18.109386 12.774758 -2.721124 2.699322
18.258724 12.690138 -2.730185 2.699785
18.428614 12.618332 -2.742349 2.700408
18.600952 12.546500 -2.754893 2.701051
18.780836 12.477961 -2.768565 2.701751
18.971798 12.414788 -2.783870 2.702534
19.197002 12.371618 -2.804174 2.703573
19.430920 12.331234 -2.825699 2.704676
19.673506 12.293370 -2.848427 2.705839
19.940231 12.267315 -2.874575 2.707178
20.224508 12.248389 -2.903157 2.708642
20.527157 12.236635 -2.934267 2.710234
20.846962 12.230837 -2.967704 2.711946
21.137646 12.203825 -2.996883 2.713440
21.447586 12.183928 -3.028692 2.715069
21.776138 12.170263 -3.063015 2.716826
22.077597 12.137256 -3.093424 2.718383
22.216223 12.012264 -3.101021 2.718772
21.810127 11.596650 -3.032962 2.715288
21.196167 11.081091 -2.936754 2.710362
21.199734 10.895174 -2.926638 2.709844
21.203272 10.710538 -2.916733 2.709337
21.206783 10.527136 -2.907035 2.708840
21.307882 10.392549 -2.910877 2.709037
21.461218 10.282495 -2.921947 2.709604
21.615742 10.171588 -2.933245 2.710182
21.771460 10.059821 -2.944773 2.710772
21.928410 9.947165 -2.956537 2.711375
22.086626 9.833599 -2.968540 2.711989
22.246136 9.719101 -2.980787 2.712616
22.263445 9.542116 -2.974107 2.712274
22.266903 9.360138 -2.965767 2.711847
22.270338 9.179168 -2.957618 2.711430
22.273750 8.999180 -2.949655 2.711022
22.277143 8.820148 -2.941879 2.710624
22.280516 8.642035 -2.934284 2.710235
22.283867 8.464842 -2.926872 2.709856
22.287199 8.288532 -2.919638 2.709486
22.263165 8.103129 -2.909008 2.708941
21.842989 7.777941 -2.846941 2.705763
21.440317 7.466300 -2.787596 2.702725
21.269176 7.240613 -2.758705 2.701246
21.272266 7.076339 -2.752631 2.700935
21.275341 6.912777 -2.746717 2.700632
21.278400 6.749908 -2.740962 2.700337
21.366037 6.613886 -2.746235 2.700607
7.122687 2.150464 -0.913547 2.606774
7.123765 2.096637 -0.911785 2.606683
7.124825 2.043010 -0.910073 2.606596
7.125864 1.989578 -0.908410 2.606510
7.126885 1.936329 -0.906794 2.606428
7.127887 1.883267 -0.905227 2.606348
7.128870 1.830382 -0.903707 2.606270
7.129832 1.777667 -0.902233 2.606194
7.130323 1.725008 -0.900750 2.606118
7.130813 1.672515 -0.899315 2.606045
7.120050 1.617634 -0.896511 2.605901
7.126133 1.566781 -0.895878 2.605869
7.132339 1.516025 -0.895306 2.605839
7.135246 1.464656 -0.894365 2.605791
7.136086 1.412981 -0.893212 2.605732
7.136909 1.361437 -0.892104 2.605676
7.137716 1.310015 -0.891040 2.605621
7.138505 1.258711 -0.890020 2.605569
7.139277 1.207519 -0.889043 2.605519
7.140033 1.156431 -0.888110 2.605471
7.140772 1.105448 -0.887221 2.605426
7.141495 1.054563 -0.886374 2.605382
7.142201 1.003771 -0.885570 2.605341
7.142892 0.953066 -0.884809 2.605302
7.143566 0.902440 -0.884091 2.605265
7.144224 0.851896 -0.883415 2.605231
7.144866 0.801424 -0.882781 2.605198
7.145493 0.751022 -0.882189 2.605168
7.146104 0.700682 -0.881639 2.605140
7.146699 0.650398 -0.881131 2.605114
7.147279 0.600172 -0.880664 2.605090
7.147843 0.549996 -0.880239 2.605068
7.148392 0.499864 -0.879855 2.605049
7.148926 0.449773 -0.879513 2.605031
7.149444 0.399714 -0.879212 2.605016
7.149947 0.349689 -0.878952 2.605002
7.150435 0.299691 -0.878734 2.604991
7.150908 0.249715 -0.878556 2.604982
7.151366 0.199756 -0.878420 2.604975
7.533508 0.157802 -0.925201 2.607370
8.581735 0.119830 -1.053807 2.613955
21.922081 0.153045 -2.691759 2.697818
21.303328 -0.000000 -3.374116 2.732755
21.296701 -0.148681 -3.373148 2.732705
21.288857 -0.297268 -3.372152 2.732654
21.279797 -0.445748 -3.371128 2.732602
21.269522 -0.594112 -3.370075 2.732548
21.258038 -0.742347 -3.368995 2.732492
21.245342 -0.890444 -3.367886 2.732436
21.231440 -1.038391 -3.366749 2.732378
21.216333 -1.186177 -3.365585 2.732318
21.200024 -1.333792 -3.364393 2.732257
21.182512 -1.481225 -3.363173 2.732194
21.163803 -1.628466 -3.361926 2.732131
21.143900 -1.775503 -3.360651 2.732065
21.122805 -1.922326 -3.359349 2.731999
21.100519 -2.068924 -3.358021 2.731930
21.077049 -2.215287 -3.356665 2.731861
21.052395 -2.361404 -3.355282 2.731790
21.026560 -2.507266 -3.353873 2.731718
21.004477 -2.653482 -3.353223 2.731685
22.476498 -2.999005 -3.591477 2.743884
22.479305 -3.159260 -3.595362 2.744082
22.426525 -3.311661 -3.590531 2.743835
22.249908 -3.444468 -3.566017 2.742580
22.075678 -3.575480 -3.542007 2.741351
21.903767 -3.704745 -3.518489 2.740147
21.734114 -3.832311 -3.495449 2.738967
21.566658 -3.958223 -3.472877 2.737811
21.458689 -4.093464 -3.460009 2.737153
21.461393 -4.249470 -3.465144 2.737415
21.464102 -4.405948 -3.470463 2.737688
21.466816 -4.562912 -3.475968 2.737969
21.469536 -4.720384 -3.481660 2.738261
21.784964 -4.949422 -3.538329 2.741163
21.788832 -5.110524 -3.544666 2.741487
21.593657 -5.224055 -3.518762 2.740160
21.400278 -5.335689 -3.493235 2.738854
21.208157 -5.445330 -3.467996 2.737561
21.017811 -5.553145 -3.443125 2.736288
20.828962 -5.659104 -3.418577 2.735031
20.641291 -5.763152 -3.394296 2.733788
20.455364 -5.865481 -3.370374 2.732563
20.270584 -5.965958 -3.346709 2.731351
20.087519 -6.064780 -3.323395 2.730158
19.883162 -6.154867 -3.296613 2.728786
19.671211 -6.240076 -3.268615 2.727353
19.479389 -6.329237 -3.244005 2.726093
19.262350 -6.407731 -3.215232 2.724620
19.040606 -6.481951 -3.185695 2.723108
18.842297 -6.561582 -3.160103 2.721797
18.650534 -6.641156 -3.135641 2.720545
18.414217 -6.702227 -3.103702 2.718910
18.226976 -6.778552 -3.080044 2.717698
18.005194 -6.839532 -3.050561 2.716189
17.807940 -6.907245 -3.025237 2.714892
17.587154 -6.963247 -2.995915 2.713391
17.384813 -7.023920 -2.969728 2.712050
17.184195 -7.082814 -2.943833 2.710724
16.967735 -7.132579 -2.915210 2.709259
16.783041 -7.193221 -2.892036 2.708072
16.565025 -7.237082 -2.863105 2.706591
16.381647 -7.293580 -2.840141 2.705415
16.192415 -7.345205 -2.816155 2.704187
15.990320 -7.388566 -2.789911 2.702843
15.800433 -7.435120 -2.765769 2.701607
15.620751 -7.484210 -2.743396 2.700462
15.443470 -7.532283 -2.721430 2.699337
15.264889 -7.577557 -2.699218 2.698200
15.085506 -7.620238 -2.676840 2.697054
14.908762 -7.662063 -2.654905 2.695931
14.734345 -7.702929 -2.633358 2.694828
14.574167 -7.749222 -2.614336 2.693854
14.422271 -7.798093 -2.596791 2.692955
14.269845 -7.844914 -2.579144 2.692052
14.108598 -7.885029 -2.559887 2.691066
13.970013 -7.936072 -2.544733 2.690290
13.832762 -7.986349 -2.529827 2.689527
13.723586 -8.051579 -2.520079 2.689028
13.610333 -8.113387 -2.509622 2.688493
13.492545 -8.171376 -2.498362 2.687916
13.379148 -8.230906 -2.487944 2.687383
13.268110 -8.290835 -2.477999 2.686874
13.161180 -8.352339 -2.468858 2.686405
13.049335 -8.409722 -2.458832 2.685892
12.949082 -8.473642 -2.451029 2.685493
12.835443 -8.527849 -2.440728 2.684965
12.733356 -8.588758 -2.432659 2.684552
12.626806 -8.645755 -2.423775 2.684097
12.514996 -8.698149 -2.413910 2.683592
12.409626 -8.754028 -2.405316 2.683152
12.307487 -8.811296 -2.397383 2.682746
12.192404 -8.858300 -2.386955 2.682212
12.074260 -8.901913 -2.375935 2.681648
11.961331 -8.948219 -2.365948 2.681136
11.840934 -8.987759 -2.354487 2.680550
11.721421 -9.026710 -2.343197 2.679972
11.602818 -9.065114 -2.332082 2.679403
11.485145 -9.103014 -2.321148 2.678843
11.368366 -9.140401 -2.310387 2.678292
11.252382 -9.177219 -2.299781 2.677749
11.137239 -9.213527 -2.289338 2.677214
11.017466 -9.244752 -2.277929 2.676630
10.897636 -9.274616 -2.266486 2.676044
10.778772 -9.303987 -2.255219 2.675467
10.657388 -9.329838 -2.243396 2.674862
10.529387 -9.348428 -2.230135 2.674183
10.402651 -9.366590 -2.217089 2.673515
10.277154 -9.384332 -2.204252 2.672858
10.152855 -9.401647 -2.191616 2.672211
10.029741 -9.418554 -2.179182 2.671574
9.907725 -9.435000 -2.166930 2.670947
9.786908 -9.451107 -2.154884 2.670330
9.667212 -9.466833 -2.143029 2.669723
9.548608 -9.482177 -2.131360 2.669126
9.431051 -9.497124 -2.119869 2.668537
9.314555 -9.511711 -2.108558 2.667958
9.199035 -9.525880 -2.097411 2.667387
9.084559 -9.539728 -2.086445 2.666826
8.971087 -9.553238 -2.075651 2.666273
8.858550 -9.566363 -2.065015 2.665729
8.751405 -9.584011 -2.055586 2.665246
8.649714 -9.606482 -2.047403 2.664827
8.541116 -9.620090 -2.037545 2.664322
8.432105 -9.631916 -2.027532 2.663810
8.324004 -9.643453 -2.017679 2.663305
8.220805 -9.659413 -2.008961 2.662859
8.122437 -9.679942 -2.001388 2.662471
8.018115 -9.692237 -1.992308 2.662006
7.912961 -9.702249 -1.982962 2.661528
7.815328 -9.720307 -1.975453 2.661143
7.716342 -9.735602 -1.967565 2.660739
7.613185 -9.744432 -1.958560 2.660278
7.513904 -9.757003 -1.950496 2.659865
7.413150 -9.766464 -1.941993 2.659430
7.312667 -9.775043 -1.933501 2.658995
7.218380 -9.790774 -1.926597 2.658642
7.129893 -9.813456 -1.921219 2.658366
7.034496 -9.825682 -1.913951 2.657994
6.936922 -9.833714 -1.906036 2.657589
6.844130 -9.847412 -1.899383 2.657248
6.753454 -9.863172 -1.893282 2.656936
6.662519 -9.877590 -1.887076 2.656618
6.567020 -9.884161 -1.879526 2.656232
6.472840 -9.891536 -1.872290 2.655861
6.384041 -9.906094 -1.866564 2.655568
6.294793 -9.919007 -1.860671 2.655266
6.201594 -9.924625 -1.853558 2.654902
6.109493 -9.930840 -1.846708 2.654551
6.022448 -9.944243 -1.841336 2.654276
5.935784 -9.957371 -1.836049 2.654006
5.849497 -9.970227 -1.830845 2.653739
5.763580 -9.982814 -1.825723 2.653477
5.678026 -9.995134 -1.820682 2.653219
5.592830 -10.007191 -1.815721 2.652965
5.508258 -10.019485 -1.810930 2.652720
5.427591 -10.038120 -1.807406 2.652539
5.347111 -10.056453 -1.803941 2.652362
5.264617 -10.070284 -1.799785 2.652149
5.180969 -10.081076 -1.795206 2.651914
5.097643 -10.091619 -1.790702 2.651684
5.017354 -10.107396 -1.787243 2.651507
4.938709 -10.125854 -1.784366 2.651360
4.857934 -10.139292 -1.780714 2.651173
4.775668 -10.148812 -1.776487 2.650956
4.694680 -10.160220 -1.772704 2.650762
4.616155 -10.176257 -1.769836 2.650615
4.537800 -10.192066 -1.767033 2.650472
4.459624 -10.207676 -1.764298 2.650332
4.381604 -10.223050 -1.761625 2.650195
4.303719 -10.238146 -1.759006 2.650061
4.225986 -10.253011 -1.756448 2.649930
4.148398 -10.267646 -1.753951 2.649802
4.070953 -10.282054 -1.751515 2.649678
3.995772 -10.301717 -1.750070 2.649603
3.921679 -10.323895 -1.749144 2.649556
3.845855 -10.341190 -1.747482 2.649471
3.768812 -10.354725 -1.745281 2.649358
3.692775 -10.370520 -1.743555 2.649270
3.618205 -10.390071 -1.742553 2.649219
3.543657 -10.409427 -1.741607 2.649170
3.469140 -10.428618 -1.740724 2.649125
3.394633 -10.447607 -1.739895 2.649083
3.320121 -10.466349 -1.739114 2.649043
3.245615 -10.484892 -1.738387 2.649005
3.171125 -10.503276 -1.737722 2.648971
3.096637 -10.521470 -1.737113 2.648940
3.022135 -10.539436 -1.736554 2.648911
2.947621 -10.557192 -1.736046 2.648885
2.874284 -10.579125 -1.736311 2.648899
2.801378 -10.602795 -1.736943 2.648931
2.728370 -10.626300 -1.737631 2.648967
2.655254 -10.649642 -1.738375 2.649005
2.582027 -10.672823 -1.739174 2.649046
2.509046 -10.697375 -1.740278 2.649102
2.436970 -10.726366 -1.742184 2.649200
2.364693 -10.755239 -1.744150 2.649300
2.292208 -10.783992 -1.746175 2.649404
2.219516 -10.812640 -1.748262 2.649511
2.146609 -10.841169 -1.750409 2.649621
2.074376 -10.874264 -1.753371 2.649773
2.002124 -10.908716 -1.756630 2.649939
1.929566 -10.943115 -1.759957 2.650110
1.856703 -10.977487 -1.763357 2.650284
1.783432 -11.011243 -1.766736 2.650457
1.710880 -11.051616 -1.771255 2.650688
1.639705 -11.104058 -1.777781 2.651022
1.566746 -11.147979 -1.783019 2.651291
1.493784 -11.195390 -1.788890 2.651591
1.421494 -11.252291 -1.796353 2.651973
1.348310 -11.307279 -1.803584 2.652344
1.274618 -11.363471 -1.811084 2.652727
1.201099 -11.427697 -1.819939 2.653181
1.126032 -11.484171 -1.827636 2.653575
1.049844 -11.535851 -1.834650 2.653934
0.972365 -11.579592 -1.840482 2.654233
0.894910 -11.630385 -1.847517 2.654593
0.817377 -11.689031 -1.855881 2.655021
0.738519 -11.738430 -1.862861 2.655378
0.658136 -11.771631 -1.867355 2.655608
0.577350 -11.804797 -1.871931 2.655843
0.496299 -11.841333 -1.877130 2.656109
0.414869 -11.880290 -1.882800 2.656399
0.332753 -11.912761 -1.887532 2.656641
0.250181 -11.943567 -1.892090 2.656875
0.167111 -11.967750 -1.895690 2.657059
0.083713 -11.990828 -1.899207 2.657239
-0.000000 -12.008658 -1.901985 2.657382
-0.083935 -12.022557 -1.904232 2.657497
-0.168076 -12.036721 -1.906615 2.657619
-0.252419 -12.050326 -1.909003 2.657741
-0.336817 -12.058263 -1.910586 2.657822
-0.421356 -12.066064 -1.912242 2.657907
-0.505901 -12.070414 -1.913444 2.657968
-0.590452 -12.072662 -1.914407 2.658017
-0.675172 -12.076322 -1.915689 2.658083
-0.759902 -12.078304 -1.916798 2.658140
-0.844813 -12.081392 -1.918177 2.658211
-0.929788 -12.083673 -1.919523 2.658279
-1.014825 -12.085218 -1.920847 2.658347
-1.099800 -12.084758 -1.921948 2.658404
-1.185039 -12.085961 -1.923408 2.658478
-1.270125 -12.084430 -1.924528 2.658536
-1.355002 -12.080115 -1.925301 2.658575
-1.439935 -12.075650 -1.926145 2.658618
-1.524366 -12.066588 -1.926350 2.658629
-1.608358 -12.054087 -1.926100 2.658616
-1.692309 -12.041405 -1.925914 2.658607
-1.776218 -12.028520 -1.925790 2.658600
-1.860092 -12.015457 -1.925730 2.658597
-1.943937 -12.002225 -1.925738 2.658598
-2.027760 -11.988838 -1.925815 2.658602
-2.111564 -11.975273 -1.925956 2.658609
-2.195351 -11.961527 -1.926164 2.658619
-2.279128 -11.947601 -1.926437 2.658633
-2.362896 -11.933494 -1.926775 2.658651
-2.446661 -11.919205 -1.927179 2.658671
-2.530429 -11.904732 -1.927648 2.658695
-2.614203 -11.890075 -1.928183 2.658723
-2.698669 -11.878234 -1.929271 2.658779
-2.783950 -11.869425 -1.930950 2.658864
-2.869141 -11.859609 -1.932565 2.658947
-2.953083 -11.844167 -1.933361 2.658988
-3.037050 -11.828526 -1.934222 2.659032
-3.121050 -11.812696 -1.935149 2.659080
-3.206041 -11.800186 -1.936719 2.659160
-3.290932 -11.786797 -1.938245 2.659238
-3.374708 -11.769006 -1.939147 2.659284
-3.458510 -11.751010 -1.940113 2.659334
-3.542344 -11.732805 -1.941143 2.659386
-3.626212 -11.714394 -1.942238 2.659442
-3.711336 -11.699614 -1.944036 2.659534
-3.797475 -11.687427 -1.946369 2.659654
-3.883214 -11.673371 -1.948495 2.659763
-3.967376 -11.654087 -1.949852 2.659832
-4.051593 -11.634587 -1.951275 2.659905
-4.135857 -11.614837 -1.952757 2.659981
-4.221227 -11.597727 -1.954788 2.660085
-4.307642 -11.582899 -1.957310 2.660214
-4.394204 -11.567822 -1.959898 2.660347
-4.480919 -11.552496 -1.962554 2.660483
-4.567788 -11.536918 -1.965277 2.660622
-4.654821 -11.521088 -1.968068 2.660765
-4.739466 -11.498805 -1.969866 2.660857
-4.823792 -11.475345 -1.971568 2.660944
-4.909655 -11.455080 -1.973927 2.661065
-4.997248 -11.438250 -1.976991 2.661222
-5.085026 -11.421156 -1.980124 2.661382
-5.172993 -11.403798 -1.983328 2.661546
-5.261151 -11.386173 -1.986602 2.661714
-5.349508 -11.368280 -1.989948 2.661885
-5.438065 -11.350118 -1.993366 2.662060
-5.524622 -11.327153 -1.996058 2.662198
-5.610022 -11.301315 -1.998358 2.662316
-5.696518 -11.277187 -2.001075 2.662455
-5.785795 -11.257937 -2.004778 2.662644
-5.875296 -11.238405 -2.008555 2.662838
-5.965030 -11.218590 -2.012407 2.663035
-6.055000 -11.198486 -2.016335 2.663236
-6.145211 -11.178095 -2.020339 2.663441
-6.235668 -11.157412 -2.024420 2.663650
-6.324101 -11.132432 -2.027848 2.663826
-6.410931 -11.104058 -2.030783 2.663976
-6.498916 -11.077134 -2.034108 2.664146
-6.590283 -11.055302 -2.038498 2.664371
-6.681736 -11.032856 -2.042911 2.664597
-6.769271 -11.003295 -2.046138 2.664762
-6.856966 -10.973439 -2.049438 2.664931
-6.948172 -10.948566 -2.053802 2.665155
-7.040813 -10.925202 -2.058590 2.665400
-7.131068 -10.897412 -2.062684 2.665609
-7.221289 -10.868915 -2.066782 2.665819
-7.313234 -10.842315 -2.071383 2.666055
-7.405437 -10.815368 -2.076061 2.666294
-7.497905 -10.788070 -2.080819 2.666538
-7.590655 -10.760438 -2.085660 2.666786
-7.683684 -10.732456 -2.090582 2.667038
-7.776994 -10.704114 -2.095587 2.667294
-7.870590 -10.675408 -2.100673 2.667554
-7.964476 -10.646334 -2.105842 2.667819
-8.058659 -10.616889 -2.111095 2.668088
-8.153136 -10.587064 -2.116431 2.668361
-8.247904 -10.556836 -2.121847 2.668639
-8.342984 -10.526223 -2.127350 2.668920
-8.438378 -10.495225 -2.132939 2.669206
-8.534095 -10.463836 -2.138616 2.669497
-8.630144 -10.432050 -2.144382 2.669792
-8.726522 -10.399865 -2.150237 2.670092
-8.823246 -10.367275 -2.156182 2.670396
-8.920311 -10.334278 -2.162219 2.670706
-9.017728 -10.300868 -2.168348 2.671019
-9.115506 -10.267039 -2.174570 2.671338
-9.213646 -10.232790 -2.180887 2.671661
-9.312160 -10.198112 -2.187299 2.671990
-9.411046 -10.163004 -2.193807 2.672323
-9.510316 -10.127460 -2.200413 2.672661
-9.609980 -10.091471 -2.207117 2.673004
-9.710036 -10.055037 -2.213921 2.673353
-9.810500 -10.018149 -2.220826 2.673706
-9.911370 -9.980806 -2.227832 2.674065
-10.012657 -9.942999 -2.234941 2.674429
-10.114372 -9.904722 -2.242156 2.674798
-10.216514 -9.865973 -2.249475 2.675173
-10.319098 -9.826741 -2.256901 2.675553
-10.422125 -9.787025 -2.264435 2.675939
-10.525605 -9.746818 -2.272079 2.676330
-10.629549 -9.706110 -2.279833 2.676728
-10.733958 -9.664900 -2.287699 2.677130
-10.838848 -9.623177 -2.295679 2.677539
-10.944218 -9.580937 -2.303774 2.677953
-11.052979 -9.540676 -2.312591 2.678405
-11.160915 -9.498681 -2.321243 2.678848
-11.263328 -9.451054 -2.328763 2.679233
-11.376100 -9.411124 -2.338437 2.679728
-11.494978 -9.375074 -2.349363 2.680287
-11.605765 -9.331276 -2.358634 2.680762
-11.714939 -9.285144 -2.367589 2.681221
-11.822277 -9.236575 -2.376192 2.681661
-11.927431 -9.185356 -2.384380 2.682080
-12.033000 -9.133543 -2.392678 2.682505
-12.137679 -9.080146 -2.400830 2.682922
-12.233851 -9.019571 -2.407338 2.683256
-12.330244 -8.958447 -2.413940 2.683594
-12.426974 -8.896837 -2.420658 2.683938
-12.514735 -8.828174 -2.425689 2.684195
-12.596947 -8.755107 -2.429717 2.684402
-12.679069 -8.681538 -2.433807 2.684611
-12.750141 -8.600079 -2.435865 2.684716
-12.814440 -8.513890 -2.436734 2.684761
-12.889200 -8.434456 -2.439694 2.684912
-12.967806 -8.357182 -2.443469 2.685106
-13.040204 -8.275563 -2.446165 2.685243
-13.097123 -8.183990 -2.446065 2.685238
-13.154710 -8.092829 -2.446208 2.685246
-13.219522 -8.006026 -2.447807 2.685328
-13.286830 -7.920541 -2.449971 2.685438
-13.348980 -7.831798 -2.451289 2.685506
-13.413662 -7.744381 -2.453179 2.685603
-13.470221 -7.652147 -2.453692 2.685629
-13.514580 -7.553042 -2.452108 2.685548
-13.558385 -7.453786 -2.450555 2.685468
-13.597625 -7.352206 -2.448310 2.685354
-13.636482 -7.250646 -2.446132 2.685242
-13.675001 -7.149115 -2.444029 2.685134
-13.707832 -7.044868 -2.441047 2.684982
-13.734530 -6.937812 -2.437117 2.684780
-13.760818 -6.830928 -2.433260 2.684583
-13.788666 -6.725182 -2.429823 2.684407
-13.817031 -6.620009 -2.426617 2.684243
-13.844952 -6.514939 -2.423474 2.684082
-13.882908 -6.414805 -2.422220 2.684017
-13.922317 -6.315441 -2.421344 2.683973
-13.950800 -6.211297 -2.418697 2.683837
-13.977020 -6.106408 -2.415793 2.683689
-13.988467 -5.995464 -2.410478 2.683416
-13.999499 -5.884849 -2.405241 2.683148
-14.009718 -5.774387 -2.400012 2.682881
-14.027568 -5.667505 -2.396233 2.682687
-14.071351 -5.571239 -2.397009 2.682727
-14.112975 -5.474061 -2.397532 2.682754
-14.148539 -5.374527 -2.397141 2.682734
-14.177829 -5.272686 -2.395808 2.682665
-14.208261 -5.171384 -2.394791 2.682613
-14.232832 -5.068081 -2.392910 2.682517
-14.250454 -4.962532 -2.389990 2.682368
-14.272570 -4.858780 -2.387952 2.682263
-14.304729 -4.758548 -2.387716 2.682251
-14.329385 -4.655900 -2.386348 2.682181
-14.349135 -4.551811 -2.384286 2.682075
-14.386455 -4.453351 -2.385263 2.682125
-14.432826 -4.357528 -2.387850 2.682258
-14.487127 -4.263792 -2.391850 2.682463
-14.540353 -4.169379 -2.395774 2.682664
-14.584262 -4.071997 -2.398266 2.682791
-14.607192 -3.968685 -2.397422 2.682748
-14.635076 -3.866755 -2.397510 2.682752
-14.669443 -3.766471 -2.398773 2.682817
-14.693672 -3.663544 -2.398495 2.682803
-14.724471 -3.562222 -2.399404 2.682849
-14.754458 -3.460626 -2.400295 2.682895
-14.778762 -3.357653 -2.400377 2.682899
-14.807037 -3.255537 -2.401219 2.682942
-14.844167 -3.155225 -2.403610 2.683065
-14.861320 -3.050588 -2.402880 2.683028
-14.869959 -2.944330 -2.400895 2.682926
-14.893021 -2.840997 -2.401357 2.682949
-14.903776 -2.735353 -2.399954 2.682878
-14.910279 -2.629085 -2.397987 2.682777
-14.927910 -2.524864 -2.397929 2.682774
-14.961461 -2.423227 -2.400542 2.682908
-14.984744 -2.319762 -2.401621 2.682963
-14.993958 -2.214113 -2.400562 2.682909
-15.013693 -2.110037 -2.401305 2.682947
-15.038889 -2.006614 -2.403035 2.683035
-15.064640 -1.903106 -2.404969 2.683134
-15.093607 -1.799804 -2.407528 2.683265
-15.114802 -1.695395 -2.408962 2.683339
-15.123797 -1.589575 -2.408569 2.683319
-15.140461 -1.484533 -2.409513 2.683367
-15.154213 -1.379141 -2.410111 2.683398
-15.159590 -1.272987 -2.409494 2.683366
-15.173571 -1.167541 -2.410362 2.683410
-15.188328 -1.062071 -2.411469 2.683467
-15.192665 -0.955839 -2.411039 2.683445
-15.182788 -0.848849 -2.408473 2.683314
-15.176925 -0.742276 -2.406662 2.683221
-15.172944 -0.635933 -2.405268 2.683150
-15.149763 -0.529041 -2.400949 2.682929
-15.134027 -0.422729 -2.397929 2.682774
-15.105828 -0.316421 -2.393053 2.682524
-15.098210 -0.210825 -2.391555 2.682448
-15.089764 -0.105347 -2.390042 2.682370
-15.075649 0.000000 -2.387748 2.682253
-15.067969 0.105198 -2.386590 2.682193
-15.062824 0.210331 -2.385950 2.682160
-15.046287 0.315174 -2.383621 2.682041
-15.038436 0.420063 -2.382783 2.681998
-15.020087 0.524513 -2.380398 2.681876
-15.006050 0.628942 -2.378811 2.681795
-14.997854 0.733518 -2.378266 2.681767
-14.973556 0.837151 -2.375282 2.681614
-14.951581 0.940675 -2.372780 2.681486
-14.927171 1.043810 -2.370005 2.681344
-14.916970 1.147801 -2.369600 2.681323
-14.916488 1.252573 -2.370855 2.681388
-14.885162 1.354655 -2.367321 2.681207
-14.842152 1.455287 -2.362039 2.680936
-14.806099 1.556184 -2.357973 2.680728
-14.793824 1.659396 -2.357806 2.680720
-14.776690 1.762014 -2.356978 2.680677
-14.757183 1.864265 -2.355885 2.680621
-14.736935 1.966329 -2.354787 2.680565
-14.716098 2.068213 -2.353707 2.680510
-14.672232 2.166609 -2.349053 2.680271
-14.647372 2.267534 -2.347550 2.680194
-14.638146 2.370862 -2.348667 2.680252
-14.613947 2.471766 -2.347496 2.680192
-14.583681 2.571496 -2.345461 2.680087
-14.568168 2.673762 -2.345911 2.680110
-14.558744 2.777230 -2.347459 2.680190
-14.548517 2.880683 -2.348995 2.680269
-14.537245 2.984069 -2.350481 2.680345
-14.521935 3.086733 -2.351433 2.680393
-14.515735 3.191494 -2.353980 2.680524
-14.505476 3.295564 -2.355990 2.680627
-14.489335 3.398442 -2.357164 2.680687
-14.479161 3.502879 -2.359430 2.680803
-14.456985 3.604531 -2.359859 2.680825
-14.444208 3.708645 -2.361943 2.680931
-14.433870 3.813594 -2.364548 2.681065
-14.415881 3.916708 -2.366023 2.681140
-14.406316 4.022317 -2.369004 2.681293
-14.400069 4.129153 -2.372660 2.681480
-14.393587 4.236266 -2.376407 2.681672
-14.386091 4.343418 -2.380118 2.681862
-14.379757 4.451277 -2.384153 2.682069
-14.360952 4.555564 -2.386250 2.682176
-14.335432 4.657864 -2.387355 2.682233
-14.318769 4.763223 -2.390060 2.682371
-14.301842 4.868745 -2.392849 2.682514
-14.284648 4.974440 -2.395725 2.682661
-14.267185 5.080318 -2.398686 2.682813
-14.239226 5.182654 -2.400010 2.682880
-14.215343 5.286641 -2.402147 2.682990
-14.198223 5.393400 -2.405558 2.683165
-14.180291 5.500172 -2.408967 2.683339
-14.148728 5.601880 -2.410191 2.683402
-14.104076 5.698417 -2.409302 2.683356
-14.091938 5.808280 -2.414097 2.683602
-14.075011 5.916591 -2.418215 2.683812
-14.043562 6.019077 -2.419972 2.683903
-14.020608 6.125455 -2.423327 2.684074
-14.026291 6.244907 -2.431785 2.684507
-14.024177 6.361651 -2.439059 2.684880
-14.012986 6.474910 -2.444915 2.685180
-13.993424 6.584805 -2.449463 2.685412
-13.974737 6.695574 -2.454315 2.685661
-13.970385 6.813812 -2.461845 2.686046
-13.937565 6.918670 -2.464513 2.686183
-13.876603 7.009578 -2.462327 2.686071
-13.821517 7.103294 -2.461292 2.686018
-13.803590 7.216344 -2.467011 2.686311
-13.780684 7.327320 -2.471999 2.686566
-13.761069 7.440585 -2.477739 2.686860
-13.732056 7.549263 -2.481944 2.687076
-13.704997 7.659463 -2.486658 2.687317
-13.684007 7.773600 -2.492635 2.687623
-13.602991 7.853691 -2.487805 2.687376
-13.574718 7.964242 -2.492742 2.687628
-13.525365 8.062737 -2.493955 2.687690
-13.460576 8.152014 -2.492442 2.687613
-13.430493 8.262497 -2.497492 2.687872
-13.388105 8.365817 -2.500410 2.688021
-13.327656 8.457991 -2.500087 2.688004
-13.246351 8.536692 -2.495955 2.687793
-13.193264 8.633429 -2.497247 2.687859
-13.143906 8.732792 -2.499384 2.687968
-13.069945 8.815789 -2.496963 2.687845
-12.989761 8.894278 -2.493446 2.687664
-12.934602 8.989783 -2.494845 2.687736
-12.887791 9.091335 -2.497997 2.687897
-12.823692 9.180864 -2.497936 2.687894
-12.749833 9.263296 -2.496085 2.687799
-12.675437 9.345141 -2.494232 2.687705
-12.601759 9.427321 -2.492625 2.687622
-12.536760 9.515918 -2.492848 2.687634
-12.466644 9.600611 -2.492173 2.687599
-12.388296 9.678798 -2.489958 2.687486
-12.329402 9.772167 -2.491772 2.687579
-12.221285 9.826166 -2.483725 2.687167
-12.136994 9.898690 -2.480579 2.687006
-12.054305 9.972190 -2.477848 2.686866
-11.945959 10.023849 -2.469901 2.686459
-11.843184 10.079343 -2.463141 2.686113
-11.741417 10.134921 -2.456631 2.685779
-11.632619 10.183587 -2.448683 2.685373
-11.512375 10.221168 -2.438334 2.684843
-11.391250 10.256727 -2.427786 2.684303
-11.274508 10.295044 -2.418165 2.683810
-11.158349 10.332746 -2.408664 2.683324
-11.038200 10.365559 -2.398291 2.682792
-10.917174 10.396287 -2.387708 2.682250
-10.796982 10.426524 -2.377283 2.681717
-10.677710 10.456388 -2.367037 2.681192
-10.559234 10.485773 -2.356944 2.680676
-10.441439 10.514588 -2.346978 2.680165
-10.294786 10.512692 -2.330455 2.679319
-10.170570 10.531934 -2.318924 2.678729
-10.051124 10.554723 -2.308435 2.678192
-9.934852 10.579543 -2.298638 2.677690
-9.806873 10.590459 -2.286078 2.677047
-9.673757 10.594118 -2.272234 2.676338
-9.543165 10.598759 -2.258885 2.675655
-9.415558 10.605001 -2.246150 2.675003
-9.287775 10.609342 -2.233282 2.674344
-9.167532 10.620687 -2.222143 2.673774
-9.042698 10.625135 -2.209811 2.673142
-8.912417 10.621406 -2.196042 2.672437
-8.787298 10.622022 -2.183431 2.671792
-8.669016 10.629265 -2.172427 2.671228
-8.563290 10.650583 -2.164513 2.670823
-8.452262 10.664104 -2.155215 2.670347
-8.342653 10.678109 -2.146222 2.669886
-8.235609 10.694160 -2.137840 2.669457
-8.129445 10.710150 -2.129639 2.669037
-8.025758 10.728251 -2.122045 2.668648
-7.922612 10.745973 -2.114558 2.668265
-7.821942 10.765979 -2.107698 2.667914
-7.729485 10.796433 -2.103044 2.667676
-7.634212 10.822186 -2.097628 2.667398
-7.534987 10.841425 -2.091110 2.667065
-7.444821 10.872889 -2.087102 2.666859
-7.356345 10.906230 -2.083593 2.666680
-7.260417 10.927809 -2.077981 2.666393
-7.169634 10.956351 -2.073840 2.666181
-7.081254 10.987953 -2.070414 2.666005
-6.997222 11.025861 -2.068301 2.665897
-6.913317 11.063620 -2.066280 2.665793
-6.823931 11.092146 -2.062660 2.665608
-6.737465 11.124879 -2.059950 2.665469
-6.656800 11.166884 -2.059072 2.665425
-6.574232 11.205509 -2.057681 2.665353
-6.490857 11.242495 -2.056102 2.665272
-6.408551 11.281094 -2.054928 2.665212
-6.326260 11.319511 -2.053831 2.665156
-6.245032 11.359670 -2.053157 2.665122
-6.162849 11.397955 -2.052250 2.665075
-6.079297 11.433495 -2.050957 2.665009
-5.998221 11.473543 -2.050579 2.664989
-5.917561 11.514330 -2.050435 2.664982
-5.841550 11.564302 -2.052022 2.665063
-5.763559 11.610618 -2.053050 2.665116
-5.684587 11.655130 -2.053854 2.665157
-5.611569 11.712254 -2.056966 2.665317
-5.539891 11.772868 -2.060769 2.665511
-5.466798 11.831234 -2.064254 2.665690
-5.387908 11.877580 -2.065727 2.665765
-5.310819 11.928294 -2.068048 2.665884
-5.237681 11.988584 -2.072111 2.666092
-5.164229 12.049052 -2.076280 2.666305
-5.089341 12.107063 -2.080103 2.666501
-5.012699 12.161724 -2.083431 2.666672
-4.940305 12.227685 -2.088771 2.666945
-4.867971 12.295098 -2.094430 2.667235
-4.795196 12.362754 -2.100202 2.667530
-4.721966 12.430662 -2.106086 2.667832
-4.645748 12.492043 -2.110939 2.668080
-4.568868 12.552862 -2.115775 2.668328
-4.492055 12.615163 -2.120938 2.668592
-4.417556 12.685496 -2.127526 2.668929
-4.342341 12.755542 -2.134137 2.669268
-4.265007 12.821089 -2.140070 2.669571
-4.187189 12.886843 -2.146114 2.669881
-4.107908 12.949774 -2.151765 2.670170
-4.028512 13.014024 -2.157715 2.670475
-3.950481 13.084621 -2.164795 2.670837
-3.867190 13.139591 -2.169370 2.671072
-3.784506 13.198141 -2.174621 2.671340
-3.703578 13.264732 -2.181280 2.671681
-3.619583 13.322282 -2.186535 2.671951
-3.534659 13.378145 -2.191600 2.672210
-3.450306 13.438060 -2.197415 2.672508
-3.366841 13.503661 -2.204245 2.672857
-3.282828 13.569579 -2.211210 2.673214
-3.199338 13.640469 -2.219068 2.673616
-3.114564 13.708819 -2.226596 2.674002
-3.024038 13.754119 -2.230470 2.674200
-2.936987 13.817437 -2.237359 2.674553
-2.847451 13.871695 -2.242871 2.674835
-2.756761 13.922684 -2.247948 2.675095
-2.666628 13.978971 -2.253976 2.675403
-2.577413 14.043227 -2.261380 2.675782
-2.485720 14.097218 -2.267224 2.676082
-2.391890 14.141694 -2.271636 2.676308
-2.298742 14.192889 -2.277226 2.676594
-2.205453 14.246378 -2.283283 2.676904
-2.111409 14.298442 -2.289209 2.677207
-2.016075 14.345122 -2.294373 2.677472
-1.920202 14.391236 -2.299548 2.677737
-1.823985 14.438364 -2.304988 2.678015
-1.728971 14.499613 -2.312782 2.678414
-1.631371 14.544011 -2.317991 2.678681
-1.533328 14.588642 -2.323341 2.678955
-1.434814 14.633347 -2.328809 2.679235
-1.336284 14.683341 -2.335223 2.679564
-1.238375 14.747457 -2.343988 2.680012
-1.138359 14.794315 -2.350116 2.680326
-1.036736 14.826012 -2.353944 2.680522
-0.937854 14.906738 -2.365664 2.681122
-0.836160 14.955911 -2.372483 2.681471
-0.733482 14.997203 -2.378163 2.681762
-0.630416 15.041307 -2.384401 2.682081
-0.527329 15.100729 -2.393178 2.682531
-0.423627 15.166037 -2.403001 2.683033
-0.318574 15.208817 -2.409368 2.683359
-0.212893 15.246566 -2.415054 2.683651
-0.106714 15.285648 -2.421068 2.683959
0.000000 15.329133 -2.427896 2.684308
0.107294 15.368672 -2.434218 2.684632
0.215079 15.402534 -2.439759 2.684916
0.323305 15.434244 -2.445080 2.685188
0.431863 15.460865 -2.449716 2.685425
0.540877 15.488698 -2.454664 2.685679
0.650261 15.514804 -2.459461 2.685924
0.759849 15.536144 -2.463625 2.686137
0.869766 15.556848 -2.467811 2.686352
0.981509 15.600615 -2.475780 2.686760
1.092799 15.627755 -2.481237 2.687039
1.204498 15.653872 -2.486659 2.687317
1.315971 15.671415 -2.490844 2.687531
1.428282 15.694145 -2.495981 2.687794
1.539979 15.705906 -2.499500 2.687974
1.652285 15.720446 -2.503589 2.688184
1.766617 15.749762 -2.510161 2.688520
1.880923 15.773849 -2.516031 2.688821
1.994892 15.791165 -2.520953 2.689073
2.109666 15.811196 -2.526441 2.689354
2.224860 15.830701 -2.531978 2.689637
2.339266 15.841489 -2.536253 2.689856
2.455100 15.858950 -2.541731 2.690137
2.573195 15.887364 -2.549102 2.690514
2.691234 15.911521 -2.555931 2.690864
2.809512 15.933534 -2.562555 2.691203
2.928531 15.956320 -2.569445 2.691556
3.049159 15.984221 -2.577303 2.691958
3.171948 16.019489 -2.586498 2.692429
3.293386 16.044115 -2.594123 2.692819
3.416143 16.071692 -2.602374 2.693242
3.536321 16.084118 -2.608320 2.693546
3.658198 16.101593 -2.615232 2.693900
3.783411 16.130638 -2.624176 2.694358
3.909905 16.161604 -2.633590 2.694840
4.039454 16.201363 -2.644600 2.695403
4.167772 16.232409 -2.654352 2.695903
4.296748 16.262516 -2.664116 2.696403
4.427762 16.296856 -2.674740 2.696947
4.562525 16.341122 -2.687168 2.697583
4.699131 16.387815 -2.700175 2.698249
4.834937 16.427713 -2.712245 2.698867
4.973185 16.471964 -2.725217 2.699531
5.112362 16.515362 -2.738235 2.700198
5.251786 16.555721 -2.750938 2.700848
5.393202 16.598568 -2.764247 2.701530
5.538981 16.650799 -2.779317 2.702301
5.686236 16.703190 -2.794621 2.703084
5.830411 16.742649 -2.807965 2.703768
5.973049 16.774263 -2.820192 2.704394
6.122178 16.820545 -2.835089 2.705157
6.273314 16.868439 -2.850474 2.705944
6.426350 16.917469 -2.866271 2.706753
6.577821 16.958624 -2.880954 2.707505
6.724690 16.984623 -2.893276 2.708136
6.880995 17.031061 -2.909299 2.708956
7.019467 17.030508 -2.917505 2.709376
7.172311 17.062239 -2.931448 2.710090
7.312180 17.060583 -2.939862 2.710521
7.445463 17.041988 -2.945543 2.710812
7.580995 17.027193 -2.952062 2.711145
7.716948 17.011921 -2.958682 2.711484
7.853339 16.996168 -2.965406 2.711829
7.990153 16.979931 -2.972233 2.712178
8.127408 16.963205 -2.979165 2.712533
8.265110 16.945988 -2.986202 2.712893
8.402390 16.926508 -2.993033 2.713243
8.532146 16.890764 -2.997174 2.713455
8.661521 16.853487 -3.001216 2.713662
8.790983 16.815596 -3.005324 2.713873
8.920674 16.777348 -3.009545 2.714089
9.050453 16.738466 -3.013831 2.714308
9.180325 16.698936 -3.018181 2.714531
9.308081 16.654840 -3.021883 2.714720
9.433496 16.605953 -3.024888 2.714874
9.558957 16.556599 -3.027980 2.715033
9.701701 16.536154 -3.036554 2.715472
9.842318 16.510630 -3.044411 2.715874
9.964912 16.454018 -3.046726 2.715992
10.087452 16.396915 -3.049119 2.716115
10.208999 16.337814 -3.051307 2.716227
10.331358 16.279619 -3.053835 2.716356
10.453715 16.220980 -3.056452 2.716490
10.575841 16.161572 -3.059095 2.716626
10.706773 16.114985 -3.064351 2.716895
10.835711 16.064602 -3.069081 2.717137
10.958102 16.003908 -3.072026 2.717288
11.078424 15.939753 -3.074483 2.717413
11.195572 15.870728 -3.076170 2.717500
11.321967 15.814353 -3.080489 2.717721
11.447373 15.755959 -3.084606 2.717932
11.569628 15.692665 -3.087952 2.718103
11.686105 15.621128 -3.089855 2.718200
11.796917 15.541857 -3.090391 2.718228
11.921247 15.480051 -3.094575 2.718442
12.042831 15.414121 -3.098126 2.718624
12.149825 15.329268 -3.098045 2.718620
12.256516 15.244021 -3.098035 2.718619
12.365390 15.161460 -3.098725 2.718655
12.482732 15.089027 -3.101656 2.718805
12.604285 15.021202 -3.105727 2.719013
12.711273 14.935699 -3.106320 2.719043
12.815668 14.847084 -3.106424 2.719049
12.926971 14.766355 -3.108340 2.719147
13.038795 14.685946 -3.110499 2.719258
13.150447 14.605051 -3.112735 2.719372
13.257120 14.518402 -3.113917 2.719433
13.370982 14.439338 -3.116906 2.719585
13.481033 14.355837 -3.119121 2.719699
13.583959 14.264559 -3.119818 2.719735
13.693704 14.180245 -3.122211 2.719857
13.811047 14.103379 -3.126439 2.720073
13.928420 14.025990 -3.130765 2.720295
14.039558 13.941878 -3.133792 2.720450
14.160043 13.866535 -3.139001 2.720717
14.280679 13.790690 -3.144324 2.720989
14.395793 13.708931 -3.148520 2.721204
14.510956 13.626686 -3.152823 2.721425
14.626155 13.543962 -3.157231 2.721650
14.748311 13.467055 -3.163228 2.721957
14.865294 13.384770 -3.168200 2.722212
14.986216 13.305387 -3.174097 2.722514
15.100286 13.219294 -3.178632 2.722746
15.209062 13.128104 -3.182159 2.722926
15.321775 13.039850 -3.186617 2.723155
15.422474 12.940992 -3.188692 2.723261
15.530417 12.847881 -3.192387 2.723450
15.659331 12.771431 -3.200479 2.723864
15.777537 12.685460 -3.206460 2.724171
15.892681 12.596381 -3.211910 2.724450
16.013685 12.511262 -3.218634 2.724794
16.128433 12.420568 -3.224191 2.725078
16.238131 12.325404 -3.228839 2.725317
16.355883 12.235758 -3.235188 2.725641
16.477091 12.147957 -3.242309 2.726006
16.599461 12.060215 -3.249742 2.726387
16.725157 11.974038 -3.257905 2.726805
16.844141 11.882226 -3.264842 2.727160
16.971910 11.795779 -3.273566 2.727607
17.103424 11.710957 -3.283083 2.728094
17.228954 11.621077 -3.291525 2.728526
17.359819 11.533839 -3.301063 2.729014
17.497864 11.450273 -3.312030 2.729576
17.633219 11.363829 -3.322553 2.730115
17.773294 11.279272 -3.334028 2.730702
17.901125 11.185864 -3.343277 2.731176
18.048737 11.103660 -3.356286 2.731842
18.138409 10.985003 -3.358617 2.731961
18.221796 10.862365 -3.359934 2.732028
18.304207 10.739011 -3.361223 2.732095
18.385633 10.614950 -3.362486 2.732159
18.466068 10.490190 -3.363721 2.732222
18.545513 10.364729 -3.364928 2.732284
18.623947 10.238596 -3.366108 2.732345
18.701368 10.111790 -3.367260 2.732404
18.777771 9.984319 -3.368384 2.732461
18.853151 9.856192 -3.369481 2.732517
18.927504 9.727407 -3.370549 2.732572
19.000811 9.597996 -3.371589 2.732625
19.073074 9.467954 -3.372601 2.732677
19.144287 9.337293 -3.373584 2.732728
19.214441 9.206020 -3.374539 2.732776
19.283539 9.074137 -3.375465 2.732824
19.351561 8.941671 -3.376363 2.732870
19.418507 8.808623 -3.377231 2.732914
19.484373 8.675002 -3.378071 2.732957
19.549152 8.540817 -3.378882 2.732999
19.612843 8.406068 -3.379664 2.733039
19.675430 8.270784 -3.380417 2.733077
19.736916 8.134967 -3.381140 2.733114
19.797291 7.998624 -3.381835 2.733150
19.856552 7.861767 -3.382500 2.733184
19.914698 7.724395 -3.383136 2.733217
19.971716 7.586539 -3.383742 2.733248
20.027605 7.448197 -3.384319 2.733277
20.082361 7.309381 -3.384866 2.733305
20.135979 7.170102 -3.385383 2.733332
20.188456 7.030357 -3.385871 2.733356
20.239782 6.890179 -3.386329 2.733380
20.289957 6.749568 -3.386758 2.733402
20.338974 6.608533 -3.387156 2.733422
7.029768 2.229975 -1.168083 2.619806
7.031053 2.176472 -1.165743 2.619686
7.032314 2.123179 -1.163466 2.619570
7.033551 2.070086 -1.161252 2.619456
7.034764 2.017186 -1.159099 2.619346
7.035953 1.964474 -1.157007 2.619239
7.037119 1.911940 -1.154975 2.619135
7.038261 1.859587 -1.153004 2.619034
7.039381 1.807405 -1.151092 2.618936
7.040478 1.755388 -1.149239 2.618841
7.041552 1.703532 -1.147446 2.618749
7.042604 1.651825 -1.145710 2.618660
7.043633 1.600273 -1.144032 2.618574
7.044641 1.548864 -1.142411 2.618491
7.045627 1.497594 -1.140848 2.618411
7.046591 1.446458 -1.139341 2.618334
7.047534 1.395447 -1.137891 2.618260
7.048455 1.344563 -1.136496 2.618189
7.049356 1.293798 -1.135157 2.618120
7.050235 1.243147 -1.133874 2.618054
7.051094 1.192604 -1.132645 2.617991
7.051931 1.142161 -1.131471 2.617931
7.052749 1.091822 -1.130352 2.617874
7.053545 1.041576 -1.129286 2.617820
7.054322 0.991420 -1.128275 2.617768
7.055079 0.941349 -1.127318 2.617719
7.055815 0.891354 -1.126413 2.617672
7.056531 0.841439 -1.125562 2.617629
7.057228 0.791594 -1.124765 2.617588
7.057905 0.741816 -1.124020 2.617550
7.058562 0.692099 -1.123328 2.617514
7.059200 0.642435 -1.122688 2.617481
7.059818 0.592828 -1.122101 2.617451
7.060417 0.543269 -1.121566 2.617424
7.060997 0.493753 -1.121083 2.617399
7.061558 0.444276 -1.120652 2.617377
7.062099 0.394830 -1.120273 2.617358
7.062622 0.345418 -1.119946 2.617341
7.063125 0.296032 -1.119671 2.617327
7.063610 0.246667 -1.119448 2.617316
7.064075 0.197318 -1.119276 2.617307
7.064522 0.147978 -1.119156 2.617301
7.064950 0.098650 -1.119087 2.617297
7.651655 0.053419 -1.211933 2.622051
16.807878 -0.000000 -3.267121 2.727277
16.803665 -0.117314 -3.266381 2.727239
16.798523 -0.234567 -3.265620 2.727200
16.792450 -0.351752 -3.264838 2.727160
16.785448 -0.468860 -3.264033 2.727118
16.777517 -0.585884 -3.263207 2.727076
16.768661 -0.702815 -3.262359 2.727033
16.758881 -0.819646 -3.261490 2.726988
16.748177 -0.936368 -3.260600 2.726943
16.736549 -1.052974 -3.259688 2.726896
16.724003 -1.169456 -3.258755 2.726848
16.710535 -1.285806 -3.257801 2.726799
16.696152 -1.402015 -3.256825 2.726749
16.680853 -1.518077 -3.255829 2.726698
16.664640 -1.633982 -3.254812 2.726646
16.647518 -1.749725 -3.253774 2.726593
16.629484 -1.865296 -3.252715 2.726539
16.610544 -1.980687 -3.251636 2.726484
16.590698 -2.095893 -3.250536 2.726428
16.569948 -2.210903 -3.249416 2.726370
16.548300 -2.325712 -3.248276 2.726312
16.525751 -2.440311 -3.247115 2.726252
16.502310 -2.554693 -3.245934 2.726192
16.477972 -2.668849 -3.244733 2.726130
16.452959 -2.782810 -3.243554 2.726070
16.426846 -2.896496 -3.242313 2.726006
16.399845 -3.009935 -3.241053 2.725942
16.371965 -3.123119 -3.239773 2.725876
16.343204 -3.236042 -3.238473 2.725810
16.313568 -3.348695 -3.237154 2.725742
16.283058 -3.461071 -3.235816 2.725674
16.251678 -3.573163 -3.234459 2.725604
16.219433 -3.684965 -3.233082 2.725534
16.186323 -3.796468 -3.231687 2.725462
16.152353 -3.907665 -3.230273 2.725390
16.117527 -4.018551 -3.228840 2.725317
16.081846 -4.129117 -3.227389 2.725242
16.045319 -4.239356 -3.225919 2.725167
16.009171 -4.349595 -3.224678 2.725103
15.969726 -4.458827 -3.222924 2.725013
15.941947 -4.571280 -3.223680 2.725052
15.956076 -4.696128 -3.233088 2.725534
15.940653 -4.812767 -3.236693 2.725719
15.918274 -4.927529 -3.239055 2.725840
15.808718 -5.014821 -3.223808 2.725059
15.701276 -5.101654 -3.209083 2.724305
15.574788 -5.181043 -3.190546 2.723356
15.475621 -5.268332 -3.177688 2.722697
15.376567 -5.354687 -3.164948 2.722045
15.264359 -5.435394 -3.149586 2.721259
15.144858 -5.512278 -3.132793 2.720399
15.040993 -5.593695 -3.119310 2.719708
14.915670 -5.665932 -3.101447 2.718794
14.790833 -5.736987 -3.083743 2.717888
14.695968 -5.818545 -3.072359 2.717305
14.580947 -5.891085 -3.056836 2.716510
14.480192 -5.968305 -3.044374 2.715872
14.371368 -6.041167 -3.030288 2.715151
14.253158 -6.108912 -3.014282 2.714331
14.145796 -6.180146 -3.000628 2.713632
14.043358 -6.252506 -2.988086 2.712990
13.941401 -6.324100 -2.975713 2.712356
13.839715 -6.394846 -2.963466 2.711730
13.738420 -6.464810 -2.951369 2.711110
13.637617 -6.534051 -2.939442 2.710499
13.524211 -6.596199 -2.924853 2.709753
13.413717 -6.658627 -2.910939 2.709040
13.314142 -6.725458 -2.899449 2.708452
13.212799 -6.790456 -2.887633 2.707847
13.094833 -6.845814 -2.872227 2.707058
12.983266 -6.903325 -2.858257 2.706343
12.878812 -6.963548 -2.845895 2.705710
12.783188 -7.027617 -2.835537 2.705179
12.692319 -7.093498 -2.826297 2.704706
12.589282 -7.151708 -2.814402 2.704098
12.501059 -7.217490 -2.805876 2.703661
12.404951 -7.277941 -2.795640 2.703137
12.309398 -7.337874 -2.785583 2.702622
12.223091 -7.402567 -2.777680 2.702217
12.132322 -7.463855 -2.768827 2.701764
12.040147 -7.523519 -2.759711 2.701297
11.946421 -7.581429 -2.750293 2.700815
11.858807 -7.642479 -2.742339 2.700408
11.760123 -7.695610 -2.731876 2.699872
11.661103 -7.747619 -2.721372 2.699334
11.562519 -7.799017 -2.711006 2.698803
11.464363 -7.849814 -2.700776 2.698280
11.366687 -7.900053 -2.690692 2.697763
11.259298 -7.942561 -2.678333 2.697131
11.143858 -7.978220 -2.664057 2.696400
11.037992 -8.019571 -2.652068 2.695786
10.930601 -8.058734 -2.639719 2.695154
10.818684 -8.093409 -2.626273 2.694465
10.700780 -8.122334 -2.611353 2.693701
10.583889 -8.150692 -2.596651 2.692948
10.467994 -8.178493 -2.582162 2.692207
10.348731 -8.202304 -2.566807 2.691421
10.237266 -8.230972 -2.553350 2.690731
10.125361 -8.258043 -2.539757 2.690036
10.006054 -8.277728 -2.524265 2.689242
9.884469 -8.294054 -2.508139 2.688417
9.774379 -8.318649 -2.494880 2.687738
9.665178 -8.342758 -2.481813 2.687069
9.556839 -8.366381 -2.468932 2.686409
9.447340 -8.387741 -2.455712 2.685732
9.330586 -8.401298 -2.440550 2.684956
9.215292 -8.414719 -2.425700 2.684196
9.112308 -8.438089 -2.414040 2.683599
9.005293 -8.456532 -2.401272 2.682945
8.892775 -8.468475 -2.386975 2.682213
8.789876 -8.488284 -2.375204 2.681611
8.688403 -8.508313 -2.363777 2.681025
8.586415 -8.526679 -2.352169 2.680431
8.486263 -8.545716 -2.341020 2.679860
8.379409 -8.556771 -2.327966 2.679192
8.279721 -8.573902 -2.316844 2.678622
8.183148 -8.593153 -2.306551 2.678095
8.087193 -8.611986 -2.296396 2.677575
7.996231 -8.635144 -2.287629 2.677126
7.900192 -8.651814 -2.277379 2.676602
7.804826 -8.668138 -2.267277 2.676085
7.710126 -8.684124 -2.257324 2.675575
7.616054 -8.699747 -2.247509 2.675072
7.522597 -8.715013 -2.237831 2.674577
7.429724 -8.729897 -2.228279 2.674088
7.337430 -8.744410 -2.218854 2.673605
7.245742 -8.758598 -2.209565 2.673130
7.154658 -8.772477 -2.200412 2.672661
7.069736 -8.792977 -2.193120 2.672288
6.980519 -8.807224 -2.184465 2.671844
6.891814 -8.821119 -2.175925 2.671407
6.808437 -8.840937 -2.169035 2.671055
6.719950 -8.853207 -2.160483 2.670617
6.632201 -8.865446 -2.152118 2.670188
6.550784 -8.885268 -2.145775 2.669864
6.469484 -8.904480 -2.139455 2.669540
6.382859 -8.915484 -2.131341 2.669125
6.296733 -8.926188 -2.123338 2.668715
6.216403 -8.944232 -2.117255 2.668403
6.136653 -8.962357 -2.111353 2.668101
6.057194 -8.980159 -2.105533 2.667803
5.978018 -8.997642 -2.099796 2.667510
5.899126 -9.014809 -2.094140 2.667220
5.820508 -9.031662 -2.088564 2.666934
5.742165 -9.048204 -2.083068 2.666653
5.664091 -9.064441 -2.077652 2.666376
5.586281 -9.080371 -2.072314 2.666102
5.508734 -9.096000 -2.067053 2.665833
5.431462 -9.111362 -2.061877 2.665568
5.354423 -9.126393 -2.056769 2.665307
5.277634 -9.141130 -2.051736 2.665049
5.201094 -9.155581 -2.046780 2.664795
5.124797 -9.169744 -2.041898 2.664545
5.048738 -9.183619 -2.037089 2.664299
4.972913 -9.197211 -2.032353 2.664056
4.897320 -9.210520 -2.027690 2.663818
4.825097 -9.229559 -2.024416 2.663650
4.753145 -9.248619 -2.021269 2.663489
4.680703 -9.266216 -2.017924 2.663318
4.605858 -9.278442 -2.013535 2.663093
4.531229 -9.290397 -2.009215 2.662872
4.458393 -9.305385 -2.005676 2.662691
4.387109 -9.323083 -2.002840 2.662545
4.315923 -9.340515 -2.000063 2.662403
4.242760 -9.353111 -1.996369 2.662214
4.168890 -9.363480 -1.992321 2.662007
4.095533 -9.374307 -1.988493 2.661811
4.024856 -9.390693 -1.985960 2.661681
3.954265 -9.406827 -1.983485 2.661554
3.883765 -9.422718 -1.981071 2.661431
3.813357 -9.438391 -1.978720 2.661310
3.743021 -9.453793 -1.976422 2.661193
3.672754 -9.468926 -1.974178 2.661078
3.602563 -9.483815 -1.971990 2.660966
3.532446 -9.498460 -1.969859 2.660857
3.462399 -9.512862 -1.967785 2.660751
3.394396 -9.532571 -1.966912 2.660706
3.327104 -9.554143 -1.966522 2.660686
3.259752 -9.575460 -1.966178 2.660668
3.191833 -9.595004 -1.965568 2.660637
3.123837 -9.614182 -1.964980 2.660607
3.055824 -9.633178 -1.964455 2.660580
2.987779 -9.651957 -1.963983 2.660556
2.919690 -9.670483 -1.963557 2.660534
2.851565 -9.688785 -1.963183 2.660515
2.783407 -9.706893 -1.962867 2.660499
2.715215 -9.724810 -1.962609 2.660486
2.647254 -9.743515 -1.962606 2.660485
2.581022 -9.768779 -1.964018 2.660558
2.514635 -9.793855 -1.965482 2.660633
2.447526 -9.816491 -1.966547 2.660687
2.380343 -9.839159 -1.967711 2.660747
2.313035 -9.861676 -1.968937 2.660810
2.245595 -9.884028 -1.970222 2.660875
2.178770 -9.909613 -1.972242 2.660979
2.112758 -9.939747 -1.975255 2.661133
2.046495 -9.969748 -1.978329 2.661290
1.979976 -9.999614 -1.981465 2.661451
1.913121 -10.028934 -1.984580 2.661610
1.847217 -10.064692 -1.989055 2.661839
1.780970 -10.100382 -1.993603 2.662072
1.714377 -10.136007 -1.998223 2.662309
1.648370 -10.177348 -2.004056 2.662607
1.581861 -10.218205 -2.009877 2.662906
1.514555 -10.256542 -2.015289 2.663183
1.447625 -10.300387 -2.021869 2.663520
1.381033 -10.350367 -2.029737 2.663923
1.314424 -10.404744 -2.038552 2.664374
1.246763 -10.455674 -2.046775 2.664795
1.178705 -10.508391 -2.055434 2.665238
1.110936 -10.569854 -2.065889 2.665773
1.041719 -10.624280 -2.075054 2.666243
0.971530 -10.675320 -2.083647 2.666683
0.901542 -10.736194 -2.094249 2.667226
0.830425 -10.792336 -2.104018 2.667726
0.758620 -10.848769 -2.113936 2.668234
0.685500 -10.895714 -2.122100 2.668652
0.612054 -10.947403 -2.131283 2.669122
0.537603 -10.992114 -2.139205 2.669527
0.462213 -11.028058 -2.145519 2.669851
0.386447 -11.066407 -2.152403 2.670203
0.310206 -11.105559 -2.159544 2.670569
0.233449 -11.144782 -2.166801 2.670940
0.156326 -11.195333 -2.176365 2.671430
0.078423 -11.233080 -2.183543 2.671797
-0.000000 -11.252844 -2.187331 2.671991
-0.078716 -11.275009 -2.191693 2.672215
-0.157481 -11.277974 -2.192430 2.672252
-0.236299 -11.280731 -2.193233 2.672293
-0.315257 -11.286368 -2.194704 2.672369
-0.394212 -11.288744 -2.195647 2.672417
-0.473229 -11.290895 -2.196655 2.672469
-0.552953 -11.305943 -2.200280 2.672654
-0.632818 -11.318755 -2.203579 2.672823
-0.712406 -11.323380 -2.205394 2.672916
-0.791897 -11.324652 -2.206665 2.672981
-0.871102 -11.320972 -2.207079 2.673002
-0.949805 -11.310918 -2.206358 2.672965
-1.028425 -11.300483 -2.205669 2.672930
-1.107439 -11.294543 -2.205965 2.672945
-1.186494 -11.288733 -2.206394 2.672967
-1.265652 -11.283535 -2.207052 2.673001
-1.344751 -11.277416 -2.207637 2.673031
-1.423774 -11.270323 -2.208141 2.673057
-1.502855 -11.263378 -2.208782 2.673090
-1.581999 -11.256509 -2.209547 2.673129
-1.661171 -11.249426 -2.210379 2.673172
-1.740005 -11.239744 -2.210810 2.673193
-1.818436 -11.227357 -2.210816 2.673194
-1.896602 -11.213384 -2.210618 2.673183
-1.974239 -11.196465 -2.209946 2.673149
-2.052367 -11.182469 -2.209958 2.673150
-2.130462 -11.168268 -2.210037 2.673154
-2.208525 -11.153862 -2.210184 2.673161
-2.286431 -11.138622 -2.210273 2.673166
-2.363233 -11.118135 -2.209428 2.673123
-2.439936 -11.097464 -2.208651 2.673083
-2.517035 -11.078769 -2.208374 2.673069
-2.594572 -11.062009 -2.208590 2.673080
-2.672073 -11.045028 -2.208870 2.673094
-2.748200 -11.022429 -2.208134 2.673056
-2.824076 -10.999050 -2.207347 2.673016
-2.900234 -10.976942 -2.206919 2.672994
-2.977518 -10.959082 -2.207454 2.673022
-3.054778 -10.940988 -2.208052 2.673052
-3.132026 -10.922672 -2.208714 2.673086
-3.209264 -10.904142 -2.209444 2.673123
-3.286491 -10.885382 -2.210238 2.673164
-3.363707 -10.866379 -2.211094 2.673208
-3.440919 -10.847152 -2.212016 2.673255
-3.518131 -10.827693 -2.213002 2.673306
-3.595342 -10.807996 -2.214053 2.673359
-3.672551 -10.788045 -2.215164 2.673416
-3.749777 -10.767890 -2.216347 2.673477
-3.827014 -10.747506 -2.217597 2.673541
-3.904267 -10.726885 -2.218912 2.673608
-3.981534 -10.706021 -2.220292 2.673679
-4.058818 -10.684913 -2.221737 2.673753
-4.136125 -10.663563 -2.223248 2.673830
-4.215088 -10.646099 -2.225688 2.673955
-4.294144 -10.628380 -2.228196 2.674083
-4.370797 -10.604346 -2.229501 2.674150
-4.447443 -10.580049 -2.230866 2.674220
-4.525316 -10.558352 -2.232898 2.674324
-4.604813 -10.540002 -2.235762 2.674471
-4.684413 -10.521364 -2.238691 2.674621
-4.761446 -10.496549 -2.240429 2.674710
-4.838240 -10.470910 -2.242112 2.674796
-4.915925 -10.446870 -2.244259 2.674906
-4.995830 -10.427103 -2.247450 2.675070
-5.075854 -10.407043 -2.250709 2.675236
-5.155996 -10.386687 -2.254037 2.675406
-5.236262 -10.366035 -2.257434 2.675581
-5.315628 -10.343091 -2.260464 2.675736
-5.392952 -10.315766 -2.262665 2.675848
-5.470158 -10.287870 -2.264868 2.675961
-5.547397 -10.259695 -2.267136 2.676077
-5.624671 -10.231238 -2.269469 2.676197
-5.702148 -10.202791 -2.271935 2.676323
-5.783090 -10.180079 -2.275812 2.676521
-5.864179 -10.157056 -2.279762 2.676724
-5.944497 -10.132149 -2.283431 2.676912
-6.024539 -10.106257 -2.287019 2.677095
-6.104684 -10.080030 -2.290673 2.677282
-6.184932 -10.053464 -2.294392 2.677473
-6.263751 -10.024096 -2.297614 2.677638
-6.341705 -9.992928 -2.300561 2.677788
-6.419721 -9.961456 -2.303578 2.677943
-6.497812 -9.929696 -2.306668 2.678101
-6.579733 -9.903295 -2.311149 2.678331
-6.662196 -9.877112 -2.315837 2.678571
-6.742850 -9.847684 -2.319918 2.678780
-6.821325 -9.814599 -2.323287 2.678952
-6.900099 -9.781512 -2.326801 2.679132
-6.981384 -9.751494 -2.331198 2.679357
-7.062806 -9.721118 -2.335667 2.679586
-7.144373 -9.690392 -2.340211 2.679819
-7.226046 -9.659254 -2.344817 2.680055
-7.307856 -9.627744 -2.349496 2.680294
-7.389804 -9.595858 -2.354247 2.680537
-7.471908 -9.563606 -2.359075 2.680784
-7.554170 -9.530988 -2.363981 2.681036
-7.636577 -9.497986 -2.368961 2.681291
-7.719135 -9.464596 -2.374017 2.681550
-7.801849 -9.430813 -2.379147 2.681812
-7.884716 -9.396638 -2.384354 2.682079
-7.969558 -9.364196 -2.390182 2.682377
-8.056544 -9.333595 -2.396670 2.682709
-8.141869 -9.300383 -2.402679 2.683017
-8.222507 -9.261230 -2.407336 2.683256
-8.303220 -9.221660 -2.412059 2.683497
-8.385175 -9.182936 -2.417184 2.683760
-8.469173 -9.145875 -2.422933 2.684054
-8.553349 -9.108392 -2.428763 2.684353
-8.637705 -9.070482 -2.434675 2.684655
-8.724521 -9.034506 -2.441308 2.684995
-8.813292 -8.999835 -2.448506 2.685363
-8.902334 -8.964702 -2.455797 2.685737
-8.986162 -8.923646 -2.461676 2.686038
-9.067951 -8.879992 -2.467038 2.686312
-9.151694 -8.837688 -2.472975 2.686616
-9.241465 -8.800525 -2.480569 2.687005
-9.331485 -8.762847 -2.488251 2.687398
-9.413853 -8.717323 -2.493926 2.687689
-9.496270 -8.671285 -2.499661 2.687983
-9.583191 -8.628744 -2.506623 2.688339
-9.674129 -8.589090 -2.514663 2.688751
-9.762682 -8.546581 -2.522110 2.689132
-9.845611 -8.498504 -2.528144 2.689441
-9.928644 -8.449937 -2.534256 2.689754
-10.024733 -8.411749 -2.543730 2.690239
-10.117370 -8.369813 -2.552347 2.690680
-10.194558 -8.314478 -2.557114 2.690924
-10.266123 -8.254176 -2.560548 2.691100
-10.337515 -8.193412 -2.564024 2.691278
-10.408728 -8.132190 -2.567543 2.691458
-10.479765 -8.070503 -2.571105 2.691641
-10.541952 -8.001776 -2.572594 2.691717
-10.594151 -7.925439 -2.571767 2.691674
-10.645857 -7.848801 -2.570954 2.691633
-10.697062 -7.771871 -2.570154 2.691592
-10.747771 -7.694646 -2.569368 2.691551
-10.797978 -7.617135 -2.568595 2.691512
-10.847684 -7.539337 -2.567836 2.691473
-10.896889 -7.461254 -2.567090 2.691435
-10.945588 -7.382892 -2.566357 2.691397
-10.993784 -7.304250 -2.565639 2.691361
-11.041472 -7.225337 -2.564934 2.691324
-11.088654 -7.146151 -2.564242 2.691289
-11.135328 -7.066692 -2.563564 2.691254
-11.181491 -6.986971 -2.562899 2.691221
-11.227145 -6.906983 -2.562248 2.691187
-11.272286 -6.826738 -2.561611 2.691154
-11.316914 -6.746235 -2.560987 2.691122
-11.361029 -6.665474 -2.560377 2.691091
-11.404628 -6.584465 -2.559781 2.691061
-11.447711 -6.503203 -2.559198 2.691031
-11.490276 -6.421698 -2.558629 2.691002
-11.532323 -6.339949 -2.558073 2.690973
-11.573852 -6.257957 -2.557531 2.690945
-11.614858 -6.175730 -2.557003 2.690918
-11.655345 -6.093265 -2.556489 2.690892
-11.695308 -6.010571 -2.555988 2.690866
-11.734747 -5.927648 -2.555501 2.690841
-11.773663 -5.844495 -2.555027 2.690817
-11.812052 -5.761123 -2.554568 2.690794
-11.849916 -5.677526 -2.554122 2.690771
-11.887252 -5.593715 -2.553690 2.690749
-11.924059 -5.509689 -2.553272 2.690727
-11.960338 -5.425448 -2.552867 2.690707
-11.996085 -5.341001 -2.552476 2.690687
-12.031302 -5.256345 -2.552099 2.690667
-12.065987 -5.171488 -2.551735 2.690649
-12.100138 -5.086431 -2.551386 2.690631
-12.133757 -5.001172 -2.551050 2.690614
-12.166839 -4.915722 -2.550728 2.690597
-12.199387 -4.830077 -2.550420 2.690581
-12.231397 -4.744246 -2.550126 2.690566
-12.262870 -4.658228 -2.549845 2.690552
-12.293806 -4.572024 -2.549578 2.690538
-12.324202 -4.485642 -2.549325 2.690525
-12.354058 -4.399080 -2.549086 2.690513
-12.383372 -4.312346 -2.548861 2.690501
-12.412147 -4.225440 -2.548649 2.690491
-12.440378 -4.138361 -2.548451 2.690481
-12.468066 -4.051120 -2.548268 2.690471
-12.495212 -3.963712 -2.548098 2.690462
-12.521811 -3.876147 -2.547941 2.690455
-12.547864 -3.788424 -2.547799 2.690447
-12.573373 -3.700543 -2.547671 2.690441
-12.598333 -3.612514 -2.547556 2.690435
-12.622747 -3.524332 -2.547455 2.690430
-12.646612 -3.436008 -2.547368 2.690425
-12.669928 -3.347540 -2.547295 2.690421
-12.692695 -3.258929 -2.547236 2.690418
-12.714910 -3.170183 -2.547191 2.690416
-12.736575 -3.081300 -2.547159 2.690414
-12.757687 -2.992288 -2.547141 2.690414
-12.778246 -2.903147 -2.547137 2.690413
-12.798253 -2.813877 -2.547148 2.690414
-12.817706 -2.724488 -2.547171 2.690415
-12.836604 -2.634974 -2.547209 2.690417
-12.854947 -2.545347 -2.547261 2.690420
-12.872734 -2.455606 -2.547326 2.690423
-12.889965 -2.365750 -2.547405 2.690427
-12.906638 -2.275789 -2.547498 2.690432
-12.922754 -2.185718 -2.547606 2.690437
-12.938312 -2.095549 -2.547726 2.690444
-12.953311 -2.005279 -2.547861 2.690450
-12.967751 -1.914909 -2.548010 2.690458
-12.981630 -1.824449 -2.548172 2.690466
-12.994949 -1.733894 -2.548348 2.690475
-13.007707 -1.643255 -2.548538 2.690485
-13.019903 -1.552530 -2.548742 2.690495
-13.031538 -1.461720 -2.548960 2.690506
-13.042609 -1.370833 -2.549191 2.690518
-13.053118 -1.279867 -2.549436 2.690531
-13.063062 -1.188831 -2.549695 2.690544
-13.072442 -1.097724 -2.549968 2.690558
-13.081259 -1.006547 -2.550255 2.690573
-13.089509 -0.915308 -2.550556 2.690588
-13.097195 -0.824004 -2.550870 2.690604
-13.104313 -0.732644 -2.551198 2.690621
-13.110866 -0.641229 -2.551540 2.690639
-13.116851 -0.549758 -2.551896 2.690657
-13.122270 -0.458240 -2.552265 2.690676
-13.127120 -0.366672 -2.552649 2.690696
-13.131402 -0.275063 -2.553046 2.690716
-13.135115 -0.183413 -2.553457 2.690737
-13.138259 -0.091722 -2.553881 2.690759
-13.140834 0.000000 -2.554319 2.690781
-13.142839 0.091758 -2.554771 2.690804
-13.144275 0.183541 -2.555237 2.690828
-13.145139 0.275351 -2.555717 2.690853
-13.145432 0.367187 -2.556210 2.690878
-13.145155 0.459039 -2.556717 2.690904
-13.144305 0.550912 -2.557237 2.690930
-13.142884 0.642795 -2.557772 2.690958
-13.140891 0.734689 -2.558320 2.690986
-13.138326 0.826595 -2.558881 2.691015
-13.135187 0.918502 -2.559456 2.691044
-13.131475 1.010414 -2.560045 2.691074
-13.127191 1.102322 -2.560648 2.691105
-13.122332 1.194225 -2.561264 2.691137
-13.116899 1.286125 -2.561894 2.691169
-13.110893 1.378010 -2.562537 2.691202
-13.104312 1.469886 -2.563194 2.691236
-13.097157 1.561742 -2.563865 2.691270
-13.089427 1.653578 -2.564549 2.691305
-13.081121 1.745396 -2.565247 2.691340
-13.072242 1.837184 -2.565958 2.691377
-13.062786 1.928946 -2.566683 2.691414
-13.052754 2.020674 -2.567421 2.691452
-13.042149 2.112366 -2.568173 2.691490
-13.030966 2.204024 -2.568938 2.691530
-13.019207 2.295637 -2.569717 2.691570
-13.006872 2.387210 -2.570510 2.691610
-12.993961 2.478731 -2.571315 2.691651
-12.980474 2.570202 -2.572134 2.691693
-12.966411 2.661623 -2.572967 2.691736
-12.951771 2.752984 -2.573813 2.691779
-12.936554 2.844288 -2.574673 2.691823
-12.920761 2.935526 -2.575546 2.691868
-12.904391 3.026697 -2.576432 2.691913
-12.887444 3.117802 -2.577331 2.691959
-12.869921 3.208832 -2.578244 2.692006
-12.851820 3.299789 -2.579170 2.692054
-12.833143 3.390663 -2.580110 2.692101
-12.813890 3.481456 -2.581063 2.692150
-12.794059 3.572167 -2.582028 2.692200
-12.773652 3.662786 -2.583008 2.692250
-12.752667 3.753316 -2.584000 2.692301
-12.731107 3.843749 -2.585006 2.692352
-12.708970 3.934083 -2.586025 2.692405
-12.686256 4.024319 -2.587057 2.692457
-12.662967 4.114447 -2.588102 2.692511
-12.639100 4.204471 -2.589160 2.692565
-12.614657 4.294381 -2.590232 2.692620
-12.589640 4.384176 -2.591316 2.692675
-12.564044 4.473856 -2.592414 2.692732
-12.537874 4.563413 -2.593525 2.692788
-12.511128 4.652849 -2.594648 2.692846
-12.483808 4.742155 -2.595785 2.692904
-12.455912 4.831329 -2.596935 2.692963
-12.427440 4.920373 -2.598097 2.693022
-12.398395 5.009276 -2.599273 2.693083
-12.368773 5.098042 -2.600461 2.693143
-12.338578 5.186662 -2.601662 2.693205
-12.307811 5.275134 -2.602877 2.693267
-12.276467 5.363458 -2.604104 2.693330
-12.244552 5.451626 -2.605344 2.693393
-12.212062 5.539639 -2.606596 2.693458
-12.179001 5.627489 -2.607862 2.693522
-12.145367 5.715175 -2.609140 2.693588
-12.111159 5.802697 -2.610430 2.693654
-12.076382 5.890045 -2.611734 2.693721
-12.036925 5.975184 -2.612159 2.693743
-11.962699 6.042795 -2.605142 2.693383
-11.906557 6.119138 -2.602156 2.693230
-11.856916 6.198647 -2.600702 2.693156
-11.806848 6.277812 -2.599269 2.693083
-11.764180 6.360871 -2.599589 2.693099
-11.719968 6.443108 -2.599696 2.693105
-11.658163 6.515526 -2.596013 2.692916
-11.609775 6.595272 -2.595428 2.692886
-11.569745 6.679795 -2.596841 2.692958
-11.532379 6.766009 -2.598994 2.693069
-11.499627 6.855155 -2.602335 2.693239
-11.449791 6.934239 -2.601948 2.693220
-11.394357 7.009857 -2.600410 2.693141
-11.339828 7.085910 -2.599191 2.693079
-11.286631 7.162716 -2.598397 2.693038
-11.242811 7.245499 -2.599891 2.693114
-11.203322 7.331248 -2.602531 2.693249
-11.164596 7.417741 -2.605502 2.693402
-11.116526 7.498191 -2.606436 2.693449
-11.061992 7.574306 -2.605985 2.693426
-11.018790 7.658259 -2.608340 2.693547
-10.970881 7.739104 -2.609725 2.693618
-10.912287 7.812432 -2.608697 2.693565
-10.868835 7.896671 -2.611425 2.693705
-10.818511 7.976097 -2.612650 2.693768
-10.749971 8.042007 -2.609593 2.693611
-10.694551 8.117605 -2.609833 2.693623
-10.639833 8.193776 -2.610376 2.693651
-10.578741 8.265018 -2.609481 2.693605
-10.517261 8.335880 -2.608607 2.693561
-10.455398 8.406357 -2.607756 2.693517
-10.400344 8.482312 -2.608731 2.693567
-10.333109 8.548293 -2.606773 2.693467
-10.272126 8.619337 -2.606505 2.693453
-10.220298 8.698158 -2.608700 2.693565
-10.151793 8.762794 -2.606766 2.693466
-10.076254 8.821093 -2.603119 2.693280
-10.011751 8.888850 -2.602424 2.693244
-9.934688 8.945233 -2.598562 2.693046
-9.854548 8.998442 -2.593969 2.692811
-9.782007 9.058239 -2.591457 2.692683
-9.698918 9.107889 -2.586227 2.692415
-9.619904 9.160913 -2.582150 2.692206
-9.554013 9.226203 -2.581689 2.692182
-9.479315 9.282834 -2.578954 2.692042
-9.398660 9.333274 -2.574676 2.691823
-9.307559 9.372765 -2.567582 2.691460
-9.225406 9.420676 -2.563000 2.691226
-9.148831 9.473892 -2.560039 2.691074
-9.071910 9.526446 -2.557063 2.690922
-8.986901 9.570079 -2.551872 2.690656
-8.902769 9.614115 -2.546979 2.690405
-8.817789 9.656713 -2.541893 2.690145
-8.729255 9.694819 -2.535820 2.689834
-8.635761 9.726695 -2.528327 2.689450
-8.548439 9.764804 -2.522658 2.689160
-8.461131 9.802314 -2.517027 2.688872
-8.376391 9.842229 -2.512198 2.688625
-8.284917 9.873579 -2.505376 2.688275
-8.191795 9.902183 -2.498061 2.687901
-8.099382 9.930825 -2.490961 2.687537
-8.011771 9.964633 -2.485351 2.687250
-7.930233 10.005466 -2.481666 2.687061
-7.843645 10.039407 -2.476442 2.686794
-7.754112 10.068923 -2.470309 2.686480
-7.666668 10.100464 -2.464856 2.686201
-7.587435 10.142333 -2.462086 2.686059
-7.508316 10.184034 -2.459424 2.685922
-7.429077 10.225247 -2.456792 2.685788
-7.346408 10.261358 -2.453086 2.685598
-7.264846 10.298577 -2.449799 2.685430
-7.178263 10.328166 -2.444857 2.685177
-7.095555 10.362799 -2.441269 2.684993
-7.012867 10.397003 -2.437734 2.684812
-6.925883 10.424296 -2.432736 2.684556
-6.844510 10.459508 -2.429743 2.684403
-6.767358 10.500882 -2.428320 2.684330
-6.687205 10.537351 -2.425898 2.684206
-6.607115 10.573594 -2.423564 2.684087
-6.529983 10.614340 -2.422394 2.684026
-6.449883 10.650024 -2.420203 2.683914
-6.365674 10.678516 -2.416519 2.683726
-6.285557 10.713475 -2.414441 2.683619
-6.209521 10.755206 -2.414017 2.683598
-6.130744 10.792064 -2.412624 2.683526
-6.051697 10.828239 -2.411208 2.683454
-5.976585 10.871367 -2.411461 2.683467
-5.901374 10.914366 -2.411802 2.683484
-5.827783 10.960465 -2.412939 2.683542
-5.754210 11.006794 -2.414235 2.683609
-5.679814 11.051724 -2.415334 2.683665
-5.602751 11.091560 -2.415433 2.683670
-5.526132 11.132324 -2.415849 2.683691
-5.447582 11.169199 -2.415539 2.683676
-5.372501 11.213280 -2.416902 2.683745
-5.300258 11.263623 -2.419718 2.683890
-5.219541 11.296121 -2.418813 2.683843
-5.141951 11.335371 -2.419471 2.683877
-5.073935 11.396244 -2.424844 2.684152
-4.999270 11.442883 -2.427282 2.684277
-4.921466 11.482642 -2.428369 2.684332
-4.846649 11.529721 -2.431110 2.684473
-4.772645 11.579309 -2.434481 2.684645
-4.699823 11.632470 -2.438700 2.684861
-4.627395 11.687471 -2.443398 2.685102
-4.554282 11.741642 -2.448016 2.685338
-4.479493 11.792345 -2.452008 2.685543
-4.402516 11.838014 -2.455053 2.685699
-4.325348 11.883797 -2.458225 2.685861
-4.252729 11.943056 -2.464282 2.686171
-4.180224 12.003972 -2.470769 2.686503
-4.107065 12.064421 -2.477249 2.686835
-4.034709 12.128787 -2.484621 2.687212
-3.962137 12.194205 -2.492295 2.687605
-3.887627 12.255360 -2.499186 2.687958
-3.810336 12.309209 -2.504681 2.688240
-3.733161 12.364823 -2.510633 2.688544
-3.658395 12.430165 -2.518653 2.688955
-3.583283 12.496393 -2.526942 2.689379
-3.505256 12.554423 -2.533666 2.689723
-3.423895 12.602032 -2.538388 2.689965
-3.350092 12.679588 -2.549237 2.690521
-3.270250 12.736788 -2.556085 2.690871
-3.189111 12.790825 -2.562399 2.691195
-3.110894 12.858888 -2.571620 2.691667
-3.030567 12.920908 -2.579729 2.692082
-2.948325 12.977113 -2.586778 2.692443
-2.863503 13.023966 -2.592069 2.692714
-2.779473 13.076393 -2.598578 2.693047
-2.695575 13.131810 -2.605788 2.693416
-2.611263 13.187862 -2.613229 2.693797
-2.525745 13.240435 -2.620089 2.694149
-2.438766 13.287796 -2.626028 2.694453
-2.351977 13.338723 -2.632783 2.694798
-2.262405 13.376133 -2.636985 2.695014
-2.174001 13.422714 -2.643111 2.695327
-2.085204 13.469618 -2.649416 2.695650
-1.995236 13.511723 -2.654894 2.695930
-1.905028 13.554975 -2.660714 2.696229
-1.814738 13.600817 -2.667161 2.696558
-1.723466 13.642675 -2.672944 2.696855
-1.631881 13.685389 -2.679015 2.697165
-1.540827 13.736794 -2.686907 2.697570
-1.447348 13.770592 -2.691476 2.697803
-1.353982 13.808960 -2.697062 2.698090
-1.258772 13.831630 -2.699707 2.698225
-1.164775 13.870969 -2.705733 2.698534
-1.070030 13.906305 -2.711102 2.698808
-0.975629 13.952147 -2.718645 2.699195
-0.878989 13.971104 -2.721077 2.699319
-0.782033 13.987761 -2.723191 2.699427
-0.685715 14.020517 -2.728570 2.699703
-0.589269 14.059564 -2.735302 2.700047
-0.492341 14.098800 -2.742199 2.700401
-0.395171 14.147285 -2.751026 2.700852
-0.297217 14.189220 -2.758710 2.701246
-0.198713 14.231093 -2.766514 2.701645
-0.099675 14.277407 -2.775314 2.702096
0.000000 14.319448 -2.783419 2.702511
0.100210 14.353949 -2.790193 2.702858
0.200832 14.382279 -2.795904 2.703150
0.301933 14.413989 -2.802410 2.703483
0.403820 14.456933 -2.811239 2.703935
0.506709 14.510245 -2.822225 2.704498
0.608880 14.527465 -2.826332 2.704708
0.712691 14.571937 -2.835883 2.705197
0.817716 14.625872 -2.847421 2.705788
0.921458 14.646134 -2.852549 2.706051
1.025996 14.672429 -2.858996 2.706381
1.131375 14.703552 -2.866529 2.706766
1.237169 14.732996 -2.873883 2.707143
1.342327 14.749654 -2.878891 2.707399
1.448093 14.768778 -2.884526 2.707688
1.555396 14.798606 -2.892402 2.708091
1.663238 14.828118 -2.900370 2.708499
1.771489 14.856115 -2.908194 2.708899
1.878432 14.869292 -2.913270 2.709159
1.987632 14.896597 -2.921267 2.709569
2.095704 14.911706 -2.927028 2.709864
2.200196 14.899707 -2.927616 2.709894
2.304364 14.885256 -2.927866 2.709907
2.409644 14.877569 -2.929592 2.709995
2.520821 14.903979 -2.938186 2.710435
2.627878 14.903440 -2.941625 2.710611
2.734867 14.901127 -2.944865 2.710777
2.844039 14.908951 -2.950264 2.711053
2.951275 14.905012 -2.953490 2.711219
3.059628 14.905339 -2.957715 2.711435
3.169173 14.909784 -2.962915 2.711701
3.275799 14.899194 -2.965283 2.711823
3.381663 14.884425 -2.966970 2.711909
3.491682 14.886848 -2.972240 2.712179
3.602017 14.888946 -2.977607 2.712453
3.710660 14.882647 -2.981455 2.712651
3.820839 14.881192 -2.986435 2.712905
3.933397 14.887289 -2.993097 2.713246
4.043839 14.883788 -2.997996 2.713497
4.153378 14.875721 -3.002138 2.713710
4.264069 14.870575 -3.007034 2.713960
4.373594 14.860204 -3.011038 2.714165
4.483474 14.849967 -3.015233 2.714380
4.592704 14.836617 -3.018959 2.714571
4.705065 14.832240 -3.024679 2.714863
4.820032 14.834534 -3.031935 2.715235
4.930691 14.822209 -3.036377 2.715462
5.040496 14.806345 -3.040262 2.715662
5.154232 14.800926 -3.046464 2.715979
5.267376 14.792507 -3.052226 2.716274
5.376446 14.771665 -3.055596 2.716446
5.485523 14.750132 -3.058989 2.716620
5.594612 14.727904 -3.062405 2.716795
5.703691 14.704985 -3.065845 2.716971
5.812768 14.681370 -3.069307 2.717148
5.929163 14.675195 -3.076595 2.717522
6.044104 14.664099 -3.083040 2.717851
6.151072 14.632809 -3.085415 2.717973
6.257874 14.600704 -3.087782 2.718094
6.364509 14.567780 -3.090141 2.718215
6.470971 14.534039 -3.092491 2.718335
6.577254 14.499479 -3.094832 2.718455
6.683358 14.464099 -3.097165 2.718575
6.789260 14.427905 -3.099488 2.718694
6.894962 14.390893 -3.101803 2.718812
7.000457 14.353065 -3.104107 2.718930
7.105738 14.314421 -3.106403 2.719048
7.210806 14.274958 -3.108688 2.719165
7.315637 14.234683 -3.110964 2.719281
7.420234 14.193594 -3.113230 2.719397
7.524588 14.151691 -3.115485 2.719513
7.628693 14.108976 -3.117730 2.719628
7.732551 14.065447 -3.119965 2.719742
7.836137 14.021109 -3.122189 2.719856
7.939453 13.975962 -3.124402 2.719969
8.042493 13.930006 -3.126604 2.720082
8.145247 13.883242 -3.128795 2.720194
8.247720 13.835669 -3.130975 2.720306
8.349886 13.787293 -3.133143 2.720417
8.451747 13.738115 -3.135300 2.720527
8.553296 13.688134 -3.137444 2.720637
8.654526 13.637353 -3.139577 2.720746
8.755437 13.585769 -3.141698 2.720855
8.856007 13.533391 -3.143806 2.720963
8.956237 13.480217 -3.145902 2.721070
9.056119 13.426250 -3.147986 2.721177
9.155647 13.371490 -3.150056 2.721283
9.254822 13.315934 -3.152114 2.721388
9.353621 13.259596 -3.154159 2.721493
9.452044 13.202472 -3.156190 2.721597
9.550084 13.144563 -3.158208 2.721700
9.647735 13.085872 -3.160213 2.721803
9.744997 13.026398 -3.162204 2.721905
9.841847 12.966150 -3.164181 2.722006
9.938289 12.905128 -3.166144 2.722106
10.034311 12.843333 -3.168092 2.722206
10.129910 12.780768 -3.170027 2.722305
10.225084 12.717432 -3.171947 2.722404
10.319814 12.653337 -3.173853 2.722501
10.414098 12.588479 -3.175744 2.722598
10.507929 12.522862 -3.177620 2.722694
10.601302 12.456491 -3.179481 2.722789
10.694216 12.389359 -3.181326 2.722884
10.786649 12.321485 -3.183156 2.722977
10.878603 12.252863 -3.184971 2.723070
10.970071 12.183497 -3.186771 2.723163
11.061045 12.113393 -3.188554 2.723254
11.151525 12.042545 -3.190322 2.723345
11.241493 11.970969 -3.192073 2.723434
11.330947 11.898664 -3.193808 2.723523
11.419880 11.825632 -3.195527 2.723611
11.508286 11.751877 -3.197230 2.723698
11.596165 11.677398 -3.198916 2.723784
11.683496 11.602209 -3.200585 2.723870
11.770282 11.526309 -3.202237 2.723954
11.856513 11.449701 -3.203872 2.724038
11.942183 11.372391 -3.205490 2.724121
12.027294 11.294374 -3.207091 2.724203
12.111826 11.215669 -3.208674 2.724284
12.195777 11.136272 -3.210240 2.724364
12.279141 11.056189 -3.211788 2.724443
12.361914 10.975423 -3.213318 2.724522
12.444094 10.893973 -3.214830 2.724599
12.525661 10.811856 -3.216324 2.724676
12.606618 10.729071 -3.217800 2.724751
12.686956 10.645620 -3.219258 2.724826
12.766671 10.561511 -3.220697 2.724900
12.845760 10.476740 -3.222118 2.724972
12.924209 10.391326 -3.223520 2.725044
13.002013 10.305266 -3.224903 2.725115
13.079169 10.218567 -3.226267 2.725185
13.155670 10.131232 -3.227612 2.725254
13.231517 10.043262 -3.228938 2.725322
13.306691 9.954672 -3.230245 2.725389
13.381192 9.865463 -3.231532 2.725454
13.454773 9.775465 -3.232742 2.725516
13.527910 9.685035 -3.233990 2.725580
13.600363 9.593994 -3.235218 2.725643
13.672115 9.502363 -3.236427 2.725705
13.743165 9.410139 -3.237616 2.725766
13.813509 9.317329 -3.238785 2.725826
13.883140 9.223938 -3.239933 2.725884
13.952058 9.129965 -3.241062 2.725942
14.020247 9.035429 -3.242170 2.725999
14.087708 8.940330 -3.243258 2.726055
14.154434 8.844672 -3.244324 2.726109
14.220421 8.748464 -3.245371 2.726163
14.285667 8.651702 -3.246397 2.726216
14.362996 8.562059 -3.250307 2.726416
14.444339 8.474442 -3.255247 2.726669
14.516437 8.381069 -3.258229 2.726821
14.578819 8.281924 -3.259174 2.726870
14.640433 8.182256 -3.260098 2.726917
14.701265 8.082085 -3.261000 2.726963
14.761316 7.981412 -3.261881 2.727008
14.820580 7.880242 -3.262741 2.727052
14.879053 7.778583 -3.263579 2.727095
14.936734 7.676433 -3.264395 2.727137
14.993609 7.573813 -3.265190 2.727178
15.049681 7.470725 -3.265963 2.727217
15.104942 7.367172 -3.266714 2.727256
15.159389 7.263165 -3.267444 2.727293
15.213022 7.158699 -3.268151 2.727329
15.265829 7.053800 -3.268837 2.727364
15.317809 6.948464 -3.269500 2.727398
15.368958 6.842701 -3.270142 2.727431
15.419273 6.736517 -3.270761 2.727463
15.468753 6.629910 -3.271358 2.727494
15.517385 6.522904 -3.271932 2.727523
15.565172 6.415499 -3.272485 2.727551
15.612108 6.307701 -3.273015 2.727578
15.658191 6.199518 -3.273522 2.727604
15.703420 6.090949 -3.274008 2.727629
15.747784 5.982018 -3.274470 2.727653
15.791283 5.872724 -3.274910 2.727675
15.833915 5.763074 -3.275328 2.727697
15.875675 5.653076 -3.275723 2.727717
15.916565 5.542728 -3.276095 2.727736
15.956573 5.432057 -3.276444 2.727754
15.995702 5.321060 -3.276771 2.727771
6.982910 2.268885 -1.427192 2.633072
6.983408 2.215268 -1.424098 2.632914
6.983904 2.161877 -1.421087 2.632760
6.984398 2.108712 -1.418157 2.632610
6.984890 2.055764 -1.415308 2.632464
6.985381 2.003026 -1.412540 2.632322
6.985870 1.950491 -1.409851 2.632184
6.986357 1.898149 -1.407240 2.632051
6.986842 1.846002 -1.404708 2.631921
6.987326 1.794039 -1.402253 2.631795
6.987808 1.742256 -1.399874 2.631674
6.988288 1.690646 -1.397572 2.631556
6.988767 1.639198 -1.395345 2.631442
6.989245 1.587916 -1.393193 2.631331
6.989721 1.536789 -1.391116 2.631225
6.990196 1.485812 -1.389112 2.631122
6.990670 1.434979 -1.387182 2.631024
6.991143 1.384281 -1.385324 2.630929
6.991614 1.333720 -1.383538 2.630837
6.992084 1.283287 -1.381825 2.630749
6.992553 1.232976 -1.380183 2.630665
6.993021 1.182782 -1.378612 2.630585
6.993489 1.132696 -1.377111 2.630508
6.993955 1.082720 -1.375681 2.630435
6.994421 1.032845 -1.374321 2.630365
6.994885 0.983067 -1.373030 2.630299
6.995349 0.933380 -1.371809 2.630236
6.995813 0.883774 -1.370656 2.630177
6.996275 0.834254 -1.369572 2.630122
6.996737 0.784809 -1.368557 2.630070
6.997199 0.735435 -1.367610 2.630022
6.997659 0.686127 -1.366730 2.629977
6.998120 0.636877 -1.365918 2.629935
6.998580 0.587686 -1.365174 2.629897
6.999039 0.538546 -1.364497 2.629862
6.999498 0.489453 -1.363887 2.629831
6.999957 0.440401 -1.363344 2.629803
7.000416 0.391382 -1.362868 2.629779
7.000874 0.342398 -1.362459 2.629758
7.001332 0.293442 -1.362116 2.629740
7.001791 0.244508 -1.361840 2.629726
7.002248 0.195591 -1.361630 2.629715
7.002707 0.146684 -1.361487 2.629708
7.003164 0.097787 -1.361410 2.629704
7.003623 0.048895 -1.361400 2.629704
13.846119 -0.000000 -3.196629 2.723667
13.843202 -0.096645 -3.196033 2.723637
13.839532 -0.193249 -3.195419 2.723605
13.835113 -0.289804 -3.194788 2.723573
13.829945 -0.386305 -3.194139 2.723540
13.824027 -0.482746 -3.193474 2.723506
13.817362 -0.579119 -3.192790 2.723471
13.809950 -0.675419 -3.192089 2.723435
13.801792 -0.771640 -3.191371 2.723398
13.792889 -0.867775 -3.190635 2.723361
13.783242 -0.963818 -3.189883 2.723322
13.772853 -1.059763 -3.189113 2.723283
13.761723 -1.155604 -3.188326 2.723242
13.749852 -1.251335 -3.187522 2.723201
13.737242 -1.346948 -3.186701 2.723159
13.723895 -1.442440 -3.185863 2.723116
13.709812 -1.537802 -3.185009 2.723072
13.694995 -1.633029 -3.184138 2.723028
13.679444 -1.728116 -3.183249 2.722982
13.663163 -1.823055 -3.182345 2.722936
13.646152 -1.917842 -3.181424 2.722889
13.628412 -2.012469 -3.180486 2.722841
13.609947 -2.106931 -3.179532 2.722792
13.590758 -2.201222 -3.178562 2.722742
13.570847 -2.295337 -3.177575 2.722692
13.550215 -2.389268 -3.176573 2.722641
13.528864 -2.483011 -3.175554 2.722588
13.506798 -2.576560 -3.174519 2.722535
13.484016 -2.669907 -3.173469 2.722481
13.460524 -2.763049 -3.172402 2.722427
13.436496 -2.856015 -3.171361 2.722373
13.411585 -2.948728 -3.170264 2.722317
13.385970 -3.041218 -3.169150 2.722260
13.359652 -3.133478 -3.168021 2.722203
13.332633 -3.225503 -3.166877 2.722144
13.304916 -3.317288 -3.165717 2.722085
13.276505 -3.408827 -3.164542 2.722024
13.247400 -3.500114 -3.163353 2.721964
13.217606 -3.591144 -3.162148 2.721902
13.187123 -3.681911 -3.160928 2.721839
13.155957 -3.772410 -3.159693 2.721776
13.124109 -3.862635 -3.158444 2.721712
13.091581 -3.952582 -3.157180 2.721648
13.058377 -4.042243 -3.155901 2.721582
13.024501 -4.131615 -3.154608 2.721516
12.989954 -4.220692 -3.153301 2.721449
12.954740 -4.309468 -3.151979 2.721381
12.918861 -4.397939 -3.150643 2.721313
12.882321 -4.486099 -3.149293 2.721244
12.845124 -4.573943 -3.147930 2.721174
12.807272 -4.661466 -3.146552 2.721103
12.768768 -4.748662 -3.145161 2.721032
12.729617 -4.835528 -3.143756 2.720960
12.689820 -4.922057 -3.142337 2.720888
12.649110 -5.008137 -3.140838 2.720811
12.594347 -5.088447 -3.135984 2.720562
12.539127 -5.168255 -3.131143 2.720315
12.477872 -5.245215 -3.124915 2.719996
12.410398 -5.319103 -3.117241 2.719603
12.354121 -5.397383 -3.112494 2.719360
12.303403 -5.477828 -3.109275 2.719195
12.239316 -5.552000 -3.102799 2.718863
12.170698 -5.623652 -3.095282 2.718478
12.101877 -5.694711 -3.087815 2.718096
12.017675 -5.757905 -3.076513 2.717517
11.940037 -5.823545 -3.066970 2.717029
11.863497 -5.889091 -3.057796 2.716559
11.789534 -5.955322 -3.049375 2.716128
11.711191 -6.018735 -3.039905 2.715643
11.640755 -6.085639 -3.032576 2.715268
11.575965 -6.155049 -3.026818 2.714973
11.502798 -6.219540 -3.018967 2.714571
11.426374 -6.281703 -3.010346 2.714130
11.341795 -6.338715 -2.999649 2.713582
11.270609 -6.402597 -2.992571 2.713219
11.194427 -6.463106 -2.984251 2.712794
11.109331 -6.517806 -2.973624 2.712250
11.024315 -6.571811 -2.963076 2.711709
10.928698 -6.618655 -2.949724 2.711026
10.832805 -6.664386 -2.936328 2.710340
10.738641 -6.710247 -2.923431 2.709680
10.644115 -6.754961 -2.910466 2.709016
10.545538 -6.796135 -2.896414 2.708296
10.434705 -6.828279 -2.878996 2.707405
10.336638 -6.867647 -2.865098 2.706693
10.239468 -6.906608 -2.851460 2.705995
10.142887 -6.944980 -2.837997 2.705305
10.046830 -6.982728 -2.824692 2.704624
9.947059 -7.016879 -2.810346 2.703890
9.855991 -7.056198 -2.798466 2.703281
9.752596 -7.085675 -2.783086 2.702494
9.647649 -7.112861 -2.767241 2.701683
9.543427 -7.139396 -2.751577 2.700881
9.451257 -7.173894 -2.739375 2.700256
9.359875 -7.208075 -2.727408 2.699643
9.257722 -7.232925 -2.712290 2.698869
9.164981 -7.264074 -2.699911 2.698235
9.074242 -7.295877 -2.688120 2.697632
8.979105 -7.323180 -2.675017 2.696961
8.886735 -7.351747 -2.662724 2.696331
8.789904 -7.375605 -2.649075 2.695632
8.696877 -7.401622 -2.636548 2.694991
8.608540 -7.430692 -2.625431 2.694422
8.520669 -7.459282 -2.614450 2.693860
8.431336 -7.485691 -2.603012 2.693274
8.333964 -7.503935 -2.589061 2.692560
8.238477 -7.522764 -2.575650 2.691873
8.150502 -7.547448 -2.564557 2.691305
8.062983 -7.571645 -2.553589 2.690744
7.975970 -7.595415 -2.542764 2.690189
7.889446 -7.618750 -2.532075 2.689642
7.803396 -7.641650 -2.521518 2.689102
7.717814 -7.664121 -2.511093 2.688568
7.633512 -7.686990 -2.501064 2.688054
7.547978 -7.707742 -2.490610 2.687519
7.463726 -7.728914 -2.480553 2.687004
7.373807 -7.743261 -2.468575 2.686391
7.286034 -7.758838 -2.457265 2.685812
7.204680 -7.780347 -2.448087 2.685342
7.123693 -7.801440 -2.439016 2.684877
7.045275 -7.824570 -2.430811 2.684457
6.971610 -7.852313 -2.424250 2.684121
6.889266 -7.869545 -2.414662 2.683631
6.807355 -7.886397 -2.405192 2.683146
6.725883 -7.902886 -2.395841 2.682667
6.646138 -7.920558 -2.387074 2.682218
6.571448 -7.943517 -2.380109 2.681861
6.496181 -7.965105 -2.372931 2.681494
6.416330 -7.980306 -2.364056 2.681040
6.336956 -7.995249 -2.355319 2.680592
6.263388 -8.016771 -2.348721 2.680254
6.190057 -8.037953 -2.342209 2.679921
6.112336 -8.052705 -2.334016 2.679502
6.036044 -8.068546 -2.326337 2.679108
5.962522 -8.087369 -2.319705 2.678769
5.889267 -8.105881 -2.313165 2.678434
5.815900 -8.123565 -2.306568 2.678096
5.744684 -8.143608 -2.300816 2.677802
5.672683 -8.161922 -2.294745 2.677491
5.597250 -8.174578 -2.287261 2.677108
5.522146 -8.186918 -2.279871 2.676729
5.452047 -8.205991 -2.274528 2.676456
5.382255 -8.224948 -2.269311 2.676189
5.312624 -8.243580 -2.264164 2.675925
5.244573 -8.264125 -2.259695 2.675696
5.175197 -8.282046 -2.254661 2.675439
5.101244 -8.291954 -2.247608 2.675077
5.029568 -8.304803 -2.241518 2.674766
4.959434 -8.319528 -2.236093 2.674488
4.889516 -8.333980 -2.230748 2.674214
4.822086 -8.352098 -2.226532 2.673998
4.756104 -8.372258 -2.223001 2.673817
4.689218 -8.390368 -2.219063 2.673616
4.620013 -8.403772 -2.214024 2.673358
4.551008 -8.416914 -2.209061 2.673104
4.484942 -8.434949 -2.205523 2.672923
4.417183 -8.449292 -2.201156 2.672699
4.349166 -8.462562 -2.196650 2.672468
4.281312 -8.475558 -2.192211 2.672241
4.216015 -8.493109 -2.189085 2.672081
4.153945 -8.516850 -2.187675 2.672009
4.092113 -8.540898 -2.186461 2.671947
4.026341 -8.556412 -2.183183 2.671779
3.959303 -8.568718 -2.179217 2.671576
3.892135 -8.580164 -2.175165 2.671368
3.826964 -8.595502 -2.172227 2.671218
3.762351 -8.611681 -2.169625 2.671085
3.697798 -8.627610 -2.167081 2.670954
3.633313 -8.643312 -2.164601 2.670827
3.568891 -8.658777 -2.162181 2.670704
3.504507 -8.673959 -2.159810 2.670582
3.442539 -8.694862 -2.158978 2.670540
3.379720 -8.713439 -2.157679 2.670473
3.314732 -8.726095 -2.155030 2.670337
3.250618 -8.740646 -2.152967 2.670232
3.187379 -8.757252 -2.151524 2.670158
3.124158 -8.773656 -2.150143 2.670087
3.061151 -8.790430 -2.148964 2.670027
2.998309 -8.807476 -2.147961 2.669976
2.935458 -8.824312 -2.147017 2.669927
2.872849 -8.841719 -2.146320 2.669892
2.811399 -8.862654 -2.146585 2.669905
2.749869 -8.883392 -2.146906 2.669921
2.688252 -8.903924 -2.147280 2.669940
2.626564 -8.924296 -2.147718 2.669963
2.566381 -8.950035 -2.149548 2.670057
2.506198 -8.976193 -2.151576 2.670161
2.444035 -8.995545 -2.152072 2.670186
2.380462 -9.009689 -2.151428 2.670153
2.316878 -9.023643 -2.150845 2.670123
2.253274 -9.037390 -2.150320 2.670096
2.189651 -9.050935 -2.149853 2.670072
2.128134 -9.073350 -2.151595 2.670162
2.069775 -9.110150 -2.156843 2.670430
2.009408 -9.139309 -2.160372 2.670611
1.948786 -9.168317 -2.163960 2.670795
1.887908 -9.197171 -2.167607 2.670981
1.825878 -9.221360 -2.170251 2.671117
1.763375 -9.243938 -2.172614 2.671238
1.700697 -9.266369 -2.175043 2.671362
1.638509 -9.292446 -2.178425 2.671535
1.576883 -9.323093 -2.182976 2.671768
1.516688 -9.364317 -2.190096 2.672133
1.455970 -9.405001 -2.197180 2.672496
1.394624 -9.444375 -2.204050 2.672847
1.332413 -9.480608 -2.210281 2.673166
1.269580 -9.515064 -2.216194 2.673469
1.207105 -9.555227 -2.223531 2.673845
1.144188 -9.595457 -2.230980 2.674226
1.081188 -9.639005 -2.239295 2.674652
1.017869 -9.684379 -2.248131 2.675104
0.954525 -9.735001 -2.258280 2.675624
0.891188 -9.792515 -2.270123 2.676230
0.826696 -9.844874 -2.280868 2.676780
0.761196 -9.892625 -2.290643 2.677281
0.695087 -9.940203 -2.300481 2.677784
0.628037 -9.982368 -2.309168 2.678229
0.560461 -10.024597 -2.317975 2.678680
0.492772 -10.075469 -2.328886 2.679239
0.424749 -10.134194 -2.341717 2.679896
0.355295 -10.174322 -2.350359 2.680338
0.285164 -10.209040 -2.357862 2.680722
0.214473 -10.238839 -2.364341 2.681054
0.143384 -10.268520 -2.370906 2.681390
0.071987 -10.311196 -2.380585 2.681886
-0.000000 -10.345082 -2.388350 2.682284
-0.072337 -10.361285 -2.392149 2.682478
-0.144904 -10.377267 -2.396014 2.682676
-0.217704 -10.393027 -2.399946 2.682877
-0.290737 -10.408566 -2.403944 2.683082
-0.363877 -10.420083 -2.407132 2.683245
-0.437056 -10.427835 -2.409569 2.683370
-0.510445 -10.436794 -2.412404 2.683515
-0.584708 -10.458254 -2.418249 2.683814
-0.659316 -10.479536 -2.424175 2.684118
-0.732931 -10.481404 -2.425732 2.684197
-0.806107 -10.476290 -2.425792 2.684201
-0.879270 -10.470945 -2.425916 2.684207
-0.953989 -10.482564 -2.430092 2.684421
-1.029118 -10.495761 -2.434757 2.684659
-1.103588 -10.499939 -2.437454 2.684798
-1.177682 -10.499267 -2.439148 2.684884
-1.251854 -10.498360 -2.440908 2.684974
-1.326114 -10.497269 -2.442747 2.685069
-1.399606 -10.489563 -2.443168 2.685090
-1.473093 -10.481604 -2.443650 2.685115
-1.546576 -10.473391 -2.444193 2.685143
-1.620131 -10.465403 -2.444909 2.685179
-1.693738 -10.457450 -2.445754 2.685223
-1.766051 -10.441522 -2.444853 2.685177
-1.838456 -10.426401 -2.444258 2.685146
-1.910784 -10.411042 -2.443725 2.685119
-1.983038 -10.395445 -2.443254 2.685094
-2.055219 -10.379609 -2.442845 2.685074
-2.126853 -10.361218 -2.441952 2.685028
-2.197682 -10.339282 -2.440338 2.684945
-2.268369 -10.317133 -2.438789 2.684866
-2.339630 -10.297919 -2.438049 2.684828
-2.411361 -10.280885 -2.437943 2.684823
-2.483028 -10.263610 -2.437897 2.684820
-2.554430 -10.245258 -2.437715 2.684811
-2.625023 -10.223790 -2.436908 2.684770
-2.695516 -10.202118 -2.436168 2.684732
-2.765903 -10.180212 -2.435489 2.684697
-2.836192 -10.158099 -2.434876 2.684665
-2.907287 -10.138915 -2.435084 2.684676
-2.976883 -10.114579 -2.434171 2.684629
-3.046360 -10.090029 -2.433322 2.684586
-3.116012 -10.066207 -2.432764 2.684557
-3.186960 -10.046570 -2.433336 2.684587
-3.257865 -10.026677 -2.433968 2.684619
-3.328736 -10.006548 -2.434663 2.684655
-3.399578 -9.986195 -2.435426 2.684694
-3.470387 -9.965591 -2.436251 2.684736
-3.541157 -9.944724 -2.437134 2.684781
-3.611891 -9.923590 -2.438075 2.684829
-3.682366 -9.901582 -2.438925 2.684873
-3.753782 -9.881900 -2.440472 2.684952
-3.826018 -9.864062 -2.442604 2.685061
-3.898280 -9.845932 -2.444795 2.685173
-3.968505 -9.822395 -2.445770 2.685223
-4.038345 -9.797759 -2.446596 2.685266
-4.108138 -9.772872 -2.447484 2.685311
-4.180328 -9.753433 -2.449865 2.685433
-4.252613 -9.733848 -2.452343 2.685560
-4.324440 -9.712851 -2.454599 2.685675
-4.394145 -9.686839 -2.455719 2.685733
-4.463804 -9.660556 -2.456896 2.685793
-4.533416 -9.633998 -2.458132 2.685856
-4.602983 -9.607167 -2.459425 2.685922
-4.672507 -9.580060 -2.460776 2.685992
-4.741990 -9.552676 -2.462186 2.686064
-4.811432 -9.525015 -2.463654 2.686139
-4.880834 -9.497074 -2.465181 2.686217
-4.951660 -9.471652 -2.467495 2.686336
-5.023204 -9.447273 -2.470220 2.686475
-5.093737 -9.420670 -2.472502 2.686592
-5.164280 -9.393790 -2.474850 2.686712
-5.234836 -9.366634 -2.477263 2.686836
-5.305361 -9.339125 -2.479723 2.686962
-5.374641 -9.309153 -2.481668 2.687061
-5.443893 -9.278892 -2.483672 2.687164
-5.513118 -9.248341 -2.485736 2.687270
-5.585276 -9.222385 -2.489180 2.687446
-5.657885 -9.196761 -2.492864 2.687634
-5.730197 -9.170232 -2.496456 2.687819
-5.799440 -9.138454 -2.498767 2.687937
-5.868662 -9.106380 -2.501139 2.688058
-5.938532 -9.075027 -2.503853 2.688197
-6.011339 -9.047792 -2.507857 2.688402
-6.084216 -9.020222 -2.511927 2.688611
-6.155617 -8.990052 -2.515432 2.688790
-6.225043 -8.956662 -2.518188 2.688931
-6.300007 -8.930828 -2.523230 2.689189
-6.375144 -8.904708 -2.528363 2.689452
-6.452180 -8.880664 -2.534264 2.689754
-6.529877 -8.856909 -2.540433 2.690070
-6.607807 -8.832837 -2.546698 2.690391
-6.685975 -8.808445 -2.553061 2.690717
-6.761028 -8.779375 -2.558254 2.690983
-6.833222 -8.746125 -2.562404 2.691195
-6.904983 -8.711918 -2.566443 2.691402
-6.981064 -8.682692 -2.572129 2.691693
-7.060252 -8.656725 -2.578975 2.692044
-7.139689 -8.630400 -2.585919 2.692399
-7.219398 -8.603745 -2.592971 2.692760
-7.299239 -8.576573 -2.600077 2.693124
-7.373888 -8.542730 -2.605360 2.693394
-7.448620 -8.508491 -2.610713 2.693669
-7.523503 -8.473924 -2.616160 2.693947
-7.598484 -8.438971 -2.621683 2.694230
-7.673568 -8.403626 -2.627282 2.694517
-7.741649 -8.360219 -2.630544 2.694684
-7.802420 -8.308734 -2.631420 2.694729
-7.862920 -8.256878 -2.632318 2.694775
-7.923142 -8.204654 -2.633239 2.694822
-7.978901 -8.147783 -2.632801 2.694799
-8.032660 -8.088935 -2.631842 2.694750
-8.086022 -8.029768 -2.630894 2.694702
-8.138986 -7.970282 -2.629957 2.694654
-8.191546 -7.910484 -2.629032 2.694606
-8.243706 -7.850373 -2.628118 2.694560
-8.295460 -7.789954 -2.627215 2.694513
-8.346807 -7.729229 -2.626324 2.694468
-8.397750 -7.668198 -2.625444 2.694422
-8.448282 -7.606867 -2.624575 2.694378
-8.498405 -7.545235 -2.623718 2.694334
-8.548117 -7.483309 -2.622872 2.694291
-8.597414 -7.421090 -2.622038 2.694248
-8.646299 -7.358576 -2.621215 2.694206
-8.694767 -7.295776 -2.620403 2.694165
-8.742820 -7.232687 -2.619603 2.694124
-8.790453 -7.169318 -2.618814 2.694083
-8.837666 -7.105666 -2.618037 2.694043
-8.884459 -7.041734 -2.617272 2.694004
-8.930829 -6.977528 -2.616518 2.693966
-8.976776 -6.913046 -2.615776 2.693928
-9.022298 -6.848296 -2.615045 2.693890
-9.067392 -6.783277 -2.614326 2.693853
-9.112062 -6.717989 -2.613618 2.693817
-9.156301 -6.652442 -2.612922 2.693782
-9.200110 -6.586630 -2.612238 2.693746
-9.243488 -6.520563 -2.611565 2.693712
-9.286433 -6.454240 -2.610904 2.693678
-9.328946 -6.387661 -2.610255 2.693645
-9.371023 -6.320835 -2.609618 2.693612
-9.412665 -6.253757 -2.608992 2.693580
-9.453869 -6.186438 -2.608378 2.693549
-9.494634 -6.118875 -2.607776 2.693518
-9.534962 -6.051069 -2.607185 2.693488
-9.574847 -5.983028 -2.606606 2.693458
-9.614292 -5.914750 -2.606040 2.693429
-9.653293 -5.846241 -2.605484 2.693401
-9.691850 -5.777503 -2.604941 2.693373
-9.729963 -5.708534 -2.604409 2.693346
-9.767629 -5.639343 -2.603890 2.693319
-9.804849 -5.569927 -2.603382 2.693293
-9.841619 -5.500295 -2.602886 2.693268
-9.877941 -5.430445 -2.602402 2.693243
-9.913813 -5.360377 -2.601930 2.693219
-9.949233 -5.290101 -2.601470 2.693195
-9.984201 -5.219613 -2.601021 2.693172
-10.018716 -5.148920 -2.600585 2.693150
-10.052776 -5.078023 -2.600160 2.693128
-10.086382 -5.006922 -2.599748 2.693107
-10.119531 -4.935625 -2.599347 2.693086
-10.152224 -4.864128 -2.598958 2.693067
-10.184457 -4.792441 -2.598582 2.693047
-10.216230 -4.720562 -2.598217 2.693029
-10.247546 -4.648492 -2.597864 2.693011
-10.278399 -4.576239 -2.597523 2.692993
-10.308793 -4.503799 -2.597194 2.692976
-10.338722 -4.431181 -2.596878 2.692960
-10.368188 -4.358386 -2.596573 2.692945
-10.397190 -4.285411 -2.596280 2.692930
-10.425726 -4.212267 -2.595999 2.692915
-10.453797 -4.138949 -2.595730 2.692901
-10.481400 -4.065466 -2.595474 2.692888
-10.508535 -3.991819 -2.595229 2.692876
-10.535203 -3.918006 -2.594996 2.692864
-10.561400 -3.844035 -2.594775 2.692852
-10.587129 -3.769905 -2.594567 2.692842
-10.612385 -3.695623 -2.594370 2.692832
-10.637170 -3.621189 -2.594186 2.692822
-10.661483 -3.546602 -2.594013 2.692813
-10.685322 -3.471871 -2.593853 2.692805
-10.708688 -3.396994 -2.593705 2.692798
-10.731578 -3.321978 -2.593569 2.692791
-10.753993 -3.246822 -2.593444 2.692784
-10.775932 -3.171528 -2.593332 2.692778
-10.797394 -3.096103 -2.593232 2.692773
-10.818379 -3.020544 -2.593144 2.692769
-10.838885 -2.944860 -2.593069 2.692765
-10.858912 -2.869049 -2.593005 2.692762
-10.878462 -2.793113 -2.592953 2.692759
-10.897529 -2.717059 -2.592913 2.692757
-10.916117 -2.640885 -2.592886 2.692756
-10.934222 -2.564598 -2.592870 2.692755
-10.951845 -2.488199 -2.592867 2.692755
-10.968987 -2.411687 -2.592876 2.692755
-10.985643 -2.335071 -2.592897 2.692756
-11.001818 -2.258347 -2.592930 2.692758
-11.017507 -2.181525 -2.592975 2.692760
-11.032711 -2.104603 -2.593032 2.692763
-11.047430 -2.027581 -2.593101 2.692767
-11.061662 -1.950469 -2.593182 2.692771
-11.075408 -1.873263 -2.593276 2.692776
-11.088666 -1.795971 -2.593381 2.692781
-11.101437 -1.718594 -2.593498 2.692787
-11.113720 -1.641130 -2.593628 2.692794
-11.125513 -1.563589 -2.593770 2.692801
-11.136818 -1.485967 -2.593923 2.692809
-11.147633 -1.408273 -2.594089 2.692817
-11.157957 -1.330506 -2.594267 2.692827
-11.167791 -1.252667 -2.594457 2.692836
-11.177135 -1.174764 -2.594659 2.692846
-11.185987 -1.096794 -2.594873 2.692857
-11.194345 -1.018765 -2.595099 2.692869
-11.202212 -0.940677 -2.595337 2.692881
-11.209587 -0.862529 -2.595587 2.692894
-11.216468 -0.784332 -2.595849 2.692907
-11.222856 -0.706080 -2.596123 2.692921
-11.228748 -0.627784 -2.596409 2.692936
-11.234148 -0.549442 -2.596707 2.692951
-11.239052 -0.471055 -2.597018 2.692967
-11.243462 -0.392630 -2.597340 2.692984
-11.247375 -0.314166 -2.597674 2.693001
-11.250793 -0.235670 -2.598020 2.693018
-11.253716 -0.157142 -2.598378 2.693037
-11.256142 -0.078583 -2.598748 2.693056
-11.258071 0.000000 -2.599131 2.693075
-11.259503 0.078609 -2.599524 2.693096
-11.260439 0.157236 -2.599931 2.693116
-11.260877 0.235881 -2.600348 2.693138
-11.260817 0.314544 -2.600778 2.693160
-11.260259 0.393217 -2.601220 2.693182
-11.259202 0.471902 -2.601674 2.693206
-11.257648 0.550591 -2.602139 2.693229
-11.255594 0.629285 -2.602617 2.693254
-11.253042 0.707983 -2.603106 2.693279
-11.249991 0.786676 -2.603607 2.693305
-11.246441 0.865368 -2.604120 2.693331
-11.242392 0.944051 -2.604645 2.693358
-11.237843 1.022723 -2.605182 2.693385
-11.232793 1.101386 -2.605731 2.693413
-11.227244 1.180031 -2.606291 2.693442
-11.221196 1.258661 -2.606863 2.693471
-11.214647 1.337266 -2.607447 2.693501
-11.207599 1.415848 -2.608043 2.693532
-11.200049 1.494407 -2.608651 2.693563
-11.191999 1.572933 -2.609270 2.693594
-11.183450 1.651430 -2.609901 2.693627
-11.174399 1.729889 -2.610544 2.693660
-11.164848 1.808310 -2.611198 2.693693
-11.154797 1.886694 -2.611864 2.693727
-11.144245 1.965031 -2.612542 2.693762
-11.133192 2.043325 -2.613232 2.693797
-11.121639 2.121567 -2.613933 2.693833
-11.109586 2.199757 -2.614645 2.693870
-11.097031 2.277894 -2.615370 2.693907
-11.083977 2.355972 -2.616106 2.693944
-11.070421 2.433992 -2.616853 2.693983
-11.056365 2.511945 -2.617612 2.694022
-11.041809 2.589832 -2.618383 2.694061
-11.026752 2.667654 -2.619165 2.694101
-11.011196 2.745400 -2.619959 2.694142
-10.995139 2.823074 -2.620764 2.694183
-10.978583 2.900667 -2.621581 2.694225
-10.961527 2.978180 -2.622409 2.694267
-10.943971 3.055613 -2.623249 2.694310
-10.925916 3.132956 -2.624099 2.694354
-10.907360 3.210213 -2.624962 2.694398
-10.888307 3.287374 -2.625836 2.694443
-10.868754 3.364441 -2.626721 2.694488
-10.848701 3.441412 -2.627617 2.694534
-10.828152 3.518280 -2.628525 2.694580
-10.807103 3.595047 -2.629444 2.694628
-10.785557 3.671704 -2.630374 2.694675
-10.763513 3.748251 -2.631316 2.694723
-10.740971 3.824689 -2.632269 2.694772
-10.717932 3.901008 -2.633233 2.694821
-10.694395 3.977212 -2.634208 2.694871
-10.670362 4.053291 -2.635195 2.694922
-10.645834 4.129246 -2.636192 2.694973
-10.620809 4.205077 -2.637201 2.695024
-10.595289 4.280775 -2.638220 2.695077
-10.569273 4.356342 -2.639251 2.695130
-10.542763 4.431770 -2.640293 2.695183
-10.515759 4.507059 -2.641346 2.695237
-10.488258 4.582209 -2.642409 2.695291
-10.460267 4.657211 -2.643484 2.695346
-10.431781 4.732068 -2.644570 2.695402
-10.402802 4.806770 -2.645666 2.695458
-10.373333 4.881319 -2.646774 2.695515
-10.343369 4.955714 -2.647892 2.695572
-10.312917 5.029946 -2.649021 2.695630
-10.281972 5.104017 -2.650161 2.695688
-10.250538 5.177920 -2.651312 2.695747
-10.218615 5.251654 -2.652473 2.695807
-10.186201 5.325219 -2.653645 2.695867
-10.153300 5.398605 -2.654828 2.695927
-10.119910 5.471817 -2.656022 2.695988
-10.086034 5.544845 -2.657226 2.696050
-10.051671 5.617689 -2.658440 2.696112
-10.016821 5.690348 -2.659665 2.696175
-9.981487 5.762814 -2.660901 2.696238
-9.938131 5.830669 -2.660130 2.696198
-9.897432 5.900054 -2.660197 2.696202
-9.865217 5.974587 -2.662684 2.696329
-9.818422 6.040335 -2.661371 2.696262
-9.764647 6.101629 -2.658277 2.696104
-9.728812 6.174094 -2.660191 2.696202
-9.698615 6.250332 -2.663801 2.696386
-9.646606 6.312562 -2.661555 2.696272
-9.593413 6.373850 -2.659092 2.696146
-9.565449 6.451977 -2.663761 2.696384
-9.534922 6.528699 -2.667888 2.696596
-9.493933 6.598455 -2.669243 2.696665
-9.452469 6.667983 -2.670609 2.696735
-9.410532 6.737280 -2.671984 2.696805
-9.368123 6.806340 -2.673370 2.696877
-9.325242 6.875164 -2.674765 2.696948
-9.281893 6.943743 -2.676171 2.697020
-9.235340 7.010004 -2.676794 2.697052
-9.183381 7.072157 -2.675979 2.697010
-9.131074 7.133977 -2.675185 2.696970
-9.078930 7.195873 -2.674562 2.696937
-9.033481 7.263106 -2.676045 2.697013
-8.992652 7.334227 -2.679053 2.697167
-8.941209 7.396813 -2.679047 2.697167
-8.903171 7.470647 -2.683211 2.697380
-8.864555 7.544331 -2.687382 2.697594
-8.822742 7.615587 -2.690758 2.697767
-8.774286 7.681306 -2.692269 2.697844
-8.725371 7.746748 -2.693790 2.697922
-8.676002 7.811907 -2.695320 2.698000
-8.626176 7.876783 -2.696859 2.698079
-8.575897 7.941369 -2.698407 2.698158
-8.525167 8.005664 -2.699965 2.698238
-8.473983 8.069667 -2.701532 2.698318
-8.422351 8.133369 -2.703108 2.698399
-8.370268 8.196774 -2.704693 2.698480
-8.317739 8.259873 -2.706286 2.698562
-8.264766 8.322666 -2.707889 2.698644
-8.211345 8.385151 -2.709501 2.698726
-8.157483 8.447321 -2.711122 2.698809
-8.103177 8.509176 -2.712751 2.698893
-8.048432 8.570711 -2.714389 2.698977
-7.991279 8.629795 -2.715366 2.699027
-7.929882 8.684330 -2.715039 2.699010
-7.868173 8.738492 -2.714733 2.698994
-7.809450 8.795999 -2.715594 2.699039
-7.750981 8.853875 -2.716690 2.699095
-7.689201 8.908024 -2.716768 2.699098
-7.623874 8.958024 -2.715717 2.699045
-7.564463 9.014976 -2.716907 2.699106
-7.496920 9.062222 -2.715305 2.699023
-7.432525 9.113176 -2.714959 2.699006
-7.368859 9.165011 -2.715009 2.699008
-7.309982 9.222903 -2.716974 2.699109
-7.242694 9.270226 -2.715953 2.699057
-7.172656 9.313887 -2.714007 2.698957
-7.108673 9.365333 -2.714471 2.698981
-7.044478 9.416547 -2.714995 2.699008
-6.979473 9.466728 -2.715348 2.699026
-6.912796 9.514647 -2.715183 2.699017
-6.845975 9.562360 -2.715093 2.699013
-6.783093 9.615648 -2.716712 2.699096
-6.720282 9.669217 -2.718525 2.699188
-6.640974 9.698899 -2.713769 2.698945
-6.561773 9.728230 -2.709091 2.698705
-6.497542 9.779591 -2.710696 2.698788
-6.428695 9.824076 -2.710520 2.698779
-6.354196 9.859780 -2.708066 2.698653
-6.278703 9.893655 -2.705264 2.698509
-6.199816 9.921781 -2.701054 2.698294
-6.127444 9.960022 -2.699753 2.698227
-6.058939 10.004498 -2.700277 2.698254
-5.985855 10.041364 -2.698882 2.698183
-5.909003 10.071654 -2.695870 2.698029
-5.839272 10.113916 -2.696204 2.698046
-5.768845 10.155006 -2.696356 2.698053
-5.694895 10.189816 -2.694977 2.697983
-5.622513 10.227313 -2.694446 2.697956
-5.556442 10.276428 -2.697100 2.698092
-5.486875 10.319310 -2.698236 2.698149
-5.409789 10.347977 -2.695790 2.698024
-5.338345 10.387297 -2.696258 2.698048
-5.267292 10.427464 -2.697074 2.698090
-5.196020 10.467318 -2.697933 2.698134
-5.122178 10.502020 -2.697595 2.698117
-5.047964 10.535918 -2.697184 2.698096
-4.977073 10.576820 -2.698694 2.698173
-4.911671 10.629827 -2.703404 2.698414
-4.842041 10.674222 -2.706031 2.698549
-4.767930 10.708945 -2.706329 2.698564
-4.698077 10.753478 -2.709228 2.698712
-4.620902 10.781373 -2.708063 2.698653
-4.546635 10.816016 -2.708725 2.698687
-4.472754 10.851717 -2.709780 2.698740
-4.398501 10.886673 -2.710775 2.698792
-4.323804 10.920689 -2.711662 2.698837
-4.250139 10.957514 -2.713372 2.698925
-4.176733 10.995326 -2.715449 2.699031
-4.105480 11.039308 -2.719166 2.699221
-4.036108 11.089116 -2.724427 2.699491
-3.966436 11.139053 -2.729826 2.699767
-3.892493 11.177718 -2.732575 2.699908
-3.814663 11.205499 -2.732790 2.699919
-3.739656 11.241825 -2.735215 2.700043
-3.666367 11.283916 -2.739161 2.700245
-3.595586 11.334729 -2.745336 2.700561
-3.521981 11.377685 -2.749717 2.700785
-3.445253 11.411227 -2.751944 2.700900
-3.370373 11.451550 -2.755926 2.701103
-3.294753 11.490168 -2.759617 2.701292
-3.218342 11.526813 -2.762954 2.701463
-3.142005 11.564502 -2.766663 2.701653
-3.066193 11.605072 -2.771180 2.701884
-2.991114 11.649624 -2.776765 2.702170
-2.917082 11.699776 -2.783797 2.702530
-2.840425 11.740905 -2.788796 2.702786
-2.763381 11.781753 -2.793848 2.703045
-2.685076 11.818418 -2.798029 2.703259
-2.606727 11.856081 -2.802569 2.703491
-2.529699 11.901299 -2.809015 2.703821
-2.449724 11.934120 -2.812657 2.704008
-2.368924 11.963961 -2.815723 2.704165
-2.287841 11.993296 -2.818799 2.704322
-2.206978 12.024886 -2.822534 2.704514
-2.128043 12.068734 -2.829270 2.704859
-2.046197 12.097836 -2.832674 2.705033
-1.965122 12.133055 -2.837639 2.705287
-1.884079 12.170424 -2.843233 2.705573
-1.803293 12.211884 -2.849908 2.705915
-1.719906 12.237764 -2.853076 2.706078
-1.635299 12.255985 -2.854593 2.706155
-1.552041 12.285701 -2.858921 2.706377
-1.469489 12.323530 -2.865267 2.706702
-1.386478 12.360741 -2.871598 2.707026
-1.302967 12.396900 -2.877815 2.707344
-1.217060 12.412529 -2.879400 2.707425
-1.132350 12.442474 -2.884443 2.707683
-1.047252 12.471422 -2.889388 2.707937
-0.960709 12.485539 -2.891035 2.708021
-0.874025 12.499146 -2.892702 2.708106
-0.787205 12.512239 -2.894390 2.708193
-0.700516 12.529717 -2.897230 2.708338
-0.614062 12.555460 -2.902121 2.708589
-0.527170 12.577923 -2.906392 2.708807
-0.439617 12.588978 -2.908166 2.708898
-0.351938 12.599513 -2.909961 2.708990
-0.264128 12.609528 -2.911777 2.709083
-0.176203 12.619019 -2.913614 2.709177
-0.088209 12.635051 -2.917102 2.709356
0.000000 12.652508 -2.921062 2.709558
0.088359 12.656429 -2.922038 2.709608
0.176668 12.651769 -2.921176 2.709564
0.265508 12.675109 -2.926922 2.709858
0.354686 12.697902 -2.932685 2.710153
0.444197 12.720142 -2.938466 2.710449
0.533510 12.729200 -2.941348 2.710597
0.622824 12.734487 -2.943502 2.710707
0.712231 12.739141 -2.945655 2.710818
0.801733 12.743161 -2.947808 2.710928
0.891325 12.746548 -2.949958 2.711038
0.981004 12.749297 -2.952108 2.711148
1.070770 12.751409 -2.954256 2.711258
1.160606 12.752880 -2.956402 2.711368
1.250514 12.753711 -2.958546 2.711478
1.340489 12.753900 -2.960689 2.711587
1.430527 12.753445 -2.962829 2.711697
1.520629 12.752344 -2.964968 2.711806
1.610778 12.750597 -2.967104 2.711915
1.700975 12.748202 -2.969238 2.712025
1.791215 12.745158 -2.971369 2.712134
1.881494 12.741464 -2.973497 2.712243
1.971814 12.737118 -2.975623 2.712352
2.062156 12.732119 -2.977746 2.712461
2.152522 12.726466 -2.979866 2.712569
2.242907 12.720160 -2.981983 2.712677
2.333307 12.713196 -2.984097 2.712786
2.423722 12.705575 -2.986207 2.712894
2.514135 12.697297 -2.988314 2.713002
2.604548 12.688360 -2.990417 2.713109
2.694954 12.678763 -2.992517 2.713217
2.785350 12.668506 -2.994612 2.713324
2.875737 12.657586 -2.996704 2.713431
2.966096 12.646005 -2.998792 2.713538
3.056430 12.633760 -3.000875 2.713645
3.146732 12.620852 -3.002954 2.713751
3.236998 12.607281 -3.005028 2.713857
3.327229 12.593042 -3.007098 2.713964
3.417408 12.578139 -3.009164 2.714069
3.507534 12.562572 -3.011224 2.714175
3.597604 12.546336 -3.013279 2.714280
3.687611 12.529434 -3.015329 2.714385
3.777559 12.511863 -3.017375 2.714490
3.867426 12.493626 -3.019414 2.714594
3.957216 12.474720 -3.021448 2.714698
4.046923 12.455147 -3.023477 2.714802
4.136541 12.434904 -3.025499 2.714906
4.226072 12.413992 -3.027516 2.715009
4.315497 12.392412 -3.029527 2.715112
4.404819 12.370163 -3.031532 2.715214
4.494030 12.347245 -3.033530 2.715317
4.583126 12.323658 -3.035522 2.715419
4.672109 12.299400 -3.037508 2.715520
4.760959 12.274476 -3.039487 2.715622
4.849677 12.248882 -3.041459 2.715723
4.938259 12.222620 -3.043425 2.715823
5.026699 12.195690 -3.045383 2.715924
5.114994 12.168078 -3.047332 2.716023
5.203133 12.139812 -3.049275 2.716123
5.291114 12.110879 -3.051212 2.716222
5.378932 12.081278 -3.053141 2.716321
5.466579 12.051011 -3.055062 2.716419
5.554060 12.020076 -3.056976 2.716517
5.641352 11.988478 -3.058881 2.716614
5.728459 11.956214 -3.060779 2.716712
5.815375 11.923286 -3.062668 2.716809
5.902095 11.889696 -3.064549 2.716905
5.988618 11.855440 -3.066422 2.717001
6.074928 11.820525 -3.068286 2.717096
6.161024 11.784949 -3.070141 2.717191
6.246902 11.748713 -3.071988 2.717286
6.332555 11.711818 -3.073825 2.717380
6.417985 11.674262 -3.075654 2.717473
6.503173 11.636052 -3.077474 2.717566
6.588120 11.597186 -3.079284 2.717659
6.672822 11.557666 -3.081084 2.717752
6.757270 11.517491 -3.082875 2.717843
6.841469 11.476663 -3.084657 2.717934
6.925398 11.435185 -3.086429 2.718025
7.009058 11.393059 -3.088191 2.718115
7.092445 11.350285 -3.089942 2.718205
7.175552 11.306864 -3.091684 2.718294
7.258380 11.262794 -3.093415 2.718383
7.340912 11.218084 -3.095136 2.718471
7.423148 11.172733 -3.096846 2.718559
7.505083 11.126742 -3.098546 2.718645
7.586710 11.080113 -3.100235 2.718732
7.668031 11.032844 -3.101913 2.718818
7.749028 10.984942 -3.103580 2.718903
7.829702 10.936409 -3.105235 2.718988
7.910047 10.887245 -3.106880 2.719072
7.990057 10.837452 -3.108513 2.719156
8.069734 10.787029 -3.110135 2.719239
8.149059 10.735985 -3.111745 2.719321
8.228034 10.684318 -3.113343 2.719403
8.306653 10.632031 -3.114929 2.719484
8.384911 10.579126 -3.116504 2.719565
8.462808 10.525602 -3.118066 2.719645
8.540325 10.471469 -3.119617 2.719724
8.617466 10.416725 -3.121154 2.719803
8.694224 10.361373 -3.122680 2.719881
8.770594 10.305415 -3.124193 2.719959
8.846576 10.248850 -3.125693 2.720036
8.922153 10.191689 -3.127180 2.720112
8.997326 10.133929 -3.128655 2.720187
9.072089 10.075576 -3.130117 2.720262
9.146438 10.016630 -3.131565 2.720336
9.220372 9.957090 -3.133001 2.720409
9.293876 9.896969 -3.134423 2.720482
9.366949 9.836264 -3.135831 2.720554
9.439587 9.774979 -3.137226 2.720626
9.511613 9.712941 -3.138551 2.720694
9.583368 9.650501 -3.139919 2.720764
9.654667 9.587495 -3.141273 2.720833
9.723159 9.521619 -3.141853 2.720863
9.794207 9.458155 -3.143397 2.720942
9.864609 9.393942 -3.144868 2.721017
9.935258 9.329823 -3.146547 2.721103
10.004227 9.264011 -3.147830 2.721169
10.072714 9.197650 -3.149099 2.721234
10.140716 9.130741 -3.150353 2.721298
10.208226 9.063290 -3.151593 2.721361
10.275246 8.995293 -3.152817 2.721424
10.341761 8.926764 -3.154027 2.721486
10.407769 8.857704 -3.155222 2.721547
10.473268 8.788115 -3.156402 2.721608
10.543205 8.722099 -3.159051 2.721743
10.617036 8.659038 -3.162982 2.721945
10.690532 8.595405 -3.166923 2.722147
10.759392 8.527787 -3.169608 2.722284
10.822440 8.455417 -3.170715 2.722341
10.884949 8.382541 -3.171805 2.722396
10.946918 8.309157 -3.172881 2.722451
11.008332 8.235281 -3.173940 2.722506
11.069194 8.160912 -3.174984 2.722559
11.129498 8.086053 -3.176011 2.722612
11.189239 8.010710 -3.177023 2.722663
11.248418 7.934881 -3.178018 2.722714
11.307021 7.858581 -3.178997 2.722764
11.365049 7.781810 -3.179960 2.722814
11.422498 7.704572 -3.180907 2.722862
11.479362 7.626872 -3.181837 2.722910
11.535643 7.548708 -3.182751 2.722957
11.591327 7.470097 -3.183648 2.723003
11.646415 7.391038 -3.184529 2.723048
11.700902 7.311535 -3.185393 2.723092
11.754785 7.231594 -3.186240 2.723135
11.808064 7.151212 -3.187070 2.723178
11.860725 7.070408 -3.187883 2.723219
11.912771 6.989180 -3.188679 2.723260
11.964196 6.907532 -3.189459 2.723300
12.014997 6.825470 -3.190221 2.723339
12.065175 6.742993 -3.190966 2.723377
12.114717 6.660119 -3.191694 2.723415
12.163625 6.576846 -3.192404 2.723451
12.211893 6.493179 -3.193097 2.723486
12.259520 6.409123 -3.193773 2.723521
12.306503 6.324678 -3.194432 2.723555
12.352834 6.239862 -3.195072 2.723588
12.398513 6.154674 -3.195695 2.723619
12.443535 6.069118 -3.196301 2.723650
12.487898 5.983200 -3.196889 2.723680
12.531601 5.896919 -3.197459 2.723710
12.574635 5.810294 -3.198012 2.723738
12.617000 5.723323 -3.198546 2.723766
12.658693 5.636013 -3.199063 2.723792
12.699711 5.548369 -3.199562 2.723818
12.740053 5.460389 -3.200043 2.723842
12.779711 5.372093 -3.200506 2.723866
12.818686 5.283479 -3.200951 2.723889
12.856972 5.194554 -3.201378 2.723911
12.894569 5.105323 -3.201787 2.723931
12.931477 5.015785 -3.202178 2.723952
12.967687 4.925959 -3.202550 2.723970
13.003198 4.835845 -3.202904 2.723989
13.038010 4.745447 -3.203241 2.724006
13.072118 4.654773 -3.203559 2.724022
13.105523 4.563821 -3.203858 2.724037
13.138219 4.472611 -3.204140 2.724052
13.170203 4.381142 -3.204403 2.724065
6.983259 2.268998 -1.695180 2.646793
6.983757 2.215379 -1.691505 2.646605
6.984252 2.161985 -1.687928 2.646422
6.984746 2.108817 -1.684449 2.646244
6.985237 2.055866 -1.681065 2.646070
6.985727 2.003125 -1.677776 2.645902
6.986215 1.950587 -1.674582 2.645739
6.986701 1.898242 -1.671481 2.645580
6.987186 1.846093 -1.668473 2.645426
6.987669 1.794128 -1.665557 2.645277
6.988151 1.742342 -1.662732 2.645132
6.988631 1.690728 -1.659997 2.644992
6.989109 1.639278 -1.657352 2.644856
6.989586 1.587994 -1.654796 2.644726
6.990062 1.536864 -1.652328 2.644599
6.990537 1.485884 -1.649948 2.644477
6.991010 1.435049 -1.647655 2.644360
6.991482 1.384348 -1.645448 2.644247
6.991953 1.333785 -1.643327 2.644138
6.992423 1.283349 -1.641292 2.644034
6.992892 1.233035 -1.639342 2.643934
6.993360 1.182839 -1.637475 2.643839
6.993826 1.132750 -1.635693 2.643747
6.994293 1.082772 -1.633994 2.643661
6.994758 1.032895 -1.632379 2.643578
6.995222 0.983114 -1.630846 2.643499
6.995686 0.933425 -1.629395 2.643425
6.996149 0.883817 -1.628026 2.643355
6.996611 0.834294 -1.626738 2.643289
6.997073 0.784847 -1.625532 2.643227
6.997534 0.735470 -1.624407 2.643169
6.997994 0.686160 -1.623362 2.643116
6.998455 0.636907 -1.622398 2.643067
6.998914 0.587714 -1.621514 2.643021
6.999374 0.538572 -1.620709 2.642980
6.999833 0.489476 -1.619985 2.642943
7.000291 0.440422 -1.619340 2.642910
7.000750 0.391400 -1.618775 2.642881
7.001208 0.342415 -1.618288 2.642856
7.001667 0.293456 -1.617881 2.642835
7.002125 0.244520 -1.617553 2.642819
7.002583 0.195601 -1.617304 2.642806
7.003041 0.146691 -1.617134 2.642797
7.003499 0.097792 -1.617043 2.642792
7.003957 0.048897 -1.617030 2.642792
9.738692 -0.000000 -2.609475 2.693605
11.741043 -0.081969 -3.146080 2.721079
11.738274 -0.163908 -3.145568 2.721053
11.734878 -0.245811 -3.145041 2.721026
11.730855 -0.327672 -3.144499 2.720998
11.726207 -0.409488 -3.143943 2.720970
11.720934 -0.491253 -3.143372 2.720941
11.715036 -0.572961 -3.142787 2.720911
11.708516 -0.654608 -3.142187 2.720880
11.701372 -0.736188 -3.141572 2.720848
11.693606 -0.817697 -3.140944 2.720816
11.685220 -0.899129 -3.140301 2.720783
11.676213 -0.980479 -3.139643 2.720750
11.666587 -1.061743 -3.138971 2.720715
11.656343 -1.142914 -3.138285 2.720680
11.645481 -1.223989 -3.137585 2.720644
11.634004 -1.304963 -3.136871 2.720608
11.621911 -1.385829 -3.136143 2.720570
11.609205 -1.466584 -3.135401 2.720532
11.595886 -1.547222 -3.134645 2.720494
11.581956 -1.627738 -3.133874 2.720454
11.567416 -1.708127 -3.133090 2.720414
11.552267 -1.788386 -3.132293 2.720373
11.536511 -1.868507 -3.131481 2.720332
11.520150 -1.948488 -3.130656 2.720289
11.503184 -2.028322 -3.129818 2.720247
11.485616 -2.108005 -3.128966 2.720203
11.467446 -2.187532 -3.128100 2.720159
11.448677 -2.266899 -3.127221 2.720114
11.429310 -2.346101 -3.126329 2.720068
11.409347 -2.425132 -3.125423 2.720022
11.388789 -2.503988 -3.124505 2.719975
11.367640 -2.582664 -3.123573 2.719927
11.345899 -2.661156 -3.122628 2.719878
11.323569 -2.739460 -3.121670 2.719829
11.300653 -2.817569 -3.120699 2.719780
11.277298 -2.895518 -3.119756 2.719731
11.253213 -2.973227 -3.118759 2.719680
11.228547 -3.050729 -3.117750 2.719629
11.203303 -3.128018 -3.116728 2.719577
11.177482 -3.205091 -3.115694 2.719523
11.151086 -3.281943 -3.114647 2.719470
11.124118 -3.358569 -3.113588 2.719416
11.096580 -3.434965 -3.112516 2.719361
11.068474 -3.511127 -3.111433 2.719305
11.039802 -3.587049 -3.110337 2.719249
11.010567 -3.662728 -3.109229 2.719193
10.980771 -3.738160 -3.108109 2.719135
10.950418 -3.813339 -3.106977 2.719077
10.919507 -3.888262 -3.105833 2.719019
10.888044 -3.962924 -3.104678 2.718960
10.856030 -4.037321 -3.103510 2.718900
10.823467 -4.111450 -3.102332 2.718839
10.790359 -4.185305 -3.101141 2.718778
10.756707 -4.258882 -3.099940 2.718717
10.722516 -4.332178 -3.098727 2.718655
10.687786 -4.405188 -3.097502 2.718592
10.652522 -4.477908 -3.096267 2.718529
10.616725 -4.550334 -3.095021 2.718465
10.580399 -4.622463 -3.093763 2.718401
10.543547 -4.694289 -3.092495 2.718336
10.506170 -4.765810 -3.091216 2.718270
10.468273 -4.837021 -3.089926 2.718204
10.429858 -4.907918 -3.088626 2.718138
10.390928 -4.978498 -3.087315 2.718071
10.351486 -5.048757 -3.085993 2.718003
10.311535 -5.118690 -3.084661 2.717935
10.271078 -5.188295 -3.083319 2.717866
10.229341 -5.257167 -3.081733 2.717785
10.166868 -5.315110 -3.074016 2.717390
10.100616 -5.370592 -3.065246 2.716941
10.034315 -5.425534 -3.056546 2.716495
9.967854 -5.479875 -3.047881 2.716052
9.901235 -5.533613 -3.039249 2.715610
9.834487 -5.586766 -3.030659 2.715170
9.762404 -5.636327 -3.020499 2.714649
9.660753 -5.667930 -3.001217 2.713662
9.581450 -5.711691 -2.988896 2.713031
9.514602 -5.762248 -2.980519 2.712602
9.433033 -5.803241 -2.967587 2.711940
9.355142 -5.845741 -2.955849 2.711339
9.288116 -5.894419 -2.947603 2.710917
9.212579 -5.937102 -2.936713 2.710360
9.130706 -5.974967 -2.923841 2.709701
9.048988 -6.012134 -2.911042 2.709045
8.975330 -6.053936 -2.900873 2.708524
8.903323 -6.096232 -2.891285 2.708034
8.830453 -6.137324 -2.881465 2.707531
8.749505 -6.172097 -2.869042 2.706895
8.668801 -6.206253 -2.856716 2.706264
8.594712 -6.244424 -2.846598 2.705746
8.520512 -6.281863 -2.836479 2.705228
8.449067 -6.320709 -2.827316 2.704759
8.377748 -6.359057 -2.818238 2.704294
8.303464 -6.394529 -2.808198 2.703780
8.221282 -6.423169 -2.795502 2.703130
8.147007 -6.457239 -2.785508 2.702618
8.072946 -6.490815 -2.775611 2.702111
7.999056 -6.523871 -2.765799 2.701609
7.925379 -6.556444 -2.756084 2.701112
7.851857 -6.588490 -2.746445 2.700618
7.782827 -6.623706 -2.738408 2.700206
7.709290 -6.654480 -2.728813 2.699715
7.633932 -6.683002 -2.718588 2.699192
7.552286 -6.705234 -2.706117 2.698553
7.470879 -6.726810 -2.693709 2.697918
7.400495 -6.757581 -2.685277 2.697486
7.334274 -6.791612 -2.678387 2.697133
7.261302 -6.818817 -2.669059 2.696656
7.187623 -6.844681 -2.659476 2.696165
7.120689 -6.876370 -2.652408 2.695803
7.054909 -6.908678 -2.645808 2.695465
6.978768 -6.930217 -2.635333 2.694929
6.900089 -6.948430 -2.623877 2.694343
6.829704 -6.974264 -2.615563 2.693917
6.772955 -7.013600 -2.612519 2.693761
6.704516 -7.040436 -2.605016 2.693377
6.630017 -7.060251 -2.595158 2.692872
6.561728 -7.086022 -2.587729 2.692492
6.499193 -7.117525 -2.582600 2.692229
6.432573 -7.144096 -2.575884 2.691885
6.359217 -7.162559 -2.566471 2.691403
6.288037 -7.182766 -2.557919 2.690965
6.223407 -7.209887 -2.552042 2.690665
6.153059 -7.229820 -2.543830 2.690244
6.082989 -7.249424 -2.535724 2.689829
6.015168 -7.271089 -2.528551 2.689462
5.946041 -7.290566 -2.520827 2.689066
5.875643 -7.307827 -2.512551 2.688643
5.807582 -7.327346 -2.505261 2.688269
5.741750 -7.349105 -2.498934 2.687945
5.675366 -7.369613 -2.492374 2.687609
5.607339 -7.387396 -2.485088 2.687237
5.540847 -7.406603 -2.478476 2.686898
5.471570 -7.421458 -2.470604 2.686495
5.403780 -7.437665 -2.463380 2.686125
5.337191 -7.454910 -2.456691 2.685782
5.270827 -7.471874 -2.450095 2.685445
5.204684 -7.488559 -2.443592 2.685112
5.138759 -7.504969 -2.437180 2.684783
5.073050 -7.521105 -2.430860 2.684460
5.008755 -7.538783 -2.425212 2.684171
4.947668 -7.560829 -2.421133 2.683962
4.886588 -7.582500 -2.417089 2.683755
4.822171 -7.598526 -2.411407 2.683464
4.757928 -7.614276 -2.405806 2.683177
4.697275 -7.635311 -2.402032 2.682984
4.638603 -7.659244 -2.399315 2.682845
4.576033 -7.676367 -2.394613 2.682604
4.513568 -7.693191 -2.389973 2.682367
4.451465 -7.710163 -2.385533 2.682139
4.391879 -7.731106 -2.382468 2.681982
4.332319 -7.751771 -2.379457 2.681828
4.271906 -7.770569 -2.376015 2.681652
4.209292 -7.784924 -2.371361 2.681414
4.146326 -7.798105 -2.366500 2.681165
4.084380 -7.812698 -2.362218 2.680945
4.026836 -7.835375 -2.360517 2.680858
3.970943 -7.861131 -2.359867 2.680825
3.909058 -7.874747 -2.355704 2.680612
3.845970 -7.885407 -2.350804 2.680361
3.783362 -7.896486 -2.346175 2.680124
3.725013 -7.916056 -2.344206 2.680023
3.666671 -7.935404 -2.342298 2.679925
3.606690 -7.950904 -2.339384 2.679776
3.546629 -7.965859 -2.336442 2.679626
3.486630 -7.980581 -2.333563 2.679478
3.427998 -7.998121 -2.331637 2.679380
3.368976 -8.014479 -2.329492 2.679270
3.309965 -8.030576 -2.327398 2.679163
3.251361 -8.047401 -2.325639 2.679073
3.194144 -8.067487 -2.324942 2.679037
3.135904 -8.084844 -2.323578 2.678967
3.076488 -8.098913 -2.321393 2.678855
3.019613 -8.119494 -2.321193 2.678845
2.961777 -8.137416 -2.320348 2.678802
2.903485 -8.153934 -2.319222 2.678744
2.844772 -8.169073 -2.317822 2.678672
2.786838 -8.186285 -2.317129 2.678637
2.728540 -8.202294 -2.316212 2.678590
2.670191 -8.218003 -2.315328 2.678545
2.611814 -8.233483 -2.314495 2.678502
2.553416 -8.248756 -2.313721 2.678463
2.494995 -8.263824 -2.313005 2.678426
2.436554 -8.278699 -2.312351 2.678392
2.378089 -8.293382 -2.311759 2.678362
2.319596 -8.307860 -2.311224 2.678335
2.261369 -8.323222 -2.311049 2.678326
2.204674 -8.344358 -2.312588 2.678404
2.146779 -8.361152 -2.313032 2.678427
2.088812 -8.377769 -2.313539 2.678453
2.030501 -8.393087 -2.313798 2.678466
1.973252 -8.413006 -2.315434 2.678550
1.916204 -8.434207 -2.317531 2.678658
1.858354 -8.452278 -2.318875 2.678726
1.801637 -8.476035 -2.321886 2.678880
1.744723 -8.499628 -2.324955 2.679038
1.687610 -8.523056 -2.328084 2.679198
1.629653 -8.542945 -2.330352 2.679314
1.571316 -8.561423 -2.332344 2.679416
1.512833 -8.579701 -2.334389 2.679521
1.454542 -8.599770 -2.337029 2.679656
1.397611 -8.629116 -2.342295 2.679925
1.340382 -8.658344 -2.347632 2.680199
1.283715 -8.693296 -2.354621 2.680557
1.225675 -8.721131 -2.359785 2.680821
1.168249 -8.755620 -2.366853 2.681183
1.111803 -8.800829 -2.376918 2.681698
1.053509 -8.835002 -2.384103 2.682066
0.993757 -8.859537 -2.388793 2.682306
0.933779 -8.884311 -2.393657 2.682555
0.874129 -8.915057 -2.400238 2.682892
0.813704 -8.941106 -2.405663 2.683170
0.753467 -8.972802 -2.412717 2.683531
0.692988 -9.006178 -2.420331 2.683921
0.631534 -9.031356 -2.425854 2.684204
0.569733 -9.055650 -2.431252 2.684480
0.507916 -9.084754 -2.438054 2.684828
0.446306 -9.125402 -2.448067 2.685341
0.384173 -9.166096 -2.458204 2.685860
0.321866 -9.217032 -2.471202 2.686526
0.258609 -9.258358 -2.481737 2.687065
0.194538 -9.287181 -2.489038 2.687438
0.130081 -9.315785 -2.496400 2.687816
0.065251 -9.346355 -2.504409 2.688226
-0.000000 -9.382785 -2.514110 2.688722
-0.065759 -9.419158 -2.523917 2.689224
-0.131945 -9.449229 -2.532160 2.689647
-0.198231 -9.463389 -2.536264 2.689857
-0.264725 -9.477305 -2.540427 2.690070
-0.331644 -9.497036 -2.546274 2.690369
-0.398947 -9.518588 -2.552737 2.690700
-0.466581 -9.539924 -2.559270 2.691035
-0.534435 -9.559057 -2.565341 2.691345
-0.602236 -9.572268 -2.569953 2.691581
-0.669793 -9.578480 -2.572813 2.691728
-0.737972 -9.590794 -2.577442 2.691965
-0.806770 -9.607563 -2.583399 2.692270
-0.875276 -9.617661 -2.587694 2.692490
-0.943764 -9.625254 -2.591447 2.692682
-1.012702 -9.635214 -2.595969 2.692914
-1.081898 -9.645338 -2.600668 2.693154
-1.151388 -9.655826 -2.605600 2.693407
-1.220954 -9.664843 -2.610270 2.693646
-1.290914 -9.674953 -2.615371 2.693907
-1.360508 -9.680517 -2.619378 2.694112
-1.429955 -9.683632 -2.622859 2.694290
-1.499521 -9.686312 -2.626356 2.694469
-1.567577 -9.678508 -2.627143 2.694510
-1.635420 -9.669186 -2.627648 2.694535
-1.703247 -9.659592 -2.628208 2.694564
-1.770646 -9.647488 -2.628214 2.694565
-1.838230 -9.636333 -2.628608 2.694585
-1.905779 -9.624884 -2.629050 2.694607
-1.973294 -9.613137 -2.629540 2.694632
-2.040001 -9.597452 -2.629081 2.694609
-2.106484 -9.580839 -2.628495 2.694579
-2.172882 -9.563972 -2.627965 2.694552
-2.239194 -9.546849 -2.627492 2.694527
-2.305418 -9.529456 -2.627070 2.694506
-2.370526 -9.507659 -2.625560 2.694429
-2.435249 -9.484666 -2.623842 2.694340
-2.499821 -9.461440 -2.622180 2.694256
-2.564252 -9.438011 -2.620585 2.694174
-2.628538 -9.414368 -2.619051 2.694095
-2.692683 -9.390500 -2.617578 2.694020
-2.757511 -9.369217 -2.616947 2.693988
-2.822889 -9.349857 -2.616981 2.693989
-2.888193 -9.330241 -2.617070 2.693994
-2.953416 -9.310349 -2.617210 2.694001
-3.018353 -9.289535 -2.617219 2.694001
-3.082821 -9.267301 -2.616955 2.693988
-3.147191 -9.244810 -2.616745 2.693977
-3.211252 -9.221457 -2.616417 2.693960
-3.274366 -9.195488 -2.615471 2.693912
-3.337349 -9.169291 -2.614583 2.693866
-3.400203 -9.142870 -2.613754 2.693824
-3.462928 -9.116221 -2.612984 2.693785
-3.524965 -9.087899 -2.611856 2.693727
-3.588468 -9.063436 -2.611961 2.693732
-3.651916 -9.038809 -2.612148 2.693742
-3.715266 -9.013911 -2.612385 2.693754
-3.780318 -8.993021 -2.613916 2.693832
-3.845788 -8.972893 -2.615806 2.693929
-3.910580 -8.950966 -2.617309 2.694006
-3.974560 -8.927008 -2.618353 2.694060
-4.037960 -8.901632 -2.619115 2.694098
-4.100864 -8.875081 -2.619663 2.694127
-4.163674 -8.848255 -2.620261 2.694157
-4.226389 -8.821155 -2.620909 2.694191
-4.289012 -8.793778 -2.621608 2.694226
-4.352309 -8.767670 -2.622819 2.694288
-4.417342 -8.744849 -2.625154 2.694408
-4.481982 -8.720992 -2.627321 2.694519
-4.544428 -8.692690 -2.628289 2.694568
-4.606391 -8.663363 -2.629081 2.694609
-4.667147 -8.631707 -2.629299 2.694620
-4.727764 -8.599770 -2.629560 2.694633
-4.793593 -8.577124 -2.632805 2.694799
-4.860324 -8.555718 -2.636585 2.694993
-4.927075 -8.533944 -2.640411 2.695189
-4.998726 -8.520123 -2.646868 2.695520
-5.071120 -8.506882 -2.653689 2.695869
-5.143324 -8.492637 -2.660381 2.696211
-5.209553 -8.468008 -2.663994 2.696396
-5.277806 -8.446255 -2.668678 2.696636
-5.346200 -8.424263 -2.673457 2.696881
-5.414663 -8.401912 -2.678295 2.697129
-5.483196 -8.379200 -2.683193 2.697379
-5.550846 -8.354695 -2.687690 2.697610
-5.610213 -8.317483 -2.688253 2.697639
-5.665842 -8.274754 -2.687162 2.697582
-5.721168 -8.231680 -2.686080 2.697527
-5.776187 -8.188266 -2.685007 2.697472
-5.830899 -8.144514 -2.683943 2.697418
-5.885302 -8.100424 -2.682888 2.697364
-5.939395 -8.055999 -2.681843 2.697310
-5.993175 -8.011241 -2.680806 2.697257
-6.046640 -7.966153 -2.679779 2.697205
-6.099789 -7.920737 -2.678762 2.697152
-6.152620 -7.874995 -2.677753 2.697101
-6.205133 -7.828927 -2.676754 2.697050
-6.257323 -7.782539 -2.675765 2.696999
-6.309190 -7.735832 -2.674785 2.696949
-6.360734 -7.688805 -2.673814 2.696899
-6.411950 -7.641464 -2.672853 2.696850
-6.462840 -7.593809 -2.671901 2.696801
-6.513399 -7.545844 -2.670959 2.696753
-6.563626 -7.497571 -2.670027 2.696705
-6.613523 -7.448989 -2.669104 2.696658
-6.663084 -7.400104 -2.668190 2.696611
-6.712310 -7.350915 -2.667287 2.696565
-6.761198 -7.301428 -2.666393 2.696519
-6.809746 -7.251644 -2.665508 2.696474
-6.857955 -7.201561 -2.664634 2.696429
-6.905821 -7.151187 -2.663769 2.696385
-6.953346 -7.100521 -2.662914 2.696341
-7.000523 -7.049567 -2.662068 2.696298
-7.047354 -6.998326 -2.661233 2.696255
-7.093839 -6.946799 -2.660407 2.696213
-7.139972 -6.894991 -2.659591 2.696171
-7.185757 -6.842902 -2.658785 2.696130
-7.231187 -6.790536 -2.657989 2.696089
-7.276264 -6.737895 -2.657203 2.696049
-7.320988 -6.684979 -2.656427 2.696009
-7.365353 -6.631793 -2.655660 2.695970
-7.409362 -6.578337 -2.654904 2.695931
-7.453010 -6.524617 -2.654158 2.695893
-7.496298 -6.470632 -2.653422 2.695855
-7.539226 -6.416382 -2.652695 2.695818
-7.581788 -6.361876 -2.651979 2.695781
-7.623988 -6.307109 -2.651273 2.695745
-7.665820 -6.252090 -2.650577 2.695709
-7.707285 -6.196817 -2.649891 2.695674
-7.748384 -6.141292 -2.649215 2.695640
-7.789111 -6.085520 -2.648550 2.695606
-7.829468 -6.029500 -2.647895 2.695572
-7.869452 -5.973238 -2.647249 2.695539
-7.909063 -5.916736 -2.646614 2.695507
-7.948300 -5.859991 -2.645989 2.695475
-7.987161 -5.803012 -2.645375 2.695443
-8.025645 -5.745796 -2.644771 2.695412
-8.063750 -5.688350 -2.644176 2.695382
-8.101476 -5.630673 -2.643593 2.695352
-8.138823 -5.572767 -2.643019 2.695323
-8.175786 -5.514637 -2.642456 2.695294
-8.212369 -5.456283 -2.641903 2.695265
-8.248566 -5.397709 -2.641361 2.695238
-8.284377 -5.338918 -2.640829 2.695210
-8.319804 -5.279907 -2.640307 2.695184
-8.354843 -5.220685 -2.639795 2.695157
-8.389495 -5.161250 -2.639294 2.695132
-8.423756 -5.101607 -2.638804 2.695107
-8.457626 -5.041758 -2.638324 2.695082
-8.491106 -4.981701 -2.637854 2.695058
-8.524193 -4.921445 -2.637394 2.695035
-8.556888 -4.860987 -2.636946 2.695012
-8.589186 -4.800333 -2.636507 2.694989
-8.621089 -4.739484 -2.636079 2.694967
-8.652597 -4.678441 -2.635662 2.694946
-8.683706 -4.617208 -2.635255 2.694925
-8.714418 -4.555786 -2.634859 2.694905
-8.744729 -4.494180 -2.634473 2.694885
-8.774640 -4.432390 -2.634097 2.694866
-8.804152 -4.370418 -2.633733 2.694847
-8.833259 -4.308268 -2.633378 2.694829
-8.861964 -4.245940 -2.633034 2.694811
-8.890265 -4.183441 -2.632701 2.694794
-8.918160 -4.120770 -2.632379 2.694778
-8.945652 -4.057927 -2.632066 2.694762
-8.972735 -3.994919 -2.631765 2.694746
-8.999412 -3.931745 -2.631474 2.694731
-9.025680 -3.868411 -2.631194 2.694717
-9.051538 -3.804917 -2.630924 2.694703
-9.076987 -3.741263 -2.630665 2.694690
-9.102025 -3.677457 -2.630417 2.694677
-9.126652 -3.613495 -2.630179 2.694665
-9.150866 -3.549386 -2.629952 2.694654
-9.174665 -3.485129 -2.629736 2.694642
-9.198053 -3.420724 -2.629530 2.694632
-9.221025 -3.356179 -2.629334 2.694622
-9.243583 -3.291490 -2.629150 2.694613
-9.265723 -3.226665 -2.628976 2.694603
-9.287446 -3.161705 -2.628813 2.694595
-9.308753 -3.096609 -2.628660 2.694587
-9.329640 -3.031384 -2.628518 2.694580
-9.350109 -2.966028 -2.628387 2.694573
-9.370158 -2.900548 -2.628267 2.694567
-9.389787 -2.834944 -2.628157 2.694562
-9.408995 -2.769217 -2.628057 2.694556
-9.427780 -2.703372 -2.627969 2.694552
-9.446144 -2.637409 -2.627891 2.694548
-9.464084 -2.571334 -2.627824 2.694545
-9.481601 -2.505147 -2.627768 2.694542
-9.498693 -2.438849 -2.627722 2.694539
-9.515362 -2.372446 -2.627687 2.694537
-9.531604 -2.305936 -2.627663 2.694536
-9.547421 -2.239327 -2.627649 2.694535
-9.562810 -2.172618 -2.627646 2.694535
-9.577773 -2.105809 -2.627654 2.694536
-9.592308 -2.038908 -2.627672 2.694537
-9.606416 -1.971912 -2.627701 2.694538
-9.620093 -1.904829 -2.627741 2.694540
-9.633342 -1.837659 -2.627792 2.694543
-9.646161 -1.770401 -2.627853 2.694546
-9.658550 -1.703063 -2.627925 2.694550
-9.670508 -1.635642 -2.628007 2.694554
-9.682034 -1.568147 -2.628101 2.694559
-9.693130 -1.500576 -2.628205 2.694564
-9.703793 -1.432930 -2.628319 2.694570
-9.714023 -1.365217 -2.628444 2.694576
-9.723821 -1.297433 -2.628581 2.694583
-9.733184 -1.229587 -2.628727 2.694591
-9.742114 -1.161677 -2.628885 2.694599
-9.750609 -1.093705 -2.629052 2.694607
-9.758671 -1.025678 -2.629231 2.694617
-9.766296 -0.957592 -2.629421 2.694626
-9.773487 -0.889456 -2.629620 2.694636
-9.780241 -0.821270 -2.629831 2.694647
-9.786560 -0.753034 -2.630052 2.694659
-9.792442 -0.684754 -2.630284 2.694670
-9.797887 -0.616429 -2.630527 2.694683
-9.802895 -0.548066 -2.630780 2.694696
-9.807466 -0.479666 -2.631044 2.694709
-9.811599 -0.411227 -2.631318 2.694723
-9.815293 -0.342758 -2.631603 2.694738
-9.818549 -0.274255 -2.631898 2.694753
-9.821367 -0.205728 -2.632205 2.694769
-9.823746 -0.137175 -2.632521 2.694785
-9.825686 -0.068596 -2.632849 2.694802
-9.827187 0.000000 -2.633187 2.694819
-9.828247 0.068617 -2.633535 2.694837
-9.828869 0.137246 -2.633894 2.694855
-9.829050 0.205889 -2.634264 2.694874
-9.828791 0.274544 -2.634644 2.694894
-9.828092 0.343205 -2.635034 2.694914
-9.826952 0.411873 -2.635436 2.694934
-9.825371 0.480541 -2.635847 2.694955
-9.823350 0.549210 -2.636269 2.694977
-9.820888 0.617879 -2.636702 2.694999
-9.817985 0.686540 -2.637145 2.695022
-9.814639 0.755197 -2.637599 2.695045
-9.810854 0.823841 -2.638062 2.695069
-9.806626 0.892472 -2.638537 2.695093
-9.801957 0.961091 -2.639022 2.695118
-9.796847 1.029690 -2.639517 2.695143
-9.791295 1.098271 -2.640023 2.695169
-9.785302 1.166827 -2.640539 2.695195
-9.778867 1.235358 -2.641065 2.695222
-9.771990 1.303863 -2.641602 2.695250
-9.764671 1.372335 -2.642149 2.695278
-9.756910 1.440777 -2.642706 2.695307
-9.748709 1.509180 -2.643274 2.695335
-9.740065 1.577546 -2.643852 2.695365
-9.730979 1.645873 -2.644441 2.695395
-9.721452 1.714154 -2.645039 2.695426
-9.711483 1.782392 -2.645648 2.695457
-9.701073 1.850579 -2.646267 2.695489
-9.690221 1.918715 -2.646897 2.695521
-9.678928 1.986800 -2.647536 2.695554
-9.667194 2.054826 -2.648186 2.695587
-9.655019 2.122795 -2.648846 2.695621
-9.642403 2.190701 -2.649516 2.695655
-9.629346 2.258542 -2.650196 2.695690
-9.615848 2.326319 -2.650887 2.695725
-9.601910 2.394025 -2.651587 2.695761
-9.587530 2.461661 -2.652298 2.695798
-9.572712 2.529220 -2.653018 2.695834
-9.557453 2.596702 -2.653749 2.695872
-9.541755 2.664107 -2.654490 2.695910
-9.525617 2.731426 -2.655241 2.695948
-9.509039 2.798664 -2.656002 2.695987
-9.492023 2.865811 -2.656772 2.696027
-9.474568 2.932868 -2.657553 2.696067
-9.456674 2.999835 -2.658344 2.696107
-9.438342 3.066703 -2.659144 2.696148
-9.419573 3.133476 -2.659955 2.696190
-9.400366 3.200146 -2.660775 2.696232
-9.380721 3.266712 -2.661605 2.696274
-9.360640 3.333175 -2.662445 2.696317
-9.340122 3.399526 -2.663295 2.696361
-9.319167 3.465769 -2.664154 2.696405
-9.297778 3.531895 -2.665023 2.696449
-9.275953 3.597904 -2.665902 2.696494
-9.253692 3.663797 -2.666791 2.696540
-9.230998 3.729565 -2.667689 2.696586
-9.207869 3.795211 -2.668597 2.696632
-9.184306 3.860727 -2.669515 2.696679
-9.160311 3.926113 -2.670442 2.696727
-9.135881 3.991369 -2.671379 2.696774
-9.111021 4.056488 -2.672325 2.696823
-9.085728 4.121470 -2.673281 2.696872
-9.060004 4.186310 -2.674247 2.696921
-9.033850 4.251007 -2.675221 2.696971
-9.007265 4.315559 -2.676206 2.697022
-8.980251 4.379961 -2.677200 2.697073
-8.952807 4.444214 -2.678203 2.697124
-8.924935 4.508310 -2.679215 2.697176
-8.896637 4.572249 -2.680237 2.697228
-8.867909 4.636032 -2.681268 2.697281
-8.838757 4.699650 -2.682308 2.697334
-8.809176 4.763106 -2.683358 2.697388
-8.779173 4.826392 -2.684417 2.697442
-8.748744 4.889507 -2.685485 2.697497
-8.717891 4.952453 -2.686562 2.697552
-8.686615 5.015220 -2.687648 2.697608
-8.654916 5.077811 -2.688744 2.697664
-8.622797 5.140219 -2.689848 2.697720
-8.590256 5.202443 -2.690961 2.697777
-8.557294 5.264483 -2.692084 2.697835
-8.523914 5.326333 -2.693215 2.697892
-8.490114 5.387992 -2.694355 2.697951
-8.455897 5.449455 -2.695504 2.698010
-8.421264 5.510720 -2.696662 2.698069
-8.386213 5.571788 -2.697829 2.698129
-8.350749 5.632651 -2.699005 2.698189
-8.314868 5.693311 -2.700189 2.698250
-8.278576 5.753761 -2.701382 2.698311
-8.241871 5.814000 -2.702584 2.698372
-8.204753 5.874028 -2.703794 2.698434
-8.167226 5.933837 -2.705013 2.698497
-8.129288 5.993430 -2.706241 2.698560
-8.090942 6.052799 -2.707477 2.698623
-8.052189 6.111943 -2.708721 2.698686
-8.013027 6.170863 -2.709974 2.698750
-7.973462 6.229551 -2.711236 2.698815
-7.933490 6.288009 -2.712505 2.698880
-7.893116 6.346230 -2.713783 2.698946
-7.852340 6.404212 -2.715070 2.699012
-7.811161 6.461956 -2.716364 2.699078
-7.769583 6.519454 -2.717667 2.699144
-7.727605 6.576709 -2.718978 2.699212
-7.685230 6.633713 -2.720297 2.699279
-7.642458 6.690466 -2.721624 2.699347
-7.599289 6.746966 -2.722959 2.699415
-7.555727 6.803208 -2.724302 2.699484
-7.511771 6.859192 -2.725653 2.699553
-7.467424 6.914911 -2.727012 2.699623
-7.422687 6.970366 -2.728379 2.699693
-7.377558 7.025555 -2.729754 2.699763
-7.332043 7.080472 -2.731136 2.699834
-7.286139 7.135117 -2.732526 2.699905
-7.239852 7.189485 -2.733924 2.699977
-7.190367 7.240740 -2.734260 2.699994
-7.134762 7.285781 -2.732391 2.699898
-7.078960 7.330477 -2.730553 2.699804
-7.022956 7.374833 -2.728745 2.699712
-6.971464 7.423856 -2.728809 2.699715
-6.931503 7.485342 -2.733556 2.699958
-6.880483 7.535091 -2.734115 2.699987
-6.823598 7.578373 -2.732467 2.699902
-6.769894 7.625118 -2.732213 2.699889
-6.723376 7.680051 -2.735011 2.700032
-6.678303 7.736888 -2.738582 2.700215
-6.632761 7.793470 -2.742152 2.700398
-6.585670 7.848496 -2.745269 2.700558
-6.534275 7.898584 -2.746765 2.700634
-6.482520 7.948355 -2.748268 2.700711
-6.430404 7.997808 -2.749778 2.700788
-6.377926 8.046943 -2.751295 2.700866
-6.325094 8.095752 -2.752818 2.700944
-6.271904 8.144237 -2.754348 2.701023
-6.218362 8.192390 -2.755884 2.701101
-6.164468 8.240214 -2.757428 2.701180
-6.110222 8.287705 -2.758977 2.701260
-6.055629 8.334859 -2.760534 2.701339
-6.000687 8.381674 -2.762096 2.701419
-5.945403 8.428146 -2.763665 2.701499
-5.889774 8.474274 -2.765240 2.701580
-5.833803 8.520057 -2.766822 2.701661
-5.777494 8.565488 -2.768409 2.701742
-5.720846 8.610568 -2.770003 2.701824
-5.663864 8.655293 -2.771603 2.701906
-5.606548 8.699659 -2.773209 2.701988
-5.548899 8.743668 -2.774821 2.702071
-5.490922 8.787313 -2.776438 2.702154
-5.432615 8.830593 -2.778062 2.702237
-5.373985 8.873505 -2.779691 2.702320
-5.315031 8.916045 -2.781326 2.702404
-5.255753 8.958216 -2.782966 2.702488
-5.196157 9.000009 -2.784612 2.702572
-5.136242 9.041425 -2.786264 2.702657
-5.076015 9.082459 -2.787921 2.702742
-5.015473 9.123112 -2.789583 2.702826
-4.954619 9.163379 -2.791251 2.702912
-4.893459 9.203258 -2.792924 2.702998
-4.831989 9.242746 -2.794602 2.703084
-4.770217 9.281840 -2.796285 2.703170
-4.708144 9.320539 -2.797973 2.703256
-4.645768 9.358842 -2.799666 2.703343
-4.583097 9.396743 -2.801364 2.703430
-4.520129 9.434242 -2.803067 2.703517
-4.456871 9.471334 -2.804775 2.703604
-4.393405 9.508199 -2.806540 2.703695
-4.329565 9.544475 -2.808257 2.703783
-4.265441 9.580337 -2.809979 2.703871
-4.201031 9.615785 -2.811705 2.703959
-4.136344 9.650814 -2.813435 2.704048
-4.071378 9.685424 -2.815170 2.704137
-4.006134 9.719612 -2.816909 2.704226
-3.940619 9.753375 -2.818652 2.704315
-3.874831 9.786712 -2.820400 2.704404
-3.808778 9.819618 -2.822151 2.704494
-3.742459 9.852092 -2.823906 2.704584
-3.675875 9.884133 -2.825666 2.704674
-3.609033 9.915737 -2.827429 2.704764
-3.541931 9.946903 -2.829195 2.704855
-3.474577 9.977628 -2.830966 2.704945
-3.406971 10.007909 -2.832740 2.705036
-3.339112 10.037745 -2.834517 2.705127
-3.271010 10.067133 -2.836298 2.705219
-3.202661 10.096071 -2.838083 2.705310
-3.134073 10.124557 -2.839870 2.705401
-3.065247 10.152587 -2.841661 2.705493
-2.996184 10.180162 -2.843455 2.705585
-2.926890 10.207277 -2.845252 2.705677
-2.857363 10.233932 -2.847052 2.705769
-2.787613 10.260123 -2.848855 2.705861
-2.717639 10.285850 -2.850660 2.705954
-2.647441 10.311109 -2.852468 2.706046
-2.577029 10.335896 -2.854280 2.706139
-2.506401 10.360213 -2.856093 2.706232
-2.435555 10.384058 -2.857909 2.706325
-2.364507 10.407426 -2.859727 2.706418
-2.293252 10.430315 -2.861548 2.706511
-2.221795 10.452724 -2.863371 2.706604
-2.150138 10.474652 -2.865196 2.706698
-2.078280 10.496098 -2.867023 2.706792
-2.006233 10.517055 -2.868851 2.706885
-1.933997 10.537524 -2.870682 2.706979
-1.861573 10.557505 -2.872515 2.707072
-1.788966 10.576993 -2.874349 2.707166
-1.716172 10.595989 -2.876185 2.707261
-1.643207 10.614489 -2.878022 2.707355
-1.570068 10.632490 -2.879861 2.707449
-1.496759 10.649992 -2.881701 2.707543
-1.423282 10.666994 -2.883543 2.707637
-1.349636 10.683494 -2.885386 2.707731
-1.275834 10.699488 -2.887229 2.707826
-1.201876 10.714974 -2.889074 2.707921
-1.127764 10.729954 -2.890919 2.708015
-1.053501 10.744423 -2.892766 2.708110
-0.979086 10.758382 -2.894613 2.708204
-0.904533 10.771826 -2.896460 2.708299
-0.829841 10.784756 -2.898309 2.708393
-0.755012 10.797168 -2.900157 2.708488
-0.680050 10.809062 -2.902006 2.708583
-0.604953 10.820437 -2.903855 2.708677
-0.529736 10.831291 -2.905705 2.708772
-0.454397 10.841621 -2.907554 2.708867
-0.378940 10.851427 -2.909403 2.708961
-0.303368 10.860706 -2.911252 2.709056
-0.227679 10.869459 -2.913102 2.709151
-0.151889 10.877683 -2.914950 2.709245
-0.075994 10.885375 -2.916799 2.709340
0.000000 10.892536 -2.918646 2.709435
0.076091 10.899164 -2.920493 2.709529
0.152280 10.905258 -2.922340 2.709624
0.228551 10.910815 -2.924186 2.709718
0.304908 10.915836 -2.926030 2.709813
0.381346 10.920318 -2.927874 2.709907
0.457861 10.924260 -2.929717 2.710001
0.534455 10.927662 -2.931558 2.710096
0.611113 10.930521 -2.933398 2.710190
0.687837 10.932837 -2.935237 2.710284
0.764622 10.934608 -2.937074 2.710378
0.841465 10.935834 -2.938910 2.710472
0.918368 10.936514 -2.940744 2.710566
0.995315 10.936646 -2.942576 2.710660
1.072308 10.936228 -2.944406 2.710753
1.149342 10.935261 -2.946234 2.710847
1.226415 10.933743 -2.948060 2.710941
1.303527 10.931674 -2.949884 2.711034
1.380663 10.929052 -2.951706 2.711127
1.457824 10.925878 -2.953525 2.711221
1.535008 10.922148 -2.955342 2.711313
1.612209 10.917863 -2.957156 2.711406
1.689429 10.913022 -2.958967 2.711499
1.766652 10.907625 -2.960776 2.711592
1.843881 10.901670 -2.962582 2.711684
1.921110 10.895158 -2.964384 2.711776
1.998337 10.888086 -2.966184 2.711869
2.075561 10.880455 -2.967980 2.711961
2.152769 10.872264 -2.969773 2.712052
2.229960 10.863513 -2.971563 2.712144
2.307132 10.854200 -2.973349 2.712235
2.384279 10.844326 -2.975131 2.712327
2.461403 10.833889 -2.976910 2.712418
2.538488 10.822890 -2.978685 2.712508
2.615537 10.811328 -2.980456 2.712599
2.692544 10.799203 -2.982223 2.712690
2.769505 10.786514 -2.983985 2.712780
2.846422 10.773261 -2.985744 2.712870
2.923279 10.759444 -2.987498 2.712960
3.000077 10.745063 -2.989247 2.713049
3.076812 10.730117 -2.990992 2.713139
3.153479 10.714606 -2.992732 2.713228
3.230080 10.698529 -2.994468 2.713317
3.306599 10.681889 -2.996198 2.713405
3.383038 10.664683 -2.997924 2.713494
3.459391 10.646913 -2.999645 2.713582
3.535655 10.628576 -3.001360 2.713670
3.611831 10.609674 -3.003070 2.713757
3.687903 10.590208 -3.004775 2.713845
3.763872 10.570178 -3.006474 2.713931
3.839734 10.549583 -3.008167 2.714018
3.915484 10.528423 -3.009855 2.714104
3.991124 10.506699 -3.011537 2.714190
4.066638 10.484411 -3.013212 2.714277
4.142026 10.461560 -3.014882 2.714362
4.217285 10.438146 -3.016546 2.714447
4.292409 10.414168 -3.018203 2.714532
4.367401 10.389627 -3.019855 2.714617
4.442244 10.364526 -3.021499 2.714701
4.516940 10.338863 -3.023137 2.714784
4.591483 10.312640 -3.024769 2.714868
4.665870 10.285856 -3.026393 2.714951
4.742330 10.263333 -3.029434 2.715107
4.821587 10.246388 -3.034294 2.715356
4.900831 10.228820 -3.039150 2.715604
4.975233 10.200740 -3.041053 2.715702
5.048969 10.171085 -3.042646 2.715783
5.122527 10.140871 -3.044232 2.715865
5.195889 10.110102 -3.045811 2.715945
5.269059 10.078777 -3.047382 2.716026
5.342031 10.046899 -3.048945 2.716106
5.414801 10.014466 -3.050500 2.716186
5.487369 9.981479 -3.052048 2.716265
5.559720 9.947943 -3.053587 2.716344
5.631855 9.913856 -3.055118 2.716422
5.703770 9.879220 -3.056641 2.716500
5.775460 9.844035 -3.058156 2.716578
5.846926 9.808302 -3.059662 2.716655
5.918152 9.772026 -3.061160 2.716731
5.989140 9.735205 -3.062649 2.716808
6.059884 9.697842 -3.064129 2.716883
6.130381 9.659937 -3.065601 2.716959
6.200631 9.621490 -3.067063 2.717034
6.270619 9.582506 -3.068516 2.717108
6.340346 9.542986 -3.069961 2.717182
6.409808 9.502931 -3.071396 2.717255
6.478999 9.462342 -3.072822 2.717329
6.547921 9.421218 -3.074238 2.717401
6.616559 9.379566 -3.075645 2.717473
6.684913 9.337386 -3.077042 2.717545
6.752980 9.294679 -3.078429 2.717616
6.816946 9.246282 -3.078088 2.717598
6.879570 9.196106 -3.077299 2.717557
6.941747 9.145411 -3.076477 2.717515
7.003475 9.094196 -3.075621 2.717472
7.064749 9.042467 -3.074732 2.717426
7.125566 8.990228 -3.073809 2.717379
7.185924 8.937481 -3.072853 2.717330
7.245811 8.884237 -3.071865 2.717279
7.305225 8.830499 -3.070843 2.717227
7.367884 8.780703 -3.071339 2.717252
7.433910 8.734817 -3.073367 2.717356
7.497705 8.686169 -3.074594 2.717419
7.555269 8.630310 -3.073417 2.717359
7.612185 8.573809 -3.072147 2.717294
7.668447 8.516673 -3.070782 2.717224
7.730241 8.465696 -3.071785 2.717275
7.782453 8.404279 -3.069141 2.717140
7.831732 8.339944 -3.065539 2.716956
7.880482 8.275319 -3.061932 2.716771
7.928701 8.210410 -3.058322 2.716586
7.976388 8.145222 -3.054708 2.716401
8.031054 8.087314 -3.053945 2.716362
8.094534 8.038217 -3.056670 2.716501
8.157807 7.988713 -3.059428 2.716643
8.220870 7.938802 -3.062218 2.716785
8.290501 7.894939 -3.067550 2.717058
8.367811 7.857893 -3.075781 2.717480
8.453428 7.827957 -3.087088 2.718059
8.569748 7.825253 -3.109540 2.719208
8.633319 7.773476 -3.112840 2.719377
8.696523 7.721136 -3.116117 2.719545
8.753106 7.662760 -3.117146 2.719598
8.809258 7.603944 -3.118162 2.719650
8.864980 7.544688 -3.119165 2.719701
8.920267 7.484993 -3.120156 2.719752
8.975116 7.424863 -3.121134 2.719802
9.029526 7.364297 -3.122099 2.719851
9.083487 7.303308 -3.123051 2.719900
9.136997 7.241893 -3.123991 2.719948
9.190055 7.180058 -3.124917 2.719996
9.242656 7.117805 -3.125829 2.720042
9.294799 7.055132 -3.126729 2.720088
9.346474 6.992053 -3.127615 2.720134
9.397681 6.928567 -3.128489 2.720178
9.448417 6.864677 -3.129348 2.720222
9.498677 6.800387 -3.130194 2.720266
9.548464 6.735695 -3.131027 2.720309
9.597763 6.670616 -3.131846 2.720351
9.646578 6.605148 -3.132651 2.720392
9.694903 6.539295 -3.133442 2.720432
9.742736 6.473060 -3.134220 2.720472
9.790077 6.406443 -3.134984 2.720511
9.836916 6.339457 -3.135734 2.720550
9.883252 6.272101 -3.136470 2.720587
9.929083 6.204380 -3.137192 2.720624
9.974404 6.136296 -3.137900 2.720660
10.019217 6.067850 -3.138594 2.720696
10.063513 5.999055 -3.139273 2.720731
10.107289 5.929910 -3.139939 2.720765
10.150545 5.860420 -3.140589 2.720798
10.193276 5.790588 -3.141226 2.720831
10.235483 5.720414 -3.141849 2.720863
10.277157 5.649912 -3.142457 2.720894
10.318297 5.579081 -3.143050 2.720924
10.358902 5.507926 -3.143629 2.720954
10.398968 5.436450 -3.144193 2.720983
10.438495 5.364653 -3.144743 2.721011
10.477474 5.292550 -3.145278 2.721038
10.515906 5.220140 -3.145798 2.721065
10.553788 5.147427 -3.146304 2.721091
10.591118 5.074415 -3.146795 2.721116
10.627895 5.001104 -3.147271 2.721140
10.664112 4.927509 -3.147732 2.721164
10.699769 4.853629 -3.148178 2.721187
10.734863 4.779469 -3.148609 2.721209
10.769391 4.705033 -3.149026 2.721230
10.803355 4.630320 -3.149427 2.721251
10.836746 4.555346 -3.149814 2.721270
10.869565 4.480110 -3.150185 2.721289
10.901810 4.404617 -3.150541 2.721308
10.933476 4.328871 -3.150882 2.721325
10.964567 4.252872 -3.151208 2.721342
10.995075 4.176634 -3.151519 2.721358
11.024999 4.100159 -3.151815 2.721373
11.054338 4.023450 -3.152096 2.721387
11.083090 3.946512 -3.152361 2.721401
11.111254 3.869344 -3.152611 2.721414
11.138825 3.791963 -3.152846 2.721426
11.165803 3.714367 -3.153065 2.721437
11.192186 3.636562 -3.153269 2.721447
11.217973 3.558552 -3.153458 2.721457
11.243163 3.480336 -3.153632 2.721466
11.267751 3.401932 -3.153790 2.721474
11.291737 3.323338 -3.153933 2.721481
11.315120 3.244558 -3.154060 2.721488
11.337897 3.165599 -3.154172 2.721493
11.360071 3.086459 -3.154269 2.721498
8.204637 2.167757 -2.273865 2.676422
8.206220 2.106998 -2.270171 2.676233
8.208187 2.046531 -2.266708 2.676055
7.081441 1.713182 -1.952204 2.659953
7.004388 1.642862 -1.927753 2.658701
7.383330 1.677450 -2.028774 2.663873
6.569556 1.444410 -1.802352 2.652280
7.546421 1.604041 -2.067231 2.665842
7.555104 1.550841 -2.066594 2.665809
7.563073 1.497526 -2.065863 2.665772
7.509439 1.432500 -2.048431 2.664880
7.518580 1.379917 -2.048247 2.664870
7.527354 1.327276 -2.048063 2.664861
7.535761 1.274579 -2.047879 2.664851
7.543800 1.221827 -2.047696 2.664842
7.551471 1.169028 -2.047513 2.664833
7.558774 1.116182 -2.047330 2.664823
7.429166 1.044101 -2.010202 2.662922
6.577266 0.877595 -1.777992 2.651033
6.676265 0.843406 -1.803118 2.652319
7.584298 0.904371 -2.046603 2.664786
7.656275 0.858788 -2.064358 2.665695
7.663538 0.805470 -2.064750 2.665715
6.963466 0.682775 -1.874803 2.655990
6.962609 0.633645 -1.873335 2.655915
6.961753 0.584593 -1.871961 2.655844
6.993010 0.538082 -1.879310 2.656221
7.029610 0.491558 -1.888178 2.656675
7.066528 0.444589 -1.897214 2.657137
7.103907 0.397168 -1.906459 2.657611
7.141800 0.349291 -1.915927 2.658095
11.742850 0.492170 -3.149250 2.721241
8.261640 0.288503 -2.215049 2.673410
8.262338 0.230789 -2.214750 2.673395
8.262922 0.173081 -2.214529 2.673384
7.114367 0.099340 -1.906475 2.657611
7.158490 0.049976 -1.918158 2.658210
