# .PCD v0.7 - Point Cloud Data file format
VERSION 0.7
FIELDS x y z intensity
SIZE 4 4 4 4
TYPE F F F F
COUNT 1 1 1 1
WIDTH 14400
HEIGHT 1
VIEWPOINT 0 0 0 1 0 0 0
POINTS 14400
DATA ascii
18.493437 -0.000000 4.955301 2.306289
18.327730 -0.127954 4.911020 2.308556
18.230888 -0.254568 4.885428 2.309866
18.233339 -0.381934 4.886681 2.309802
18.235796 -0.509372 4.888173 2.309726
18.238256 -0.636894 4.889905 2.309637
18.240725 -0.764513 4.891878 2.309536
18.253506 -0.892745 4.896858 2.309281
18.454885 -1.031788 4.952694 2.306422
18.660927 -1.174046 5.010067 2.303484
18.871813 -1.319646 5.069035 2.300465
19.087740 -1.468722 5.129663 2.297361
19.301462 -1.620789 5.190013 2.294271
19.304115 -1.756812 5.193898 2.294072
19.306776 -1.893046 5.198043 2.293860
19.309446 -2.029505 5.202450 2.293634
19.312124 -2.166202 5.207119 2.293396
19.314810 -2.303152 5.212052 2.293143
19.317505 -2.440368 5.217249 2.292877
19.320208 -2.577866 5.222713 2.292597
19.322922 -2.715659 5.228444 2.292304
19.325644 -2.853763 5.234444 2.291996
19.328377 -2.992191 5.240715 2.291675
19.331120 -3.130958 5.247257 2.291340
19.278786 -3.260763 5.239103 2.291758
19.129259 -3.373004 5.204741 2.293517
18.981674 -3.483789 5.171078 2.295241
18.835983 -3.593156 5.138096 2.296929
18.692133 -3.701142 5.105781 2.298584
18.550076 -3.807784 5.074116 2.300205
18.409765 -3.913116 5.043086 2.301794
18.304838 -4.024580 5.021917 2.302878
18.307533 -4.159369 5.030500 2.302438
18.310242 -4.294628 5.039360 2.301985
18.312962 -4.430372 5.048498 2.301517
18.315697 -4.566617 5.057918 2.301034
18.381598 -4.719592 5.085092 2.299643
18.688549 -4.937728 5.179418 2.294814
19.007130 -5.164123 5.277573 2.289788
19.338045 -5.399280 5.379791 2.284555
19.379641 -5.557023 5.402024 2.283416
19.382626 -5.704617 5.413826 2.282812
19.385628 -5.852867 5.425946 2.282192
19.388647 -6.001790 5.438386 2.281555
19.391685 -6.151405 5.451151 2.280901
19.394741 -6.301733 5.464244 2.280231
19.397816 -6.452794 5.477669 2.279543
19.400908 -6.604608 5.491429 2.278839
19.404020 -6.757195 5.505529 2.278117
19.407154 -6.910577 5.519972 2.277377
19.362904 -7.047521 5.521246 2.277312
19.228828 -7.151137 5.497117 2.278548
19.095913 -7.253858 5.473464 2.279758
18.964134 -7.355703 5.450279 2.280946
18.833462 -7.456695 5.427553 2.282109
18.703869 -7.556854 5.405278 2.283250
18.575333 -7.656199 5.383448 2.284367
18.447824 -7.754752 5.362054 2.285463
18.383204 -7.879052 5.359129 2.285612
18.386381 -8.032813 5.376273 2.284735
18.389584 -8.187571 5.393792 2.283838
18.392811 -8.343349 5.411691 2.282921
18.545746 -8.569338 5.474158 2.279723
19.202860 -9.036180 5.686602 2.268846
19.456882 -9.322176 5.780958 2.264015
19.460405 -9.491473 5.801551 2.262960
19.463957 -9.661992 5.822578 2.261884
19.467539 -9.833762 5.844045 2.260785
19.471151 -10.006813 5.865958 2.259663
19.474796 -10.181178 5.888327 2.258518
19.478474 -10.356888 5.911156 2.257349
19.482182 -10.533977 5.934455 2.256156
19.485926 -10.712479 5.958231 2.254938
19.418888 -10.852850 5.960756 2.254809
19.285721 -10.955814 5.943213 2.255707
19.153328 -11.058179 5.926061 2.256586
19.021694 -11.159962 5.909295 2.257444
18.890799 -11.261176 5.892911 2.258283
18.760620 -11.361836 5.876904 2.259103
18.631144 -11.461957 5.861269 2.259903
18.502350 -11.561552 5.846001 2.260685
18.463537 -11.717319 5.859442 2.259996
18.467440 -11.901453 5.886905 2.258590
18.471384 -12.087336 5.914918 2.257156
19.009207 -12.629687 6.115226 2.246900
19.538031 -13.178568 6.314792 2.236683
19.542336 -13.380918 6.346222 2.235073
19.546690 -13.585302 6.378280 2.233432
19.551092 -13.791779 6.410980 2.231758
19.555544 -14.000396 6.444334 2.230050
19.560047 -14.211206 6.478354 2.228308
19.564604 -14.424271 6.513058 2.226532
19.534092 -14.613367 6.536704 2.225321
19.394575 -14.721284 6.524251 2.225958
19.255583 -14.828796 6.512161 2.226577
19.117102 -14.935916 6.500434 2.227178
18.979111 -15.042659 6.489065 2.227760
18.841599 -15.149035 6.478051 2.228324
18.704546 -15.255056 6.467390 2.228869
18.567940 -15.360737 6.457078 2.229398
18.545767 -15.561746 6.486991 2.227866
18.550648 -15.787839 6.527092 2.225813
18.555593 -16.016758 6.568017 2.223717
19.623892 -17.179419 6.988440 2.202192
19.629265 -17.427679 7.033511 2.199884
19.634714 -17.679176 7.079516 2.197529
19.640240 -17.934004 7.126479 2.195124
19.645844 -18.192251 7.174422 2.192669
19.604153 -18.409525 7.205958 2.191055
19.453951 -18.525749 7.198113 2.191457
19.304071 -18.641726 7.190636 2.191839
19.154497 -18.757471 7.183525 2.192204
19.005213 -18.872992 7.176778 2.192549
18.856201 -18.988306 7.170393 2.192876
18.707451 -19.103420 7.164369 2.193184
18.626730 -19.288544 7.184851 2.192136
18.632805 -19.566374 7.239709 2.189327
19.706755 -20.985561 7.713726 2.165057
19.713390 -21.288525 7.774310 2.161955
19.720137 -21.596308 7.836239 2.158785
19.726997 -21.909050 7.899553 2.155543
19.698761 -22.187250 7.950081 2.152956
19.534662 -22.314264 7.946532 2.153137
19.370701 -22.441174 7.943374 2.153299
19.206865 -22.567991 7.940605 2.153441
19.043137 -22.694727 7.938226 2.153563
18.879499 -22.821396 7.936235 2.153665
18.715939 -22.948008 7.934633 2.153747
18.714346 -23.275953 8.002655 2.150264
19.794504 -24.974451 8.538904 2.122808
19.802723 -25.346331 8.618573 2.118729
19.811104 -25.725245 8.700174 2.114551
19.740099 -26.006618 8.748513 2.112076
19.559839 -26.146177 8.749310 2.112035
19.379539 -26.285770 8.750534 2.111973
19.199183 -26.425409 8.752186 2.111888
19.018751 -26.565111 8.754266 2.111782
18.838226 -26.704887 8.756774 2.111653
18.797894 -27.046625 8.825584 2.108130
19.203859 -28.046532 9.107893 2.093676
18.921356 -28.052065 9.066571 2.095792
18.641390 -28.057549 9.026060 2.097866
18.363901 -28.062981 8.986345 2.099899
18.088825 -28.068365 8.947412 2.101892
17.816111 -28.073702 8.909246 2.103847
17.545702 -28.078991 8.871836 2.105762
16.663467 -27.086081 8.521151 2.123717
16.411600 -27.098772 8.488891 2.125369
16.281286 -27.312113 8.519907 2.123781
16.150015 -27.527035 8.551571 2.122159
16.017759 -27.743572 8.583891 2.120505
15.884495 -27.961771 8.616880 2.118816
15.712839 -28.114815 8.630028 2.118143
15.458975 -28.119772 8.598211 2.119771
15.206962 -28.124691 8.567044 2.121367
14.956759 -28.129574 8.536516 2.122931
14.224807 -27.209547 8.226976 2.138779
13.947615 -27.139122 8.176043 2.141387
13.724721 -27.170330 8.156379 2.142393
13.607448 -27.412027 8.200216 2.140149
13.488904 -27.656351 8.244933 2.137859
13.369057 -27.903376 8.290549 2.135524
13.247871 -28.153164 8.337082 2.133141
13.015173 -28.167419 8.314193 2.134313
12.779391 -28.172010 8.289012 2.135602
12.545018 -28.176573 8.264383 2.136864
12.312022 -28.181107 8.240301 2.138096
12.080367 -28.185614 8.216758 2.139302
11.428854 -27.188175 7.902528 2.155391
11.207929 -27.192471 7.880841 2.156501
11.020554 -27.276829 7.882799 2.156401
10.898942 -27.527588 7.933084 2.153826
10.775765 -27.781586 7.984407 2.151198
10.650980 -28.038908 8.036796 2.148516
10.493605 -28.216450 8.066489 2.146996
10.271517 -28.220760 8.047025 2.147992
10.050488 -28.225050 8.028045 2.148964
9.830487 -28.229319 8.009542 2.149911
9.611487 -28.233566 7.991514 2.150834
9.288838 -27.923277 7.885139 2.156281
8.870258 -27.299849 7.691417 2.166199
8.641759 -27.242279 7.658013 2.167910
8.434138 -27.246304 7.642406 2.168709
8.286549 -27.446381 7.682112 2.166676
8.156731 -27.714191 7.740943 2.163664
8.024902 -27.986160 7.801069 2.160585
7.891005 -28.262405 7.862524 2.157439
7.681048 -28.270960 7.849794 2.158091
7.470583 -28.275030 7.836252 2.158784
7.260836 -28.279087 7.823137 2.159455
7.051776 -28.283127 7.810445 2.160105
6.843382 -28.287155 7.798173 2.160733
6.475965 -27.610422 7.598963 2.170933
6.200024 -27.289516 7.498548 2.176074
6.000836 -27.293364 7.487910 2.176619
5.815827 -27.361315 7.495231 2.176244
5.666676 -27.605896 7.551209 2.173378
5.515274 -27.854176 7.608405 2.170449
5.361554 -28.106262 7.666851 2.167457
5.197496 -28.318924 7.714776 2.165004
4.994082 -28.322845 7.706157 2.165445
4.791111 -28.326757 7.697933 2.165866
4.588564 -28.330660 7.690101 2.166267
4.386418 -28.334553 7.682658 2.166648
4.184657 -28.338438 7.675603 2.167009
3.918294 -27.880114 7.543870 2.173754
3.654947 -27.392561 7.404862 2.180871
3.454152 -27.342442 7.384615 2.181908
3.260830 -27.346161 7.379291 2.182180
3.088737 -27.536703 7.424709 2.179855
2.928908 -27.866701 7.507989 2.175591
2.765446 -28.204210 7.593536 2.171211
2.581804 -28.369261 7.632935 2.169194
2.382552 -28.373087 7.629303 2.169380
2.183485 -28.376909 7.626046 2.169546
1.984574 -28.380728 7.623163 2.169694
1.785803 -28.384542 7.620653 2.169823
1.587154 -28.388353 7.618515 2.169932
1.378261 -28.180651 7.560008 2.172927
1.164530 -27.784830 7.451459 2.178485
0.956835 -27.400177 7.346331 2.183868
0.765185 -27.394062 7.343080 2.184034
0.573899 -27.397726 7.342809 2.184048
0.386043 -27.646685 7.408629 2.180678
0.195758 -28.039707 7.513400 2.175314
-0.000000 -28.418758 7.614783 2.170123
-0.198431 -28.422556 7.615986 2.170061
-0.396934 -28.426352 7.617561 2.169981
-0.595529 -28.430149 7.619507 2.169881
-0.794231 -28.433949 7.621825 2.169762
-0.993068 -28.437748 7.624516 2.169625
-1.183780 -28.244116 7.574632 2.172179
-1.367938 -27.969496 7.503362 2.175828
-1.548671 -27.699976 7.433777 2.179391
-1.726485 -27.441708 7.367521 2.182783
-1.919168 -27.445383 7.371926 2.182557
-2.112091 -27.449062 7.376695 2.182313
-2.333945 -27.794195 7.473643 2.177349
-2.574749 -28.291708 7.612069 2.170262
-2.791710 -28.472071 7.665653 2.167519
-2.992938 -28.475904 7.672124 2.167187
-3.194516 -28.479744 7.678981 2.166836
-3.396464 -28.483591 7.686224 2.166465
-3.598803 -28.487442 7.693856 2.166075
-3.782535 -28.348787 7.663353 2.167636
-3.942495 -28.052307 7.590463 2.171368
-4.099446 -27.761391 7.519307 2.175011
-4.255661 -27.489885 7.453634 2.178374
-4.453000 -27.493637 7.462899 2.177900
-4.650836 -27.497398 7.472551 2.177405
-4.912765 -27.861675 7.580681 2.171869
-5.200186 -28.333580 7.718768 2.164799
-5.440952 -28.522463 7.780383 2.161644
-5.648382 -28.526402 7.792024 2.161048
-5.856439 -28.530350 7.804080 2.160431
-6.065155 -28.534309 7.816556 2.159792
-6.274549 -28.538280 7.829453 2.159132
-6.452874 -28.402424 7.804350 2.160417
-6.598424 -28.132515 7.742654 2.163576
-6.741693 -27.866823 7.682297 2.166666
-6.882754 -27.605219 7.623239 2.169690
-7.071924 -27.543322 7.619595 2.169877
-7.278294 -27.547232 7.634547 2.169111
-7.641044 -28.123705 7.808907 2.160184
-7.977035 -28.570530 7.948243 2.153050
-8.193643 -28.574627 7.965103 2.152187
-8.411182 -28.578741 7.982424 2.151300
-8.629680 -28.582872 8.000211 2.150389
-8.849164 -28.587021 8.018469 2.149454
-9.062159 -28.567547 8.030556 2.148835
-9.199415 -28.312887 7.976829 2.151586
-9.334850 -28.061594 7.924198 2.154281
-9.468515 -27.813576 7.872636 2.156921
-9.608300 -27.591274 7.828510 2.159180
-9.826274 -27.595387 7.848949 2.158134
-10.081009 -27.697344 7.897775 2.155634
-10.644020 -28.620907 8.182115 2.141076
-10.873709 -28.625237 8.204855 2.139911
-11.104689 -28.629591 8.228124 2.138720
-11.336989 -28.633968 8.251928 2.137501
-11.570653 -28.638371 8.276275 2.136255
-11.722817 -28.441685 8.242885 2.137964
-11.865912 -28.227884 8.204731 2.139918
-12.007692 -28.016039 8.167323 2.141833
-12.148187 -27.806103 8.130648 2.143711
-12.307066 -27.642122 8.107626 2.144889
-12.541020 -27.646524 8.134398 2.143519
-13.247367 -28.669924 8.462518 2.126719
-13.493220 -28.674547 8.491481 2.125236
-13.740768 -28.679199 8.521059 2.123722
-13.990065 -28.683884 8.551262 2.122175
-14.241145 -28.688599 8.582099 2.120596
-14.370405 -28.448563 8.540097 2.122747
-14.498399 -28.210827 8.498909 2.124856
-14.625165 -27.975363 8.458526 2.126923
-14.750737 -27.742102 8.418930 2.128951
-14.973119 -27.692202 8.435304 2.128113
-15.246349 -27.733002 8.479949 2.125827
-16.052515 -28.722588 8.816588 2.108591
-16.319544 -28.727594 8.852881 2.106732
-16.588797 -28.732639 8.889910 2.104837
-16.860325 -28.737726 8.927686 2.102902
-17.015230 -28.543312 8.903975 2.104116
-17.142836 -28.306179 8.867121 2.106004
-17.269386 -28.070990 8.830997 2.107853
-17.394917 -27.837687 8.795592 2.109666
-17.605299 -27.741510 8.803825 2.109244
-17.881516 -27.746677 8.844868 2.107143
-18.829563 -28.774584 9.214215 2.088232
-19.121412 -28.780041 9.258485 2.085966
-19.416098 -28.785549 9.303637 2.083654
-19.713686 -28.791111 9.349689 2.081296
-20.014248 -28.796726 9.396660 2.078891
-20.317860 -28.802397 9.444567 2.076438
-20.109730 -28.088974 9.256439 2.086070
-20.118528 -27.690779 9.171280 2.090430
-20.211033 -27.413576 9.125981 2.092750
-20.395279 -27.262930 9.123010 2.092902
-20.579412 -27.112370 9.120483 2.093031
-20.763445 -26.961885 9.118402 2.093138
-20.881121 -26.726616 9.087915 2.094699
-20.889280 -26.355705 9.011165 2.098628
-20.897299 -25.990993 8.936131 2.102470
-20.905178 -25.632282 8.862762 2.106226
-20.912924 -25.279377 8.791009 2.109900
-20.198191 -24.071266 8.419716 2.128911
-20.205421 -23.741283 8.353432 2.132304
-20.352797 -23.578939 8.346103 2.132679
-20.521202 -23.441183 8.347849 2.132590
-20.689688 -23.303352 8.350001 2.132480
-20.858261 -23.165445 8.352561 2.132349
-20.963713 -22.958187 8.330400 2.133484
-20.970520 -22.646099 8.270079 2.136572
-20.977222 -22.338476 8.211020 2.139596
-20.983826 -22.035183 8.153189 2.142557
-20.990332 -21.736124 8.096559 2.145456
-20.996742 -21.441160 8.041095 2.148296
-20.277863 -20.419924 7.711003 2.165197
-20.283876 -20.142763 7.659629 2.167827
-20.313051 -19.892006 7.618017 2.169957
-20.467703 -19.765430 7.624080 2.169647
-20.622612 -19.638641 7.630525 2.169317
-20.777781 -19.511633 7.637351 2.168967
-20.933233 -19.384388 7.644561 2.168598
-21.044907 -19.216637 7.636163 2.169029
-21.050570 -18.954018 7.590019 2.171391
-21.056160 -18.694529 7.544791 2.173707
-21.061680 -18.438105 7.500463 2.175976
-21.067129 -18.184660 7.457011 2.178201
-21.072512 -17.934111 7.414416 2.180382
-21.077829 -17.686399 7.372663 2.182520
-21.083082 -17.441437 7.331728 2.184615
-20.360130 -16.605316 7.039834 2.199560
-20.365082 -16.373949 7.001850 2.201505
-20.369978 -16.145041 6.964609 2.203412
-20.501322 -16.017389 6.971114 2.203079
-20.645586 -15.899237 6.982254 2.202508
-20.790312 -15.780704 6.993770 2.201919
-20.935518 -15.661770 7.005664 2.201310
-21.081230 -15.542419 7.017942 2.200681
-21.127710 -15.350181 6.997570 2.201724
-21.132401 -15.129308 6.963970 2.203445
-21.137041 -14.910541 6.931026 2.205131
-21.141634 -14.693820 6.898727 2.206785
-21.146179 -14.479088 6.867057 2.208407
-21.150679 -14.266314 6.836008 2.209996
-21.155134 -14.055432 6.805566 2.211555
-21.159546 -13.846416 6.775723 2.213083
-21.163914 -13.639213 6.746466 2.214581
-20.437338 -12.969926 6.485830 2.227925
-20.441475 -12.773252 6.458686 2.229315
-20.445574 -12.578197 6.432078 2.230677
-20.449635 -12.384737 6.405999 2.232013
-20.553823 -12.252540 6.411685 2.231722
-20.691549 -12.139657 6.428053 2.230884
-20.829981 -12.026195 6.444818 2.230025
-20.969143 -11.912127 6.461987 2.229146
-21.109047 -11.797446 6.479561 2.228246
-21.205442 -11.657792 6.484010 2.228019
-21.209398 -11.467876 6.460581 2.229218
-21.213322 -11.279324 6.437633 2.230393
-21.217215 -11.092087 6.415157 2.231544
-21.221075 -10.906150 6.393147 2.232671
-21.224905 -10.721473 6.371596 2.233774
-21.228704 -10.538018 6.350496 2.234855
-21.232475 -10.355771 6.329843 2.235912
-21.236219 -10.174687 6.309628 2.236947
-21.239933 -9.994753 6.289846 2.237960
-21.160069 -9.777326 6.245829 2.240213
-20.747658 -9.411552 6.104554 2.247447
-20.517159 -9.134828 6.017825 2.251887
-20.520645 -8.965245 6.000342 2.252782
-20.524105 -8.796641 5.983251 2.253658
-20.527542 -8.628985 5.966545 2.254513
-20.600346 -8.490848 5.970331 2.254319
-20.737377 -8.378445 5.992947 2.253161
-20.875460 -8.265175 6.016029 2.251979
-21.014606 -8.151028 6.039583 2.250773
-21.154852 -8.035975 6.063618 2.249543
-21.282549 -7.914907 6.084233 2.248487
-21.285954 -7.747454 6.069595 2.249237
-21.289337 -7.580789 6.055321 2.249968
-21.292702 -7.414902 6.041407 2.250680
-21.296047 -7.249767 6.027849 2.251374
-21.299374 -7.085356 6.014642 2.252050
-21.302681 -6.921661 6.001784 2.252708
-21.305971 -6.758648 5.989271 2.253349
-21.309242 -6.596312 5.977100 2.253972
-21.312498 -6.434624 5.965267 2.254578
-21.315737 -6.273560 5.953769 2.255167
-21.318958 -6.113113 5.942604 2.255738
-21.139029 -5.902119 5.880820 2.258902
-20.880871 -5.673206 5.797842 2.263150
-20.629881 -5.450651 5.717446 2.267267
-20.595144 -5.287932 5.697448 2.268291
-20.598181 -5.135703 5.688231 2.268762
-20.601206 -4.983953 5.679318 2.269219
-20.604218 -4.832675 5.670710 2.269660
-20.658855 -4.693578 5.676591 2.269359
-20.807722 -4.574872 5.708580 2.267721
-20.958273 -4.454819 5.741212 2.266050
-21.110565 -4.333373 5.774501 2.264345
-21.264631 -4.210509 5.808462 2.262607
-21.359535 -4.074551 5.826473 2.261684
-21.362570 -3.920763 5.819692 2.262032
-21.365591 -3.767330 5.813209 2.262364
-21.368605 -3.614225 5.807021 2.262681
-21.371605 -3.461444 5.801128 2.262982
-21.374598 -3.308964 5.795529 2.263269
-21.377581 -3.156764 5.790221 2.263541
-21.380554 -3.004841 5.785203 2.263798
-21.383518 -2.853167 5.780475 2.264040
-21.386473 -2.701739 5.776034 2.264267
-21.389421 -2.550535 5.771880 2.264480
-21.392361 -2.399535 5.768013 2.264678
-21.385824 -2.247741 5.761878 2.264992
-21.188173 -2.077515 5.704579 2.267926
-20.994408 -1.910640 5.648683 2.270787
-20.804392 -1.746995 5.594140 2.273580
-20.667801 -1.590298 5.554291 2.275620
-20.670599 -1.445429 5.552195 2.275728
-20.673391 -1.300656 5.550371 2.275821
-20.676178 -1.155977 5.548817 2.275901
-20.678959 -1.011371 5.547534 2.275966
-20.772747 -0.870634 5.570928 2.274769
-20.942297 -0.731321 5.614892 2.272517
-21.114555 -0.589780 5.659834 2.270216
-21.289589 -0.445952 5.705780 2.267864
-21.432837 -0.299279 5.743471 2.265934
-21.435692 -0.149650 5.743816 2.265917
-21.438541 0.000000 5.744440 2.265885
-21.441391 0.149695 5.745343 2.265838
-21.444235 0.299439 5.746526 2.265778
-21.447077 0.449251 5.747988 2.265703
-21.449917 0.599153 5.749730 2.265614
-21.452755 0.749147 5.751752 2.265510
-21.455591 0.899259 5.754056 2.265392
-21.458427 1.049493 5.756641 2.265260
-21.461260 1.199870 5.759508 2.265113
-21.464092 1.350409 5.762658 2.264952
-21.466925 1.501114 5.766091 2.264776
-21.352322 1.642975 5.738249 2.266201
-21.197657 1.780018 5.699885 2.268166
-21.045036 1.915247 5.662304 2.270090
-20.894400 2.048716 5.625485 2.271975
-20.745705 2.180461 5.589414 2.273822
-20.742115 2.326604 5.592687 2.273654
-20.744850 2.473675 5.597945 2.273385
-20.747589 2.621029 5.603485 2.273102
-20.750330 2.768687 5.609309 2.272803
-20.859692 2.931638 5.644267 2.271013
-21.080072 3.112838 5.709640 2.267666
-21.305614 3.298285 5.776825 2.264226
-21.503803 3.482855 5.837012 2.261145
-21.506655 3.637581 5.844538 2.260760
-21.509510 3.792707 5.852366 2.260359
-21.512369 3.948262 5.860501 2.259942
-21.515232 4.104251 5.868944 2.259510
-21.518099 4.260697 5.877697 2.259062
-21.520971 4.417624 5.886763 2.258598
-21.523848 4.575035 5.896142 2.258117
-21.526731 4.732962 5.905840 2.257621
-21.529619 4.891410 5.915857 2.257108
-21.532513 5.050404 5.926196 2.256579
-21.535412 5.209967 5.936860 2.256033
-21.503006 5.361301 5.938100 2.255969
-21.363180 5.485136 5.909918 2.257412
-21.224674 5.607802 5.882288 2.258827
-21.087446 5.729331 5.855199 2.260214
-20.951462 5.849756 5.828640 2.261574
-20.816704 5.969094 5.802602 2.262907
-20.811626 6.125198 5.812965 2.262376
-20.814486 6.284265 5.825876 2.261715
-20.817352 6.444046 5.839128 2.261037
-20.820230 6.604568 5.852726 2.260340
-21.086195 6.851320 5.940792 2.255831
-21.419149 7.125206 6.048466 2.250319
-21.573830 7.344332 6.106475 2.247348
-21.576851 7.513854 6.122029 2.246552
-21.579885 7.684254 6.137962 2.245736
-21.582930 7.855544 6.154277 2.244901
-21.585987 8.027761 6.170980 2.244046
-21.589058 8.200915 6.188074 2.243171
-21.592140 8.375038 6.205566 2.242275
-21.595238 8.550162 6.223460 2.241359
-21.598349 8.726299 6.241761 2.240422
-21.601473 8.903488 6.260475 2.239464
-21.604612 9.081744 6.279607 2.238484
-21.499529 9.214709 6.267610 2.239098
-21.364737 9.334027 6.247160 2.240145
-21.230818 9.452569 6.227146 2.241170
-21.097740 9.570364 6.207560 2.242173
-20.965494 9.687420 6.188397 2.243154
-20.877148 9.824039 6.182413 2.243460
-20.880289 10.004161 6.203876 2.242362
-20.883450 10.185538 6.225791 2.241239
-20.886627 10.368217 6.248166 2.240094
-21.288944 10.753821 6.390821 2.232790
-21.640242 11.121572 6.519427 2.226205
-21.643593 11.315000 6.544076 2.224943
-21.646967 11.509896 6.569232 2.223655
-21.650360 11.706311 6.594903 2.222341
-21.653778 11.904266 6.621098 2.221000
-21.657217 12.103808 6.647826 2.219631
-21.660681 12.304982 6.675096 2.218235
-21.664167 12.507813 6.702917 2.216810
-21.667681 12.712358 6.731300 2.215357
-21.666626 12.915903 6.758820 2.213948
-21.528498 13.038119 6.743961 2.214709
-21.390961 13.159810 6.729494 2.215450
-21.254009 13.280978 6.715415 2.216171
-21.117615 13.401650 6.701719 2.216872
-20.981773 13.521832 6.688405 2.217554
-20.943993 13.705363 6.706698 2.216617
-20.947599 13.917555 6.738803 2.214973
-20.951235 14.131786 6.771547 2.213297
-21.704317 14.861260 7.048309 2.199126
-21.708147 15.087558 7.083586 2.197320
-21.712013 15.316139 7.119565 2.195478
-21.715914 15.547071 7.156262 2.193599
-21.719849 15.780395 7.193688 2.191683
-21.723822 16.016188 7.231863 2.189729
-21.727833 16.254498 7.270797 2.187735
-21.731880 16.495394 7.310510 2.185702
-21.714016 16.722048 7.343594 2.184008
-21.568251 16.850964 7.333904 2.184504
-21.422855 16.979551 7.324595 2.184981
-21.277824 17.107811 7.315666 2.185438
-21.133139 17.235765 7.307113 2.185876
-21.005810 17.377522 7.304859 2.185991
-21.010010 17.629492 7.348940 2.183734
-21.014254 17.884539 7.393920 2.181431
-21.770237 18.791567 7.705886 2.165458
-21.774733 19.062336 7.754394 2.162975
-21.779282 19.336555 7.803900 2.160440
-21.783884 19.614296 7.854423 2.157853
-21.788540 19.895678 7.905993 2.155213
-21.793253 20.180775 7.958631 2.152518
-21.798023 20.469704 8.012364 2.149767
-21.654835 20.621626 8.012458 2.149762
-21.497948 20.760326 8.007839 2.149999
-21.341225 20.898878 8.003616 2.150215
-21.184664 21.037283 7.999786 2.150411
-21.069302 21.216906 8.011961 2.149787
-21.074278 21.520350 8.070790 2.146775
-21.673889 22.443970 8.360226 2.131956
-21.378334 22.449469 8.306476 2.134708
-21.086552 22.454899 8.253815 2.137405
-20.798433 22.460262 8.202214 2.140047
-20.513872 22.465561 8.151649 2.142636
-20.232796 22.470797 8.102098 2.145173
-19.955093 22.475969 8.053534 2.147659
-18.809437 21.485847 7.651517 2.168242
-18.550259 21.490679 7.606933 2.170525
-18.364361 21.578054 7.592293 2.171275
-18.269293 21.772497 7.615645 2.170079
-18.173630 21.968151 7.639515 2.168857
-18.077360 22.165035 7.663908 2.167608
-17.980467 22.363188 7.688831 2.166332
-17.845411 22.515310 7.698111 2.165857
-17.594547 22.519993 7.657527 2.167934
-17.346294 22.524630 7.617739 2.169972
-17.100605 22.529217 7.578730 2.171969
-16.111134 21.536196 7.206669 2.191019
-15.881019 21.540495 7.170832 2.192853
-15.703373 21.613838 7.158577 2.193481
-15.610260 21.804188 7.185350 2.192110
-15.516444 21.995964 7.212675 2.190711
-15.421906 22.189211 7.240562 2.189283
-15.326622 22.383972 7.269020 2.187826
-15.219868 22.564383 7.292924 2.186602
-14.994536 22.568600 7.260275 2.188274
-14.771213 22.572781 7.228270 2.189913
-14.549838 22.576927 7.196895 2.191519
-14.330359 22.581038 7.166138 2.193094
-13.487978 21.585276 6.820082 2.210812
-13.281724 21.589142 6.791840 2.212258
-13.146148 21.706873 6.799839 2.211848
-13.041474 21.877275 6.824531 2.210584
-12.936028 22.048931 6.849738 2.209293
-12.829796 22.221859 6.875467 2.207976
-12.722752 22.396101 6.901727 2.206632
-12.614883 22.571678 6.928525 2.205260
-12.433590 22.616613 6.915505 2.205926
-12.230814 22.620422 6.890392 2.207212
-12.029503 22.624205 6.865795 2.208471
-11.829607 22.627960 6.841705 2.209705
-11.631108 22.631691 6.818115 2.210912
-10.927784 21.633331 6.494204 2.227497
-10.740623 21.636852 6.472592 2.228603
-10.554704 21.640350 6.451438 2.229686
-10.457452 21.826395 6.484978 2.227969
-10.362223 22.020847 6.521101 2.226120
-10.265921 22.217485 6.557948 2.224233
-10.168513 22.416370 6.595537 2.222309
-10.069981 22.617546 6.633883 2.220345
-9.901758 22.664240 6.627140 2.220690
-9.715409 22.667751 6.608173 2.221662
-9.530115 22.671246 6.589635 2.222611
-9.345842 22.674719 6.571520 2.223538
-9.162578 22.678177 6.553823 2.224444
-8.980283 22.681616 6.536539 2.225329
-8.644761 22.287527 6.405419 2.232043
-8.236992 21.684032 6.215297 2.241777
-8.065421 21.687271 6.199934 2.242563
-7.894695 21.690495 6.184949 2.243331
-7.788821 21.873562 6.221492 2.241460
-7.688485 22.078323 6.264313 2.239267
-7.586751 22.285931 6.308035 2.237028
-7.483577 22.496469 6.352685 2.234742
-7.378929 22.710007 6.398283 2.232408
-7.205666 22.715151 6.385402 2.233067
-7.032526 22.718428 6.372367 2.233735
-6.860085 22.721691 6.359694 2.234384
-6.688312 22.724943 6.347380 2.235014
-6.517202 22.728186 6.335423 2.235626
-6.346721 22.731415 6.323817 2.236220
-6.080497 22.379953 6.214081 2.241839
-5.801680 21.958471 6.085656 2.248414
-5.580418 21.734301 6.012585 2.252156
-5.419730 21.737349 6.002814 2.252656
-5.259556 21.740389 5.993368 2.253139
-5.134279 21.890141 6.024622 2.251539
-5.024283 22.114487 6.076565 2.248880
-4.912368 22.342743 6.129712 2.246159
-4.798471 22.575033 6.184099 2.243374
-4.672614 22.763186 6.226553 2.241200
-4.507844 22.766317 6.218649 2.241605
-4.343498 22.769442 6.211069 2.241993
-4.179544 22.772560 6.203808 2.242365
-4.015965 22.775673 6.196867 2.242720
-3.852744 22.778778 6.190243 2.243059
-3.689852 22.781879 6.183934 2.243382
-3.471799 22.426491 6.080740 2.248666
-3.249994 22.008930 5.961225 2.254785
-3.061287 21.782188 5.893878 2.258233
-2.906760 21.785133 5.889041 2.258481
-2.752467 21.788076 5.884498 2.258714
-2.612049 21.905338 5.911099 2.257352
-2.480964 22.118315 5.963751 2.254656
-2.347516 22.335125 6.017644 2.251897
-2.211627 22.555897 6.072817 2.249072
-2.073206 22.780777 6.129316 2.246179
-1.915883 22.815706 6.134966 2.245890
-1.755806 22.818764 6.132343 2.246024
-1.595857 22.821819 6.130021 2.246143
-1.436022 22.824875 6.127999 2.246246
-1.276272 22.827929 6.126277 2.246335
-1.116616 22.830982 6.124856 2.246407
-0.954362 22.770441 6.106678 2.247338
-0.783964 22.449781 6.019067 2.251824
-0.618378 22.138186 5.934223 2.256168
-0.457376 21.835224 5.852014 2.260377
-0.304887 21.834850 5.851201 2.260418
-0.152457 21.837770 5.851555 2.260400
0.000000 21.860851 5.857597 2.260091
0.154820 22.176331 5.942275 2.255755
0.314202 22.501101 6.029740 2.251277
0.478342 22.835556 6.120111 2.246650
0.638669 22.864609 6.128943 2.246198
0.798557 22.867678 6.131111 2.246087
0.958566 22.870749 6.133579 2.245961
1.118724 22.873825 6.136349 2.245819
1.279022 22.876904 6.139421 2.245662
1.439489 22.879986 6.142796 2.245489
1.600140 22.883074 6.146474 2.245301
1.751458 22.762264 6.117159 2.246802
1.889591 22.502457 6.050736 2.250202
2.024754 22.248243 5.986035 2.253515
2.157063 21.999407 5.922991 2.256743
2.300193 21.884872 5.896335 2.258108
2.455114 21.887856 5.901613 2.257838
2.610332 21.890846 5.907189 2.257552
2.800570 22.168760 5.987313 2.253449
3.016685 22.608984 6.111748 2.247078
3.220390 22.914265 6.200198 2.242550
3.384148 22.917421 6.207294 2.242187
3.548302 22.920588 6.214710 2.241807
3.712844 22.923761 6.222447 2.241411
3.877805 22.926945 6.230508 2.240998
4.043202 22.930138 6.238894 2.240568
4.209053 22.933340 6.247609 2.240122
4.343024 22.766890 6.210373 2.242029
4.470026 22.575256 6.166461 2.244277
4.595252 22.386309 6.123464 2.246479
4.718750 22.199976 6.081358 2.248634
4.840569 22.016184 6.040121 2.250746
4.983895 21.936663 6.027704 2.251382
5.145938 21.939796 6.038289 2.250840
5.308559 21.942944 6.049208 2.250280
5.605936 22.484180 6.209053 2.242096
5.896657 22.965975 6.353315 2.234710
6.068760 22.969307 6.365804 2.234071
6.241538 22.972654 6.378652 2.233413
6.415022 22.976017 6.391865 2.232736
6.589235 22.979393 6.405446 2.232041
6.764199 22.982786 6.419398 2.231327
6.921466 22.924974 6.416592 2.231470
7.032122 22.717098 6.371994 2.233754
7.141257 22.512087 6.328320 2.235990
7.248914 22.309864 6.285546 2.238180
7.355132 22.110350 6.243650 2.240325
7.484356 21.985130 6.222894 2.241388
7.657207 21.988487 6.238824 2.240572
7.830954 21.991865 6.255142 2.239737
8.200881 22.531734 6.424824 2.231049
8.560188 23.017660 6.580265 2.223090
8.744963 23.021254 6.598586 2.222152
8.930763 23.024868 6.617331 2.221193
9.117633 23.028503 6.636508 2.220211
9.305597 23.032162 6.656123 2.219206
9.494687 23.035843 6.676180 2.218180
9.632284 22.914278 6.660276 2.218994
9.736902 22.717880 6.622788 2.220913
9.840356 22.523678 6.586040 2.222795
9.942676 22.331615 6.550017 2.224639
10.043889 22.141636 6.514703 2.226447
10.182832 22.037649 6.504866 2.226951
10.371871 22.041336 6.527169 2.225809
11.051468 23.066187 6.853342 2.209109
11.252040 23.070101 6.877676 2.207863
11.454052 23.074043 6.902523 2.206591
11.657554 23.078016 6.927890 2.205292
11.862553 23.082020 6.953784 2.203966
12.069100 23.086054 6.980213 2.202613
12.261003 23.059591 6.997923 2.201706
12.363897 22.866556 6.965366 2.203373
12.465855 22.675287 6.933447 2.205007
12.566881 22.485775 6.902158 2.206609
12.667008 22.297962 6.871485 2.208180
12.766256 22.111805 6.841416 2.209719
12.961254 22.091928 6.863096 2.208610
13.171899 22.096050 6.892778 2.207090
14.004340 23.123903 7.243735 2.189121
14.228625 23.128294 7.276051 2.187466
14.454932 23.132727 7.309014 2.185778
14.683311 23.137201 7.342638 2.184057
14.854403 23.049505 7.347541 2.183806
14.969657 22.876024 7.325376 2.184941
15.084227 22.703581 7.303700 2.186050
15.198129 22.532152 7.282507 2.187135
15.311380 22.361712 7.261792 2.188196
15.424006 22.192223 7.241545 2.189233
15.620917 22.144051 7.261236 2.188225
15.856904 22.148684 7.298877 2.186297
16.840906 23.179520 7.677136 2.166931
17.093063 23.184471 7.718111 2.164833
17.347958 23.189478 7.759910 2.162693
17.605621 23.194540 7.802543 2.160510
17.866146 23.199657 7.846033 2.158283
18.129604 23.204836 7.890396 2.156012
17.835249 22.502489 7.693727 2.166081
17.840336 22.188889 7.628906 2.169400
17.847261 21.882896 7.566355 2.172602
18.008070 21.768013 7.569918 2.172420
18.169041 21.653019 7.573854 2.172219
18.330189 21.537903 7.578165 2.171998
18.491543 21.422644 7.582852 2.171758
18.653095 21.307249 7.587916 2.171499
18.814873 21.191698 7.593358 2.171220
18.902557 20.993418 7.569412 2.172446
18.907263 20.706100 7.513227 2.175323
18.911905 20.422987 7.458228 2.178139
18.916485 20.144001 7.404393 2.180895
18.921003 19.869007 7.351687 2.183594
17.900021 18.536015 6.904540 2.206487
17.904184 18.283155 6.856744 2.208935
17.942072 18.067759 6.822777 2.210674
18.088829 17.962976 6.830730 2.210267
18.235937 17.857946 6.839036 2.209841
18.383415 17.752659 6.847697 2.209398
18.531277 17.647100 6.856717 2.208936
18.679550 17.541254 6.866096 2.208456
18.828226 17.435122 6.875837 2.207957
18.963217 17.315792 6.880820 2.207702
18.967173 17.078119 6.838826 2.209852
18.971085 16.843321 6.797673 2.211959
18.974955 16.611305 6.757339 2.214024
18.978783 16.382040 6.717810 2.216048
18.982573 16.155432 6.679066 2.218032
18.986322 15.931417 6.641089 2.219976
17.961094 14.858711 6.246046 2.240202
17.964571 14.651536 6.211530 2.241970
17.968014 14.446647 6.177697 2.243702
18.008892 14.273669 6.157341 2.244744
18.145086 14.176496 6.169918 2.244100
18.281847 14.078921 6.182848 2.243438
18.419203 13.980927 6.196138 2.242758
18.557148 13.882515 6.209788 2.242059
18.695713 13.783666 6.223804 2.241341
18.834915 13.684366 6.238188 2.240605
18.974770 13.584604 6.252945 2.239849
19.028645 13.423223 6.239663 2.240529
19.031975 13.227561 6.210322 2.242031
19.035276 13.033723 6.181558 2.243504
19.038553 12.841666 6.153358 2.244948
19.041803 12.651347 6.125713 2.246363
19.045031 12.462709 6.098610 2.247751
19.048231 12.275742 6.072044 2.249111
19.051409 12.090389 6.046003 2.250444
18.673996 11.668808 5.900234 2.257908
18.025089 11.089112 5.670607 2.269665
18.028032 10.918157 5.647414 2.270852
18.030956 10.748602 5.624686 2.272016
18.033859 10.580400 5.602413 2.273156
18.110558 10.456136 5.603426 2.273105
18.241632 10.362692 5.621460 2.272181
18.373573 10.268636 5.639889 2.271238
18.506382 10.173964 5.658714 2.270274
18.640089 10.078655 5.677945 2.269289
18.774717 9.982694 5.697587 2.268284
18.910290 9.886064 5.717645 2.267256
19.046841 9.788739 5.738128 2.266208
19.093752 9.644943 5.731835 2.266530
19.096643 9.479653 5.712697 2.267510
19.099520 9.315458 5.693964 2.268469
19.102381 9.152329 5.675630 2.269408
19.105227 8.990231 5.657688 2.270326
19.108061 8.829159 5.640136 2.271225
19.110880 8.669077 5.622967 2.272104
19.113686 8.509961 5.606176 2.272964
19.116478 8.351787 5.589757 2.273804
19.119259 8.194518 5.573705 2.274626
18.738955 7.877126 5.446673 2.281130
18.312057 7.547683 5.307146 2.288274
18.091139 7.309295 5.228204 2.292316
18.093727 7.163815 5.214371 2.293024
18.096304 7.019087 5.200864 2.293716
18.098871 6.875112 5.187681 2.294391
18.101429 6.731859 5.174817 2.295049
18.223190 6.632699 5.196262 2.293951
18.357710 6.536889 5.221480 2.292660
18.493563 6.440134 5.247203 2.291343
18.630760 6.342424 5.273439 2.290000
18.769346 6.243728 5.300199 2.288630
18.909357 6.144022 5.327493 2.287232
19.050825 6.043280 5.355333 2.285807
19.159729 5.930920 5.374175 2.284842
19.162357 5.785452 5.363453 2.285391
19.164982 5.640559 5.353035 2.285924
19.167599 5.496221 5.342918 2.286443
19.170210 5.352421 5.333100 2.286945
19.172813 5.209132 5.323577 2.287433
19.175413 5.066359 5.314348 2.287905
19.178007 4.924073 5.305411 2.288363
19.180597 4.782260 5.296762 2.288806
19.183182 4.640902 5.288400 2.289234
19.185760 4.499973 5.280321 2.289648
19.148911 4.350522 5.261692 2.290601
18.894636 4.154253 5.183727 2.294593
18.647778 3.963707 5.108285 2.298456
18.407993 3.778620 5.035251 2.302195
18.174942 3.598729 4.964509 2.305817
18.160782 3.464350 4.953914 2.306360
18.163200 3.333569 4.948105 2.306657
18.165617 3.203088 4.942551 2.306941
18.168030 3.072894 4.937250 2.307213
18.170441 2.942963 4.932201 2.307471
18.304810 2.833730 4.963183 2.305885
18.456934 2.725481 4.999149 2.304044
18.611290 2.615646 5.035889 2.302162
18.767942 2.504180 5.073422 2.300241
18.926971 2.391026 5.111774 2.298277
19.088425 2.276153 5.150962 2.296271
19.229200 2.156898 5.184761 2.294540
19.231747 2.021338 5.181516 2.294706
19.234291 1.885941 5.178528 2.294859
19.236837 1.750683 5.175797 2.294999
19.239386 1.615572 5.173321 2.295126
19.241934 1.480584 5.171101 2.295240
19.244484 1.345705 5.169136 2.295340
19.247036 1.210923 5.167424 2.295428
19.249590 1.076213 5.165967 2.295502
19.252146 0.941583 5.164762 2.295564
19.254704 0.807009 5.163812 2.295613
19.257265 0.672478 5.163114 2.295649
19.187557 0.535959 5.143296 2.296663
19.009113 0.398178 5.094594 2.299157
18.834024 0.262986 5.047053 2.301591
18.662167 0.130287 5.000635 2.303967
18.486767 -0.000000 4.268006 2.341478
18.321178 -0.127908 4.229880 2.343430
18.221413 -0.254435 4.207155 2.344594
18.223860 -0.381735 4.208233 2.344538
18.226313 -0.509107 4.209517 2.344473
18.228769 -0.636563 4.211008 2.344396
18.231230 -0.764115 4.212707 2.344309
18.239889 -0.892079 4.216043 2.344139
18.440962 -1.031010 4.264080 2.341679
18.646685 -1.173150 4.313438 2.339152
18.857241 -1.318627 4.364168 2.336555
19.072824 -1.467574 4.416325 2.333884
19.291382 -1.619943 4.469441 2.331165
19.294027 -1.755894 4.472785 2.330993
19.296679 -1.892056 4.476353 2.330811
19.299337 -2.028442 4.480146 2.330616
19.302004 -2.165067 4.484165 2.330411
19.304680 -2.301944 4.488410 2.330193
19.307362 -2.439087 4.492884 2.329964
19.310055 -2.576511 4.497586 2.329724
19.312756 -2.714231 4.502519 2.329471
19.315464 -2.852260 4.507683 2.329206
19.318184 -2.990613 4.513081 2.328930
19.320913 -3.129305 4.518712 2.328642
19.273104 -3.259801 4.512743 2.328948
19.123657 -3.372017 4.483153 2.330462
18.976152 -3.482776 4.454165 2.331947
18.830538 -3.592117 4.425765 2.333401
18.686764 -3.700079 4.397937 2.334826
18.544781 -3.806697 4.370670 2.336222
18.404543 -3.912006 4.343949 2.337590
18.295059 -4.022430 4.324631 2.338579
18.297735 -4.157144 4.332018 2.338201
18.300425 -4.292325 4.339644 2.337810
18.303125 -4.427992 4.347509 2.337407
18.305841 -4.564159 4.355617 2.336992
18.361187 -4.714352 4.376510 2.335922
18.667416 -4.932144 4.457601 2.331771
18.985229 -5.158173 4.541980 2.327451
19.315331 -5.392938 4.629847 2.322952
19.369106 -5.554002 4.651918 2.321822
19.372066 -5.701509 4.662076 2.321302
19.375044 -5.849671 4.672506 2.320767
19.378038 -5.998505 4.683214 2.320220
19.381048 -6.148031 4.694200 2.319657
19.384077 -6.298268 4.705469 2.319080
19.387123 -6.449237 4.717023 2.318488
19.390188 -6.600959 4.728866 2.317882
19.393270 -6.753452 4.741001 2.317261
19.396374 -6.906738 4.753432 2.316624
19.357851 -7.045682 4.755930 2.316496
19.223833 -7.149279 4.735151 2.317560
19.090975 -7.251981 4.714781 2.318603
18.959249 -7.353809 4.694815 2.319625
18.828632 -7.454782 4.675244 2.320627
18.699093 -7.554924 4.656062 2.321609
18.570608 -7.654252 4.637262 2.322572
18.443150 -7.752787 4.618838 2.323515
18.372723 -7.874559 4.614856 2.323719
18.375866 -8.028218 4.629611 2.322964
18.379032 -8.182872 4.644688 2.322192
18.382221 -8.338546 4.660093 2.321403
18.505661 -8.550817 4.706405 2.319032
19.159748 -9.015894 4.888643 2.309701
19.445564 -9.316753 4.978044 2.305124
19.449045 -9.485932 4.995767 2.304217
19.452553 -9.656331 5.013863 2.303290
19.456091 -9.827979 5.032337 2.302344
19.459660 -10.000907 5.051196 2.301379
19.463257 -10.175145 5.070446 2.300393
19.466887 -10.350728 5.090093 2.299387
19.470549 -10.527686 5.110144 2.298361
19.474243 -10.706057 5.130605 2.297313
19.414232 -10.850248 5.134626 2.297107
19.281111 -10.953195 5.119518 2.297881
19.148764 -11.055544 5.104747 2.298637
19.017174 -11.157310 5.090308 2.299376
18.886320 -11.258507 5.076198 2.300099
18.756186 -11.359151 5.062413 2.300804
18.626753 -11.459254 5.048947 2.301494
18.497999 -11.558833 5.035799 2.302167
18.452028 -11.710014 5.045417 2.301675
18.455875 -11.893999 5.069050 2.300465
18.459761 -12.079729 5.093156 2.299230
18.769934 -12.470716 5.202630 2.293625
19.525616 -13.170195 5.437442 2.281603
19.529858 -13.372374 5.464488 2.280218
19.534145 -13.576584 5.492074 2.278806
19.538481 -13.782882 5.520213 2.277365
19.542864 -13.991318 5.548913 2.275896
19.547298 -14.201943 5.578188 2.274397
19.551783 -14.414819 5.608050 2.272868
19.529621 -14.610023 5.630813 2.271702
19.390144 -14.717921 5.620087 2.272252
19.251192 -14.825415 5.609676 2.272784
19.112751 -14.932517 5.599576 2.273302
18.974798 -15.039241 5.589785 2.273803
18.837326 -15.145598 5.580299 2.274289
18.700312 -15.251602 5.571118 2.274759
18.563742 -15.357264 5.562237 2.275213
18.532969 -15.551007 5.585411 2.274027
18.537767 -15.776877 5.619915 2.272260
18.542629 -16.005568 5.655127 2.270457
19.610094 -17.167341 6.017088 2.251925
19.615376 -17.415346 6.055868 2.249940
19.620729 -17.666584 6.095450 2.247913
19.626158 -17.921146 6.135856 2.245844
19.631664 -18.179119 6.177105 2.243732
19.599773 -18.405415 6.207352 2.242183
19.449612 -18.521616 6.200595 2.242529
19.299770 -18.637571 6.194156 2.242859
19.150232 -18.753294 6.188032 2.243173
19.000986 -18.868793 6.182221 2.243470
18.852011 -18.984085 6.176722 2.243752
18.703295 -19.099178 6.171534 2.244017
18.612494 -19.273802 6.185822 2.243286
18.618456 -19.551306 6.233016 2.240870
19.691462 -20.969276 6.641080 2.219977
19.697971 -21.271875 6.693198 2.217308
19.704590 -21.579281 6.746474 2.214580
19.711321 -21.891638 6.800940 2.211792
19.694407 -22.182344 6.848370 2.209363
19.530346 -22.309334 6.845313 2.209520
19.366423 -22.436216 6.842593 2.209659
19.202623 -22.563007 6.840208 2.209781
19.038933 -22.689716 6.838159 2.209886
18.875332 -22.816359 6.836445 2.209974
18.711809 -22.942944 6.835065 2.210045
18.698418 -23.256142 6.889313 2.207267
18.705891 -23.600962 6.952605 2.204026
19.785555 -25.324356 7.419427 2.180125
19.793766 -25.702730 7.489613 2.176532
19.735744 -26.000881 7.536160 2.174149
19.555523 -26.140409 7.536846 2.174114
19.375263 -26.279970 7.537900 2.174060
19.194946 -26.419577 7.539322 2.173987
19.014553 -26.559246 7.541113 2.173895
18.834066 -26.698990 7.543274 2.173784
18.780251 -27.021240 7.597090 2.171029
19.206400 -28.050243 7.848506 2.158156
18.923849 -28.055761 7.812894 2.159980
18.643833 -28.061228 7.777980 2.161767
18.366299 -28.066645 7.743752 2.163520
18.091177 -28.072014 7.710198 2.165238
17.818417 -28.077335 7.677306 2.166922
17.547964 -28.082611 7.645064 2.168573
16.665606 -27.089558 7.342866 2.184045
16.409048 -27.094559 7.312992 2.185575
16.274342 -27.300461 7.337721 2.184309
16.143099 -27.515247 7.364979 2.182913
16.010874 -27.731647 7.392803 2.181489
15.877642 -27.949705 7.421202 2.180034
15.714809 -28.118340 7.436666 2.179243
15.460906 -28.123285 7.409246 2.180647
15.208855 -28.128191 7.382385 2.182022
14.958614 -28.133062 7.356076 2.183369
14.710136 -28.137897 7.330308 2.184688
13.949332 -27.142466 7.045443 2.199273
13.717622 -27.156275 7.023997 2.200371
13.600370 -27.397772 7.061729 2.198439
13.481851 -27.641890 7.100217 2.196469
13.362027 -27.888704 7.139479 2.194458
13.240867 -28.138279 7.179530 2.192408
13.016745 -28.170822 7.164473 2.193179
12.780931 -28.175404 7.142771 2.194290
12.546525 -28.179956 7.121545 2.195377
12.313496 -28.184481 7.100791 2.196440
12.081810 -28.188978 7.080501 2.197478
11.430215 -27.191412 6.809722 2.211342
11.209259 -27.195700 6.791032 2.212299
11.014442 -27.261702 6.788146 2.212447
10.892859 -27.512224 6.831424 2.210231
10.769712 -27.765980 6.875596 2.207969
10.644958 -28.023056 6.920682 2.205661
10.494834 -28.219757 6.950997 2.204109
10.272718 -28.224060 6.934223 2.204968
10.051660 -28.228344 6.917865 2.205805
9.831632 -28.232605 6.901920 2.206622
9.612604 -28.236845 6.886383 2.207417
9.306116 -27.975214 6.806566 2.211504
8.886352 -27.349379 6.639039 2.220081
8.642756 -27.245422 6.598996 2.222131
8.435109 -27.249439 6.585545 2.222820
8.281520 -27.429726 6.614982 2.221313
8.151743 -27.697245 6.665610 2.218721
8.019958 -27.968914 6.717351 2.216072
7.886104 -28.244854 6.770236 2.213364
7.681924 -28.274183 6.764246 2.213670
7.471434 -28.278250 6.752576 2.214268
7.261662 -28.282301 6.741273 2.214847
7.052576 -28.286337 6.730335 2.215407
6.844158 -28.290361 6.719759 2.215948
6.488625 -27.664400 6.560156 2.224120
6.200724 -27.292601 6.461567 2.229168
6.001513 -27.296442 6.452400 2.229637
5.812633 -27.346289 6.454433 2.229533
5.663540 -27.590622 6.502611 2.227066
5.512199 -27.838646 6.551836 2.224546
5.358542 -28.090473 6.602139 2.221971
5.198079 -28.322100 6.647887 2.219628
4.994641 -28.326017 6.640460 2.220008
4.791647 -28.329926 6.633372 2.220371
4.589077 -28.333826 6.626622 2.220717
4.386908 -28.337717 6.620208 2.221045
4.185124 -28.341599 6.614128 2.221357
3.924051 -27.921076 6.509438 2.226717
3.660218 -27.432064 6.389318 2.232867
3.454537 -27.345484 6.363379 2.234195
3.261193 -27.349201 6.358791 2.234430
3.086358 -27.515491 6.392289 2.232715
2.926627 -27.844994 6.463933 2.229047
2.763268 -28.181990 6.537526 2.225279
2.582090 -28.372408 6.577356 2.223239
2.382817 -28.376234 6.574226 2.223400
2.183727 -28.380054 6.571419 2.223543
1.984794 -28.383871 6.568935 2.223670
1.786001 -28.387686 6.566772 2.223781
1.587330 -28.391495 6.564929 2.223876
1.379894 -28.214033 6.521509 2.226099
1.165890 -27.817270 6.427761 2.230899
0.957937 -27.431717 6.336971 2.235547
0.765269 -27.397093 6.327584 2.236028
0.573963 -27.400759 6.327351 2.236040
0.385690 -27.621351 6.377513 2.233471
0.195576 -28.013651 6.467618 2.228858
-0.000000 -28.417229 6.560635 2.224095
-0.198453 -28.425701 6.562750 2.223987
-0.396978 -28.429499 6.564107 2.223918
-0.595595 -28.433298 6.565784 2.223832
-0.794319 -28.437098 6.567782 2.223729
-0.993178 -28.440899 6.570101 2.223611
-1.184772 -28.267776 6.531860 2.225569
-1.369073 -27.992706 6.470350 2.228718
-1.549945 -27.722750 6.410296 2.231793
-1.727494 -27.457743 6.351653 2.234795
-1.919381 -27.448431 6.352444 2.234755
-2.112326 -27.452114 6.356554 2.234545
-2.331275 -27.762388 6.432011 2.230681
-2.571748 -28.258734 6.551004 2.224589
-2.792021 -28.475243 6.605553 2.221796
-2.993272 -28.479080 6.611130 2.221510
-3.194872 -28.482924 6.617039 2.221208
-3.396843 -28.486773 6.623281 2.220888
-3.599205 -28.490627 6.629858 2.220551
-3.785826 -28.373453 6.608581 2.221641
-3.945892 -28.076483 6.545669 2.224862
-4.102946 -27.785089 6.484254 2.228006
-4.257086 -27.499094 6.424291 2.231076
-4.453500 -27.496729 6.430845 2.230741
-4.651360 -27.500494 6.439163 2.230315
-4.907681 -27.832842 6.524845 2.225928
-5.194706 -28.303724 6.643574 2.219849
-5.441567 -28.525688 6.704428 2.216733
-5.649021 -28.529631 6.714460 2.216219
-5.857103 -28.533585 6.724850 2.215688
-6.065844 -28.537550 6.735601 2.215137
-6.275262 -28.541527 6.746716 2.214568
-6.457882 -28.424469 6.729539 2.215448
-6.603505 -28.154177 6.676299 2.218173
-6.746844 -27.888115 6.624215 2.220840
-6.887972 -27.626148 6.573252 2.223449
-7.072736 -27.546484 6.565886 2.223826
-7.279131 -27.550400 6.578773 2.223167
-7.624046 -28.061144 6.713280 2.216280
-7.977956 -28.573830 6.849091 2.209327
-8.194591 -28.577934 6.863621 2.208583
-8.412158 -28.582056 6.878549 2.207818
-8.630683 -28.586197 6.893878 2.207033
-8.850195 -28.590353 6.909612 2.206228
-9.068598 -28.587845 6.924138 2.205484
-9.205908 -28.332870 6.877781 2.207858
-9.341395 -28.081268 6.832370 2.210183
-9.475111 -27.832951 6.787881 2.212461
-9.609434 -27.594528 6.745932 2.214608
-9.827436 -27.598650 6.763547 2.213706
-10.046595 -27.602791 6.781586 2.212783
-10.645286 -28.624310 7.050645 2.199007
-10.875006 -28.628651 7.070243 2.198004
-11.106017 -28.633015 7.090297 2.196977
-11.338348 -28.637402 7.110811 2.195926
-11.572044 -28.641815 7.131793 2.194852
-11.729797 -28.458620 7.106396 2.196152
-11.872945 -28.244616 7.073483 2.197838
-12.014776 -28.032568 7.041214 2.199490
-12.155322 -27.822435 7.009577 2.201110
-12.308569 -27.645500 6.986479 2.202292
-12.542558 -27.649912 7.009553 2.201111
-13.248996 -28.673450 7.292302 2.186634
-13.494885 -28.678085 7.317263 2.185356
-13.742471 -28.682751 7.342754 2.184051
-13.991803 -28.687447 7.368784 2.182718
-14.242921 -28.692177 7.395360 2.181358
-14.379345 -28.466261 7.362826 2.183023
-14.507375 -28.228294 7.327294 2.184843
-14.634176 -27.992599 7.292456 2.186626
-14.759784 -27.759115 7.258298 2.188375
-14.975021 -27.695721 7.268881 2.187833
-15.228475 -27.700489 7.297858 2.186350
-16.054571 -28.726269 7.597450 2.171010
-16.321644 -28.731289 7.628728 2.169409
-16.590940 -28.736351 7.660641 2.167775
-16.862513 -28.741455 7.693197 2.166108
-17.025349 -28.560284 7.676332 2.166972
-17.152987 -28.322941 7.644540 2.168600
-17.279572 -28.087543 7.613379 2.170195
-17.405134 -27.854036 7.582838 2.171759
-17.607634 -27.745190 7.586486 2.171572
-17.883900 -27.750376 7.621858 2.169761
-18.832085 -28.778437 7.940140 2.153465
-19.123985 -28.783913 7.978293 2.151511
-19.418722 -28.789440 8.017207 2.149519
-19.716364 -28.795023 8.056897 2.147487
-20.016981 -28.800659 8.097379 2.145414
-20.320648 -28.806351 8.138667 2.143300
-20.127062 -28.113184 7.982332 2.151305
-20.135708 -27.714426 7.908832 2.155068
-20.219505 -27.425068 7.866350 2.157243
-20.403828 -27.274355 7.863788 2.157374
-20.588034 -27.123730 7.861609 2.157485
-20.772142 -26.973179 7.859814 2.157578
-20.898180 -26.748451 7.836653 2.158763
-20.906202 -26.377054 7.770415 2.162155
-20.914085 -26.011873 7.705661 2.165470
-20.921833 -25.652704 7.642345 2.168712
-20.929451 -25.299355 7.580423 2.171882
-20.214025 -24.090137 7.260214 2.188277
-20.221136 -23.759748 7.203013 2.191206
-20.361322 -23.588816 7.194112 2.191661
-20.529799 -23.451002 7.195618 2.191584
-20.698359 -23.313116 7.197474 2.191489
-20.867004 -23.175156 7.199682 2.191376
-20.979410 -22.975380 7.182946 2.192233
-20.986109 -22.662933 7.130895 2.194898
-20.992704 -22.354963 7.079934 2.197507
-20.999205 -22.051332 7.030033 2.200062
-21.005608 -21.751944 6.981168 2.202564
-21.011919 -21.456657 6.933310 2.205014
-20.292421 -20.434584 6.648662 2.219589
-20.298342 -20.157127 6.604333 2.221858
-20.321608 -19.900385 6.566538 2.223793
-20.476332 -19.773764 6.571767 2.223526
-20.631313 -19.646927 6.577324 2.223241
-20.786556 -19.519873 6.583211 2.222939
-20.942081 -19.392582 6.589429 2.222621
-21.059351 -19.229826 6.583924 2.222903
-21.064932 -18.966949 6.544111 2.224941
-21.070440 -18.707205 6.505090 2.226939
-21.075878 -18.450535 6.466844 2.228898
-21.081249 -18.196848 6.429356 2.230817
-21.086555 -17.946062 6.392606 2.232699
-21.091797 -17.698118 6.356583 2.234543
-21.096975 -17.452930 6.321267 2.236351
-20.373474 -16.616198 6.069579 2.249238
-20.378357 -16.384623 6.036809 2.250915
-20.383184 -16.155510 6.004680 2.252560
-20.510120 -16.024263 6.008972 2.252341
-20.654461 -15.906072 6.018579 2.251849
-20.799263 -15.787498 6.028510 2.251340
-20.944548 -15.668526 6.038767 2.250815
-21.090338 -15.549134 6.049355 2.250273
-21.140999 -15.359835 6.032981 2.251111
-21.145628 -15.138778 6.003994 2.252595
-21.150209 -14.919829 5.975574 2.254050
-21.154743 -14.702931 5.947710 2.255477
-21.159231 -14.488025 5.920389 2.256876
-21.163675 -14.275079 5.893604 2.258247
-21.168074 -14.064030 5.867343 2.259592
-21.172432 -13.854849 5.841598 2.260910
-21.176746 -13.647483 5.816359 2.262202
-20.449677 -12.977757 5.591642 2.273708
-20.453766 -12.780931 5.568226 2.274907
-20.457815 -12.585728 5.545273 2.276082
-20.461830 -12.392123 5.522776 2.277234
-20.562975 -12.257995 5.526844 2.277025
-20.700787 -12.145077 5.540959 2.276303
-20.839302 -12.031577 5.555417 2.275563
-20.978554 -11.917472 5.570222 2.274805
-21.118546 -11.802755 5.585379 2.274029
-21.217800 -11.664586 5.589955 2.273794
-21.221714 -11.474535 5.569745 2.274829
-21.225595 -11.285850 5.549950 2.275842
-21.229446 -11.098482 5.530562 2.276835
-21.233269 -10.912416 5.511576 2.277807
-21.237059 -10.727612 5.492986 2.278759
-21.240822 -10.544032 5.474785 2.279691
-21.244555 -10.361662 5.456970 2.280603
-21.248260 -10.180457 5.439532 2.281496
-21.251940 -10.000402 5.422469 2.282369
-21.178488 -9.785836 5.386165 2.284228
-20.765310 -9.419559 5.264231 2.290471
-20.528652 -9.139945 5.187933 2.294378
-20.532106 -8.970253 5.172853 2.295150
-20.535536 -8.801540 5.158111 2.295905
-20.538942 -8.633778 5.143701 2.296643
-20.610140 -8.494884 5.146554 2.296496
-20.747274 -8.382443 5.166058 2.295498
-20.885460 -8.269135 5.185965 2.294478
-21.024714 -8.154948 5.206279 2.293438
-21.165066 -8.039856 5.227007 2.292377
-21.294188 -7.919234 5.245113 2.291450
-21.297565 -7.751680 5.232488 2.292097
-21.300924 -7.584914 5.220176 2.292727
-21.304264 -7.418928 5.208174 2.293341
-21.307585 -7.253695 5.196479 2.293940
-21.310886 -7.089186 5.185088 2.294523
-21.314171 -6.925394 5.173998 2.295091
-21.317440 -6.762286 5.163205 2.295644
-21.320690 -6.599854 5.152707 2.296181
-21.323923 -6.438073 5.142500 2.296704
-21.327143 -6.276917 5.132583 2.297212
-21.330343 -6.116378 5.122952 2.297705
-21.151150 -5.905504 5.069889 2.300422
-20.892675 -5.676413 4.998312 2.304086
-20.641382 -5.453690 4.928965 2.307637
-20.606066 -5.290736 4.911592 2.308527
-20.609087 -5.138422 4.903642 2.308933
-20.612097 -4.986588 4.895955 2.309327
-20.615093 -4.835225 4.888529 2.309707
-20.669815 -4.696068 4.893612 2.309447
-20.818823 -4.577312 4.921204 2.308034
-20.969517 -4.457209 4.949350 2.306593
-21.121958 -4.335711 4.978064 2.305123
-21.276173 -4.212795 5.007356 2.303623
-21.370720 -4.076684 5.022787 2.302833
-21.373741 -3.922813 5.016938 2.303133
-21.376753 -3.769298 5.011346 2.303419
-21.379755 -3.616112 5.006009 2.303692
-21.382748 -3.463248 5.000927 2.303952
-21.385731 -3.310687 4.996097 2.304200
-21.388704 -3.158407 4.991518 2.304434
-21.391668 -3.006403 4.987191 2.304656
-21.394627 -2.854649 4.983112 2.304865
-21.397575 -2.703141 4.979282 2.305061
-21.400517 -2.551858 4.975700 2.305244
-21.403450 -2.400779 4.972364 2.305415
-21.394993 -2.248704 4.966631 2.305709
-21.197166 -2.078397 4.917219 2.308238
-21.003231 -1.911443 4.869017 2.310706
-20.813051 -1.747722 4.821983 2.313114
-20.678488 -1.591121 4.788116 2.314848
-20.681282 -1.446176 4.786309 2.314941
-20.684071 -1.301328 4.784736 2.315022
-20.686857 -1.156574 4.783396 2.315090
-20.689638 -1.011893 4.782289 2.315147
-20.785809 -0.871181 4.802995 2.314087
-20.955570 -0.731785 4.840923 2.312145
-21.128044 -0.590156 4.879696 2.310159
-21.303301 -0.446239 4.919333 2.308130
-21.443899 -0.299434 4.951197 2.306499
-21.446756 -0.149727 4.951495 2.306483
-21.449610 0.000000 4.952033 2.306456
-21.452461 0.149772 4.952812 2.306416
-21.455309 0.299593 4.953831 2.306364
-21.458157 0.449483 4.955092 2.306299
-21.461000 0.599462 4.956595 2.306222
-21.463844 0.749534 4.958340 2.306133
-21.466686 0.899724 4.960326 2.306031
-21.469528 1.050036 4.962556 2.305917
-21.472368 1.200491 4.965029 2.305791
-21.475208 1.351108 4.967745 2.305651
-21.478048 1.501891 4.970706 2.305500
-21.359776 1.643549 4.945869 2.306772
-21.205006 1.780635 4.912791 2.308465
-21.052284 1.915907 4.880389 2.310124
-20.901548 2.049417 4.848643 2.311749
-20.752758 2.181203 4.817543 2.313342
-20.752913 2.327816 4.821234 2.313153
-20.755661 2.474964 4.825768 2.312921
-20.758411 2.622396 4.830547 2.312676
-20.761164 2.770133 4.835570 2.312419
-20.876472 2.933997 4.867080 2.310805
-21.097227 3.115371 4.923497 2.307917
-21.323158 3.301000 4.981479 2.304948
-21.515083 3.484682 5.031877 2.302368
-21.517952 3.639491 5.038368 2.302036
-21.520823 3.794702 5.045120 2.301690
-21.523699 3.950341 5.052137 2.301331
-21.526579 4.106416 5.059419 2.300958
-21.529465 4.262948 5.066968 2.300571
-21.532356 4.419960 5.074788 2.300171
-21.535254 4.577459 5.082878 2.299757
-21.538157 4.735474 5.091242 2.299328
-21.541065 4.894011 5.099882 2.298886
-21.543980 5.053094 5.108800 2.298429
-21.546902 5.212747 5.117998 2.297959
-21.509546 5.362933 5.117894 2.297964
-21.369650 5.486797 5.093597 2.299208
-21.231070 5.609492 5.069777 2.300427
-21.093771 5.731050 5.046422 2.301623
-20.957718 5.851502 5.023524 2.302795
-20.822891 5.970868 5.001077 2.303945
-20.822887 6.128512 5.011230 2.303425
-20.825773 6.287673 5.022366 2.302855
-20.828669 6.447548 5.033796 2.302269
-20.831573 6.608167 5.045526 2.301669
-21.110411 6.859188 5.124535 2.297624
-21.444195 7.133538 5.217523 2.292863
-21.585669 7.348362 5.264298 2.290468
-21.588722 7.517987 5.277715 2.289781
-21.591789 7.688493 5.291458 2.289077
-21.594868 7.859889 5.305531 2.288357
-21.597960 8.032213 5.319938 2.287619
-21.601065 8.205476 5.334683 2.286864
-21.604183 8.379709 5.349771 2.286092
-21.607317 8.554944 5.365206 2.285301
-21.610464 8.731194 5.380992 2.284493
-21.613626 8.908498 5.397134 2.283667
-21.616804 9.086869 5.413637 2.282822
-21.505491 9.217264 5.401744 2.283431
-21.370644 9.336607 5.384115 2.284333
-21.236668 9.455173 5.366860 2.285217
-21.103535 9.572992 5.349976 2.286081
-20.971235 9.690072 5.333456 2.286927
-20.889162 9.829692 5.329906 2.287109
-20.892347 10.009938 5.348420 2.286161
-20.895552 10.191442 5.367323 2.285193
-20.898775 10.374247 5.386624 2.284205
-21.329809 10.774464 5.516976 2.277531
-21.652922 11.128088 5.620506 2.272230
-21.656322 11.321655 5.641769 2.271141
-21.659746 11.516691 5.663469 2.270030
-21.663193 11.713249 5.685615 2.268896
-21.666664 11.911350 5.708211 2.267740
-21.670156 12.111040 5.731267 2.266559
-21.673676 12.312365 5.754792 2.265355
-21.677219 12.515348 5.778792 2.264126
-21.680788 12.720048 5.803276 2.262872
-21.672329 12.919302 5.825012 2.261759
-21.534151 13.041544 5.812202 2.262415
-21.396564 13.163258 5.799730 2.263054
-21.259565 13.284451 5.787593 2.263675
-21.123125 13.405148 5.775787 2.264280
-20.987238 13.525353 5.764309 2.264867
-20.957069 13.713920 5.782178 2.263952
-20.960741 13.926286 5.809875 2.262534
-20.964443 14.140695 5.838122 2.261088
-21.718065 14.870675 6.076753 2.248870
-21.721970 15.097163 6.107187 2.247312
-21.725906 15.325940 6.138227 2.245723
-21.729881 15.557071 6.169886 2.244102
-21.733892 15.790598 6.202175 2.242449
-21.737944 16.026600 6.235108 2.240762
-21.742031 16.265120 6.268699 2.239043
-21.746161 16.506233 6.302960 2.237288
-21.719561 16.726316 6.328943 2.235958
-21.573750 16.855261 6.320590 2.236386
-21.428310 16.983875 6.312565 2.236797
-21.283236 17.112164 6.304867 2.237191
-21.138506 17.240143 6.297494 2.237568
-21.020096 17.389339 6.298233 2.237530
-21.024384 17.641552 6.336266 2.235583
-21.028719 17.896849 6.375074 2.233596
-21.785315 18.804583 6.644081 2.219823
-21.789909 19.075623 6.685935 2.217680
-21.794559 19.350119 6.728649 2.215493
-21.799263 19.628145 6.772242 2.213261
-21.804024 19.909817 6.816738 2.210983
-21.808844 20.195211 6.862155 2.208658
-21.813723 20.484447 6.908520 2.206284
-21.660284 20.626814 6.905365 2.206445
-21.503355 20.765549 6.901384 2.206649
-21.346590 20.904131 6.897743 2.206836
-21.189985 21.042568 6.894442 2.207005
-21.085018 21.232733 6.908350 2.206293
-21.090115 21.536520 6.959114 2.203693
-21.670610 22.440575 7.202180 2.191248
-21.375120 22.446095 7.155882 2.193619
-21.083403 22.451546 7.110522 2.195941
-20.795347 22.456930 7.066076 2.198217
-20.510847 22.462248 7.022521 2.200447
-20.229830 22.467503 6.979839 2.202632
-19.952185 22.472694 6.938009 2.204774
-18.806711 21.482737 6.591682 2.222506
-18.547586 21.487585 6.553279 2.224472
-18.372568 21.587698 6.544533 2.224920
-18.277483 21.782257 6.564672 2.223889
-18.181803 21.978031 6.585257 2.222835
-18.085516 22.175035 6.606293 2.221758
-17.988604 22.373310 6.627787 2.220657
-17.842926 22.512175 6.631859 2.220449
-17.592110 22.516872 6.596902 2.222239
-17.343903 22.521524 6.562629 2.223993
-17.098261 22.526129 6.529028 2.225714
-16.108936 21.533257 6.208504 2.242125
-15.878863 21.537571 6.177634 2.243705
-15.710656 21.623863 6.170775 2.244056
-15.617527 21.814339 6.193865 2.242874
-15.523696 22.006243 6.217430 2.241668
-15.429140 22.199621 6.241480 2.240436
-15.333840 22.394514 6.266023 2.239180
-15.217859 22.561405 6.282840 2.238318
-14.992567 22.565636 6.254717 2.239758
-14.769280 22.569828 6.227148 2.241170
-14.547943 22.573986 6.200122 2.242554
-14.328501 22.578110 6.173629 2.243910
-13.486236 21.582489 5.875504 2.259174
-13.280016 21.586367 5.851177 2.260420
-13.151706 21.716051 5.861299 2.259902
-13.047009 21.886559 5.882592 2.258811
-12.941538 22.058323 5.904329 2.257698
-12.835281 22.231359 5.926516 2.256562
-12.728211 22.405712 5.949162 2.255403
-12.620318 22.581404 5.972271 2.254220
-12.432034 22.613785 5.957736 2.254964
-12.229289 22.617601 5.936103 2.256071
-12.028008 22.621393 5.914915 2.257156
-11.828143 22.625158 5.894164 2.258219
-11.629673 22.628899 5.873844 2.259259
-10.926440 21.630672 5.594794 2.273546
-10.739307 21.634201 5.576178 2.274500
-10.557119 21.645302 5.559907 2.275333
-10.462914 21.837795 5.590453 2.273769
-10.367666 22.032415 5.621609 2.272174
-10.271344 22.229221 5.653390 2.270546
-10.173916 22.428280 5.685812 2.268886
-10.075361 22.629633 5.718886 2.267193
-9.900571 22.661522 5.709338 2.267682
-9.714248 22.665041 5.692999 2.268518
-9.528979 22.668541 5.677031 2.269336
-9.344731 22.672024 5.661426 2.270135
-9.161491 22.675488 5.646182 2.270915
-8.979220 22.678934 5.631293 2.271678
-8.607382 22.191158 5.495121 2.278650
-8.236023 21.681480 5.354543 2.285847
-8.064474 21.684725 5.341310 2.286525
-7.893770 21.687956 5.328401 2.287186
-7.793283 21.886091 5.363582 2.285384
-7.692919 22.091059 5.400519 2.283493
-7.591157 22.298874 5.438235 2.281562
-7.487954 22.509628 5.476750 2.279590
-7.378676 22.709230 5.512647 2.277752
-7.204834 22.712526 5.501102 2.278343
-7.031715 22.715807 5.489873 2.278919
-6.859295 22.719076 5.478957 2.279477
-6.687544 22.722334 5.468349 2.280020
-6.516455 22.725580 5.458049 2.280548
-6.345995 22.728815 5.448052 2.281060
-6.070890 22.344593 5.345666 2.286302
-5.792702 21.924494 5.235360 2.291950
-5.579782 21.731827 5.179924 2.294788
-5.419114 21.734879 5.171508 2.295219
-5.258959 21.737923 5.163371 2.295635
-5.137602 21.904308 5.194245 2.294055
-5.027564 22.128925 5.239058 2.291760
-4.915603 22.357458 5.284911 2.289412
-4.801660 22.590033 5.331833 2.287010
-4.672087 22.760620 5.364267 2.285350
-4.507338 22.763756 5.357459 2.285698
-4.343010 22.766884 5.350928 2.286032
-4.179075 22.770004 5.344675 2.286353
-4.015515 22.773119 5.338696 2.286659
-3.852313 22.776226 5.332989 2.286951
-3.689439 22.779329 5.327555 2.287229
-3.466395 22.391584 5.231082 2.292168
-3.245034 21.975346 5.128425 2.297425
-3.060945 21.779758 5.077669 2.300023
-2.906436 21.782705 5.073502 2.300237
-2.752160 21.785648 5.069588 2.300437
-2.613631 21.918606 5.096158 2.299077
-2.482480 22.131830 5.141578 2.296751
-2.348964 22.348896 5.188070 2.294371
-2.213003 22.569931 5.235667 2.291934
-2.074508 22.795082 5.284408 2.289438
-1.915671 22.813173 5.285372 2.289389
-1.755611 22.816231 5.283113 2.289505
-1.595680 22.819288 5.281112 2.289607
-1.435863 22.822344 5.279371 2.289696
-1.276131 22.825397 5.277888 2.289772
-1.116493 22.828451 5.276663 2.289835
-0.953231 22.743462 5.255352 2.290926
-0.783048 22.423563 5.180043 2.294782
-0.617666 22.112698 5.107110 2.298516
-0.457256 21.829512 5.040845 2.301909
-0.304853 21.832432 5.040905 2.301906
-0.152440 21.835350 5.041211 2.301890
0.000000 21.881220 5.051678 2.301354
0.154967 22.197294 5.124774 2.297611
0.314504 22.522684 5.200278 2.293746
0.478807 22.857788 5.278294 2.289751
0.638598 22.862074 5.280184 2.289654
0.798468 22.865141 5.282051 2.289559
0.958460 22.868212 5.284178 2.289450
1.118600 22.871284 5.286564 2.289328
1.278880 22.874363 5.289210 2.289192
1.439329 22.877443 5.292117 2.289043
1.599962 22.880529 5.295285 2.288881
1.749785 22.740513 5.265580 2.290402
1.887805 22.481186 5.208458 2.293327
2.022860 22.227440 5.152816 2.296176
2.155067 21.979052 5.098598 2.298952
2.299936 21.882429 5.079784 2.299915
2.454840 21.885410 5.084331 2.299682
2.610040 21.888397 5.089134 2.299436
2.804113 22.196804 5.165266 2.295538
3.020581 22.638182 5.272755 2.290035
3.220028 22.911694 5.341565 2.286512
3.383768 22.914846 5.347677 2.286199
3.547903 22.918009 5.354065 2.285872
3.712426 22.921181 5.360731 2.285531
3.877368 22.924360 5.367674 2.285175
4.042746 22.927547 5.374898 2.284805
4.208577 22.930746 5.382405 2.284421
4.339936 22.750704 5.347126 2.286227
4.466870 22.559319 5.309345 2.288162
4.592031 22.370617 5.272350 2.290056
4.715466 22.184521 5.236122 2.291910
4.837223 22.000961 5.200641 2.293727
4.983326 21.934158 5.192948 2.294121
5.145350 21.937288 5.202066 2.293654
5.307951 21.940430 5.211472 2.293173
5.616885 22.528097 5.360243 2.285555
5.895979 22.963333 5.473462 2.279759
6.068061 22.966661 5.484220 2.279208
6.240817 22.970003 5.495288 2.278641
6.414279 22.973358 5.506670 2.278059
6.588471 22.976730 5.518368 2.277460
6.763413 22.980116 5.530387 2.276844
6.916435 22.908310 5.524593 2.277141
7.027046 22.700701 5.486223 2.279105
7.136138 22.495949 5.448647 2.281029
7.243752 22.293978 5.411845 2.282913
7.349930 22.094711 5.375798 2.284759
7.483475 21.982540 5.361088 2.285512
7.656302 21.985891 5.374810 2.284810
7.830026 21.989260 5.388865 2.284090
8.216209 22.573849 5.546052 2.276042
8.559169 23.014919 5.668959 2.269749
8.743918 23.018505 5.684741 2.268941
8.929694 23.022112 5.700888 2.268114
9.116538 23.025740 5.717407 2.267269
9.304477 23.029388 5.734303 2.266404
9.493540 23.033060 5.751580 2.265519
9.625916 22.899130 5.734779 2.266379
9.730501 22.702948 5.702521 2.268031
9.833923 22.508955 5.670901 2.269650
9.936212 22.317097 5.639903 2.271237
10.037395 22.127319 5.609516 2.272793
10.181578 22.034935 5.603979 2.273076
10.370589 22.038612 5.623191 2.272093
11.050097 23.063326 5.904188 2.257706
11.250640 23.067228 5.925150 2.256632
11.452621 23.071161 5.946552 2.255537
11.656093 23.075123 5.968404 2.254418
11.861060 23.079115 5.990708 2.253276
12.067576 23.083138 6.013474 2.252110
12.253425 23.045341 6.025767 2.251481
12.356292 22.852489 5.997750 2.252915
12.458221 22.661404 5.970282 2.254321
12.559221 22.472069 5.943356 2.255700
12.659322 22.284430 5.916960 2.257051
12.758543 22.098446 5.891084 2.258377
12.959570 22.089058 5.912556 2.257277
13.170180 22.093166 5.938124 2.255968
14.002504 23.120872 6.240469 2.240488
14.226751 23.125250 6.268306 2.239063
14.453020 23.129667 6.296700 2.237609
14.681360 23.134127 6.325663 2.236126
14.846341 23.036997 6.327292 2.236042
14.961557 22.863646 6.308215 2.237019
15.076090 22.691334 6.289559 2.237975
15.189954 22.520033 6.271319 2.238908
15.303168 22.349718 6.253489 2.239821
15.415756 22.180351 6.236064 2.240713
15.618770 22.141006 6.255506 2.239718
15.854712 22.145622 6.287930 2.238058
16.838568 23.176300 6.613792 2.221374
17.090675 23.181232 6.649087 2.219567
17.345522 23.186222 6.685091 2.217723
17.603136 23.191265 6.721814 2.215843
17.863609 23.196365 6.759274 2.213925
18.127016 23.201523 6.797488 2.211968
17.820654 22.484076 6.623581 2.220873
17.825861 22.170885 6.567822 2.223727
17.840128 21.874149 6.516655 2.226347
18.000868 21.759308 6.519722 2.226190
18.161770 21.644356 6.523111 2.226017
18.322849 21.529280 6.526823 2.225827
18.484135 21.414062 6.530858 2.225620
18.645617 21.298708 6.535218 2.225397
18.807325 21.183197 6.539903 2.225157
18.888163 20.977430 6.516928 2.226333
18.892973 20.690449 6.468592 2.228808
18.897715 20.407663 6.421276 2.231230
18.902393 20.128996 6.374960 2.233602
18.907009 19.854311 6.329616 2.235924
17.886875 18.522402 5.944664 2.255633
17.891127 18.269821 5.903543 2.257739
17.934820 18.060455 5.876209 2.259138
18.081509 17.955708 5.883056 2.258787
18.228550 17.850712 5.890207 2.258421
18.375957 17.745457 5.897664 2.258039
18.523750 17.639933 5.905428 2.257642
18.671951 17.534119 5.913503 2.257229
18.820559 17.428020 5.921890 2.256799
18.950089 17.303804 5.924491 2.256666
18.954121 17.066368 5.888359 2.258516
18.958109 16.831800 5.852950 2.260329
18.962053 16.600012 5.818244 2.262106
18.965956 16.370966 5.784232 2.263847
18.969816 16.144575 5.750895 2.265554
18.973637 15.920772 5.718218 2.267227
17.949160 14.848839 5.378091 2.284642
17.952700 14.641855 5.348391 2.286162
17.956205 14.437153 5.319279 2.287653
18.001417 14.267744 5.303035 2.288485
18.137539 14.170598 5.313862 2.287930
18.274227 14.073052 5.324995 2.287360
18.411509 13.975086 5.336436 2.286774
18.549379 13.876703 5.348187 2.286173
18.687868 13.777882 5.360253 2.285555
18.826994 13.678611 5.372636 2.284921
18.966772 13.578877 5.385341 2.284271
19.016699 13.414796 5.372792 2.284913
19.020082 13.219296 5.347544 2.286206
19.023438 13.025617 5.322791 2.287473
19.026766 12.833715 5.298523 2.288716
19.030067 12.643549 5.274734 2.289933
19.033342 12.455062 5.251410 2.291128
19.036594 12.268242 5.228549 2.292298
19.039820 12.083035 5.206139 2.293446
18.632339 11.642778 5.072371 2.300294
18.014215 11.082422 4.882915 2.309995
18.017202 10.911597 4.862955 2.311017
18.020166 10.742169 4.843396 2.312018
18.023111 10.574094 4.824228 2.312999
18.102619 10.451552 4.825862 2.312916
18.233612 10.358135 4.841387 2.312121
18.365467 10.264105 4.857251 2.311309
18.498190 10.169460 4.873457 2.310479
18.631809 10.074180 4.890012 2.309631
18.766350 9.978245 4.906920 2.308766
18.901833 9.881641 4.924187 2.307882
19.038292 9.784346 4.941820 2.306979
19.082739 9.639380 4.935769 2.307289
19.085667 9.474204 4.919298 2.308132
19.088577 9.310121 4.903176 2.308957
19.091471 9.147102 4.887397 2.309765
19.094351 8.985112 4.871956 2.310556
19.097216 8.824147 4.856850 2.311329
19.100067 8.664172 4.842074 2.312086
19.102903 8.505160 4.827622 2.312826
19.105726 8.347089 4.813492 2.313549
19.108538 8.189922 4.799677 2.314257
18.722864 7.870363 4.688888 2.319929
18.296736 7.541368 4.568874 2.326074
18.081078 7.305229 4.502177 2.329489
18.083689 7.159841 4.490272 2.330098
18.086290 7.015203 4.478646 2.330693
18.088882 6.871317 4.467300 2.331274
18.091463 6.728153 4.456229 2.331841
18.214371 6.629489 4.474994 2.330880
18.348783 6.533710 4.496701 2.329769
18.484526 6.436986 4.518843 2.328635
18.621611 6.339309 4.541426 2.327479
18.760080 6.240646 4.564459 2.326300
18.899973 6.140974 4.587953 2.325097
19.041323 6.040266 4.611917 2.323870
19.149366 5.927712 4.627949 2.323049
19.152016 5.782330 4.618721 2.323521
19.154657 5.637520 4.609754 2.323981
19.157293 5.493266 4.601047 2.324426
19.159922 5.349548 4.592596 2.324859
19.162544 5.206341 4.584400 2.325279
19.165159 5.063649 4.576457 2.325685
19.167768 4.921444 4.568764 2.326079
19.170374 4.779711 4.561320 2.326460
19.172974 4.638433 4.554123 2.326829
19.175568 4.497582 4.547169 2.327185
19.138878 4.348242 4.531160 2.328005
18.884882 4.152109 4.464055 2.331440
18.638292 3.961691 4.399120 2.334765
18.398762 3.776726 4.336256 2.337984
18.165956 3.596950 4.275365 2.341101
18.151211 3.462525 4.266101 2.341576
18.153639 3.331814 4.261101 2.341832
18.156063 3.201404 4.256320 2.342076
18.158485 3.071280 4.251759 2.342310
18.160906 2.941419 4.247413 2.342532
18.294353 2.832111 4.273895 2.341177
18.446314 2.723913 4.304848 2.339592
18.600502 2.614130 4.336466 2.337973
18.756985 2.502718 4.368768 2.336319
18.915836 2.389620 4.401774 2.334629
19.077108 2.274803 4.435499 2.332902
19.219168 2.155773 4.464921 2.331396
19.221718 2.020284 4.462127 2.331539
19.224268 1.884958 4.459556 2.331671
19.226818 1.749771 4.457205 2.331791
19.229370 1.614731 4.455074 2.331900
19.231920 1.479814 4.453163 2.331998
19.234474 1.345005 4.451472 2.332084
19.237026 1.210293 4.449999 2.332160
19.239582 1.075653 4.448744 2.332224
19.242140 0.941094 4.447708 2.332277
19.244698 0.806590 4.446889 2.332319
19.247259 0.672129 4.446289 2.332350
19.180376 0.535758 4.429866 2.333191
19.002066 0.398030 4.387935 2.335338
18.827106 0.262889 4.347003 2.337433
18.655375 0.130239 4.307038 2.339480
18.480209 -0.000000 3.592189 2.376080
18.314737 -0.127863 3.560111 2.377722
18.212099 -0.254305 3.540418 2.378731
18.214542 -0.381540 3.541325 2.378684
18.216990 -0.508847 3.542405 2.378629
18.219442 -0.636237 3.543659 2.378565
18.221897 -0.763724 3.545088 2.378491
18.226509 -0.891425 3.547109 2.378388
18.427282 -1.030245 3.587494 2.376320
18.632692 -1.172270 3.628989 2.374196
18.842924 -1.317626 3.671637 2.372012
19.058170 -1.466446 3.715483 2.369767
19.278635 -1.618872 3.760576 2.367459
19.284109 -1.754992 3.763942 2.367286
19.286751 -1.891083 3.766943 2.367133
19.289400 -2.027398 3.770133 2.366969
19.292057 -2.163951 3.773513 2.366796
19.294722 -2.300756 3.777084 2.366613
19.297394 -2.437828 3.780846 2.366421
19.300074 -2.575180 3.784802 2.366218
19.302761 -2.712826 3.788950 2.366006
19.305458 -2.850782 3.793294 2.365783
19.308165 -2.989062 3.797834 2.365551
19.310879 -3.127680 3.802570 2.365308
19.267515 -3.258856 3.798419 2.365521
19.118149 -3.371045 3.773520 2.366796
18.970722 -3.481779 3.749127 2.368045
18.825184 -3.591096 3.725229 2.369268
18.681484 -3.699033 3.701813 2.370467
18.539574 -3.805628 3.678868 2.371642
18.399406 -3.910914 3.656383 2.372793
18.285444 -4.020316 3.639225 2.373672
18.288103 -4.154955 3.645439 2.373353
18.290773 -4.290062 3.651852 2.373025
18.293457 -4.425653 3.658468 2.372686
18.296154 -4.561743 3.665287 2.372337
18.341148 -4.709207 3.680797 2.371543
18.646666 -4.926661 3.748921 2.368055
18.963726 -5.152330 3.819805 2.364426
19.293032 -5.386712 3.893616 2.360647
19.358751 -5.551033 3.914605 2.359572
19.361689 -5.698455 3.923148 2.359135
19.364641 -5.846530 3.931921 2.358685
19.367609 -5.995276 3.940927 2.358225
19.370594 -6.144714 3.950166 2.357752
19.373594 -6.294863 3.959644 2.357266
19.376614 -6.445741 3.969362 2.356769
19.379650 -6.597372 3.979322 2.356259
19.382706 -6.749773 3.989528 2.355736
19.385778 -6.902966 3.999983 2.355201
19.352884 -7.043874 4.003245 2.355034
19.218922 -7.147452 3.985759 2.355929
19.086117 -7.250136 3.968617 2.356807
18.954447 -7.351945 3.951815 2.357667
18.823881 -7.452902 3.935346 2.358510
18.694395 -7.553026 3.919204 2.359337
18.565960 -7.652337 3.903383 2.360147
18.438553 -7.750854 3.887878 2.360940
18.362421 -7.870144 3.883316 2.361174
18.365528 -8.023703 3.895725 2.360539
18.368660 -8.178254 3.908405 2.359890
18.371813 -8.333824 3.921360 2.359226
18.466387 -8.532669 3.954165 2.357547
19.117516 -8.996020 4.106938 2.349725
19.434441 -9.311423 4.188885 2.345529
19.437880 -9.480487 4.203789 2.344766
19.441345 -9.650767 4.219007 2.343987
19.444839 -9.822296 4.234544 2.343191
19.448364 -9.995102 4.250404 2.342379
19.451918 -10.169217 4.266593 2.341550
19.455502 -10.344673 4.283115 2.340704
19.459116 -10.521504 4.299977 2.339841
19.462761 -10.699744 4.317184 2.338960
19.409653 -10.847689 4.322098 2.338709
19.276575 -10.950619 4.309383 2.339360
19.144274 -11.052951 4.296952 2.339996
19.012726 -11.154700 4.284801 2.340618
18.881916 -11.255881 4.272927 2.341226
18.751825 -11.356509 4.261325 2.341820
18.622433 -11.456596 4.249994 2.342400
18.493721 -11.556159 4.238928 2.342967
18.440718 -11.702836 4.245403 2.342635
18.444508 -11.886674 4.265277 2.341618
18.448338 -12.072254 4.285548 2.340580
18.540297 -12.318144 4.326782 2.338469
19.513416 -13.161965 4.575213 2.325749
19.517593 -13.363976 4.597957 2.324584
19.521818 -13.568016 4.621154 2.323397
19.526087 -13.774139 4.644815 2.322186
19.530403 -13.982397 4.668949 2.320950
19.534769 -14.192841 4.693566 2.319690
19.539183 -14.405529 4.718676 2.318404
19.525225 -14.606733 4.739816 2.317322
19.385786 -14.714613 4.730789 2.317784
19.246874 -14.822089 4.722027 2.318232
19.108471 -14.929173 4.713528 2.318667
18.970558 -15.035880 4.705287 2.319089
18.833122 -15.142219 4.697305 2.319498
18.696146 -15.248204 4.689578 2.319894
18.559612 -15.353848 4.682104 2.320276
18.520393 -15.540455 4.699466 2.319387
18.525110 -15.766106 4.728477 2.317902
18.529890 -15.994572 4.758083 2.316386
19.596537 -17.155472 5.062607 2.300794
19.601727 -17.403229 5.095212 2.299125
19.606987 -17.654211 5.128492 2.297421
19.612322 -17.908510 5.162464 2.295682
19.617729 -18.166216 5.197145 2.293906
19.595467 -18.401369 5.225153 2.292472
19.445341 -18.517550 5.219468 2.292763
19.295538 -18.633484 5.214048 2.293041
19.146036 -18.749186 5.208894 2.293305
18.996826 -18.864664 5.204004 2.293555
18.847889 -18.979935 5.199377 2.293792
18.699209 -19.095005 5.195010 2.294015
18.598509 -19.259319 5.204261 2.293542
18.604359 -19.536503 5.243937 2.291511
18.610304 -19.817961 5.284482 2.289434
19.682823 -21.255516 5.631029 2.271691
19.689318 -21.562555 5.675815 2.269398
19.695917 -21.874533 5.721601 2.267054
19.690123 -22.177521 5.764756 2.264844
19.526100 -22.304483 5.762183 2.264976
19.362213 -22.431341 5.759894 2.265093
19.198452 -22.558105 5.757887 2.265196
19.034798 -22.684790 5.756163 2.265284
18.871235 -22.811405 5.754720 2.265358
18.707747 -22.937963 5.753559 2.265418
18.682770 -23.236681 5.795628 2.263264
18.690094 -23.581032 5.848828 2.260540
19.768690 -25.302769 6.241488 2.240436
19.776733 -25.680614 6.300481 2.237415
19.731461 -25.995239 6.343720 2.235202
19.551279 -26.134735 6.344297 2.235172
19.371058 -26.274265 6.345185 2.235126
19.190779 -26.413841 6.346382 2.235065
19.010424 -26.553480 6.347889 2.234988
18.829975 -26.693192 6.349707 2.234895
18.762922 -26.996307 6.390496 2.232807
19.208902 -28.053896 6.608939 2.221622
18.926304 -28.059399 6.578948 2.223158
18.646240 -28.064850 6.549544 2.224663
18.368658 -28.070251 6.520718 2.226139
18.093493 -28.075605 6.492460 2.227586
17.820688 -28.080914 6.464759 2.229004
17.550190 -28.086174 6.437606 2.230394
16.667711 -27.092979 6.183134 2.243423
16.411114 -27.097969 6.157975 2.244712
16.267511 -27.289005 6.175428 2.243818
16.136299 -27.503658 6.198359 2.242644
16.004105 -27.719923 6.221766 2.241446
15.870903 -27.937843 6.245656 2.240222
15.716749 -28.121811 6.262101 2.239380
15.462807 -28.126743 6.239008 2.240563
15.210718 -28.131638 6.216387 2.241721
14.960441 -28.136497 6.194231 2.242855
14.711926 -28.141321 6.172531 2.243966
13.951024 -27.145756 5.932655 2.256248
13.714624 -27.150343 5.912588 2.257276
13.593414 -27.383759 5.942607 2.255738
13.474917 -27.627674 5.974979 2.254081
13.355118 -27.874283 6.008002 2.252390
13.233981 -28.123646 6.041688 2.250666
13.018292 -28.174173 6.032871 2.251117
12.782446 -28.178743 6.014595 2.252053
12.548008 -28.183287 5.996720 2.252968
12.314947 -28.187801 5.979241 2.253863
12.083229 -28.192291 5.962153 2.254738
11.431554 -27.194597 5.734142 2.266412
11.210569 -27.198877 5.718402 2.267218
11.008434 -27.246832 5.712187 2.267536
10.886880 -27.497122 5.748585 2.265672
10.763762 -27.750641 5.785735 2.263770
10.639038 -28.007473 5.823654 2.261829
10.496045 -28.223013 5.853092 2.260322
10.273900 -28.227308 5.838966 2.261045
10.052814 -28.231585 5.825190 2.261750
9.832757 -28.235838 5.811762 2.262438
9.613702 -28.240072 5.798677 2.263108
9.323180 -28.026510 5.741321 2.266044
8.902244 -27.398291 5.599760 2.273292
8.643738 -27.248516 5.556679 2.275498
8.436065 -27.252527 5.545352 2.276078
8.276578 -27.413357 5.566185 2.275011
8.146842 -27.680590 5.608760 2.272831
8.015098 -27.951965 5.652271 2.270604
7.881288 -28.227604 5.696743 2.268327
7.682786 -28.277357 5.695821 2.268374
7.472271 -28.281418 5.685993 2.268877
7.262474 -28.285465 5.676475 2.269364
7.053364 -28.289497 5.667263 2.269836
6.844921 -28.293516 5.658357 2.270292
6.501131 -27.717718 5.533993 2.276659
6.201414 -27.295635 5.440945 2.281424
6.002179 -27.299473 5.433225 2.281819
5.809494 -27.331518 5.431398 2.281912
5.660459 -27.575607 5.471918 2.279838
5.509177 -27.823383 5.513318 2.277718
5.355582 -28.074955 5.555624 2.275552
5.198652 -28.325224 5.597830 2.273391
4.995192 -28.329138 5.591575 2.273711
4.792175 -28.333044 5.585607 2.274017
4.589581 -28.336941 5.579922 2.274308
4.387390 -28.340830 5.574520 2.274585
4.185583 -28.344709 5.569400 2.274847
3.929733 -27.961500 5.488580 2.278985
3.665420 -27.471048 5.387154 2.284178
3.454915 -27.348478 5.358257 2.285657
3.261549 -27.352194 5.354393 2.285855
3.084020 -27.494650 5.377934 2.284650
2.924385 -27.823668 5.438164 2.281566
2.761127 -28.160158 5.500030 2.278398
2.582372 -28.375505 5.538434 2.276432
2.383077 -28.379330 5.535798 2.276567
2.183965 -28.383150 5.533434 2.276688
1.985010 -28.386967 5.531341 2.276795
1.786196 -28.390779 5.529520 2.276889
1.587502 -28.394588 5.527968 2.276968
1.381505 -28.246958 5.497215 2.278543
1.167231 -27.849266 5.418101 2.282593
0.959023 -27.462822 5.341486 2.286516
0.765353 -27.400076 5.328113 2.287200
0.574025 -27.403742 5.327916 2.287211
0.385342 -27.596466 5.364733 2.285326
0.195397 -27.988056 5.440460 2.281448
-0.000000 -28.390894 5.518631 2.277446
-0.198474 -28.428797 5.526133 2.277062
-0.397021 -28.432596 5.527276 2.277004
-0.595660 -28.436396 5.528688 2.276931
-0.794406 -28.440197 5.530370 2.276845
-0.993286 -28.444000 5.532323 2.276745
-1.185749 -28.291098 5.504060 2.278192
-1.370192 -28.015583 5.452187 2.280848
-1.551199 -27.745193 5.401542 2.283441
-1.728880 -27.479769 5.352087 2.285973
-1.919591 -27.451431 5.349048 2.286129
-2.112557 -27.455116 5.352509 2.285952
-2.328652 -27.731163 5.409364 2.283041
-2.568803 -28.226364 5.509324 2.277923
-2.792327 -28.478363 5.562179 2.275216
-2.993600 -28.482204 5.566875 2.274976
-3.195223 -28.486050 5.571852 2.274721
-3.397217 -28.489902 5.577108 2.274452
-3.599602 -28.493763 5.582647 2.274168
-3.789070 -28.397766 5.568886 2.274873
-3.949241 -28.100311 5.515827 2.277590
-4.106396 -27.808451 5.464032 2.280241
-4.260633 -27.522001 5.413460 2.282831
-4.453993 -27.499771 5.415072 2.282748
-4.651875 -27.503540 5.422077 2.282390
-4.902689 -27.804527 5.488028 2.279013
-5.189326 -28.274408 5.587788 2.273905
-5.442173 -28.528862 5.645445 2.270953
-5.070991 -25.610365 5.074800 2.300170
-5.155541 -25.115843 4.983819 2.304828
-5.282446 -24.851954 4.938652 2.307141
-5.420924 -24.655775 4.907068 2.308758
-5.549778 -24.427435 4.869215 2.310696
-5.685274 -24.239281 4.839504 2.312217
-5.833134 -24.111288 4.821963 2.313115
-5.982982 -23.996428 4.807229 2.313870
-6.138448 -23.907675 4.797916 2.314347
-6.302850 -23.855326 4.796125 2.314438
-6.468439 -23.807804 4.795533 2.314469
-6.636983 -23.771006 4.797337 2.314376
-6.853939 -23.902527 4.833419 2.312529
-7.090802 -24.092476 4.881721 2.310056
-7.395099 -24.493744 4.973367 2.305364
-7.763143 -25.078657 5.103012 2.298726
-9.071760 -28.597815 5.831836 2.261410
-9.212305 -28.352560 5.794797 2.263306
-9.347845 -28.100655 5.756510 2.265267
-9.481609 -27.852039 5.719001 2.267187
-9.613647 -27.606627 5.682252 2.269069
-9.828580 -27.601862 5.695256 2.268403
-10.047767 -27.606012 5.710447 2.267625
-10.646531 -28.627659 5.937011 2.256025
-10.876282 -28.632010 5.953515 2.255180
-11.107324 -28.636383 5.970403 2.254315
-11.339686 -28.640781 5.987680 2.253431
-11.573414 -28.645205 6.005350 2.252526
-11.736674 -28.475304 5.986763 2.253478
-11.879873 -28.261097 5.959020 2.254898
-12.021755 -28.048851 5.931819 2.256291
-12.162351 -27.838524 5.905151 2.257656
-12.310049 -27.648823 5.882998 2.258790
-12.544070 -27.653248 5.902430 2.257795
-13.250599 -28.676920 6.140523 2.245605
-13.496524 -28.681568 6.161544 2.244529
-13.744145 -28.686245 6.183012 2.243430
-13.993514 -28.690956 6.204933 2.242307
-14.244669 -28.695698 6.227314 2.241162
-14.388153 -28.483698 6.202956 2.242409
-14.516218 -28.245501 6.173002 2.243942
-14.643055 -28.009583 6.143635 2.245446
-14.768696 -27.775877 6.114841 2.246920
-14.976894 -27.699184 6.120826 2.246614
-15.230387 -27.703966 6.145230 2.245364
-16.056595 -28.729891 6.397507 2.232448
-16.323709 -28.734926 6.423849 2.231099
-16.593050 -28.740004 6.450724 2.229723
-16.864666 -28.745125 6.478142 2.228319
-17.035316 -28.577005 6.466899 2.228895
-17.162987 -28.339455 6.440101 2.230267
-17.289604 -28.103853 6.413834 2.231612
-17.415199 -27.870144 6.388090 2.232930
-17.609932 -27.748812 6.388303 2.232919
-17.886244 -27.754015 6.418092 2.231394
-18.834566 -28.782228 6.686110 2.217671
-19.126516 -28.787724 6.718242 2.216026
-19.421307 -28.793270 6.751015 2.214348
-19.719000 -28.798872 6.784441 2.212637
-20.019670 -28.804529 6.818533 2.210891
-20.323393 -28.810242 6.853306 2.209111
-20.144148 -28.137049 6.726458 2.215605
-20.152643 -27.737734 6.664470 2.218779
-20.227850 -27.436386 6.625835 2.220757
-20.412245 -27.285606 6.623676 2.220868
-20.596525 -27.134916 6.621840 2.220962
-20.780708 -26.984301 6.620327 2.221039
-20.914993 -26.769972 6.603406 2.221906
-20.922880 -26.398096 6.547548 2.224766
-20.930630 -26.032452 6.492942 2.227561
-20.938248 -25.672831 6.439548 2.230295
-20.945738 -25.319042 6.387332 2.232969
-20.229630 -24.108734 6.117482 2.246785
-20.236624 -23.777946 6.069248 2.249254
-20.369717 -23.598541 6.059606 2.249748
-20.538265 -23.460674 6.060875 2.249683
-20.706896 -23.322733 6.062439 2.249603
-20.875614 -23.184717 6.064299 2.249508
-20.994881 -22.992321 6.052167 2.250129
-21.001471 -22.679523 6.008278 2.252376
-21.007963 -22.371210 5.965308 2.254576
-21.014359 -22.067245 5.923233 2.256730
-21.020662 -21.767532 5.882032 2.258840
-21.026875 -21.471930 5.841681 2.260906
-20.306767 -20.449030 5.601822 2.273187
-20.312595 -20.171282 5.564447 2.275100
-20.330034 -19.908636 5.531013 2.276812
-20.484829 -19.781969 5.535419 2.276587
-20.639883 -19.655088 5.540102 2.276347
-20.795197 -19.527988 5.545063 2.276093
-20.950796 -19.400652 5.550302 2.275825
-21.073584 -19.242823 5.547105 2.275988
-21.079082 -18.979691 5.513540 2.277707
-21.084509 -18.719698 5.480641 2.279391
-21.089869 -18.462782 5.448397 2.281042
-21.095163 -18.208858 5.416791 2.282660
-21.100393 -17.957838 5.385810 2.284246
-21.105558 -17.709667 5.355440 2.285801
-21.110664 -17.464254 5.325667 2.287326
-20.386621 -16.626921 5.113602 2.298183
-20.391438 -16.395138 5.085976 2.299598
-20.396196 -16.165823 5.058890 2.300985
-20.518787 -16.031033 5.061413 2.300856
-20.663202 -15.912803 5.069509 2.300441
-20.808081 -15.794190 5.077877 2.300013
-20.953442 -15.675179 5.086521 2.299570
-21.099308 -15.555749 5.095442 2.299113
-21.154091 -15.369347 5.082636 2.299769
-21.158659 -15.148108 5.058200 2.301020
-21.163181 -14.928981 5.034243 2.302247
-21.167658 -14.711907 5.010753 2.303449
-21.172089 -14.496829 4.987722 2.304628
-21.176477 -14.283714 4.965143 2.305785
-21.180822 -14.072500 4.943006 2.306918
-21.185125 -13.863156 4.921304 2.308029
-21.189388 -13.655631 4.900028 2.309119
-20.461834 -12.985472 4.710702 2.318812
-20.465874 -12.788497 4.690964 2.319823
-20.469877 -12.593147 4.671615 2.320813
-20.473843 -12.399399 4.652652 2.321784
-20.571989 -12.263368 4.655385 2.321644
-20.709885 -12.150414 4.667281 2.321035
-20.848484 -12.036879 4.679464 2.320411
-20.987822 -11.922737 4.691941 2.319772
-21.127901 -11.807983 4.704713 2.319119
-21.229973 -11.671278 4.709184 2.318890
-21.233847 -11.481094 4.692148 2.319762
-21.237686 -11.292278 4.675462 2.320616
-21.241499 -11.104782 4.659120 2.321453
-21.245279 -10.918590 4.643116 2.322272
-21.249033 -10.733660 4.627447 2.323075
-21.252756 -10.549957 4.612106 2.323860
-21.256454 -10.367465 4.597089 2.324629
-21.260124 -10.186141 4.582391 2.325382
-21.263767 -10.005968 4.568008 2.326118
-21.196646 -9.794227 4.538789 2.327614
-20.782709 -9.427452 4.435952 2.332879
-20.539974 -9.144986 4.370408 2.336235
-20.543398 -8.975185 4.357697 2.336886
-20.546797 -8.806367 4.345272 2.337522
-20.550175 -8.638499 4.333126 2.338144
-20.619787 -8.498860 4.335187 2.338038
-20.757023 -8.386381 4.351625 2.337197
-20.895311 -8.273035 4.368401 2.336338
-21.034670 -8.158809 4.385521 2.335461
-21.175127 -8.043677 4.402990 2.334567
-21.305651 -7.923498 4.418519 2.333772
-21.309002 -7.755843 4.407878 2.334316
-21.312336 -7.588978 4.397501 2.334848
-21.315651 -7.422894 4.387385 2.335366
-21.318949 -7.257563 4.377528 2.335871
-21.322227 -7.092958 4.367927 2.336362
-21.325491 -6.929072 4.358580 2.336841
-21.328735 -6.765870 4.349483 2.337306
-21.331964 -6.603345 4.340634 2.337759
-21.335178 -6.441472 4.332032 2.338200
-21.338377 -6.280223 4.323673 2.338628
-21.341560 -6.119594 4.315556 2.339043
-21.163090 -5.908837 4.271021 2.341324
-20.904303 -5.679572 4.210690 2.344413
-20.652710 -5.456683 4.152237 2.347405
-20.616825 -5.293499 4.137492 2.348160
-20.619831 -5.141101 4.130791 2.348503
-20.622824 -4.989183 4.124312 2.348835
-20.625807 -4.837738 4.118054 2.349156
-20.680609 -4.698520 4.122346 2.348936
-20.829756 -4.579717 4.145602 2.347745
-20.980593 -4.459563 4.169324 2.346531
-21.133179 -4.338015 4.193525 2.345291
-21.287542 -4.215046 4.218215 2.344027
-21.381737 -4.078785 4.231133 2.343366
-21.384747 -3.924833 4.226204 2.343618
-21.387749 -3.771237 4.221491 2.343860
-21.390739 -3.617969 4.216993 2.344090
-21.393723 -3.465026 4.212709 2.344309
-21.396696 -3.312385 4.208639 2.344517
-21.399662 -3.160025 4.204780 2.344715
-21.402618 -3.007942 4.201133 2.344902
-21.405567 -2.856109 4.197695 2.345078
-21.408510 -2.704523 4.194468 2.345243
-21.411444 -2.553161 4.191448 2.345398
-21.414371 -2.402004 4.188636 2.345542
-21.404022 -2.249653 4.183438 2.345808
-21.206022 -2.079265 4.141800 2.347940
-21.011921 -1.912233 4.101182 2.350019
-20.821579 -1.748438 4.061549 2.352049
-20.689013 -1.591931 4.033424 2.353489
-20.691805 -1.446912 4.031901 2.353567
-20.694592 -1.301990 4.030575 2.353635
-20.697376 -1.157162 4.029445 2.353692
-20.700155 -1.012408 4.028512 2.353740
-20.798679 -0.871721 4.046403 2.352824
-20.968647 -0.732241 4.078377 2.351187
-21.141335 -0.590528 4.111062 2.349514
-21.316811 -0.446522 4.144477 2.347803
-21.454796 -0.299586 4.170796 2.346455
-21.457655 -0.149803 4.171047 2.346442
-21.460512 0.000000 4.171501 2.346419
-21.463366 0.149848 4.172157 2.346385
-21.466219 0.299746 4.173017 2.346342
-21.469069 0.449712 4.174080 2.346287
-21.471918 0.599767 4.175346 2.346222
-21.474768 0.749915 4.176816 2.346147
-21.477615 0.900182 4.178491 2.346061
-21.480463 1.050571 4.180370 2.345965
-21.483311 1.201102 4.182454 2.345858
-21.486158 1.351797 4.184744 2.345741
-21.489006 1.502658 4.187240 2.345613
-21.367115 1.644113 4.165624 2.346720
-21.212244 1.781243 4.137754 2.348147
-21.059422 1.916556 4.110454 2.349545
-20.908588 2.050107 4.083708 2.350914
-20.760792 2.182047 4.057718 2.352245
-20.763548 2.329009 4.061336 2.352060
-20.766308 2.476233 4.065158 2.351864
-20.769072 2.623743 4.069185 2.351658
-20.771837 2.771557 4.073419 2.351441
-20.893011 2.936321 4.101101 2.350024
-21.114136 3.117868 4.148678 2.347588
-21.340448 3.303677 4.197575 2.345084
-21.526196 3.486482 4.238795 2.342973
-21.529079 3.641373 4.244266 2.342694
-21.531967 3.796667 4.249957 2.342402
-21.534859 3.952390 4.255870 2.342099
-21.537758 4.108548 4.262008 2.341785
-21.540663 4.265165 4.268371 2.341459
-21.543571 4.422263 4.274961 2.341122
-21.546488 4.579847 4.281780 2.340773
-21.549410 4.737949 4.288830 2.340412
-21.552340 4.896573 4.296112 2.340039
-21.555277 5.055743 4.303628 2.339654
-21.558222 5.215485 4.311380 2.339257
-21.515987 5.364538 4.310319 2.339312
-21.376017 5.488432 4.289851 2.340359
-21.237368 5.611156 4.269783 2.341387
-21.099998 5.732742 4.250108 2.342395
-20.963879 5.853222 4.230818 2.343382
-20.831078 5.973216 4.212330 2.344329
-20.833981 6.131777 4.221470 2.343861
-20.836891 6.291029 4.230856 2.343380
-20.839813 6.450999 4.240491 2.342887
-20.842747 6.611712 4.250377 2.342381
-21.134295 6.866949 4.319502 2.338841
-21.468897 7.141755 4.397973 2.334824
-21.597332 7.352333 4.434690 2.332944
-21.600418 7.522060 4.445998 2.332365
-21.603516 7.692668 4.457582 2.331772
-21.606627 7.864169 4.469443 2.331164
-21.609753 8.036599 4.481587 2.330543
-21.612892 8.209969 4.494015 2.329906
-21.616045 8.384311 4.506732 2.329255
-21.619215 8.559655 4.519742 2.328589
-21.622398 8.736016 4.533048 2.327908
-21.625599 8.913433 4.546654 2.327211
-21.628817 9.091918 4.560564 2.326499
-21.511362 9.219780 4.549260 2.327078
-21.376457 9.339148 4.534408 2.327838
-21.242428 9.457738 4.519873 2.328582
-21.109241 9.575581 4.505649 2.329311
-20.976887 9.692684 4.491733 2.330023
-20.900999 9.835262 4.490076 2.330108
-20.904226 10.015630 4.505682 2.329309
-20.907475 10.197257 4.521616 2.328493
-20.910744 10.380187 4.537885 2.327660
-21.370174 10.794853 4.653829 2.321724
-21.665413 11.134508 4.734936 2.317571
-21.668863 11.328211 4.752859 2.316653
-21.672337 11.523386 4.771150 2.315717
-21.675835 11.720085 4.789817 2.314761
-21.679358 11.918329 4.808865 2.313786
-21.682905 12.118164 4.828300 2.312791
-21.686478 12.319637 4.848130 2.311776
-21.690077 12.522772 4.868361 2.310740
-21.693703 12.727625 4.889000 2.309683
-21.677942 12.922648 4.905660 2.308830
-21.539717 13.044914 4.894870 2.309383
-21.402084 13.166653 4.884364 2.309921
-21.265038 13.287870 4.874139 2.310444
-21.128551 13.408591 4.864194 2.310953
-20.992617 13.528820 4.854525 2.311448
-20.969952 13.722350 4.871319 2.310588
-20.973688 13.934888 4.894667 2.309393
-20.977455 14.149472 4.918479 2.308174
-21.731613 14.879951 5.119536 2.297880
-21.735586 15.106627 5.145192 2.296566
-21.739595 15.335596 5.171359 2.295226
-21.743643 15.566923 5.198048 2.293860
-21.747730 15.800651 5.225268 2.292466
-21.751856 16.036856 5.253032 2.291045
-21.756021 16.275585 5.281350 2.289595
-21.760229 16.516912 5.310234 2.288116
-21.725018 16.730520 5.330016 2.287103
-21.579165 16.859491 5.322979 2.287463
-21.433681 16.988132 5.316219 2.287810
-21.288565 17.116447 5.309735 2.288141
-21.143793 17.244455 5.303524 2.288460
-21.034170 17.400984 5.306371 2.288314
-21.038548 17.653437 5.338436 2.286672
-21.042973 17.908979 5.371155 2.284997
-21.800173 18.817408 5.597824 2.273391
-21.804865 19.088715 5.633111 2.271585
-21.809612 19.363483 5.669123 2.269741
-21.814417 19.641790 5.705877 2.267859
-21.819281 19.923748 5.743393 2.265938
-21.824205 20.209438 5.781687 2.263978
-21.822815 20.492985 5.819078 2.262063
-21.665649 20.631924 5.815437 2.262249
-21.508677 20.770687 5.812084 2.262421
-21.351870 20.909302 5.809017 2.262578
-21.195227 21.047771 5.806235 2.262721
-21.100506 21.248329 5.820783 2.261976
-21.105719 21.552456 5.863587 2.259784
-21.667385 22.437233 6.062999 2.249574
-21.371960 22.442776 6.024030 2.251570
-21.080305 22.448246 5.985850 2.253524
-20.792311 22.453650 5.948440 2.255440
-20.507870 22.458988 5.911779 2.257317
-20.226912 22.464262 5.875854 2.259156
-19.949326 22.469473 5.840644 2.260959
-18.804031 21.479673 5.549100 2.275886
-18.544958 21.484539 5.516775 2.277541
-18.380650 21.597197 5.512617 2.277754
-18.285549 21.791870 5.529588 2.276885
-18.189852 21.987761 5.546935 2.275997
-18.093548 22.184883 5.564662 2.275089
-17.996620 22.383278 5.582775 2.274162
-17.840481 22.509089 5.582952 2.274153
-17.589710 22.513803 5.553528 2.275659
-17.341551 22.518471 5.524680 2.277136
-17.095953 22.523088 5.496397 2.278584
-16.106773 21.530367 5.226571 2.292400
-15.876742 21.534695 5.200587 2.293730
-15.717830 21.633736 5.197879 2.293869
-15.624684 21.824335 5.217337 2.292872
-15.530837 22.016367 5.237196 2.291855
-15.436266 22.209873 5.257463 2.290818
-15.340949 22.404896 5.278147 2.289759
-15.215883 22.558475 5.289173 2.289194
-14.990629 22.562717 5.265501 2.290406
-14.767380 22.566925 5.242295 2.291595
-14.546080 22.571095 5.219546 2.292759
-14.326673 22.575230 5.197246 2.293901
-13.484523 21.579748 4.946274 2.306751
-13.278336 21.583635 4.925796 2.307799
-13.157180 21.725090 4.936996 2.307226
-13.052460 21.895702 4.954938 2.306307
-12.946964 22.067572 4.973256 2.305369
-12.840683 22.240715 4.991952 2.304412
-12.733589 22.415178 5.011034 2.303435
-12.625670 22.590981 5.030508 2.302438
-12.430504 22.611000 5.015520 2.303205
-12.227789 22.614828 4.997311 2.304138
-12.026538 22.618629 4.979475 2.305051
-11.826702 22.622404 4.962008 2.305945
-11.628262 22.626152 4.944904 2.306821
-10.925118 21.628056 4.709988 2.318849
-10.738012 21.631592 4.694317 2.319651
-10.562519 21.656374 4.683578 2.320201
-10.468295 21.849026 4.709322 2.318882
-10.373028 22.043808 4.735581 2.317538
-10.276686 22.240782 4.762368 2.316167
-10.179237 22.440010 4.789694 2.314768
-10.080663 22.641539 4.817570 2.313340
-9.899403 22.658848 4.806430 2.313911
-9.713105 22.662374 4.792677 2.314615
-9.527861 22.665882 4.779236 2.315303
-9.343637 22.669371 4.766100 2.315975
-9.160422 22.672842 4.753269 2.316633
-8.978176 22.676294 4.740736 2.317274
-8.570914 22.097139 4.607035 2.324120
-8.235069 21.678970 4.507755 2.329203
-8.063543 21.682220 4.496615 2.329773
-7.896711 21.696033 4.487937 2.330218
-7.797678 21.898434 4.518434 2.328656
-7.697288 22.103603 4.549569 2.327062
-7.595498 22.311626 4.581360 2.325434
-7.492266 22.522591 4.613825 2.323772
-7.377836 22.706644 4.640864 2.322388
-7.204014 22.709944 4.631146 2.322885
-7.030918 22.713230 4.621695 2.323369
-6.858518 22.716505 4.612505 2.323840
-6.686788 22.719767 4.603576 2.324297
-6.515720 22.723017 4.594906 2.324741
-6.345281 22.726255 4.586491 2.325172
-6.061466 22.309908 4.493816 2.329916
-5.783895 21.891161 4.401229 2.334657
-5.579157 21.729393 4.360767 2.336729
-5.418508 21.732449 4.353683 2.337091
-5.258372 21.735495 4.346833 2.337442
-5.140876 21.918270 4.376101 2.335943
-5.030796 22.143150 4.413880 2.334009
-4.918791 22.371956 4.452535 2.332030
-4.804801 22.604811 4.492093 2.330005
-4.671569 22.758099 4.515964 2.328783
-4.506838 22.761236 4.510232 2.329076
-4.342530 22.764366 4.504735 2.329358
-4.178614 22.767488 4.499471 2.329627
-4.015072 22.770605 4.494438 2.329885
-3.851888 22.773716 4.489635 2.330131
-3.689033 22.776821 4.485060 2.330365
-3.461094 22.357342 4.397593 2.334843
-3.240169 21.942400 4.311422 2.339255
-3.060609 21.777367 4.274692 2.341136
-2.906117 21.780315 4.271184 2.341315
-2.751859 21.783260 4.267890 2.341484
-2.615189 21.931675 4.293287 2.340184
-2.483974 22.145145 4.331575 2.338223
-2.350389 22.362463 4.370766 2.336217
-2.214359 22.583757 4.410889 2.334162
-2.075649 22.807619 4.451674 2.332074
-1.915462 22.810680 4.449553 2.332183
-1.755419 22.813740 4.447650 2.332280
-1.595506 22.816797 4.445966 2.332366
-1.435706 22.819853 4.444500 2.332442
-1.275991 22.822908 4.443252 2.332505
-1.116371 22.825962 4.442221 2.332558
-0.952121 22.716978 4.419610 2.333716
-0.782149 22.397825 4.356350 2.336955
-0.616967 22.087673 4.295083 2.340092
-0.457206 21.827133 4.243696 2.342723
-0.304820 21.830051 4.243746 2.342720
-0.152423 21.832970 4.244003 2.342707
0.000000 21.901300 4.257182 2.342032
0.155111 22.217958 4.318839 2.338875
0.314801 22.543961 4.382529 2.335614
0.478781 22.856516 4.443831 2.332476
0.638528 22.859579 4.445185 2.332406
0.798381 22.862644 4.446757 2.332326
0.958355 22.865713 4.448546 2.332234
1.118478 22.868786 4.450555 2.332132
1.278741 22.871862 4.452783 2.332017
1.439172 22.874941 4.455230 2.331892
1.599787 22.878025 4.457897 2.331756
1.748141 22.719151 4.429210 2.333224
1.886051 22.460297 4.381205 2.335682
2.021001 22.207006 4.334444 2.338077
2.153107 21.959059 4.288878 2.340409
2.299683 21.880026 4.276473 2.341044
2.454570 21.883003 4.280300 2.340849
2.609753 21.885988 4.284344 2.340641
2.807608 22.224470 4.354335 2.337058
3.024424 22.666986 4.445063 2.332413
3.219673 22.909164 4.496853 2.329761
3.383394 22.912315 4.501999 2.329498
3.547510 22.915474 4.507376 2.329222
3.712015 22.918640 4.512987 2.328935
3.876938 22.921816 4.518831 2.328636
4.042296 22.925001 4.524912 2.328324
4.208109 22.928196 4.531231 2.328001
4.336902 22.734798 4.498885 2.329657
4.463770 22.543659 4.467119 2.331284
4.588865 22.355196 4.436015 2.332876
4.712237 22.169333 4.405554 2.334435
4.833933 21.986000 4.375721 2.335963
4.982767 21.931696 4.371730 2.336167
5.144771 21.934820 4.379406 2.335774
5.307353 21.937958 4.387323 2.335369
5.627702 22.571480 4.521767 2.328485
5.895312 22.960735 4.607880 2.324076
6.067374 22.964058 4.616935 2.323613
6.240108 22.967394 4.626252 2.323136
6.413550 22.970745 4.635833 2.322645
6.587720 22.974110 4.645680 2.322141
6.762640 22.977489 4.655797 2.321623
6.911491 22.891937 4.648127 2.322016
7.022058 22.684587 4.615867 2.323668
7.131107 22.480091 4.584274 2.325285
7.238681 22.278368 4.553332 2.326869
7.344818 22.079346 4.523025 2.328421
7.482607 21.979992 4.513264 2.328921
7.655413 21.983335 4.524815 2.328329
7.829114 21.986698 4.536646 2.327724
8.231348 22.615444 4.678122 2.320480
8.558167 23.012224 4.772441 2.315651
8.742891 23.015800 4.785726 2.314971
8.928642 23.019400 4.799318 2.314275
9.115460 23.023018 4.813223 2.313563
9.303374 23.026659 4.827445 2.312835
9.492412 23.030323 4.841989 2.312090
9.619659 22.884245 4.825279 2.312946
9.724212 22.688272 4.798155 2.314334
9.827602 22.494486 4.771566 2.315696
9.929859 22.302830 4.745501 2.317030
10.031013 22.113251 4.719949 2.318339
10.180344 22.032265 4.717719 2.318453
10.369328 22.035933 4.733890 2.317625
11.048749 23.060513 4.970446 2.305513
11.249262 23.064405 4.988091 2.304610
11.451214 23.068327 5.006106 2.303687
11.654655 23.072277 5.024499 2.302746
11.859591 23.076258 5.043274 2.301784
12.066076 23.080269 5.062438 2.300803
12.245978 23.031334 5.070333 2.300399
12.348817 22.838665 5.046773 2.301605
12.450720 22.647758 5.023674 2.302788
12.551693 22.458599 5.001030 2.303947
12.651767 22.271132 4.978832 2.305084
12.750962 22.085316 4.957072 2.306198
12.957913 22.086233 4.977462 2.305154
13.168489 22.090330 4.998983 2.304052
14.000698 23.117889 5.253508 2.291020
14.224909 23.122253 5.276939 2.289821
14.451139 23.126657 5.300839 2.288597
14.679440 23.131102 5.325218 2.287349
14.838417 23.024700 5.324443 2.287388
14.953596 22.851480 5.308398 2.288210
15.068090 22.679295 5.292707 2.289013
15.181918 22.508120 5.277367 2.289799
15.295095 22.337929 5.262371 2.290566
15.407647 22.168684 5.247715 2.291317
15.616656 22.138012 5.266134 2.290374
15.852557 22.142612 5.293425 2.288976
16.836266 23.173132 5.567745 2.274931
17.088327 23.178047 5.597454 2.273410
17.343124 23.183018 5.627759 2.271859
17.600691 23.188044 5.658669 2.270276
17.861115 23.193125 5.690201 2.268662
18.124470 23.198263 5.722366 2.267015
17.806316 22.465984 5.572261 2.274700
17.811638 22.153196 5.525390 2.277100
17.833115 21.865549 5.484564 2.279190
17.993788 21.750748 5.487144 2.279058
18.154623 21.635838 5.489995 2.278912
18.315634 21.520802 5.493118 2.278752
18.476852 21.405624 5.496513 2.278579
18.638266 21.290310 5.500181 2.278391
18.799906 21.174837 5.504122 2.278189
18.874020 20.961723 5.482843 2.279279
18.878931 20.675072 5.442206 2.281359
18.883772 20.392607 5.402427 2.283396
18.888548 20.114252 5.363489 2.285389
18.893259 19.839872 5.325367 2.287341
17.873957 18.509024 5.001516 2.303922
17.878296 18.256718 4.966945 2.305692
17.927691 18.053276 4.945529 2.306789
18.074312 17.948561 4.951289 2.306494
18.221287 17.843597 4.957305 2.306186
18.368626 17.738377 4.963578 2.305865
18.516350 17.632885 4.970110 2.305530
18.664482 17.527103 4.976903 2.305182
18.813017 17.421038 4.983959 2.304821
18.937189 17.292027 4.984751 2.304781
18.941298 17.054821 4.954371 2.306336
18.945360 16.820480 4.924598 2.307860
18.949377 16.588915 4.895417 2.309355
18.953350 16.360086 4.866818 2.310819
18.957281 16.133907 4.838787 2.312254
18.961170 15.910311 4.811311 2.313661
17.937431 14.839137 4.525145 2.328312
17.941034 14.632341 4.500171 2.329591
17.944601 14.427823 4.475692 2.330844
17.994066 14.261918 4.463087 2.331490
18.130117 14.164801 4.472195 2.331024
18.266735 14.067283 4.481560 2.330544
18.403944 13.969344 4.491185 2.330051
18.541740 13.870989 4.501071 2.329545
18.680157 13.772196 4.511221 2.329025
18.819204 13.672953 4.521639 2.328492
18.958906 13.573247 4.532327 2.327945
19.004957 13.406514 4.520849 2.328532
19.008394 13.211172 4.499617 2.329619
19.011801 13.017650 4.478802 2.330685
19.015181 12.825901 4.458395 2.331730
19.018532 12.635885 4.438389 2.332754
19.021858 12.447546 4.418776 2.333759
19.025156 12.260871 4.399550 2.334743
19.028429 12.075806 4.380705 2.335708
18.591532 11.617278 4.261348 2.341819
18.003529 11.075848 4.108748 2.349632
18.006556 10.905150 4.091963 2.350491
18.009562 10.735848 4.075515 2.351334
18.012547 10.567896 4.059395 2.352159
18.094816 10.447046 4.061400 2.352056
18.225725 10.353656 4.074460 2.351388
18.357498 10.259651 4.087805 2.350704
18.490137 10.165033 4.101439 2.350006
18.623671 10.069778 4.115365 2.349293
18.758123 9.973871 4.129588 2.348565
18.893518 9.877295 4.144113 2.347821
19.029886 9.780025 4.158946 2.347062
19.071917 9.633913 4.153331 2.347349
19.074877 9.468848 4.139479 2.348058
19.077820 9.304874 4.125920 2.348753
19.080748 9.141965 4.112650 2.349432
19.083660 8.980082 4.099664 2.350097
19.086557 8.819222 4.086960 2.350748
19.089437 8.659350 4.074533 2.351384
19.092306 8.500442 4.062379 2.352006
19.095158 8.342472 4.050495 2.352615
19.097998 8.185405 4.038877 2.353209
18.707058 7.863719 3.944494 2.358042
18.281685 7.535164 3.843616 2.363207
18.071186 7.301233 3.788550 2.366026
18.073824 7.155935 3.778538 2.366539
18.076448 7.011386 3.768761 2.367039
18.079063 6.867588 3.759218 2.367528
18.081667 6.724510 3.749907 2.368005
18.205700 6.626333 3.765944 2.367183
18.340006 6.530585 3.784203 2.366249
18.475639 6.433892 3.802827 2.365295
18.612614 6.336246 3.821822 2.364323
18.750973 6.237616 3.841197 2.363331
18.890749 6.137977 3.860959 2.362319
19.031982 6.037302 3.881115 2.361287
19.139183 5.924560 3.894446 2.360604
19.141851 5.779261 3.886684 2.361002
19.144510 5.634534 3.879143 2.361388
19.147163 5.490361 3.871819 2.361763
19.149809 5.346725 3.864712 2.362127
19.152449 5.203598 3.857818 2.362480
19.155079 5.060986 3.851138 2.362822
19.157705 4.918860 3.844668 2.363153
19.160324 4.777205 3.838407 2.363474
19.162939 4.636005 3.832353 2.363784
19.165546 4.495232 3.826505 2.364083
19.129015 4.346001 3.813061 2.364771
18.875296 4.150001 3.756619 2.367661
18.628967 3.959709 3.702002 2.370457
18.389688 3.774863 3.649126 2.373165
18.157124 3.595201 3.597909 2.375787
18.141802 3.460730 3.589998 2.376192
18.144239 3.330089 3.585792 2.376407
18.146673 3.199748 3.581771 2.376613
18.149105 3.069693 3.577934 2.376810
18.151533 2.939901 3.574279 2.376997
18.284075 2.830520 3.596400 2.375864
18.435877 2.722371 3.622432 2.374531
18.589901 2.612640 3.649023 2.373170
18.746212 2.501281 3.676188 2.371779
18.904894 2.388237 3.703945 2.370358
19.065987 2.273477 3.732307 2.368906
19.209307 2.154667 3.757327 2.367625
19.211861 2.019248 3.754978 2.367745
19.214417 1.883992 3.752815 2.367856
19.216970 1.748875 3.750838 2.367957
19.219524 1.613904 3.749045 2.368049
19.222078 1.479056 3.747438 2.368131
19.224634 1.344317 3.746015 2.368204
19.227190 1.209674 3.744776 2.368267
19.229746 1.075104 3.743721 2.368321
19.232304 0.940612 3.742850 2.368366
19.234863 0.806178 3.742161 2.368401
19.237425 0.671786 3.741656 2.368427
19.173313 0.535561 3.728368 2.369107
18.995134 0.397885 3.693090 2.370914
18.820305 0.262794 3.658653 2.372677
18.648697 0.130193 3.625028 2.374398
18.473743 -0.000000 2.925954 2.410191
18.308388 -0.127819 2.899834 2.411528
18.202919 -0.254177 2.883340 2.412373
18.205359 -0.381348 2.884078 2.412335
18.207802 -0.508590 2.884957 2.412290
18.210249 -0.635916 2.885978 2.412238
18.212702 -0.763338 2.887141 2.412178
18.215157 -0.890870 2.888446 2.412112
18.413805 -1.029492 2.921015 2.410444
18.618908 -1.171402 2.954776 2.408715
18.828821 -1.316639 2.989475 2.406939
19.043736 -1.465336 3.025147 2.405113
19.263857 -1.617631 3.061833 2.403234
19.274336 -1.754102 3.065371 2.403053
19.276968 -1.890123 3.067813 2.402928
19.279608 -2.026368 3.070410 2.402795
19.282255 -2.162851 3.073161 2.402654
19.284908 -2.299586 3.076068 2.402505
19.287569 -2.436587 3.079131 2.402348
19.290237 -2.573867 3.082350 2.402184
19.292913 -2.711442 3.085727 2.402011
19.295597 -2.849326 3.089263 2.401830
19.298290 -2.987533 3.092958 2.401641
19.300991 -3.126078 3.096813 2.401443
19.262005 -3.257925 3.094132 2.401580
19.112717 -3.370088 3.073856 2.402618
18.965368 -3.480797 3.053992 2.403636
18.819904 -3.590089 3.034530 2.404632
18.676277 -3.698002 3.015461 2.405608
18.534439 -3.804574 2.996775 2.406565
18.394341 -3.909838 2.978464 2.407503
18.275970 -4.018233 2.963767 2.408255
18.278612 -4.152799 2.968825 2.407996
18.281265 -4.287832 2.974045 2.407729
18.283930 -4.423348 2.979430 2.407453
18.286606 -4.559363 2.984981 2.407169
18.321424 -4.704142 2.995952 2.406607
18.626242 -4.921265 3.051340 2.403771
18.942562 -5.146580 3.108970 2.400821
19.271084 -5.380584 3.168977 2.397748
19.348547 -5.548107 3.188007 2.396774
19.351460 -5.695445 3.194960 2.396418
19.354387 -5.843435 3.202101 2.396052
19.357330 -5.992095 3.209431 2.395677
19.360291 -6.141446 3.216952 2.395292
19.363266 -6.291506 3.224666 2.394897
19.366257 -6.442296 3.232576 2.394492
19.369267 -6.593836 3.240683 2.394077
19.372293 -6.746146 3.248990 2.393652
19.375338 -6.899248 3.257500 2.393216
19.347984 -7.042090 3.261087 2.393032
19.214077 -7.145651 3.246847 2.393761
19.081327 -7.248317 3.232887 2.394476
18.949711 -7.350109 3.219203 2.395177
18.819197 -7.451047 3.205790 2.395864
18.689762 -7.551154 3.192643 2.396537
18.561378 -7.650448 3.179759 2.397196
18.434021 -7.748949 3.167132 2.397843
18.352270 -7.865793 3.162444 2.398083
18.355343 -8.019253 3.172544 2.397566
18.358438 -8.173703 3.182864 2.397037
18.361557 -8.329171 3.193408 2.396497
18.427807 -8.514842 3.215191 2.395382
19.076035 -8.976501 3.339143 2.389036
19.423479 -9.306171 3.411251 2.385344
19.426876 -9.475121 3.423382 2.384723
19.430302 -9.645286 3.435767 2.384089
19.433754 -9.816695 3.448413 2.383441
19.437233 -9.989382 3.461321 2.382780
19.440742 -10.163375 3.474496 2.382106
19.444281 -10.338707 3.487944 2.381417
19.447849 -10.515412 3.501667 2.380715
19.451448 -10.693524 3.515672 2.379997
19.405138 -10.845165 3.520901 2.379730
19.272104 -10.948079 3.510545 2.380260
19.139845 -11.050395 3.500421 2.380779
19.008343 -11.152127 3.490525 2.381285
18.877573 -11.253293 3.480854 2.381780
18.747524 -11.353904 3.471405 2.382264
18.618172 -11.453976 3.462176 2.382736
18.489502 -11.553523 3.453164 2.383198
18.429573 -11.695764 3.457137 2.382994
18.433310 -11.879457 3.473311 2.382166
18.437082 -12.064890 3.489808 2.381322
18.440895 -12.252103 3.506635 2.380460
19.501396 -13.153857 3.725667 2.369246
19.505512 -13.355703 3.744175 2.368298
19.509670 -13.559574 3.763053 2.367332
19.513876 -13.765525 3.782309 2.366346
19.518126 -13.973607 3.801949 2.365340
19.522423 -14.183871 3.821982 2.364314
19.526770 -14.396378 3.842416 2.363268
19.520887 -14.603490 3.861226 2.362305
19.381491 -14.711352 3.853875 2.362682
19.242617 -14.818810 3.846739 2.363047
19.104250 -14.925877 3.839816 2.363401
18.966375 -15.032565 3.833104 2.363745
18.828978 -15.138886 3.826603 2.364078
18.692038 -15.244854 3.820310 2.364400
18.555542 -15.350480 3.814223 2.364712
18.508003 -15.530059 3.826645 2.364076
18.512642 -15.755494 3.850252 2.362867
18.517340 -15.983739 3.874343 2.361634
19.583179 -17.143778 4.122288 2.348939
19.588280 -17.391291 4.148819 2.347580
19.593449 -17.642021 4.175899 2.346194
19.598690 -17.896065 4.203541 2.344779
19.604004 -18.153505 4.231761 2.343334
19.591221 -18.397381 4.256623 2.342061
19.441132 -18.513542 4.251992 2.342298
19.291365 -18.629454 4.247578 2.342524
19.141901 -18.745134 4.243380 2.342739
18.992725 -18.860592 4.239398 2.342943
18.843824 -18.975840 4.235628 2.343136
18.695181 -19.090891 4.232072 2.343318
18.584730 -19.245052 4.237381 2.343046
18.590473 -19.521921 4.269661 2.341393
18.596306 -19.803055 4.302649 2.339704
19.667904 -21.239405 4.584782 2.325259
19.674273 -21.546080 4.621219 2.323394
19.680748 -21.857683 4.658469 2.321486
19.685900 -22.172764 4.696215 2.319554
19.521914 -22.299702 4.694120 2.319661
19.358065 -22.426535 4.692255 2.319757
19.194338 -22.553272 4.690621 2.319840
19.030722 -22.679930 4.689216 2.319912
18.867193 -22.806520 4.688041 2.319972
18.703741 -22.933052 4.687095 2.320021
18.667360 -23.217514 4.718483 2.318413
18.674536 -23.561401 4.761759 2.316198
19.752081 -25.281511 5.081400 2.299832
19.759962 -25.658834 5.129387 2.297375
19.727238 -25.989674 5.167866 2.295405
19.547094 -26.129141 5.168337 2.295381
19.366911 -26.268641 5.169059 2.295344
19.186670 -26.408186 5.170034 2.295294
19.006351 -26.547792 5.171262 2.295231
18.825941 -26.687471 5.172743 2.295156
18.745857 -26.971754 5.202351 2.293640
18.754633 -27.390451 5.257727 2.290804
18.928724 -28.062988 5.361326 2.285500
18.648615 -28.068424 5.337361 2.286727
18.370987 -28.073811 5.313868 2.287930
18.095778 -28.079149 5.290836 2.289109
17.822927 -28.084442 5.268260 2.290265
17.552387 -28.089689 5.246129 2.291398
16.669788 -27.096357 5.038753 2.302016
16.413151 -27.101334 5.018248 2.303066
16.260780 -27.277714 5.029764 2.302476
16.129599 -27.492237 5.048433 2.301520
15.997434 -27.708368 5.067489 2.300545
15.864262 -27.926153 5.086939 2.299549
15.718662 -28.125235 5.103089 2.298722
15.464683 -28.130154 5.084269 2.299685
15.212557 -28.135038 5.065832 2.300629
14.962242 -28.139885 5.047774 2.301554
14.713692 -28.144699 5.030088 2.302459
13.952692 -27.149002 4.834608 2.312468
13.716259 -27.153578 4.818253 2.313305
13.586558 -27.369947 4.839697 2.312207
13.468084 -27.613667 4.866048 2.310858
13.348308 -27.860069 4.892928 2.309482
13.227196 -28.109226 4.920348 2.308078
13.019819 -28.177477 4.916264 2.308287
12.783941 -28.182039 4.901369 2.309050
12.549471 -28.186573 4.886801 2.309796
12.316379 -28.191080 4.872556 2.310525
12.084630 -28.195559 4.858629 2.311238
11.432876 -27.197742 4.672818 2.320752
11.211862 -27.202013 4.659990 2.321409
11.002515 -27.232180 4.651886 2.321823
9.485391 -23.957365 4.081060 2.351050
9.146866 -23.582033 4.006148 2.354885
8.866026 -23.339983 3.954417 2.357534
8.621619 -23.182833 3.917498 2.359424
8.400023 -23.078873 3.889926 2.360836
8.189466 -22.998693 3.866681 2.362026
7.981357 -22.919338 3.843877 2.363194
7.776978 -22.844730 3.822165 2.364305
7.589549 -22.815023 3.808237 2.365018
7.392032 -22.750334 3.788733 2.366017
7.202603 -22.705484 3.772797 2.366833
7.020424 -22.679329 3.760216 2.367477
6.835651 -22.640774 3.745820 2.368214
6.651287 -22.599131 3.731157 2.368965
6.468478 -22.558262 3.716863 2.369697
6.289783 -22.527475 3.704464 2.370331
6.113050 -22.499767 3.692800 2.370929
5.936062 -22.467100 3.680547 2.371556
5.763070 -22.445673 3.670356 2.372078
5.591506 -22.426304 3.660716 2.372571
5.423592 -22.418444 3.653164 2.372958
5.256106 -22.409529 3.645643 2.373343
5.087554 -22.392962 3.637080 2.373781
4.923186 -22.391933 3.631243 2.374080
4.759440 -22.391407 3.625680 2.374365
4.596311 -22.391483 3.620409 2.374635
4.433729 -22.391973 3.615395 2.374892
4.271938 -22.394295 3.610866 2.375124
4.112591 -22.407742 3.608317 2.375254
3.951894 -22.412306 3.604521 2.375448
3.794453 -22.434156 3.603687 2.375491
3.634434 -22.439682 3.600411 2.375659
3.476278 -22.455404 3.598952 2.375734
3.318879 -22.475401 3.598356 2.375764
3.162378 -22.501488 3.598910 2.375736
3.003020 -22.506596 3.596286 2.375870
2.846254 -22.530430 3.596832 2.375842
2.688584 -22.547157 3.596418 2.375863
2.531388 -22.567831 3.596809 2.375843
2.374387 -22.590782 3.597737 2.375796
2.216447 -22.605076 3.597462 2.375810
2.058739 -22.621748 3.597740 2.375796
1.900526 -22.632780 3.597296 2.375818
1.740397 -22.618467 3.593003 2.376038
1.579731 -22.591204 3.586833 2.376354
1.421963 -22.601461 3.586797 2.376356
1.263048 -22.591293 3.583697 2.376515
1.104431 -22.581778 3.580877 2.376659
0.946086 -22.572916 3.578337 2.376789
0.787977 -22.564701 3.576076 2.376905
0.630077 -22.557135 3.574093 2.377006
0.472405 -22.552431 3.572738 2.377076
0.314945 -22.554943 3.572700 2.377078
0.157563 -22.568752 3.574626 2.376979
-0.000000 -22.583063 3.576806 2.376868
-0.157765 -22.597698 3.579211 2.376744
-0.316195 -22.644258 3.586848 2.376353
-0.475271 -22.689100 3.594389 2.375967
-0.637029 -22.806011 3.613526 2.374987
-0.800284 -22.917133 3.631930 2.374045
-0.965450 -23.034933 3.651578 2.373039
-1.135876 -23.224638 3.682818 2.371440
-1.310544 -23.440763 3.718450 2.369615
-1.489494 -23.674833 3.757139 2.367634
-1.919798 -27.454391 4.358967 2.336821
-2.112785 -27.458078 4.361788 2.336677
-2.326072 -27.700428 4.402758 2.334579
-2.565903 -28.194502 4.484025 2.330418
-2.792629 -28.481443 4.532650 2.327928
-2.993924 -28.485287 4.536478 2.327732
-3.195570 -28.489136 4.540533 2.327525
-3.397585 -28.492992 4.544817 2.327305
-3.599992 -28.496855 4.549331 2.327074
-3.713353 -27.830288 4.446949 2.332316
-3.866489 -27.511501 4.400216 2.334709
-3.976512 -26.928879 4.311367 2.339258
-4.064548 -26.255375 4.207978 2.344552
-4.173342 -25.766979 4.134271 2.348325
-4.288490 -25.355078 4.072886 2.351468
-4.413833 -25.032093 4.025856 2.353876
-4.530153 -24.682861 3.974679 2.356496
-4.661142 -24.434553 3.939838 2.358280
-4.792895 -24.205881 3.908267 2.359897
-4.922623 -23.981153 3.877437 2.361475
-5.054995 -23.781879 3.850829 2.362838
-5.192225 -23.615587 3.829679 2.363920
-5.337309 -23.492250 3.815628 2.364640
-5.474992 -23.342741 3.797460 2.365570
-5.619251 -23.227201 3.784954 2.366210
-5.765960 -23.126003 3.774931 2.366724
-5.912504 -23.027679 3.765527 2.367205
-6.059433 -22.934031 3.757040 2.367640
-6.212779 -22.866817 3.753043 2.367844
-6.367527 -22.805920 3.750252 2.367987
-6.526081 -22.759148 3.749962 2.368002
-6.690215 -22.731396 3.752994 2.367847
-6.857146 -22.711958 3.757597 2.367611
-7.017342 -22.669363 3.758564 2.367562
-7.194646 -22.680401 3.768630 2.367046
-7.368827 -22.678919 3.776840 2.366626
-7.551472 -22.700562 3.789131 2.365996
-7.742176 -22.742489 3.805059 2.365181
-7.935570 -22.787846 3.821824 2.364323
-8.146407 -22.877769 3.846350 2.363067
-8.378503 -23.019749 3.879960 2.361346
-8.605867 -23.140478 3.910341 2.359791
-8.892462 -23.409569 3.966206 2.356930
-9.211473 -23.748589 4.034443 2.353436
-9.479095 -23.941463 4.078351 2.351188
-9.763497 -24.165503 4.128026 2.348645
-9.972202 -24.194374 4.144750 2.347789
-10.178314 -24.213247 4.160056 2.347005
-10.356334 -24.163132 4.163766 2.346815
-10.526377 -24.093925 4.164402 2.346782
-10.697744 -24.027527 4.165733 2.346714
-10.863910 -23.949354 4.165228 2.346740
-11.025620 -23.861624 4.163256 2.346841
-11.190250 -23.780487 4.162629 2.346873
-11.356477 -23.702797 4.162807 2.346864
-11.522584 -23.624798 4.163135 2.346847
-11.698759 -23.566996 4.167240 2.346637
-11.867368 -23.493393 4.168773 2.346559
-12.018476 -23.385420 4.164402 2.346782
-12.186512 -23.310648 4.166135 2.346694
-12.352204 -23.231119 4.167232 2.346638
-12.511517 -23.139565 4.166376 2.346682
-12.668579 -23.044058 4.165003 2.346752
-12.828483 -22.953863 4.164787 2.346763
-12.979811 -22.848600 4.162028 2.346904
-13.122183 -22.728287 4.156699 2.347177
-13.264099 -22.608109 4.151555 2.347440
-13.413658 -22.501619 4.149095 2.347566
-13.555697 -22.383114 4.144593 2.347797
-13.690333 -22.253321 4.138157 2.348126
-13.829350 -22.131584 4.133372 2.348371
-13.974286 -22.019949 4.130643 2.348511
-14.127623 -21.921776 4.130629 2.348512
-14.280828 -21.823389 4.130775 2.348504
-14.432486 -21.722639 4.130676 2.348509
-14.606102 -21.654436 4.136997 2.348186
-14.766962 -21.566603 4.139812 2.348042
-14.934755 -21.488295 4.144693 2.347792
-15.115405 -21.427448 4.153211 2.347356
-15.309810 -21.384518 4.165504 2.346726
-15.540723 -21.389969 4.187598 2.345595
-15.858827 -21.510387 4.232746 2.343283
-20.420555 -27.296717 5.399283 2.283557
-20.604910 -27.145960 5.397786 2.283633
-20.789164 -26.995281 5.396552 2.283696
-20.931608 -26.791235 5.384844 2.284296
-20.939360 -26.418888 5.339258 2.286630
-20.946978 -26.052784 5.294693 2.288912
-20.954466 -25.692717 5.251120 2.291142
-20.961830 -25.338495 5.208507 2.293324
-20.245049 -24.127110 4.988430 2.304592
-20.251926 -23.795925 4.949068 2.306608
-20.378006 -23.608143 4.939481 2.307099
-20.546623 -23.470222 4.940516 2.307045
-20.715326 -23.332228 4.941792 2.306980
-20.884115 -23.194159 4.943308 2.306902
-21.010164 -23.009058 4.935000 2.307328
-21.016649 -22.695913 4.899187 2.309162
-21.023037 -22.387262 4.864124 2.310957
-21.029331 -22.082968 4.829791 2.312715
-21.035534 -21.782932 4.796172 2.314436
-21.041649 -21.487017 4.763247 2.316122
-20.320938 -20.463301 4.567647 2.326136
-20.326677 -20.185265 4.537151 2.327698
-20.338354 -19.916784 4.508610 2.329159
-20.493219 -19.790071 4.512203 2.328975
-20.648342 -19.663145 4.516022 2.328780
-20.803730 -19.535999 4.520067 2.328573
-20.959400 -19.408619 4.524340 2.328354
-21.087645 -19.255661 4.522893 2.328428
-21.093060 -18.992277 4.495507 2.329830
-21.098408 -18.732037 4.468665 2.331204
-21.103689 -18.474882 4.442357 2.332551
-21.108906 -18.220720 4.416571 2.333871
-21.114061 -17.969469 4.391294 2.335166
-21.119154 -17.721073 4.366516 2.336434
-21.124186 -17.475441 4.342225 2.337678
-20.399609 -16.637512 4.169305 2.346532
-20.404356 -16.405525 4.146767 2.347686
-20.409050 -16.176010 4.124669 2.348817
-20.527342 -16.037718 4.125847 2.348757
-20.671833 -15.919449 4.132449 2.348418
-20.816784 -15.800797 4.139273 2.348069
-20.962221 -15.681747 4.146322 2.347708
-21.108166 -15.562279 4.153597 2.347336
-21.167021 -15.378741 4.143951 2.347830
-21.171532 -15.157323 4.124016 2.348850
-21.175995 -14.938020 4.104472 2.349851
-21.180414 -14.720773 4.085309 2.350832
-21.184790 -14.505525 4.066520 2.351794
-21.189123 -14.292244 4.048100 2.352737
-21.193415 -14.080866 4.030041 2.353662
-21.197664 -13.871362 4.012337 2.354568
-21.201876 -13.663678 3.994981 2.355457
-20.473841 -12.993092 3.840614 2.363360
-20.477833 -12.795970 3.824512 2.364185
-20.481789 -12.600476 3.808728 2.364993
-20.485710 -12.406585 3.793258 2.365785
-20.580889 -12.268673 3.794930 2.365700
-20.718866 -12.155684 3.804631 2.365203
-20.857550 -12.042112 3.814566 2.364694
-20.996971 -11.927936 3.824741 2.364173
-21.137138 -11.813146 3.835157 2.363640
-21.241997 -11.677888 3.839297 2.363428
-21.245829 -11.487574 3.825401 2.364139
-21.249628 -11.298628 3.811790 2.364836
-21.253401 -11.111005 3.798459 2.365519
-21.257143 -10.924686 3.785404 2.366187
-21.260857 -10.739634 3.772622 2.366842
-21.264545 -10.555809 3.760108 2.367482
-21.268206 -10.373197 3.747859 2.368109
-21.271841 -10.191754 3.735869 2.368723
-21.275450 -10.011465 3.724137 2.369324
-21.214588 -9.802517 3.701414 2.370487
-20.799904 -9.435252 3.617481 2.374785
-20.551157 -9.149964 3.563023 2.377573
-20.554548 -8.980058 3.552655 2.378104
-20.557919 -8.811133 3.542519 2.378623
-20.561266 -8.643162 3.532612 2.379130
-20.629313 -8.502787 3.534018 2.379058
-20.766647 -8.390270 3.547424 2.378372
-20.905039 -8.276886 3.561106 2.377671
-21.044498 -8.162622 3.575068 2.376956
-21.185062 -8.047452 3.589316 2.376227
-21.316971 -7.927708 3.602199 2.375567
-21.320299 -7.759954 3.593519 2.376012
-21.323606 -7.592991 3.585055 2.376445
-21.326899 -7.426810 3.576803 2.376868
-21.330172 -7.261384 3.568763 2.377279
-21.333427 -7.096684 3.560932 2.377680
-21.336668 -6.932703 3.553308 2.378071
-21.339891 -6.769409 3.545887 2.378451
-21.343100 -6.606792 3.538670 2.378820
-21.346292 -6.444827 3.531653 2.379179
-21.349472 -6.283489 3.524836 2.379529
-21.352634 -6.122770 3.518215 2.379867
-21.174883 -5.912130 3.482041 2.381720
-20.915787 -5.682693 3.432827 2.384239
-20.663898 -5.459639 3.385148 2.386680
-20.627451 -5.296227 3.373037 2.387300
-20.630440 -5.143746 3.367572 2.387580
-20.633419 -4.991746 3.362288 2.387851
-20.636385 -4.840219 3.357183 2.388112
-20.691269 -4.700942 3.360690 2.387933
-20.840553 -4.582090 3.379659 2.386961
-20.991531 -4.461888 3.399009 2.385971
-21.144260 -4.340290 3.418749 2.384960
-21.298771 -4.217269 3.438887 2.383929
-21.392616 -4.080861 3.449355 2.383393
-21.395617 -3.926828 3.445334 2.383599
-21.398605 -3.773152 3.441490 2.383796
-21.401588 -3.619804 3.437822 2.383984
-21.404560 -3.466781 3.434328 2.384162
-21.407526 -3.314061 3.431007 2.384332
-21.410482 -3.161623 3.427860 2.384494
-21.413431 -3.009462 3.424885 2.384646
-21.416374 -2.857551 3.422081 2.384789
-21.419308 -2.705887 3.419449 2.384924
-21.422237 -2.554448 3.416986 2.385050
-21.425159 -2.403214 3.414692 2.385168
-21.412937 -2.250590 3.410157 2.385400
-21.214767 -2.080123 3.376202 2.387138
-21.020500 -1.913014 3.343079 2.388834
-20.829998 -1.749145 3.310759 2.390489
-20.699406 -1.592730 3.288155 2.391646
-20.702196 -1.447639 3.286912 2.391710
-20.704981 -1.302644 3.285831 2.391765
-20.707764 -1.157743 3.284909 2.391813
-20.710543 -1.012916 3.284148 2.391851
-20.811390 -0.872253 3.299094 2.391086
-20.981564 -0.732692 3.325179 2.389751
-21.154463 -0.590894 3.351845 2.388386
-21.330154 -0.446802 3.379106 2.386990
-21.465557 -0.299736 3.400142 2.385913
-21.468418 -0.149878 3.400346 2.385902
-21.471277 0.000000 3.400716 2.385883
-21.474134 0.149924 3.401252 2.385856
-21.476990 0.299896 3.401953 2.385820
-21.479845 0.449937 3.402820 2.385776
-21.482700 0.600068 3.403852 2.385723
-21.485554 0.750292 3.405052 2.385661
-21.488407 0.900635 3.406417 2.385591
-21.491262 1.051099 3.407950 2.385513
-21.494116 1.201707 3.409650 2.385426
-21.496971 1.352477 3.411518 2.385330
-21.499826 1.503414 3.413553 2.385226
-21.374359 1.644671 3.395373 2.386157
-21.219389 1.781843 3.372649 2.387320
-21.066469 1.917198 3.350390 2.388460
-20.915539 2.050789 3.328582 2.389576
-20.771284 2.183150 3.307970 2.390632
-20.774052 2.330187 3.310921 2.390481
-20.776823 2.477487 3.314038 2.390321
-20.779598 2.625072 3.317323 2.390153
-20.782375 2.772963 3.320776 2.389976
-20.909353 2.938618 3.344262 2.388774
-21.130840 3.120335 3.383089 2.386786
-21.357533 3.306322 3.422995 2.384742
-21.537169 3.488259 3.455604 2.383073
-21.540068 3.643232 3.460066 2.382844
-21.542971 3.798607 3.464708 2.382607
-21.545881 3.954413 3.469532 2.382360
-21.548798 4.110654 3.474538 2.382104
-21.551718 4.267354 3.479728 2.381838
-21.554647 4.424536 3.485103 2.381563
-21.557583 4.582206 3.490665 2.381278
-21.560524 4.740393 3.496415 2.380984
-21.563475 4.899103 3.502355 2.380679
-21.566433 5.058360 3.508485 2.380366
-21.569399 5.218189 3.514809 2.380042
-21.522345 5.366123 3.513160 2.380126
-21.382303 5.490046 3.496472 2.380980
-21.243584 5.612798 3.480111 2.381818
-21.106146 5.734412 3.464071 2.382640
-20.969959 5.854920 3.448343 2.383445
-20.842007 5.976349 3.434080 2.384175
-20.844934 6.135002 3.441536 2.383793
-20.847872 6.294345 3.449192 2.383401
-20.850821 6.454406 3.457051 2.382999
-20.853781 6.615211 3.465114 2.382586
-21.157909 6.874621 3.523538 2.379595
-21.493320 7.149880 3.587621 2.376314
-21.608850 7.356254 3.615389 2.374892
-21.611967 7.526082 3.624613 2.374420
-21.615097 7.696792 3.634062 2.373936
-21.618240 7.868396 3.643737 2.373441
-21.621399 8.040930 3.653643 2.372934
-21.624573 8.214406 3.663780 2.372414
-21.627762 8.388854 3.674154 2.371883
-21.630966 8.564308 3.684766 2.371340
-21.634186 8.740779 3.695619 2.370784
-21.637424 8.918306 3.706718 2.370216
-21.640678 9.096905 3.718065 2.369635
-21.517157 9.222263 3.707814 2.370160
-21.382196 9.341655 3.695706 2.370780
-21.248112 9.460269 3.683856 2.371387
-21.114872 9.578135 3.672260 2.371980
-20.982466 9.695262 3.660915 2.372561
-20.912689 9.840763 3.660638 2.372575
-20.915958 10.021252 3.673368 2.371924
-20.919250 10.203000 3.686366 2.371258
-20.922564 10.386055 3.699637 2.370579
-21.410145 10.815044 3.799113 2.365485
-21.677750 11.140848 3.860305 2.362352
-21.681250 11.334686 3.874925 2.361604
-21.684772 11.529999 3.889847 2.360840
-21.688322 11.726836 3.905074 2.360060
-21.691896 11.925222 3.920612 2.359265
-21.695496 12.125201 3.936467 2.358453
-21.699123 12.326820 3.952644 2.357625
-21.702776 12.530104 3.969147 2.356780
-21.706459 12.735108 3.985984 2.355917
-21.683483 12.925952 3.998239 2.355290
-21.545210 13.048242 3.989442 2.355741
-21.407530 13.170004 3.980877 2.356179
-21.270439 13.291245 3.972542 2.356606
-21.133905 13.411989 3.964434 2.357021
-20.997927 13.532243 3.956552 2.357424
-20.982677 13.730678 3.971643 2.356652
-20.986475 13.943384 3.990691 2.355676
-20.990307 14.158141 4.010118 2.354682
-21.744993 14.889112 4.174055 2.346288
-21.749037 15.115975 4.194985 2.345217
-21.753117 15.345134 4.216333 2.344124
-21.757236 15.576655 4.238107 2.343009
-21.761396 15.810580 4.260314 2.341872
-21.765598 16.046988 4.282966 2.340712
-21.769840 16.285923 4.306068 2.339529
-21.774128 16.527460 4.329634 2.338323
-21.730406 16.734669 4.344066 2.337584
-21.584509 16.863667 4.338329 2.337878
-21.438982 16.992334 4.332819 2.338160
-21.293823 17.120676 4.327533 2.338430
-21.149010 17.248709 4.322470 2.338689
-21.048075 17.412487 4.326581 2.338479
-21.052540 17.665178 4.352743 2.337139
-21.057055 17.920963 4.379438 2.335773
-21.814852 18.830076 4.564274 2.326309
-19.331051 16.923054 4.069214 2.351656
-18.947998 16.822824 4.013207 2.354524
-18.717058 16.852915 3.989116 2.355757
-18.510908 16.902786 3.970234 2.356724
-18.345669 16.988277 3.960134 2.357241
-18.166418 17.059401 3.947053 2.357911
-18.069313 17.207178 3.951960 2.357660
-17.923279 17.308310 3.946353 2.357947
-17.794302 17.425472 3.944645 2.358034
-17.679935 17.556936 3.946367 2.357946
-17.551548 17.674507 3.945156 2.358008
-17.435781 17.804836 3.946979 2.357915
-17.328421 17.944105 3.950938 2.357712
-17.229959 18.093246 3.957193 2.357392
-17.076963 18.185120 3.951116 2.357703
-16.964962 18.320492 3.954699 2.357519
-16.854248 18.457760 3.958833 2.357308
-16.755947 18.609364 3.966163 2.356932
-16.675182 18.781717 3.977987 2.356327
-16.589018 18.949484 3.988894 2.355768
-16.519230 19.137711 4.004142 2.354988
-16.495289 19.381903 4.031040 2.353611
-16.533001 19.703264 4.073772 2.351423
-18.197800 21.997368 4.521714 2.328488
-18.101479 22.194607 4.536170 2.327748
-18.004534 22.393122 4.550942 2.326992
-17.838068 22.506046 4.548471 2.327118
-17.587345 22.510777 4.524503 2.328346
-17.339231 22.515457 4.501003 2.329549
-17.093678 22.520092 4.477963 2.330728
-16.104641 21.527515 4.258137 2.341983
-15.874650 21.531857 4.236970 2.343067
-15.724913 21.643486 4.237230 2.343054
-15.631752 21.834208 4.253099 2.342241
-15.537889 22.026363 4.269296 2.341412
-15.443301 22.219995 4.285825 2.340566
-15.347969 22.415148 4.302693 2.339702
-15.213935 22.555586 4.309158 2.339371
-14.988718 22.559841 4.289875 2.340358
-14.765505 22.564060 4.270971 2.341326
-14.544241 22.568241 4.252439 2.342275
-13.690710 21.573112 4.046823 2.352803
-13.482833 21.577044 4.029804 2.353674
-13.276679 21.580942 4.013123 2.354528
-13.162585 21.734015 4.024402 2.353951
-13.057840 21.904728 4.039034 2.353201
-12.952321 22.076702 4.053972 2.352437
-12.846017 22.249952 4.069218 2.351656
-12.738898 22.424524 4.084780 2.350859
-12.630956 22.600437 4.100661 2.350046
-12.428994 22.608253 4.086236 2.350785
-12.226309 22.612091 4.071403 2.351544
-12.025088 22.615902 4.056874 2.352288
-11.825281 22.619686 4.042645 2.353017
-11.626869 22.623444 4.028711 2.353730
-10.923815 21.625475 3.837322 2.363529
-10.736735 21.629019 3.824556 2.364183
-10.567851 21.667305 3.818187 2.364509
-10.473609 21.860117 3.839185 2.363434
-10.378323 22.055061 3.860603 2.362337
-10.281960 22.252199 3.882452 2.361218
-10.184493 22.451595 3.904740 2.360077
-10.085613 22.652657 3.927367 2.358919
-9.898251 22.656212 3.915907 2.359505
-9.711978 22.659744 3.904703 2.360079
-9.526758 22.663260 3.893753 2.360640
-9.342560 22.666756 3.883053 2.361188
-9.159369 22.670233 3.872600 2.361723
-8.977145 22.673691 3.862390 2.362246
-8.535240 22.005165 3.738267 2.368601
-8.234129 21.676495 3.672577 2.371964
-8.062624 21.679750 3.663503 2.372429
-7.901077 21.708031 3.658871 2.372666
-7.802019 21.910625 3.683748 2.371392
-7.701602 22.115993 3.709145 2.370092
-7.599785 22.324219 3.735078 2.368764
-7.496525 22.535393 3.761562 2.367408
-7.377007 22.704092 3.781032 2.366411
-7.203207 22.707397 3.773115 2.366816
-7.030131 22.710688 3.765415 2.367211
-6.857752 22.713966 3.757929 2.367594
-6.686043 22.717234 3.750656 2.367966
-6.514995 22.720488 3.743592 2.368328
-6.341064 22.711153 3.734669 2.368785
-6.052198 22.275795 3.656040 2.372811
-5.775234 21.858377 3.580827 2.376662
-5.578541 21.726992 3.552836 2.378095
-5.417910 21.730051 3.547065 2.378390
-5.257793 21.733101 3.541485 2.378676
-5.144111 21.932058 3.567966 2.377320
-5.033988 22.157202 3.598788 2.375742
-4.921939 22.386276 3.630325 2.374127
-4.807904 22.619410 3.662599 2.372475
-4.671058 22.755610 3.679283 2.371621
-4.506346 22.758749 3.674614 2.371860
-4.342056 22.761883 3.670136 2.372089
-4.178158 22.765009 3.665848 2.372308
-4.014635 22.768127 3.661747 2.372519
-3.851470 22.771240 3.657835 2.372719
-3.685370 22.754211 3.650877 2.373075
-3.455881 22.323664 3.577838 2.376815
-3.235384 21.909994 3.507833 2.380399
-3.060278 21.775009 3.482716 2.381685
-2.905802 21.777958 3.479858 2.381831
-2.751561 21.780905 3.477175 2.381969
-2.616729 21.944584 3.500303 2.380784
-2.485449 22.158295 3.531538 2.379185
-2.351798 22.375864 3.563510 2.377548
-2.215698 22.597414 3.596242 2.375872
-2.075425 22.805161 3.626909 2.374302
-1.915255 22.808224 3.625182 2.374391
-1.755230 22.811283 3.623632 2.374470
-1.595334 22.814341 3.622260 2.374540
-1.435551 22.817398 3.621066 2.374601
-1.275854 22.820454 3.620049 2.374653
-1.116251 22.823507 3.619209 2.374696
-0.951029 22.690912 3.597043 2.375831
-0.781265 22.372494 3.545615 2.378464
-0.616279 22.063042 3.495806 2.381015
-0.457157 21.824785 3.457465 2.382978
-0.304787 21.827703 3.457506 2.382976
-0.152407 21.830622 3.457715 2.382965
0.000000 21.921146 3.471968 2.382235
0.155253 22.238384 3.522300 2.379658
0.315094 22.564991 3.574292 2.376996
0.478729 22.854055 3.620521 2.374629
0.638460 22.857119 3.621624 2.374573
0.798295 22.860184 3.622904 2.374507
0.958252 22.863251 3.624362 2.374433
1.118357 22.866322 3.625998 2.374349
1.278603 22.869396 3.627813 2.374256
1.439017 22.872475 3.629807 2.374154
1.599615 22.875557 3.631979 2.374043
1.746522 22.698116 3.605655 2.375390
1.884324 22.439728 3.566612 2.377389
2.019170 22.186886 3.528580 2.379337
2.151176 21.939371 3.491519 2.381234
2.299434 21.877655 3.484167 2.381611
2.454304 21.880630 3.487284 2.381451
2.609470 21.883614 3.490578 2.381282
2.811065 22.251831 3.552355 2.378119
3.028225 22.695473 3.626466 2.374325
3.219322 22.906670 3.663715 2.372418
3.383025 22.909817 3.667907 2.372203
3.547123 22.912973 3.672287 2.371979
3.711609 22.916136 3.676858 2.371745
3.876513 22.919310 3.681619 2.371501
4.041853 22.922489 3.686573 2.371247
4.205281 22.912788 3.689645 2.371090
4.333913 22.719130 3.663243 2.372442
4.460715 22.528233 3.637395 2.373765
4.585747 22.340004 3.612085 2.375061
4.709057 22.154371 3.587299 2.376330
4.830693 21.971264 3.563023 2.377573
4.982214 21.929266 3.561767 2.377637
5.144200 21.932386 3.568020 2.377317
5.307468 21.938435 3.574945 2.376963
5.638413 22.614441 3.691427 2.370999
5.894655 22.958174 3.754161 2.367787
6.066696 22.961491 3.761538 2.367409
6.239409 22.964821 3.769128 2.367021
6.412830 22.968166 3.776933 2.366621
6.586979 22.971525 3.784955 2.366210
6.761878 22.974899 3.793196 2.365788
6.906621 22.875809 3.784705 2.366223
7.017145 22.668715 3.758456 2.367567
7.126152 22.464470 3.732750 2.368883
7.233685 22.262991 3.707573 2.370172
7.339782 22.064207 3.682912 2.371435
7.481751 21.977478 3.677065 2.371734
7.654535 21.980816 3.686475 2.371253
7.828214 21.984171 3.696113 2.370759
8.246338 22.656628 3.818757 2.364480
8.557178 23.009565 3.888218 2.360923
8.741878 23.013134 3.899040 2.360369
8.927605 23.016724 3.910113 2.359802
9.114398 23.020334 3.921440 2.359222
9.302287 23.023968 3.933026 2.358629
9.491299 23.027622 3.944873 2.358022
9.613495 22.869579 3.929201 2.358825
9.718015 22.673815 3.907128 2.359955
9.821374 22.480230 3.885491 2.361063
9.923601 22.288773 3.864279 2.362149
10.024724 22.099388 3.843485 2.363213
10.179127 22.029631 3.843620 2.363207
10.368085 22.033289 3.856793 2.362532
11.047420 23.057737 4.049518 2.352664
11.247903 23.061619 4.063891 2.351929
11.449825 23.065529 4.078568 2.351177
11.653237 23.069469 4.093551 2.350410
11.858144 23.073441 4.108845 2.349627
12.064597 23.077440 4.124456 2.348828
12.238640 23.017534 4.128919 2.348599
12.341452 22.825045 4.109746 2.349581
12.443328 22.634312 4.090946 2.350543
12.544274 22.445326 4.072518 2.351487
12.644322 22.258026 4.054452 2.352412
12.747548 22.079401 4.038026 2.353253
12.956280 22.083448 4.055211 2.352373
13.166821 22.087532 4.072742 2.351475
13.998918 23.114948 4.280105 2.340858
14.223091 23.119299 4.299192 2.339881
14.449285 23.123690 4.318661 2.338885
14.677547 23.128120 4.338521 2.337868
14.830608 23.012583 4.336165 2.337988
14.945750 22.839491 4.323105 2.338657
15.060208 22.667431 4.310334 2.339311
15.173999 22.496380 4.297847 2.339950
15.287140 22.326309 4.285641 2.340575
15.399655 22.157185 4.273711 2.341186
15.614573 22.135059 4.290364 2.340333
15.850431 22.139643 4.312596 2.339195
16.833996 23.170008 4.536084 2.327753
17.086010 23.174906 4.560284 2.326514
17.340761 23.179859 4.584970 2.325249
17.598278 23.184866 4.610150 2.323960
17.858654 23.189928 4.635835 2.322645
18.121960 23.195049 4.662036 2.321304
17.792194 22.448166 4.536774 2.327717
17.797630 22.135775 4.498643 2.329669
17.826200 21.857071 4.467185 2.331280
17.986809 21.742311 4.469286 2.331173
18.147577 21.627439 4.471607 2.331054
18.308521 21.512445 4.474150 2.330923
18.469671 21.397306 4.476913 2.330782
18.631018 21.282032 4.479900 2.330629
18.792589 21.166599 4.483109 2.330465
18.860088 20.946251 4.464218 2.331432
18.865099 20.659924 4.431155 2.333125
18.870039 20.377775 4.398790 2.334782
18.874908 20.099728 4.367108 2.336404
18.879713 19.825647 4.336090 2.337992
17.861233 18.495848 4.072421 2.351492
17.865656 18.243811 4.044291 2.352932
17.920662 18.046198 4.028122 2.353760
18.067219 17.941515 4.032813 2.353520
18.214125 17.836586 4.037710 2.353269
18.361399 17.731398 4.042818 2.353008
18.509054 17.625938 4.048136 2.352735
18.657118 17.520189 4.053668 2.352452
18.805584 17.414156 4.059412 2.352158
18.924479 17.280420 4.058936 2.352182
18.928663 17.043444 4.034214 2.353448
18.932798 16.809328 4.009987 2.354689
18.936888 16.577980 3.986241 2.355904
18.940931 16.349365 3.962969 2.357096
18.944931 16.123396 3.940159 2.358264
18.948887 15.900004 3.917800 2.359409
17.925877 14.829578 3.684791 2.371339
17.929541 14.622968 3.664469 2.372379
17.933168 14.418631 3.644548 2.373399
17.986820 14.256176 3.635136 2.373881
18.122803 14.159085 3.642552 2.373501
18.259348 14.061595 3.650177 2.373111
18.396486 13.963684 3.658013 2.372710
18.534212 13.865355 3.666061 2.372298
18.672554 13.766590 3.674325 2.371875
18.811527 13.667375 3.682807 2.371440
18.951155 13.567697 3.691508 2.370995
18.993389 13.398354 3.681424 2.371511
18.996878 13.203169 3.664145 2.372396
19.000338 13.009799 3.647204 2.373263
19.003767 12.818202 3.630596 2.374113
19.007168 12.628334 3.614315 2.374947
19.010540 12.440141 3.598353 2.375764
19.013885 12.253608 3.582706 2.376565
19.017206 12.068683 3.567369 2.377351
18.551449 11.592232 3.464734 2.382606
17.992998 11.069369 3.345921 2.388689
17.996067 10.898798 3.332260 2.389388
17.999113 10.729620 3.318873 2.390074
18.002136 10.561789 3.305754 2.390745
18.087124 10.442605 3.307893 2.390636
18.217953 10.349240 3.318525 2.390092
18.349644 10.255261 3.329390 2.389535
18.482199 10.160669 3.340488 2.388967
18.615648 10.065441 3.351826 2.388386
18.750015 9.969560 3.363405 2.387794
18.885323 9.873011 3.375231 2.387188
19.021603 9.775768 3.387306 2.386570
19.061251 9.628525 3.382313 2.386826
19.064245 9.463571 3.371039 2.387403
19.067223 9.299706 3.360004 2.387968
19.070183 9.136903 3.349203 2.388521
19.073126 8.975124 3.338634 2.389062
19.076054 8.814369 3.328293 2.389591
19.078966 8.654600 3.318179 2.390109
19.081861 8.495792 3.308286 2.390616
19.084743 8.337922 3.298614 2.391111
19.087610 8.180953 3.289157 2.391595
18.691492 7.857175 3.211367 2.395578
18.266861 7.529055 3.129305 2.399780
18.061440 7.297295 3.085311 2.402032
18.064100 7.152086 3.077162 2.402449
18.066750 7.007624 3.069204 2.402857
18.069387 6.863912 3.061437 2.403255
18.072014 6.720920 3.053858 2.403642
18.197155 6.623223 3.067116 2.402964
18.331356 6.527504 3.081980 2.402203
18.466883 6.430842 3.097141 2.401426
18.603748 6.333228 3.112604 2.400635
18.741995 6.234630 3.128375 2.399827
18.881659 6.135023 3.144462 2.399004
19.022776 6.034382 3.160870 2.398163
19.129147 5.921453 3.171598 2.397614
19.131832 5.776237 3.165280 2.397938
19.134510 5.631591 3.159142 2.398252
19.137180 5.487498 3.153181 2.398557
19.139843 5.343943 3.147395 2.398853
19.142498 5.200895 3.141784 2.399141
19.145147 5.058362 3.136347 2.399419
19.147787 4.916314 3.131080 2.399689
19.150421 4.774736 3.125984 2.399950
19.153049 4.633613 3.121056 2.400202
19.155672 4.492916 3.116296 2.400446
19.119295 4.343793 3.105369 2.401005
18.865847 4.147923 3.059426 2.403357
18.619776 3.957756 3.014967 2.405633
18.380747 3.773027 2.971925 2.407837
18.148418 3.593477 2.930233 2.409972
18.132530 3.458961 2.923697 2.410307
18.134977 3.328389 2.920274 2.410482
18.137421 3.198117 2.917001 2.410650
18.139860 3.068130 2.913877 2.410809
18.142296 2.938405 2.910903 2.410962
18.273949 2.828953 2.928786 2.410046
18.425591 2.720852 2.949973 2.408961
18.579453 2.611172 2.971616 2.407853
18.735600 2.499865 2.993726 2.406721
18.894108 2.386875 3.016317 2.405564
19.055027 2.272170 3.039400 2.404382
19.199587 2.153577 3.059986 2.403329
19.202147 2.018227 3.058074 2.403426
19.204706 1.883040 3.056313 2.403517
19.207264 1.747992 3.054704 2.403599
19.209822 1.613090 3.053245 2.403674
19.212379 1.478310 3.051937 2.403741
19.214937 1.343639 3.050778 2.403800
19.217493 1.209064 3.049770 2.403852
19.220053 1.074562 3.048911 2.403896
19.222610 0.940138 3.048202 2.403932
19.225170 0.805771 3.047641 2.403961
19.227732 0.671447 3.047230 2.403982
19.166351 0.535367 3.036836 2.404514
18.988304 0.397742 3.008111 2.405985
18.813599 0.262700 2.980072 2.407420
18.642113 0.130147 2.952693 2.408822
18.467354 -0.000000 2.267506 2.443904
18.302113 -0.127775 2.247272 2.444940
18.193848 -0.254051 2.234142 2.445612
18.196285 -0.381158 2.234713 2.445583
18.198725 -0.508336 2.235394 2.445548
18.201168 -0.635599 2.236185 2.445507
18.203615 -0.762958 2.237085 2.445461
18.206064 -0.890425 2.238096 2.445410
18.400497 -1.028748 2.262825 2.444143
18.605297 -1.170546 2.288960 2.442805
18.814894 -1.315665 2.315820 2.441430
19.029482 -1.464239 2.343433 2.440016
19.249262 -1.616406 2.371831 2.438562
19.264679 -1.753223 2.375180 2.438391
19.267303 -1.889176 2.377072 2.438294
19.269934 -2.025352 2.379083 2.438191
19.272570 -2.161765 2.381214 2.438082
19.275213 -2.298430 2.383465 2.437967
19.277863 -2.435360 2.385837 2.437845
19.280519 -2.572571 2.388330 2.437717
19.283184 -2.710075 2.390946 2.437583
19.285854 -2.847888 2.393684 2.437443
19.288534 -2.986023 2.396545 2.437297
19.291222 -3.124496 2.399531 2.437144
19.256559 -3.257003 2.397990 2.437223
19.107349 -3.369141 2.382280 2.438027
18.960075 -3.479825 2.366889 2.438815
18.814686 -3.589093 2.351810 2.439587
18.671131 -3.696984 2.337035 2.440344
18.529364 -3.803532 2.322557 2.441085
18.389336 -3.908774 2.308370 2.441812
18.266611 -4.016175 2.296428 2.442423
18.269236 -4.150668 2.300345 2.442222
18.271870 -4.285628 2.304388 2.442015
18.274515 -4.421071 2.308558 2.441802
18.277174 -4.557011 2.312856 2.441582
18.301956 -4.699144 2.320088 2.441211
18.606085 -4.915940 2.362934 2.439018
18.921677 -5.140906 2.407513 2.436735
19.249428 -5.374537 2.453929 2.434359
19.338467 -5.545216 2.470155 2.433528
19.341356 -5.692471 2.475540 2.433252
19.344259 -5.840376 2.481070 2.432969
19.347178 -5.988952 2.486746 2.432678
19.350111 -6.138217 2.492570 2.432380
19.353060 -6.288190 2.498544 2.432075
19.356026 -6.438892 2.504670 2.431761
19.359007 -6.590344 2.510948 2.431439
19.362005 -6.742564 2.517381 2.431110
19.365023 -6.895574 2.523971 2.430773
19.343143 -7.040328 2.527464 2.430594
19.209290 -7.143870 2.516430 2.431159
19.076593 -7.246519 2.505613 2.431713
18.945028 -7.348292 2.495010 2.432256
18.814568 -7.449214 2.484617 2.432788
18.685183 -7.549304 2.474430 2.433309
18.556849 -7.648581 2.464447 2.433820
18.429541 -7.747066 2.454663 2.434321
18.342241 -7.861495 2.450285 2.434545
18.345280 -8.014856 2.458107 2.434145
18.348341 -8.169209 2.466099 2.433736
18.351425 -8.324575 2.474264 2.433318
18.389807 -8.497285 2.487377 2.432646
19.035185 -8.957278 2.583065 2.427747
19.412649 -9.300983 2.643034 2.424677
19.416008 -9.469820 2.652427 2.424196
19.419392 -9.639869 2.662019 2.423705
19.422800 -9.811163 2.671810 2.423203
19.426239 -9.983730 2.681806 2.422692
19.429703 -10.157603 2.692008 2.422169
19.433197 -10.332814 2.702421 2.421636
19.436720 -10.509395 2.713048 2.421092
19.440271 -10.687381 2.723893 2.420537
19.400675 -10.842671 2.728884 2.420281
19.267685 -10.945568 2.720860 2.420692
19.135469 -11.047868 2.713015 2.421093
19.004007 -11.149585 2.705347 2.421486
18.873281 -11.250734 2.697853 2.421870
18.743273 -11.351329 2.690531 2.422245
18.613960 -11.451385 2.683380 2.422611
18.485331 -11.550917 2.676397 2.422968
18.418564 -11.688777 2.678480 2.422862
18.422247 -11.872327 2.691003 2.422221
18.425966 -12.057614 2.703777 2.421566
18.429722 -12.244679 2.716806 2.420900
19.489523 -13.145848 2.886494 2.412211
19.493576 -13.347531 2.900826 2.411478
19.497673 -13.551235 2.915442 2.410729
19.501814 -13.757016 2.930351 2.409966
19.505999 -13.964925 2.945558 2.409188
19.510229 -14.175012 2.961069 2.408393
19.514509 -14.387338 2.976890 2.407583
19.516602 -14.600283 2.992686 2.406774
19.377243 -14.708128 2.986989 2.407066
19.238407 -14.815569 2.981459 2.407349
19.100079 -14.922618 2.976095 2.407624
18.962242 -15.029288 2.970895 2.407890
18.824881 -15.135592 2.965857 2.408148
18.687977 -15.241542 2.960980 2.408398
18.551516 -15.347151 2.956263 2.408639
18.495768 -15.519792 2.964573 2.408214
18.500326 -15.745012 2.982850 2.407278
18.504944 -15.973039 3.001501 2.406323
19.569988 -17.132229 3.193573 2.396489
19.574999 -17.379499 3.214113 2.395437
19.580078 -17.629982 3.235078 2.394364
19.585228 -17.883772 3.256478 2.393268
19.590446 -18.140953 3.278324 2.392150
19.587023 -18.393438 3.299160 2.391083
19.436970 -18.509579 3.295571 2.391267
19.287239 -18.625471 3.292151 2.391442
19.137812 -18.741131 3.288898 2.391608
18.988672 -18.856567 3.285812 2.391766
18.839806 -18.971794 3.282891 2.391916
18.691196 -19.086823 3.280135 2.392057
18.571125 -19.230963 3.282545 2.391933
18.576759 -19.507521 3.307533 2.390654
18.582483 -19.788334 3.333068 2.389347
19.653168 -21.223492 3.551603 2.378158
19.659416 -21.529810 3.579808 2.376714
19.665766 -21.841045 3.608641 2.375237
19.672222 -22.157358 3.638123 2.373728
19.517775 -22.294973 3.638257 2.373721
19.353962 -22.421782 3.636812 2.373795
19.190271 -22.548494 3.635545 2.373860
19.026691 -22.675127 3.634457 2.373916
18.863197 -22.801691 3.633546 2.373962
18.699781 -22.928198 3.632813 2.374000
18.652143 -23.198587 3.654933 2.372867
18.659174 -23.542021 3.688427 2.371152
19.735682 -25.260521 3.935989 2.358477
19.743401 -25.637329 3.973128 2.356576
19.723063 -25.984175 4.005443 2.354921
19.542957 -26.123610 4.005808 2.354903
19.362810 -26.263079 4.006368 2.354874
19.182608 -26.402594 4.007123 2.354835
19.002327 -26.542170 4.008075 2.354786
18.821953 -26.681818 4.009222 2.354728
18.729012 -26.947517 4.029400 2.353695
18.737598 -27.365576 4.072252 2.351501
18.931120 -28.066538 4.156793 2.347172
18.650965 -28.071959 4.138210 2.348124
15.839684 -24.205574 3.551861 2.378145
15.579504 -24.174660 3.531279 2.379198
15.364820 -24.211084 3.520844 2.379733
15.161254 -24.263079 3.512927 2.380138
15.085428 -24.521015 3.534938 2.379011
14.906792 -24.614037 3.533259 2.379097
15.019030 -25.194658 3.601466 2.375605
16.122974 -27.480949 3.912096 2.359701
15.990841 -27.696949 3.926857 2.358945
15.857698 -27.914598 3.941923 2.358174
15.720556 -28.128622 3.956551 2.357424
15.466538 -28.133530 3.941957 2.358172
15.214375 -28.138401 3.927661 2.358904
14.964025 -28.143238 3.913658 2.359621
14.715439 -28.148039 3.899944 2.360323
13.954343 -27.152214 3.748382 2.368083
10.978131 -21.733007 2.989604 2.406932
10.650865 -21.456030 2.941202 2.409410
10.423097 -21.370516 2.919433 2.410525
10.178803 -21.244802 2.892481 2.411905
9.943638 -21.131310 2.867507 2.413183
9.743246 -21.086321 2.852103 2.413972
9.548015 -21.048479 2.837899 2.414700
9.359385 -21.021523 2.825386 2.415340
9.179658 -21.011408 2.815344 2.415854
8.996430 -20.990248 2.804025 2.416434
8.812888 -20.965038 2.792370 2.417031
8.631010 -20.940397 2.780995 2.417613
8.450740 -20.916315 2.769894 2.418181
8.269486 -20.886339 2.758211 2.418779
8.086817 -20.849062 2.745766 2.419417
7.910527 -20.824615 2.735206 2.419957
7.730791 -20.787468 2.723172 2.420573
7.556974 -20.762615 2.712939 2.421098
7.383802 -20.736128 2.702676 2.421623
7.209101 -20.701721 2.691566 2.422192
7.040318 -20.680803 2.682391 2.422662
6.870634 -20.653885 2.672613 2.423162
6.700752 -20.622795 2.662472 2.423681
6.532733 -20.593788 2.652774 2.424178
6.370141 -20.578602 2.645025 2.424575
6.206443 -20.556738 2.636580 2.425007
6.045693 -20.541500 2.629149 2.425387
5.884954 -20.523273 2.621493 2.425779
5.722931 -20.497238 2.613001 2.426214
5.564673 -20.481403 2.605966 2.426574
5.407313 -20.465864 2.599122 2.426925
5.249668 -20.446104 2.591895 2.427295
5.091544 -20.421066 2.584152 2.427691
4.937328 -20.408468 2.578133 2.427999
4.783890 -20.396225 2.572305 2.428298
4.631205 -20.384333 2.566665 2.428587
4.479249 -20.372787 2.561211 2.428866
4.327989 -20.361586 2.555942 2.429136
4.177413 -20.350773 2.550861 2.429396
4.028435 -20.345087 2.546561 2.429616
3.878831 -20.333555 2.541667 2.429867
3.729856 -20.322388 2.536954 2.430108
3.583828 -20.324898 2.534082 2.430255
3.437105 -20.321390 2.530591 2.430434
3.290118 -20.313810 2.526726 2.430632
3.145522 -20.318846 2.524559 2.430743
3.001196 -20.324055 2.522541 2.430846
2.856314 -20.323729 2.519964 2.430978
2.710650 -20.315380 2.516521 2.431154
2.567199 -20.321484 2.514996 2.431232
2.423969 -20.328024 2.513650 2.431301
2.280915 -20.334806 2.512458 2.431362
2.138019 -20.341896 2.511429 2.431415
1.994077 -20.337181 2.509067 2.431536
1.850811 -20.337008 2.507390 2.431622
1.708450 -20.345409 2.506894 2.431647
1.566182 -20.354347 2.506587 2.431663
1.424671 -20.373751 2.507691 2.431606
1.282873 -20.390692 2.508612 2.431559
1.140534 -20.399961 2.508712 2.431554
0.998192 -20.409548 2.508973 2.431540
0.855580 -20.413513 2.508665 2.431556
0.713189 -20.423050 2.509164 2.431531
0.570787 -20.434496 2.510019 2.431487
0.428383 -20.450827 2.511597 2.431406
0.285721 -20.462017 2.512665 2.431351
0.142997 -20.482389 2.514982 2.431233
-0.000000 -20.505621 2.517774 2.431090
-0.143287 -20.523968 2.520088 2.430971
-0.286964 -20.550892 2.523578 2.430793
-0.431058 -20.578402 2.527264 2.430604
-0.575858 -20.616068 2.532322 2.430345
-0.721066 -20.648636 2.536879 2.430112
-0.867751 -20.703899 2.544351 2.429729
-1.017134 -20.796793 2.556577 2.429103
-1.166452 -20.863493 2.565716 2.428635
-1.318863 -20.962730 2.578989 2.427956
-1.470973 -21.035892 2.589190 2.427433
-1.633145 -21.224611 2.613758 2.426176
-1.799579 -21.430597 2.640608 2.424801
-1.976627 -21.719461 2.677835 2.422895
-2.152696 -21.954903 2.708650 2.421317
-2.339223 -22.256224 2.747773 2.419314
-2.530195 -22.557190 2.787044 2.417303
-2.716123 -22.778084 2.816610 2.415789
-2.937049 -23.249123 2.877322 2.412681
-3.126345 -23.430872 2.902446 2.411395
-3.343533 -23.790476 2.949811 2.408970
-3.513006 -23.790024 2.952724 2.408820
-3.673765 -23.731068 2.948518 2.409036
-3.833589 -23.669281 2.944094 2.409262
-3.989655 -23.588257 2.937409 2.409605
-4.136968 -23.461912 2.925201 2.410230
-4.278946 -23.314138 2.910430 2.410986
-4.420083 -23.170877 2.896328 2.411708
-4.571856 -23.089548 2.890081 2.412028
-4.718414 -22.986322 2.881213 2.412482
-4.862889 -22.878094 2.871833 2.412962
-5.008659 -22.780684 2.863925 2.413367
-5.151364 -22.673805 2.854940 2.413827
-5.298225 -22.589092 2.848862 2.414138
-5.443518 -22.500807 2.842451 2.414466
-5.589448 -22.418055 2.836858 2.414753
-5.741579 -22.361969 2.834764 2.414860
-5.892059 -22.300545 2.832123 2.414995
-6.035757 -22.215267 2.826575 2.415279
-6.185869 -22.155296 2.824371 2.415392
-6.332664 -22.084627 2.820929 2.415568
-6.481390 -22.021872 2.818624 2.415686
-6.636441 -21.980949 2.819248 2.415654
-6.783429 -21.913712 2.816630 2.415788
-6.934625 -21.860710 2.815972 2.415822
-7.089411 -21.818962 2.816901 2.415775
-7.235334 -21.750216 2.814478 2.415899
-7.392490 -21.715292 2.816569 2.415792
-7.544919 -21.666050 2.816945 2.415772
-7.695156 -21.610510 2.816640 2.415788
-7.845164 -21.554411 2.816398 2.415800
-8.017432 -21.558224 2.824142 2.415404
-8.177740 -21.528049 2.827599 2.415227
-8.331282 -21.479322 2.828769 2.415167
-8.484150 -21.428516 2.829810 2.415114
-8.643291 -21.392897 2.833006 2.414950
-8.826945 -21.415773 2.844127 2.414381
-8.983435 -21.370745 2.846407 2.414264
-9.189104 -21.439781 2.864077 2.413359
-9.401115 -21.518305 2.883264 2.412377
-9.635987 -21.642782 2.908886 2.411065
-9.930523 -21.891714 2.951590 2.408879
-10.224326 -22.127466 2.992926 2.406762
-10.492814 -22.298361 3.025876 2.405075
-10.727121 -22.389231 3.048295 2.403927
-10.966153 -22.483946 3.071539 2.402737
-11.169971 -22.501759 3.084551 2.402071
-11.390966 -22.550278 3.102028 2.401176
-11.573951 -22.520468 3.108967 2.400821
-11.755126 -22.485483 3.115390 2.400492
-11.923404 -22.424662 3.118421 2.400337
-12.084704 -22.350191 3.119721 2.400270
-12.250237 -22.283094 3.122217 2.400142
-12.396178 -22.180344 3.119871 2.400263
-12.547726 -22.087994 3.119126 2.400301
-12.702032 -22.000565 3.119227 2.400295
-12.854403 -21.909798 3.119006 2.400307
-12.999583 -21.807001 3.117216 2.400398
-13.152878 -21.717978 3.117540 2.400382
-13.307005 -21.630228 3.118204 2.400348
-13.465235 -21.548880 3.119952 2.400258
-13.615289 -21.454260 3.119939 2.400259
-13.764790 -21.358770 3.119952 2.400258
-13.915771 -21.265522 3.120446 2.400233
-14.070208 -21.177366 3.121848 2.400161
-14.231116 -21.098497 3.124792 2.400011
-14.386081 -21.010340 3.126534 2.399921
-14.539786 -20.920008 3.128121 2.399840
-14.694091 -20.830198 3.129955 2.399746
-14.854233 -20.748175 3.133136 2.399583
-15.001173 -20.647343 3.133649 2.399557
-15.143124 -20.539633 3.133270 2.399576
-15.287227 -20.434856 3.133492 2.399565
-15.437470 -20.338112 3.135107 2.399482
-15.580484 -20.231672 3.135390 2.399468
-15.718714 -20.119036 3.134865 2.399495
-15.845406 -19.991920 3.132219 2.399630
-15.979345 -19.874294 3.131192 2.399683
-16.123213 -19.769014 3.132263 2.399628
-16.275539 -19.673744 3.135095 2.399483
-16.419344 -19.567812 3.136405 2.399416
-16.580965 -19.482561 3.141218 2.399169
-16.750051 -19.405119 3.147510 2.398847
-17.028248 -19.451214 3.174191 2.397481
-20.723669 -23.341625 3.832574 2.363772
-20.892529 -23.203505 3.833751 2.363712
-21.025301 -23.025637 3.828523 2.363980
-21.031681 -22.712147 3.800719 2.365403
-21.037966 -22.403160 3.773499 2.366797
-21.044159 -22.098539 3.746845 2.368161
-21.050262 -21.798185 3.720746 2.369498
-21.056280 -21.501959 3.695185 2.370806
-20.334972 -20.477434 3.543428 2.378577
-20.340622 -20.199114 3.519754 2.379789
-20.346590 -19.924849 3.496630 2.380972
-20.501524 -19.798092 3.499418 2.380830
-20.656717 -19.671120 3.502381 2.380678
-20.812174 -19.543930 3.505519 2.380517
-20.967916 -19.416506 3.508834 2.380347
-21.101568 -19.268375 3.508603 2.380359
-21.106903 -19.004740 3.487344 2.381448
-21.112171 -18.744257 3.466508 2.382515
-21.117374 -18.486862 3.446087 2.383560
-21.122517 -18.232470 3.426071 2.384585
-21.127596 -17.980989 3.406450 2.385590
-21.132614 -17.732370 3.387217 2.386574
-21.137577 -17.486519 3.368362 2.387540
-20.412468 -16.648001 3.234213 2.394408
-20.417149 -16.415812 3.216718 2.395304
-20.421780 -16.186098 3.199566 2.396182
-20.535812 -16.044334 3.199805 2.396170
-20.680374 -15.926027 3.204927 2.395908
-20.825401 -15.807338 3.210222 2.395637
-20.970913 -15.688249 3.215691 2.395357
-21.116934 -15.568742 3.221336 2.395067
-21.179827 -15.388044 3.214463 2.395419
-21.184277 -15.166448 3.198991 2.396212
-21.188683 -14.946970 3.183821 2.396988
-21.193045 -14.729551 3.168948 2.397750
-21.197365 -14.514135 3.154365 2.398496
-21.201643 -14.300689 3.140068 2.399229
-21.205881 -14.089149 3.126051 2.399946
-21.210079 -13.879486 3.112310 2.400650
-21.214239 -13.671646 3.098840 2.401339
-20.485729 -13.000636 2.979093 2.407470
-20.489674 -12.803369 2.966595 2.408110
-20.493584 -12.607732 2.954345 2.408737
-20.497458 -12.413700 2.942339 2.409352
-20.589697 -12.273925 2.943207 2.409308
-20.727757 -12.160900 2.950734 2.408922
-20.866524 -12.047294 2.958443 2.408528
-21.006029 -11.933081 2.966338 2.408123
-21.146280 -11.818255 2.974420 2.407710
-21.253901 -11.684433 2.978011 2.407526
-21.257690 -11.493988 2.967226 2.408078
-21.261452 -11.304914 2.956662 2.408619
-21.265184 -11.117166 2.946316 2.409148
-21.268888 -10.930722 2.936185 2.409667
-21.272566 -10.745547 2.926265 2.410175
-21.276217 -10.561603 2.916553 2.410672
-21.279840 -10.378872 2.907046 2.411159
-21.283440 -10.197311 2.897742 2.411635
-21.287014 -10.016908 2.888637 2.412102
-21.232363 -9.810730 2.871856 2.412961
-20.816935 -9.442978 2.806681 2.416298
-20.562227 -9.154893 2.763654 2.418501
-20.565588 -8.984880 2.755608 2.418913
-20.568928 -8.815852 2.747742 2.419316
-20.572247 -8.647778 2.740053 2.419709
-20.638742 -8.506673 2.740933 2.419664
-20.776176 -8.394120 2.751335 2.419132
-20.914667 -8.280699 2.761952 2.418588
-21.054230 -8.166396 2.772786 2.418033
-21.194899 -8.051188 2.783841 2.417467
-21.328180 -7.931876 2.794006 2.416947
-21.331482 -7.764024 2.787270 2.417292
-21.334764 -7.596964 2.780700 2.417628
-21.338032 -7.430688 2.774297 2.417956
-21.341282 -7.265166 2.768058 2.418275
-21.344517 -7.100373 2.761981 2.418586
-21.347734 -6.936299 2.756063 2.418889
-21.350937 -6.772913 2.750305 2.419184
-21.354124 -6.610204 2.744704 2.419471
-21.357298 -6.448149 2.739259 2.419750
-21.360456 -6.286722 2.733968 2.420021
-21.363600 -6.125914 2.728831 2.420284
-21.186560 -5.915390 2.700876 2.421715
-20.927156 -5.685781 2.662682 2.423671
-20.674976 -5.462565 2.625679 2.425565
-20.637970 -5.298927 2.616217 2.426049
-20.640944 -5.146365 2.611976 2.426267
-20.643908 -4.994283 2.607875 2.426477
-20.646860 -4.842676 2.603914 2.426680
-20.701822 -4.703340 2.606641 2.426540
-20.851244 -4.584441 2.621361 2.425786
-21.002361 -4.464190 2.636377 2.425018
-21.155231 -4.342542 2.651696 2.424233
-21.309889 -4.219471 2.667324 2.423433
-21.403387 -4.082916 2.675394 2.423020
-21.406376 -3.928803 2.672274 2.423179
-21.409355 -3.775047 2.669291 2.423332
-21.412327 -3.621620 2.666444 2.423478
-21.415291 -3.468519 2.663733 2.423617
-21.418245 -3.315721 2.661156 2.423749
-21.421194 -3.163204 2.658714 2.423874
-21.424135 -3.010966 2.656405 2.423992
-21.427071 -2.858978 2.654229 2.424103
-21.429998 -2.707237 2.652186 2.424208
-21.432920 -2.555722 2.650275 2.424306
-21.435837 -2.404412 2.648495 2.424397
-21.421761 -2.251518 2.644750 2.424589
-21.223423 -2.080971 2.618405 2.425938
-21.028992 -1.913787 2.592706 2.427253
-20.838331 -1.749845 2.567630 2.428537
-20.709696 -1.593522 2.550348 2.429422
-20.712484 -1.448358 2.549383 2.429471
-20.715267 -1.303291 2.548544 2.429514
-20.718048 -1.158318 2.547829 2.429551
-20.720825 -1.013419 2.547238 2.429581
-20.823977 -0.872781 2.559108 2.428974
-20.994354 -0.733139 2.579354 2.427937
-21.167461 -0.591257 2.600051 2.426877
-21.343369 -0.447079 2.621211 2.425794
-21.476210 -0.299885 2.637204 2.424975
-21.479073 -0.149952 2.637363 2.424967
-21.481936 0.000000 2.637650 2.424952
-21.484795 0.149998 2.638065 2.424931
-21.487656 0.300045 2.638609 2.424903
-21.490515 0.450161 2.639282 2.424869
-21.493374 0.600367 2.640084 2.424828
-21.496233 0.750665 2.641014 2.424780
-21.499092 0.901082 2.642074 2.424726
-21.501951 1.051622 2.643263 2.424665
-21.504812 1.202305 2.644583 2.424598
-21.507675 1.353150 2.646032 2.424523
-21.510538 1.504163 2.647612 2.424442
-21.381529 1.645223 2.633082 2.425186
-21.226460 1.782437 2.615454 2.426089
-21.073442 1.917832 2.598186 2.426973
-20.922417 2.051463 2.581269 2.427839
-20.781672 2.184242 2.565724 2.428635
-20.784451 2.331353 2.568014 2.428518
-20.787233 2.478729 2.570433 2.428394
-20.790018 2.626389 2.572982 2.428263
-20.792809 2.774355 2.575662 2.428126
-20.925539 2.940893 2.594584 2.427157
-21.147390 3.122778 2.624730 2.425614
-21.374456 3.308942 2.655715 2.424027
-21.548031 3.490018 2.680243 2.422771
-21.550945 3.645072 2.683706 2.422594
-21.553865 3.800528 2.687308 2.422410
-21.556793 3.956415 2.691051 2.422218
-21.559725 4.112739 2.694936 2.422019
-21.562664 4.269521 2.698964 2.421813
-21.565613 4.426787 2.703135 2.421599
-21.568565 4.584540 2.707451 2.421378
-21.571527 4.742812 2.711914 2.421150
-21.574499 4.901607 2.716523 2.420914
-21.577477 5.060950 2.721280 2.420671
-21.580463 5.220866 2.726187 2.420419
-21.528637 5.367692 2.724308 2.420515
-21.388525 5.491643 2.711363 2.421178
-21.249735 5.614423 2.698672 2.421828
-21.112230 5.736065 2.686230 2.422465
-20.975975 5.856600 2.674030 2.423090
-20.852829 5.979452 2.663588 2.423624
-20.855780 6.138194 2.669374 2.423328
-20.858744 6.297627 2.675316 2.423024
-20.861719 6.457779 2.681414 2.422711
-20.864706 6.618677 2.687672 2.422391
-21.181314 6.882226 2.734578 2.419990
-21.517532 7.157934 2.784369 2.417440
-21.620253 7.360136 2.804242 2.416423
-21.623400 7.530064 2.811400 2.416056
-21.626562 7.700875 2.818733 2.415681
-21.629738 7.872581 2.826241 2.415296
-21.632931 8.045218 2.833928 2.414903
-21.636137 8.218799 2.841796 2.414500
-21.639360 8.393353 2.849846 2.414088
-21.642599 8.568914 2.858082 2.413666
-21.645857 8.745494 2.866505 2.413235
-21.649132 8.923132 2.875118 2.412794
-21.652422 9.101842 2.883924 2.412343
-21.522890 9.224721 2.875179 2.412791
-21.387875 9.344135 2.865788 2.413272
-21.253736 9.462773 2.856596 2.413742
-21.120443 9.580663 2.847602 2.414203
-20.987986 9.697812 2.838802 2.414653
-20.924263 9.846210 2.839411 2.414622
-20.927576 10.026817 2.849291 2.414116
-20.930910 10.208687 2.859379 2.413600
-20.934267 10.391865 2.869679 2.413072
-21.449823 10.835087 2.950649 2.408927
-21.689964 11.147126 2.994315 2.406691
-21.693512 11.341097 3.005662 2.406110
-21.697086 11.536545 3.017243 2.405517
-21.700686 11.733521 3.029061 2.404912
-21.704309 11.932047 3.041121 2.404294
-21.707962 12.132169 3.053426 2.403665
-21.711643 12.333933 3.065981 2.403022
-21.715351 12.537364 3.078789 2.402366
-21.719090 12.742518 3.091857 2.401697
-21.688967 12.929220 3.100343 2.401263
-21.550646 13.051534 3.093520 2.401612
-21.412920 13.173320 3.086877 2.401952
-21.275782 13.294584 3.080412 2.402283
-21.139204 13.415352 3.074123 2.402605
-21.003181 13.535628 3.068010 2.402918
-20.995277 13.738923 3.080791 2.402263
-20.999138 13.951797 3.095575 2.401507
-21.003035 14.166726 3.110653 2.400734
-21.758244 14.898185 3.237829 2.394223
-21.762354 15.125232 3.254075 2.393391
-21.766506 15.354579 3.270645 2.392543
-21.770697 15.586292 3.287545 2.391678
-21.774931 15.820413 3.304783 2.390795
-21.779205 16.057020 3.322365 2.389895
-21.783525 16.296162 3.340297 2.388977
-21.787889 16.537907 3.358589 2.388040
-21.735737 16.738773 3.368482 2.387534
-20.343224 15.893867 3.169796 2.397706
-19.722462 15.631836 3.090002 2.401792
-19.320330 15.533946 3.043915 2.404151
-19.065250 15.549237 3.020756 2.405337
-18.817999 15.567605 2.998728 2.406465
-18.597832 15.605433 2.980932 2.407376
-18.410723 15.668758 2.968403 2.408018
-18.233828 15.739019 2.957526 2.408575
-18.061701 15.811823 2.947440 2.409091
-17.910776 15.901934 2.940856 2.409428
-17.768183 15.998543 2.935711 2.409692
-17.607042 16.077444 2.927562 2.410109
-17.496689 16.202112 2.927948 2.410089
-17.391182 16.331406 2.929301 2.410020
-17.282850 16.458241 2.930337 2.409967
-17.170633 16.581488 2.930866 2.409940
-17.065788 16.712059 2.932814 2.409840
-16.959574 16.841587 2.934695 2.409744
-16.851322 16.969378 2.936392 2.409657
-16.733759 17.087955 2.936623 2.409645
-16.603725 17.193661 2.934797 2.409738
-16.463154 17.288021 2.931212 2.409922
-16.343967 17.404558 2.931554 2.409904
-16.196131 17.490229 2.926868 2.410144
-16.028166 17.553085 2.918589 2.410568
-15.889832 17.647448 2.915763 2.410713
-15.703165 17.686907 2.904098 2.411310
-15.519472 17.727753 2.892944 2.411881
-15.312491 17.739691 2.877377 2.412678
-15.088837 17.729326 2.858540 2.413643
-14.912609 17.772156 2.848590 2.414152
-14.668661 17.731371 2.825569 2.415331
-14.516661 17.799187 2.820157 2.415608
-14.339915 17.835257 2.809942 2.416131
-14.185656 17.897846 2.804131 2.416429
-14.032241 17.960449 2.798523 2.416716
-13.928864 18.087006 2.803021 2.416485
-13.834823 18.226707 2.809635 2.416147
-13.716126 18.334723 2.811456 2.416054
-13.613575 18.465008 2.816791 2.415780
-13.557283 18.660000 2.832029 2.415000
-13.532778 18.902390 2.854408 2.413854
-13.543313 19.198874 2.884831 2.412297
-13.816849 19.879837 2.972587 2.407804
-14.891102 21.747911 3.236291 2.394302
-14.693386 21.783840 3.226294 2.394814
-14.564243 21.920956 3.231464 2.394549
-14.364433 21.951157 3.221054 2.395082
-14.542423 22.565422 3.296212 2.391234
-13.689007 21.570429 3.136833 2.399394
-13.481162 21.574369 3.123643 2.400069
-13.275041 21.578278 3.110714 2.400731
-13.167934 21.742847 3.121110 2.400199
-13.063167 21.913664 3.132463 2.399618
-12.957624 22.085741 3.144052 2.399024
-12.851295 22.259096 3.155881 2.398419
-12.744154 22.433775 3.167955 2.397801
-12.631642 22.601665 3.179133 2.397228
-12.427502 22.605539 3.167397 2.397829
-12.224846 22.609386 3.155900 2.398418
-12.023655 22.613205 3.144640 2.398994
-11.823876 22.616999 3.133612 2.399559
-11.625493 22.620766 3.122813 2.400112
-10.922525 21.622923 2.974460 2.407707
-10.735473 21.626476 2.964566 2.408214
-10.573130 21.678129 2.961457 2.408373
-10.478869 21.871098 2.977751 2.407539
-10.383564 22.066200 2.994372 2.406688
-10.287184 22.263502 3.011327 2.405820
-10.189695 22.463066 3.028623 2.404934
-10.084449 22.650043 3.044266 2.404134
-9.897112 22.653605 3.035384 2.404588
-9.710863 22.657145 3.026701 2.405033
-9.525668 22.660666 3.018214 2.405467
-9.341494 22.664167 3.009920 2.405892
-9.158326 22.667652 3.001819 2.406307
-8.976127 22.671118 2.993906 2.406712
-8.500249 21.914953 2.886141 2.412230
-8.233199 21.674046 2.846775 2.414245
-8.061716 21.677309 2.839742 2.414605
-7.905400 21.719908 2.838023 2.414693
-7.806316 21.922695 2.857329 2.413705
-7.705874 22.128260 2.877040 2.412695
-7.604030 22.336689 2.897166 2.411665
-7.500742 22.548071 2.917720 2.410613
-7.376187 22.701569 2.930848 2.409940
-7.202408 22.704880 2.924712 2.410255
-7.029353 22.708176 2.918744 2.410560
-6.856995 22.711458 2.912942 2.410857
-6.685306 22.714729 2.907305 2.411146
-6.514278 22.717989 2.901830 2.411426
-6.331284 22.676125 2.890766 2.411993
-6.043060 22.242161 2.829997 2.415104
-5.766693 21.826052 2.771863 2.418081
-4.807335 18.723343 2.373505 2.438477
-4.648484 18.644053 2.359282 2.439205
-4.503055 18.613390 2.351367 2.439610
-4.378875 18.669456 2.354530 2.439448
-4.233359 18.633219 2.346175 2.439876
-4.094141 18.621231 2.341010 2.440140
-3.964195 18.650074 2.341100 2.440136
-3.828887 18.652876 2.338039 2.440292
-3.705492 18.714134 2.342418 2.440068
-3.575196 18.741858 2.342706 2.440053
-3.442254 18.755379 2.341336 2.440124
-3.329660 18.883438 2.354363 2.439456
-3.209489 18.975626 2.363005 2.439014
-3.093814 19.101820 2.375973 2.438350
-3.450740 22.290457 2.769526 2.418200
-3.230665 21.878038 2.715415 2.420971
-3.059950 21.772676 2.699621 2.421779
-2.905491 21.775627 2.697406 2.421893
-2.751267 21.778576 2.695326 2.421999
-2.618253 21.957365 2.715125 2.420985
-2.486909 22.171316 2.739367 2.419744
-2.353193 22.389132 2.764182 2.418474
-2.217024 22.610937 2.789588 2.417173
-2.075204 22.802731 2.811394 2.416057
-1.915051 22.805794 2.810055 2.416125
-1.755043 22.808855 2.808853 2.416187
-1.595164 22.811913 2.807790 2.416241
-1.435399 22.814970 2.806865 2.416288
-1.275718 22.818026 2.806077 2.416329
-1.116132 22.821079 2.805425 2.416362
-0.949951 22.665190 2.785379 2.417389
-0.780392 22.347494 2.745600 2.419425
-0.615600 22.038734 2.707072 2.421398
-0.457108 21.822466 2.680050 2.422781
-0.304755 21.825384 2.680081 2.422780
-0.152390 21.828300 2.680244 2.422771
0.000000 21.940807 2.693993 2.422067
0.155395 22.258619 2.733082 2.420066
0.315385 22.585829 2.773461 2.417999
0.478678 22.851624 2.806442 2.416310
0.638392 22.854685 2.807297 2.416266
0.798210 22.857750 2.808290 2.416216
0.958150 22.860815 2.809420 2.416158
1.118238 22.863886 2.810688 2.416093
1.278466 22.866959 2.812094 2.416021
1.438863 22.870033 2.813639 2.415941
1.599444 22.873114 2.815323 2.415855
1.744925 22.677351 2.792659 2.417016
1.882619 22.419420 2.762447 2.418563
2.017362 22.167023 2.733016 2.420069
2.149271 21.919935 2.704336 2.421538
2.299188 21.875311 2.700746 2.421722
2.454041 21.878284 2.703162 2.421598
2.609190 21.881264 2.705715 2.421467
2.814492 22.278957 2.757254 2.418828
3.031994 22.723717 2.814849 2.415880
3.218976 22.904203 2.839921 2.414596
3.382660 22.907347 2.843169 2.414430
3.546740 22.910500 2.846565 2.414256
3.711208 22.913660 2.850107 2.414075
3.876094 22.916828 2.853797 2.413886
4.041416 22.920006 2.857637 2.413689
4.202396 22.897070 2.858365 2.413652
4.330961 22.703655 2.837926 2.414698
4.457698 22.512997 2.817915 2.415723
4.582667 22.325001 2.798320 2.416726
4.705916 22.139593 2.779131 2.417709
4.827493 21.956707 2.760337 2.418671
4.981669 21.926865 2.760890 2.418642
5.143635 21.929981 2.765737 2.418394
5.317162 21.978502 2.776470 2.417845
5.649047 22.657091 2.867106 2.413204
5.894004 22.955641 2.910022 2.411007
6.066025 22.958952 2.915740 2.410714
6.238718 22.962278 2.921622 2.410413
6.412118 22.965616 2.927671 2.410103
6.586246 22.968969 2.933889 2.409785
6.761124 22.972338 2.940276 2.409458
6.901812 22.859879 2.931979 2.409883
7.012292 22.653040 2.911658 2.410923
7.121258 22.449041 2.891757 2.411942
7.228750 22.247805 2.872266 2.412940
7.334808 22.049255 2.853173 2.413918
7.480906 21.974993 2.850253 2.414067
7.653667 21.978325 2.857546 2.413693
7.835311 22.004103 2.867940 2.413162
8.261217 22.697506 2.965761 2.408153
8.556200 23.006935 3.013924 2.405687
8.740876 23.010496 3.022311 2.405257
8.926579 23.014078 3.030893 2.404818
9.113348 23.017681 3.039673 2.404369
9.301211 23.021307 3.048652 2.403909
9.490198 23.024954 3.057834 2.403439
9.607405 22.855093 3.044110 2.404141
9.711894 22.659533 3.027020 2.405016
9.815222 22.466150 3.010267 2.405874
9.917419 22.274887 2.993844 2.406715
10.018513 22.085695 2.977743 2.407539
10.177924 22.027027 2.979342 2.407458
10.366856 22.030676 2.989552 2.406935
11.046104 23.054993 3.138939 2.399286
11.246560 23.058865 3.150079 2.398716
11.448453 23.062765 3.161454 2.398134
11.651835 23.066694 3.173067 2.397539
11.856711 23.070654 3.184920 2.396932
12.063135 23.074642 3.197019 2.396313
12.231392 23.003902 3.198971 2.396213
12.334176 22.811588 3.184125 2.396973
12.436026 22.621029 3.169568 2.397718
12.536946 22.432213 3.155298 2.398448
12.636969 22.245081 3.141309 2.399165
12.745965 22.076658 3.130015 2.399743
12.954663 22.080694 3.143334 2.399061
13.165173 22.084766 3.156921 2.398365
13.997156 23.112041 3.317653 2.390136
14.221294 23.116379 3.332447 2.389379
14.447451 23.120754 3.347536 2.388606
14.284998 22.509560 3.273404 2.392402
14.464008 22.443733 3.278437 2.392144
14.643745 22.377979 3.283685 2.391875
14.843114 22.340677 3.293337 2.391381
15.063655 22.332787 3.307596 2.390651
15.242023 22.260418 3.312557 2.390397
15.391760 22.145824 3.311415 2.390455
15.612514 22.132137 3.325586 2.389730
15.848329 22.136707 3.342816 2.388848
16.166182 22.250841 3.377012 2.387097
16.466599 22.334757 3.407112 2.385556
16.825701 22.491364 3.448838 2.383420
17.595894 23.181725 3.573448 2.377039
17.856220 23.186769 3.593354 2.376020
18.119476 23.191872 3.613661 2.374980
17.778250 22.430573 3.514292 2.380068
17.783798 22.118570 3.484778 2.381579
17.819366 21.848692 3.461774 2.382757
17.979910 21.733973 3.463401 2.382674
18.140614 21.619143 3.465199 2.382582
18.301493 21.504187 3.467169 2.382481
18.462578 21.389088 3.469310 2.382371
18.623857 21.273851 3.471623 2.382253
18.785360 21.158457 3.474109 2.382126
18.846331 20.930971 3.458276 2.382936
18.851439 20.644964 3.432682 2.384247
18.856474 20.363127 3.407628 2.385530
18.861439 20.085384 3.383102 2.386785
18.866337 19.811600 3.359091 2.388015
17.848665 18.482834 3.154846 2.398472
17.853172 18.231064 3.133070 2.399587
17.913715 18.039204 3.121516 2.400178
18.060207 17.934553 3.125149 2.399992
18.207050 17.829657 3.128943 2.399798
18.354256 17.724499 3.132900 2.399595
18.501844 17.619072 3.137019 2.399384
18.649841 17.513355 3.141304 2.399165
18.798239 17.407352 3.145753 2.398937
18.911926 17.268959 3.144526 2.399000
18.916183 17.032207 3.125387 2.399980
18.920391 16.798313 3.106630 2.400941
18.924551 16.567181 3.088246 2.401882
18.928665 16.338778 3.070228 2.402804
18.932732 16.113014 3.052567 2.403708
18.936754 15.889824 3.035256 2.404595
17.914465 14.820137 2.854746 2.413837
17.918190 14.613709 2.839012 2.414643
17.921875 14.409552 2.823588 2.415432
17.979662 14.250501 2.816949 2.415772
18.115574 14.153438 2.822694 2.415478
18.252050 14.055974 2.828600 2.415176
18.389118 13.958091 2.834670 2.414865
18.526772 13.859790 2.840904 2.414546
18.665041 13.761051 2.847306 2.414218
18.803942 13.661863 2.853875 2.413882
18.943493 13.562213 2.860616 2.413537
18.981962 13.390293 2.852238 2.413965
18.985502 13.195262 2.838858 2.414650
18.989012 13.002045 2.825741 2.415322
18.992491 12.810596 2.812882 2.415980
18.995939 12.620875 2.800275 2.416626
18.999361 12.432825 2.787915 2.417259
19.002754 12.246433 2.775800 2.417879
19.006119 12.061646 2.763923 2.418487
18.511976 11.567567 2.680255 2.422771
17.982595 11.062969 2.592363 2.427271
17.985704 10.892523 2.581785 2.427813
17.988791 10.723467 2.571419 2.428343
17.991854 10.555756 2.561260 2.428864
18.079521 10.438217 2.563304 2.428759
18.210272 10.344876 2.571539 2.428337
18.341883 10.250924 2.579955 2.427906
18.474356 10.156358 2.588552 2.427466
18.607721 10.061154 2.597333 2.427016
18.742002 9.965300 2.606302 2.426557
18.877224 9.868776 2.615462 2.426088
19.013416 9.771562 2.624815 2.425609
19.050714 9.623202 2.620625 2.425824
19.053741 9.458357 2.611895 2.426271
19.056751 9.294599 2.603349 2.426708
19.059744 9.131902 2.594985 2.427137
19.062719 8.970227 2.586801 2.427556
19.065678 8.809575 2.578793 2.427966
19.068619 8.649906 2.570961 2.428367
19.071545 8.491199 2.563300 2.428759
19.074455 8.333426 2.555809 2.429142
19.077351 8.176556 2.548486 2.429518
18.676123 7.850714 2.487505 2.432640
18.252224 7.523022 2.423991 2.435892
18.051809 7.293405 2.390554 2.437603
18.054495 7.148283 2.384243 2.437927
18.057169 7.003907 2.378081 2.438242
18.059830 6.860281 2.372066 2.438550
18.062477 6.717373 2.366196 2.438851
18.188711 6.620150 2.376621 2.438317
18.322809 6.524461 2.388133 2.437727
18.458231 6.427829 2.399875 2.437126
18.594988 6.330246 2.411851 2.436513
18.733126 6.231679 2.424067 2.435888
18.872677 6.132105 2.436526 2.435250
19.013680 6.031497 2.449233 2.434599
19.119230 5.918384 2.457447 2.434179
19.121935 5.773248 2.452554 2.434429
19.124632 5.628683 2.447801 2.434673
19.127319 5.484671 2.443184 2.434909
19.129997 5.341194 2.438704 2.435138
19.132669 5.198225 2.434359 2.435361
19.135332 5.055768 2.430147 2.435576
19.137989 4.913798 2.426069 2.435785
19.140638 4.772297 2.422122 2.435987
19.143280 4.631249 2.418306 2.436183
19.145916 4.490627 2.414619 2.436371
19.109692 4.341611 2.406170 2.436804
18.856510 4.145871 2.370589 2.438626
18.610697 3.955826 2.336157 2.440389
18.371910 3.771214 2.302822 2.442096
18.139816 3.591774 2.270531 2.443749
18.123367 3.457213 2.265396 2.444012
18.125826 3.326710 2.262745 2.444147
18.128277 3.196504 2.260210 2.444277
18.130726 3.066585 2.257791 2.444401
18.133171 2.936927 2.255487 2.444519
18.263943 2.827404 2.269243 2.443815
18.415430 2.719352 2.285650 2.442975
18.569132 2.609721 2.302410 2.442116
18.725115 2.498466 2.319531 2.441240
18.883455 2.385529 2.337025 2.440344
19.044201 2.270879 2.354899 2.439429
19.189985 2.152500 2.371010 2.438604
19.192551 2.017218 2.369529 2.438680
19.195112 1.882099 2.368166 2.438750
19.197676 1.747119 2.366919 2.438814
19.200235 1.612285 2.365790 2.438871
19.202795 1.477573 2.364776 2.438923
19.205355 1.342969 2.363879 2.438969
19.207914 1.208462 2.363098 2.439009
19.210474 1.074026 2.362433 2.439043
19.213034 0.939670 2.361884 2.439071
19.215595 0.805370 2.361450 2.439094
19.218155 0.671113 2.361131 2.439110
19.159472 0.535175 2.353405 2.439506
18.981552 0.397601 2.331153 2.440645
18.806971 0.262608 2.309431 2.441757
18.635607 0.130101 2.288221 2.442843
18.461023 -0.000000 1.615130 2.477305
18.295895 -0.127732 1.600722 2.478043
18.184866 -0.253925 1.591125 2.478534
18.187298 -0.380970 1.591532 2.478514
18.189734 -0.508085 1.592016 2.478489
18.192173 -0.635285 1.592579 2.478460
18.194614 -0.762580 1.593220 2.478427
18.197060 -0.889985 1.593939 2.478390
18.387321 -1.028011 1.611194 2.477507
18.591820 -1.169698 1.629789 2.476555
18.801105 -1.314701 1.648900 2.475576
19.015371 -1.463153 1.668547 2.474570
19.234816 -1.615193 1.688751 2.473536
19.255114 -1.752353 1.691566 2.473392
19.257729 -1.888237 1.692913 2.473323
19.260349 -2.024344 1.694344 2.473249
19.262978 -2.160689 1.695861 2.473172
19.265610 -2.297285 1.697463 2.473090
19.268248 -2.434146 1.699152 2.473003
19.270893 -2.571286 1.700926 2.472913
19.273546 -2.708720 1.702788 2.472817
19.276205 -2.846462 1.704737 2.472717
19.278872 -2.984527 1.706774 2.472613
19.281546 -3.122929 1.708900 2.472504
19.251163 -3.256091 1.708180 2.472541
19.102030 -3.368203 1.696992 2.473114
18.954830 -3.478863 1.686032 2.473675
18.809515 -3.588107 1.675293 2.474225
18.666031 -3.695974 1.664771 2.474764
18.524334 -3.802500 1.654461 2.475291
18.384375 -3.907719 1.644357 2.475809
18.257339 -4.014137 1.635462 2.476264
18.259947 -4.148558 1.638250 2.476122
18.262564 -4.283445 1.641128 2.475974
18.265192 -4.418815 1.644096 2.475822
18.267832 -4.554682 1.647156 2.475666
18.282698 -4.694199 1.651411 2.475448
18.586143 -4.910671 1.681876 2.473888
18.901016 -5.135292 1.713571 2.472265
19.228003 -5.368555 1.746572 2.470576
19.328482 -5.542353 1.759170 2.469930
19.331347 -5.689525 1.763003 2.469734
19.334227 -5.837348 1.766940 2.469532
19.337120 -5.985839 1.770980 2.469326
19.340029 -6.135019 1.775126 2.469113
19.342953 -6.284906 1.779378 2.468896
19.345892 -6.435522 1.783738 2.468673
19.348846 -6.586885 1.788207 2.468444
19.351818 -6.739017 1.792786 2.468209
19.354805 -6.891936 1.797476 2.467969
19.338345 -7.038581 1.800467 2.467816
19.204544 -7.142106 1.792609 2.468218
19.071901 -7.244736 1.784905 2.468613
18.940390 -7.346493 1.777354 2.468999
18.809978 -7.447397 1.769952 2.469378
18.680643 -7.547470 1.762697 2.469750
18.552359 -7.646730 1.755587 2.470114
18.425100 -7.745199 1.748619 2.470471
18.332308 -7.857237 1.744976 2.470657
18.335314 -8.010502 1.750543 2.470372
18.338343 -8.164756 1.756231 2.470081
18.341391 -8.320024 1.762043 2.469783
18.352287 -8.479948 1.768734 2.469441
18.994858 -8.938302 1.836632 2.465964
19.401926 -9.295845 1.882221 2.463630
19.405243 -9.464569 1.888907 2.463288
19.408587 -9.634505 1.895734 2.462938
19.411955 -9.805684 1.902703 2.462582
19.415348 -9.978134 1.909817 2.462217
19.418770 -10.151888 1.917079 2.461845
19.422220 -10.326978 1.924490 2.461466
19.425697 -10.503435 1.932054 2.461079
19.429205 -10.681295 1.939772 2.460684
19.396252 -10.840199 1.943990 2.460468
19.263306 -10.943080 1.938276 2.460760
19.131132 -11.045363 1.932688 2.461046
18.999712 -11.147064 1.927227 2.461326
18.869026 -11.248198 1.921889 2.461599
18.739059 -11.348778 1.916675 2.461866
18.609787 -11.448818 1.911582 2.462127
18.481197 -11.548333 1.906608 2.462382
18.407661 -11.681858 1.907389 2.462342
18.411291 -11.865267 1.916302 2.461885
18.414957 -12.050410 1.925393 2.461420
18.418657 -12.237328 1.934665 2.460945
19.477764 -13.137918 2.055496 2.454759
19.481758 -13.339438 2.065695 2.454236
19.485792 -13.542978 2.076097 2.453704
19.489870 -13.748590 2.086708 2.453161
19.493990 -13.956327 2.097530 2.452606
19.498156 -14.166239 2.108568 2.452041
19.502367 -14.378386 2.119828 2.451465
19.506624 -14.592819 2.131312 2.450877
19.373034 -14.704933 2.127881 2.451052
19.234236 -14.812356 2.123942 2.451254
19.095945 -14.919388 2.120122 2.451450
18.958145 -15.026041 2.116418 2.451639
18.820820 -15.132327 2.112830 2.451823
18.683952 -15.238260 2.109356 2.452001
18.547527 -15.343851 2.105997 2.452173
18.483650 -15.509624 2.110987 2.451917
18.488132 -15.734634 2.123993 2.451252
18.492672 -15.962445 2.137265 2.450572
19.556925 -17.120794 2.274024 2.443570
19.561850 -17.367825 2.288639 2.442822
19.566841 -17.618063 2.303557 2.442058
19.571898 -17.871599 2.318785 2.441278
19.577024 -18.128523 2.334330 2.440482
19.582222 -18.388931 2.350201 2.439670
19.432846 -18.505650 2.347721 2.439797
19.283152 -18.621523 2.345285 2.439921
19.133759 -18.737162 2.342968 2.440040
18.984655 -18.852577 2.340770 2.440152
18.835823 -18.967783 2.338690 2.440259
18.687248 -19.082792 2.336727 2.440360
18.557655 -19.217014 2.337242 2.440333
18.563183 -19.493263 2.355021 2.439423
18.568798 -19.773760 2.373188 2.438493
19.638582 -21.207739 2.528774 2.430527
19.644709 -21.513702 2.548841 2.429499
19.650936 -21.824575 2.569355 2.428449
19.657267 -22.140512 2.590330 2.427375
19.513672 -22.290287 2.591851 2.427297
19.349895 -22.417070 2.590822 2.427350
19.186241 -22.543760 2.589920 2.427396
19.022696 -22.670366 2.589145 2.427436
18.859240 -22.796906 2.588496 2.427469
18.695858 -22.923386 2.587974 2.427496
18.637081 -23.179855 2.602176 2.426769
18.643969 -23.522835 2.626003 2.425549
19.719450 -25.239744 2.802235 2.416526
19.727009 -25.616045 2.828654 2.415173
19.718924 -25.978722 2.853432 2.413904
19.538857 -26.118130 2.853691 2.413891
19.358747 -26.257568 2.854090 2.413870
19.178581 -26.397053 2.854628 2.413843
16.606533 -23.195761 2.495836 2.432213
16.175611 -22.930389 2.455071 2.434300
15.806698 -22.742857 2.423119 2.435936
15.459558 -22.578117 2.394009 2.437427
15.134533 -22.437868 2.367877 2.438765
14.800842 -22.277060 2.339945 2.440195
14.439714 -22.066196 2.307152 2.441874
13.903650 -21.574242 2.245511 2.445030
13.278618 -20.923756 2.168105 2.448993
12.788097 -20.465233 2.111290 2.451902
12.404710 -20.163568 2.071185 2.453955
12.073411 -19.935572 2.039057 2.455600
11.766972 -19.739279 2.010528 2.457061
11.499093 -19.599731 1.988089 2.458210
11.247938 -19.482000 1.968134 2.459231
11.033290 -19.422104 1.954254 2.459942
10.811688 -19.345238 1.938877 2.460729
10.613035 -19.305040 1.927376 2.461318
10.416845 -19.265554 1.916126 2.461894
10.222986 -19.226641 1.905111 2.462458
10.035149 -19.195471 1.895034 2.462974
9.852142 -19.170197 1.885703 2.463452
9.663744 -19.130962 1.875161 2.463992
9.486258 -19.109945 1.866564 2.464432
9.310504 -19.089363 1.858160 2.464862
9.136433 -19.069206 1.849944 2.465283
8.969487 -19.061134 1.843041 2.465636
8.806470 -19.058950 1.836840 2.465954
8.640765 -19.048460 1.829971 2.466305
8.474827 -19.034773 1.822927 2.466666
8.308143 -19.016588 1.815587 2.467042
8.142889 -18.998787 1.808415 2.467409
7.979026 -18.981358 1.801410 2.467768
7.816520 -18.964298 1.794568 2.468118
7.655326 -18.947598 1.787887 2.468460
7.495412 -18.931253 1.781364 2.468794
7.336743 -18.915257 1.774995 2.469120
7.179284 -18.899603 1.768780 2.469438
7.020915 -18.878670 1.762191 2.469776
6.860307 -18.848539 1.754865 2.470151
6.706453 -18.833910 1.749101 2.470446
6.553673 -18.819588 1.743479 2.470734
6.401941 -18.805582 1.737999 2.471014
6.251230 -18.791889 1.732658 2.471288
6.098452 -18.769104 1.726589 2.471599
5.946117 -18.744537 1.720469 2.471912
5.798448 -18.731764 1.715539 2.472164
5.651683 -18.719282 1.710740 2.472410
5.505596 -18.706408 1.706009 2.472652
5.360009 -18.692574 1.701293 2.472894
5.214769 -18.677206 1.696540 2.473137
5.068076 -18.653622 1.691143 2.473413
4.925916 -18.643850 1.687098 2.473620
4.784482 -18.634323 1.683172 2.473822
4.643742 -18.625032 1.679363 2.474016
4.503679 -18.615980 1.675671 2.474205
4.364269 -18.607161 1.672094 2.474389
4.225490 -18.598572 1.668631 2.474566
4.087324 -18.590212 1.665280 2.474738
3.949742 -18.582077 1.662041 2.474903
3.812728 -18.574167 1.658912 2.475064
3.677368 -18.572073 1.656392 2.475193
3.541407 -18.564714 1.653490 2.475341
3.405745 -18.556444 1.650595 2.475489
3.270586 -18.548412 1.647810 2.475632
3.138132 -18.553757 1.646298 2.475709
3.004438 -18.549967 1.644060 2.475824
2.871032 -18.545746 1.641870 2.475936
2.739532 -18.552074 1.640697 2.475996
2.607019 -18.549902 1.638855 2.476091
2.474450 -18.545145 1.636869 2.476192
2.343665 -18.552025 1.635992 2.476237
2.213048 -18.559195 1.635222 2.476276
2.082574 -18.566563 1.634550 2.476311
1.952220 -18.574131 1.633977 2.476340
1.821567 -18.577780 1.633139 2.476383
1.691389 -18.585253 1.632718 2.476405
1.561289 -18.592909 1.632394 2.476421
1.431245 -18.600685 1.632159 2.476433
1.301247 -18.608707 1.632026 2.476440
1.171270 -18.616804 1.631980 2.476443
1.042265 -18.642300 1.633537 2.476363
0.913337 -18.674561 1.635765 2.476249
0.783220 -18.687054 1.636341 2.476219
0.652820 -18.694315 1.636538 2.476209
0.522553 -18.707708 1.637351 2.476167
0.392232 -18.725025 1.638587 2.476104
0.261711 -18.742567 1.639922 2.476036
0.130914 -18.751690 1.640600 2.476001
-0.000000 -18.764288 1.641663 2.475947
-0.131141 -18.784189 1.643444 2.475856
-0.262826 -18.822262 1.646895 2.475679
-0.395441 -18.878103 1.651982 2.475419
-0.528337 -18.914764 1.655473 2.475240
-0.661455 -18.941603 1.658186 2.475101
-0.795217 -18.973297 1.661406 2.474936
-0.930052 -19.016279 1.665698 2.474716
-1.068303 -19.107975 1.674342 2.474274
-1.205517 -19.161158 1.679699 2.473999
-1.343250 -19.209372 1.684706 2.473743
-1.483628 -19.281456 1.691895 2.473375
-1.626953 -19.374851 1.701046 2.472906
-1.768687 -19.434586 1.707333 2.472584
-1.909564 -19.475250 1.712034 2.472344
-2.056239 -19.563808 1.721039 2.471883
-2.207794 -19.682924 1.732832 2.471279
-2.359399 -19.786507 1.743359 2.470740
-2.507208 -19.846581 1.750151 2.470392
-2.680580 -20.090019 1.773226 2.469211
-2.841905 -20.221207 1.786512 2.468530
-3.010539 -20.387329 1.803002 2.467686
-3.186697 -20.584805 1.822389 2.466694
-3.378576 -20.859949 1.848791 2.465342
-3.576588 -21.146059 1.876316 2.463933
-3.775357 -21.411116 1.902128 2.462611
-3.946626 -21.503469 1.912733 2.462068
-4.115891 -21.576250 1.921716 2.461608
-4.295743 -21.695078 1.934924 2.460932
-4.454923 -21.702696 1.938330 2.460757
-4.617134 -21.721909 1.942877 2.460525
-4.773933 -21.713093 1.945022 2.460415
-4.924046 -21.673264 1.944487 2.460442
-5.072062 -21.624842 1.943272 2.460505
-5.221196 -21.581841 1.942636 2.460537
-5.372203 -21.546730 1.942804 2.460528
-5.525113 -21.518890 1.943725 2.460481
-5.665994 -21.444921 1.940569 2.460643
-5.813594 -21.397573 1.939910 2.460676
-5.962578 -21.355555 1.939827 2.460681
-6.112267 -21.316011 1.940064 2.460669
-6.252508 -21.244198 1.937454 2.460802
-6.395030 -21.181358 1.935748 2.460890
-6.540361 -21.128487 1.935041 2.460926
-6.686163 -21.077459 1.934596 2.460948
-6.822167 -20.996469 1.931487 2.461108
-6.962655 -20.930511 1.929844 2.461192
-7.104844 -20.870338 1.928822 2.461244
-7.241046 -20.793446 1.926341 2.461371
-7.381050 -20.728397 1.925042 2.461438
-7.529305 -20.686594 1.925994 2.461389
-7.682967 -20.658873 1.928360 2.461268
-7.833548 -20.621958 1.929972 2.461185
-7.978933 -20.570913 1.930361 2.461165
-8.129140 -20.531866 1.931976 2.461083
-8.297551 -20.537159 1.937877 2.460781
-8.451316 -20.504427 1.940309 2.460656
-8.618911 -20.503576 1.945875 2.460371
-8.784963 -20.496849 1.951010 2.460108
-8.956518 -20.500662 1.957277 2.459787
-9.124518 -20.494005 1.962675 2.459511
-9.295635 -20.492113 1.968661 2.459204
-9.481593 -20.520046 1.977656 2.458744
-9.664007 -20.537058 1.985749 2.458330
-9.858153 -20.575556 1.996078 2.457801
-10.056071 -20.618002 2.006958 2.457244
-10.259130 -20.666883 2.018638 2.456646
-10.477094 -20.741117 2.032984 2.455911
-10.701699 -20.823252 2.048308 2.455127
-10.979227 -21.001326 2.073313 2.453846
-11.238321 -21.136208 2.094324 2.452770
-11.460303 -21.195387 2.108065 2.452067
-11.696081 -21.275089 2.124061 2.451248
-11.903177 -21.298223 2.134616 2.450708
-12.100544 -21.300810 2.143290 2.450264
-12.284515 -21.277405 2.149512 2.449945
-12.470757 -21.255890 2.156081 2.449609
-12.632410 -21.191063 2.158399 2.449490
-12.792459 -21.122858 2.160496 2.449383
-12.955674 -21.059149 2.163178 2.449245
-13.123018 -21.001219 2.166585 2.449071
-13.291867 -20.944630 2.170268 2.448882
-13.444153 -20.861238 2.171300 2.448829
-13.599721 -20.782549 2.172939 2.448745
-13.760572 -20.711329 2.175483 2.448615
-13.924033 -20.643229 2.178488 2.448461
-14.078811 -20.561584 2.180192 2.448374
-14.230293 -20.474707 2.181461 2.448309
-14.380364 -20.385464 2.182596 2.448251
-14.529720 -20.294899 2.183707 2.448194
-14.679286 -20.204304 2.184932 2.448131
-14.821619 -20.103554 2.185174 2.448119
-14.957636 -19.994282 2.184594 2.448149
-15.089798 -19.880072 2.183573 2.448201
-15.221676 -19.765751 2.182635 2.448249
-15.354820 -19.653275 2.181999 2.448282
-15.491549 -19.545464 2.181984 2.448282
-15.618954 -19.426058 2.180774 2.448344
-15.743515 -19.303459 2.179296 2.448420
-15.870583 -19.184235 2.178293 2.448471
-15.997902 -19.065557 2.177446 2.448515
-16.120129 -18.941082 2.176030 2.448587
-16.239222 -18.813316 2.174323 2.448674
-16.358267 -18.685900 2.172743 2.448756
-16.468464 -18.548874 2.170126 2.448889
-16.582275 -18.416483 2.168128 2.448992
-16.701460 -18.290426 2.166963 2.449052
-16.822983 -18.167168 2.166221 2.449089
-16.945158 -18.044764 2.165679 2.449117
-17.055466 -17.910000 2.163743 2.449216
-17.170506 -17.780579 2.162537 2.449278
-17.294395 -17.660448 2.162559 2.449277
-17.409279 -17.531244 2.161568 2.449328
-17.518669 -17.396793 2.160017 2.449407
-17.629358 -17.263941 2.158751 2.449472
-17.740511 -17.131813 2.157664 2.449528
-17.841208 -16.989946 2.155432 2.449642
-17.945486 -16.851931 2.153764 2.449727
-18.049614 -16.714127 2.152205 2.449807
-18.144699 -16.568382 2.149697 2.449935
-18.242702 -16.425802 2.147670 2.450039
-18.339542 -16.282602 2.145635 2.450144
-18.430183 -16.134405 2.143009 2.450278
-18.518370 -15.984630 2.140235 2.450420
-18.601238 -15.830891 2.136987 2.450586
-18.678579 -15.673189 2.133250 2.450778
-18.754553 -15.515111 2.129503 2.450969
-18.830053 -15.357414 2.125850 2.451156
-18.899948 -15.195950 2.121713 2.451368
-18.962896 -15.029803 2.116948 2.451612
-19.020472 -14.860420 2.111742 2.451879
-19.079172 -14.692936 2.106819 2.452131
-19.137436 -14.526103 2.102004 2.452377
-19.193890 -14.358866 2.097143 2.452626
-19.238649 -14.183952 2.091162 2.452932
-19.284735 -14.011179 2.085489 2.453223
-19.338667 -13.845120 2.080817 2.453462
-19.395031 -13.681688 2.076554 2.453681
-19.448738 -13.517226 2.072150 2.453906
-19.512878 -13.360744 2.068995 2.454067
-19.581928 -13.208177 2.066489 2.454196
-19.649656 -13.055196 2.063967 2.454325
-19.734827 -12.914107 2.063393 2.454354
-19.830908 -12.780149 2.064060 2.454320
-19.945955 -12.658085 2.066786 2.454181
-20.070444 -12.541406 2.070562 2.453987
-20.240011 -12.451734 2.079036 2.453553
-20.466688 -12.395065 2.093381 2.452819
-20.598438 -12.279136 2.098037 2.452580
-20.736580 -12.166076 2.103405 2.452306
-20.875429 -12.052435 2.108903 2.452024
-21.015018 -11.938188 2.114533 2.451736
-21.155354 -11.823326 2.120296 2.451441
-21.265717 -11.690928 2.123126 2.451296
-21.269466 -11.500355 2.115433 2.451690
-21.273188 -11.311154 2.107897 2.452075
-21.276880 -11.123280 2.100517 2.452453
-21.280546 -10.936714 2.093290 2.452824
-21.284185 -10.751417 2.086214 2.453186
-21.287800 -10.567353 2.079286 2.453541
-21.291389 -10.384504 2.072505 2.453888
-21.294954 -10.202828 2.065868 2.454227
-21.298494 -10.022309 2.059373 2.454560
-21.250015 -9.818887 2.048008 2.455142
-20.833849 -9.450650 2.001492 2.457524
-20.573215 -9.159785 1.970261 2.459123
-20.576546 -8.989668 1.964522 2.459416
-20.579857 -8.820537 1.958911 2.459704
-20.583147 -8.652359 1.953427 2.459985
-20.648100 -8.510530 1.953904 2.459960
-20.785631 -8.397941 1.961323 2.459580
-20.924221 -8.284482 1.968895 2.459193
-21.063887 -8.170142 1.976622 2.458797
-21.204659 -8.054895 1.984506 2.458393
-21.339304 -7.936013 1.991874 2.458016
-21.342581 -7.768064 1.987069 2.458262
-21.345840 -7.600908 1.982383 2.458502
-21.349083 -7.434536 1.977816 2.458736
-21.352310 -7.268920 1.973366 2.458964
-21.355522 -7.104034 1.969031 2.459186
-21.358717 -6.939868 1.964810 2.459402
-21.361898 -6.776390 1.960703 2.459612
-21.365065 -6.613591 1.956708 2.459816
-21.368217 -6.451447 1.952824 2.460015
-21.371357 -6.289930 1.949051 2.460208
-21.374483 -6.129035 1.945386 2.460396
-21.198149 -5.918626 1.925529 2.461413
-20.938442 -5.688848 1.898285 2.462808
-20.685970 -5.465470 1.871891 2.464159
-20.648409 -5.301608 1.865097 2.464507
-20.651367 -5.148964 1.862072 2.464662
-20.654316 -4.996801 1.859147 2.464812
-20.657255 -4.845114 1.856322 2.464956
-20.712297 -4.705719 1.858270 2.464857
-20.861853 -4.586773 1.868770 2.464319
-21.013109 -4.466474 1.879480 2.463771
-21.166121 -4.344777 1.890407 2.463211
-21.320921 -4.221655 1.901554 2.462640
-21.414076 -4.084955 1.907272 2.462348
-21.417053 -3.930763 1.905046 2.462462
-21.420023 -3.776928 1.902919 2.462570
-21.422985 -3.623423 1.900888 2.462675
-21.425940 -3.470244 1.898954 2.462773
-21.428886 -3.317368 1.897117 2.462867
-21.431826 -3.164774 1.895375 2.462957
-21.434759 -3.012459 1.893728 2.463041
-21.437687 -2.860395 1.892176 2.463120
-21.440609 -2.708578 1.890719 2.463195
-21.443525 -2.556987 1.889356 2.463265
-21.446436 -2.405601 1.888087 2.463330
-21.430517 -2.252438 1.885255 2.463475
-21.232010 -2.081813 1.866468 2.464437
-21.037418 -1.914554 1.848142 2.465375
-20.846600 -1.750539 1.830260 2.466290
-20.719908 -1.594308 1.818115 2.466913
-20.722692 -1.449072 1.817428 2.466948
-20.725475 -1.303933 1.816829 2.466978
-20.728254 -1.158888 1.816319 2.467005
-20.731030 -1.013918 1.815898 2.467026
-20.836472 -0.873305 1.824556 2.466583
-21.007050 -0.733582 1.838999 2.465843
-21.180365 -0.591618 1.853765 2.465087
-21.356485 -0.447353 1.868860 2.464314
-21.486782 -0.300033 1.880033 2.463742
-21.489649 -0.150026 1.880146 2.463737
-21.492512 0.000000 1.880351 2.463726
-21.495375 0.150072 1.880648 2.463711
-21.498240 0.300193 1.881036 2.463691
-21.501102 0.450383 1.881515 2.463666
-21.503965 0.600662 1.882087 2.463637
-21.506830 0.751035 1.882751 2.463603
-21.509695 0.901527 1.883507 2.463564
-21.512562 1.052141 1.884355 2.463521
-21.515429 1.202898 1.885296 2.463473
-21.518299 1.353819 1.886329 2.463420
-21.521170 1.504907 1.887456 2.463362
-21.388643 1.645770 1.876795 2.463908
-21.233473 1.783026 1.864226 2.464551
-21.080360 1.918462 1.851914 2.465182
-20.929241 2.052132 1.839852 2.465800
-20.791981 2.185325 1.829082 2.466351
-20.794771 2.332511 1.830716 2.466267
-20.797564 2.479960 1.832441 2.466179
-20.800362 2.627696 1.834260 2.466086
-20.803164 2.775737 1.836171 2.465988
-20.941612 2.943152 1.850159 2.465272
-21.163822 3.125205 1.871673 2.464170
-21.391262 3.311543 1.893786 2.463038
-21.558811 3.491765 1.910731 2.462170
-21.561743 3.646898 1.913200 2.462044
-21.564678 3.802435 1.915770 2.461912
-21.567621 3.958403 1.918440 2.461776
-21.570572 4.114808 1.921210 2.461634
-21.573528 4.271673 1.924083 2.461487
-21.576494 4.429020 1.927058 2.461334
-21.579468 4.586857 1.930137 2.461177
-21.582449 4.745213 1.933320 2.461014
-21.585440 4.904093 1.936607 2.460846
-21.588438 5.063521 1.940001 2.460672
-21.591446 5.223523 1.943501 2.460493
-21.534878 5.369248 1.941736 2.460583
-21.394695 5.493228 1.932507 2.461056
-21.255836 5.616035 1.923459 2.461519
-21.118265 5.737704 1.914588 2.461973
-20.981943 5.858266 1.905890 2.462418
-20.863567 5.982532 1.898885 2.462777
-20.866545 6.141362 1.903012 2.462566
-20.869534 6.300885 1.907250 2.462349
-20.872536 6.461128 1.911600 2.462126
-20.879406 6.623340 1.916418 2.461879
-21.204573 6.889783 1.950630 2.460128
-21.541590 7.165937 1.986187 2.458307
-21.631571 7.363989 1.999175 2.457642
-21.634748 7.534016 2.004281 2.457381
-21.637941 7.704927 2.009511 2.457113
-21.641150 7.876735 2.014867 2.456839
-21.644375 8.049475 2.020350 2.456558
-21.647615 8.223159 2.025962 2.456271
-21.650873 8.397819 2.031704 2.455977
-21.654148 8.573486 2.037578 2.455676
-21.657440 8.750174 2.043586 2.455368
-21.660751 8.927921 2.049731 2.455054
-21.664080 9.106742 2.056012 2.454732
-21.528578 9.227159 2.049216 2.455080
-21.393509 9.346597 2.042520 2.455423
-21.259317 9.465258 2.035968 2.455758
-21.125973 9.583170 2.029556 2.456087
-20.993462 9.700342 2.023282 2.456408
-20.935751 9.851615 2.024299 2.456356
-20.939106 10.032341 2.031347 2.455995
-20.942482 10.214332 2.038543 2.455626
-20.945883 10.397631 2.045890 2.455250
-21.489309 10.855032 2.106319 2.452156
-21.702089 11.153358 2.134756 2.450701
-21.705685 11.347461 2.142850 2.450286
-21.709307 11.543043 2.151111 2.449863
-21.712955 11.740156 2.159542 2.449431
-21.716633 11.938821 2.168144 2.448991
-21.720337 12.139084 2.176922 2.448542
-21.724070 12.340992 2.185878 2.448083
-21.727833 12.544570 2.195015 2.447615
-21.731625 12.749873 2.204337 2.447138
-21.694405 12.932463 2.209666 2.446865
-21.556038 13.054799 2.204802 2.447114
-21.418266 13.176609 2.200066 2.447356
-21.281084 13.297896 2.195457 2.447592
-21.144461 13.418688 2.190974 2.447822
-21.008394 13.538987 2.186616 2.448045
-21.007784 13.747108 2.196488 2.447540
-21.011707 13.960149 2.207035 2.447000
-21.015669 14.175247 2.217792 2.446449
-21.771395 14.907190 2.308471 2.441806
-20.381451 14.165479 2.171525 2.448818
-20.060877 14.151390 2.147843 2.450030
-19.742756 14.134428 2.124297 2.451236
-19.471497 14.146871 2.105685 2.452189
-19.265263 14.203581 2.094055 2.452784
-18.996103 14.210903 2.075532 2.453733
-18.860991 14.316269 2.071639 2.453932
-18.674650 14.381419 2.062150 2.454418
-18.504847 14.457571 2.054495 2.454810
-18.321812 14.521693 2.045380 2.455276
-18.158173 14.599547 2.038441 2.455632
-18.005322 14.684780 2.032741 2.455924
-17.855293 14.771187 2.027397 2.456197
-17.682148 14.837084 2.019449 2.456604
-17.527708 14.917254 2.013656 2.456901
-17.373516 14.996418 2.007920 2.457195
-17.240147 15.092607 2.004635 2.457363
-17.073355 15.158437 1.997498 2.457728
-16.967466 15.277575 1.997539 2.457726
-16.840855 15.377818 1.995224 2.457844
-16.719437 15.482369 1.993596 2.457928
-16.600113 15.588541 1.992296 2.457994
-16.476961 15.690802 1.990615 2.458080
-16.397053 15.834451 1.994268 2.457894
-16.281441 15.943970 1.993696 2.457923
-16.178030 16.065479 1.994719 2.457870
-16.098585 16.211367 1.998829 2.457660
-15.968842 16.306847 1.996807 2.457763
-15.849456 16.412592 1.996158 2.457797
-15.691487 16.477690 1.990703 2.458076
-15.533315 16.541302 1.985238 2.458356
-15.339329 16.564966 1.975178 2.458871
-15.160333 16.602686 1.967007 2.459289
-14.976817 16.633440 1.958215 2.459739
-14.782764 16.650232 1.947994 2.460263
-14.580432 16.655096 1.936607 2.460846
-14.406615 16.690224 1.928950 2.461238
-14.231225 16.721636 1.921050 2.461642
-14.051937 16.746447 1.912584 2.462076
-13.881264 16.779572 1.905252 2.462451
-13.704287 16.803118 1.897016 2.462873
-13.561573 16.867193 1.893515 2.463052
-13.414872 16.925360 1.889485 2.463258
-13.251539 16.961197 1.883112 2.463585
-13.090708 16.998636 1.877076 2.463894
-12.928786 17.033049 1.870863 2.464212
-12.762228 17.059620 1.863950 2.464566
-12.629001 17.129564 1.861913 2.464670
-12.427914 17.105556 1.849828 2.465289
-12.234983 17.089649 1.838826 2.465852
-11.993009 17.001175 1.820252 2.466803
-11.805979 16.986576 1.809821 2.467337
-11.627894 16.982115 1.800652 2.467807
-11.463814 16.995802 1.793574 2.468169
-11.302251 17.011261 1.786834 2.468514
-11.160614 17.055208 1.783223 2.468699
-11.005639 17.077406 1.777467 2.468994
-10.799728 17.017653 1.763357 2.469716
-10.630396 17.012190 1.755058 2.470141
-10.480558 17.035910 1.749914 2.470404
-10.308631 17.021576 1.741007 2.470860
-10.133365 16.998875 1.731407 2.471352
-9.968316 16.990587 1.723432 2.471760
-9.809967 16.991362 1.716522 2.472114
-9.627618 16.947678 1.705277 2.472690
-9.463977 16.933794 1.697191 2.473104
-9.259101 16.842239 1.681495 2.473907
-9.135783 16.896282 1.680481 2.473959
-8.979396 16.887787 1.673361 2.474324
-8.792192 16.817917 1.660315 2.474992
-8.646662 16.824587 1.654974 2.475265
-8.523974 16.874599 1.653999 2.475315
-8.390620 16.902800 1.650981 2.475470
-8.247979 16.910864 1.646104 2.475719
-8.076263 16.856468 1.635281 2.476274
-7.949752 16.894085 1.633507 2.476364
-7.830682 16.947145 1.633311 2.476374
-7.692558 16.958155 1.629156 2.476587
-7.563755 16.988472 1.626956 2.476700
-7.425652 16.996655 1.622736 2.476916
-7.295931 17.022686 1.620319 2.477040
-7.157877 17.027914 1.616020 2.477260
-7.027512 17.050028 1.613423 2.477393
-6.923640 17.136610 1.617003 2.477209
-6.796834 17.166853 1.615340 2.477294
-6.665286 17.184135 1.612548 2.477437
-6.532682 17.197403 1.609474 2.477595
-6.394457 17.194183 1.604956 2.477826
-6.266879 17.218109 1.603066 2.477923
-6.142042 17.248867 1.601898 2.477983
-6.007114 17.250086 1.598078 2.478179
-5.875739 17.259865 1.595145 2.478328
-5.746958 17.275997 1.592889 2.478444
-5.619628 17.295437 1.591025 2.478539
-5.501968 17.344412 1.591958 2.478492
-5.374365 17.361771 1.590069 2.478588
-5.244933 17.372051 1.587618 2.478714
-5.121328 17.400787 1.586938 2.478749
-4.992709 17.411646 1.584711 2.478863
-4.867005 17.431665 1.583401 2.478930
-4.743598 17.459343 1.582869 2.478957
-4.617407 17.476183 1.581434 2.479030
-4.490548 17.489536 1.579767 2.479116
-4.365838 17.510420 1.578862 2.479162
-4.243902 17.542181 1.579016 2.479154
-4.123656 17.581322 1.579909 2.479109
-4.003473 17.621368 1.580958 2.479055
-3.882203 17.657282 1.581710 2.479016
-3.757631 17.678263 1.581201 2.479043
-3.633455 17.700804 1.580909 2.479057
-3.512347 17.738680 1.582063 2.478998
-3.391000 17.776266 1.583266 2.478937
-3.271972 17.827587 1.585763 2.478809
-3.151731 17.874357 1.587928 2.478698
-3.029196 17.909668 1.589147 2.478636
-2.909775 17.965530 1.592263 2.478476
-2.791869 18.034401 1.596600 2.478254
-2.671566 18.091820 1.599993 2.478080
-2.550188 18.145533 1.603130 2.477920
-2.429222 18.206154 1.606948 2.477724
-2.312737 18.307241 1.614406 2.477342
-2.192706 18.388618 1.620193 2.477046
-2.075032 18.499342 1.628632 2.476614
-1.952470 18.576508 1.634186 2.476330
-1.830148 18.665276 1.640831 2.475989
-1.707173 18.758736 1.647959 2.475624
-1.582219 18.842192 1.654280 2.475301
-1.457988 18.948273 1.662659 2.474872
-1.330257 19.023563 1.668410 2.474577
-1.204696 19.148066 1.678551 2.474058
-1.076575 19.256065 1.687318 2.473609
-0.947427 19.371637 1.696824 2.473123
-0.816574 19.482903 1.706030 2.472651
-0.683950 19.585768 1.714577 2.472214
-0.551823 19.755501 1.729057 2.471472
-0.417682 19.940258 1.744929 2.470659
-0.281248 20.141895 1.762359 2.469767
-0.152374 21.826000 1.909574 2.462230
0.000000 21.960339 1.921281 2.461630
0.155535 22.278721 1.949183 2.460202
0.315674 22.606525 1.978008 2.458726
0.478628 22.849215 1.999486 2.457626
0.638324 22.852274 2.000095 2.457595
0.798126 22.855337 2.000802 2.457559
0.958048 22.858402 2.001607 2.457518
1.118120 22.861469 2.002510 2.457471
1.278331 22.864540 2.003512 2.457420
1.438711 22.867615 2.004613 2.457364
1.599275 22.870693 2.005812 2.457302
1.743343 22.656801 1.988073 2.458211
1.880931 22.399324 1.966584 2.459311
2.015573 22.147364 1.945651 2.460382
2.147385 21.900700 1.925251 2.461427
2.298944 21.872988 1.924179 2.461482
2.453779 21.875959 1.925901 2.461394
2.608912 21.878935 1.927719 2.461301
2.817897 22.305916 1.967025 2.459288
3.035739 22.751789 2.008164 2.457182
3.218632 22.901758 2.023335 2.456405
3.382299 22.904900 2.025650 2.456287
3.546361 22.908049 2.028068 2.456163
3.710811 22.911205 2.030592 2.456034
3.875678 22.914371 2.033221 2.455899
4.040981 22.917545 2.035956 2.455759
4.199540 22.881506 2.035309 2.455792
4.328039 22.688334 2.020765 2.456537
4.454711 22.497910 2.006526 2.457266
4.579618 22.310144 1.992583 2.457980
4.702806 22.124962 1.978928 2.458679
4.824324 21.942293 1.965554 2.459364
4.981128 21.924484 1.967026 2.459288
5.143076 21.927595 1.970478 2.459111
5.326807 22.018372 1.981929 2.458525
5.659630 22.699535 2.046749 2.455206
5.893360 22.953131 2.073274 2.453848
6.065360 22.956436 2.077348 2.453640
6.238033 22.959755 2.081538 2.453425
6.411412 22.963089 2.085847 2.453205
6.585520 22.966436 2.090277 2.452978
6.760377 22.969799 2.094827 2.452745
6.897050 22.844107 2.087705 2.453110
7.007488 22.637518 2.073245 2.453850
7.116412 22.433764 2.059084 2.454575
7.223864 22.232767 2.045215 2.455285
7.329884 22.034451 2.031630 2.455980
7.480067 21.972530 2.030686 2.456029
7.652807 21.975855 2.035881 2.455763
7.848889 22.042234 2.047057 2.455191
8.276022 22.738182 2.117004 2.451609
8.555230 23.004328 2.147292 2.450058
8.739883 23.007883 2.153267 2.449753
8.925562 23.011457 2.159380 2.449440
9.112307 23.015053 2.165635 2.449120
9.300146 23.018669 2.172031 2.448792
9.489107 23.022306 2.178573 2.448457
9.601376 22.840750 2.167683 2.449015
9.705832 22.645391 2.155521 2.449637
9.809131 22.452206 2.143598 2.450248
9.911298 22.261139 2.131911 2.450846
10.012362 22.072136 2.120453 2.451433
10.176731 22.024446 2.122645 2.451320
10.365637 22.028086 2.129919 2.450948
11.044802 23.052273 2.236349 2.445499
11.245228 23.056135 2.244285 2.445092
11.447092 23.060024 2.252388 2.444678
11.650445 23.063944 2.260661 2.444254
11.855292 23.067892 2.269105 2.443822
12.061686 23.071871 2.277724 2.443380
12.224214 22.990402 2.278051 2.443364
12.326972 22.798264 2.267484 2.443905
12.319962 22.409910 2.237360 2.445447
12.478701 22.327995 2.237825 2.445423
12.629686 22.232262 2.237012 2.445465
12.744396 22.073940 2.229980 2.445825
12.953062 22.077965 2.239468 2.445339
13.165695 22.085642 2.249516 2.444825
13.348715 22.041336 2.254440 2.444573
13.541393 22.011215 2.260973 2.444238
13.726530 21.967041 2.266224 2.443969
13.912894 21.923220 2.271668 2.443691
14.080042 21.847933 2.273998 2.443571
14.261376 21.793657 2.278656 2.443333
14.445945 21.742889 2.283837 2.443068
14.636210 21.699074 2.289912 2.442756
14.820396 21.644648 2.295031 2.442494
15.008089 21.593796 2.300694 2.442204
15.201283 21.549183 2.307191 2.441872
15.395229 21.503824 2.313786 2.441534
15.595543 21.465424 2.321312 2.441149
15.806678 21.439661 2.330403 2.440683
16.027319 21.424145 2.340823 2.440150
16.271975 21.437525 2.354640 2.439442
16.507021 21.434799 2.366940 2.438813
16.766232 21.459797 2.382568 2.438012
17.006275 21.456583 2.395334 2.437359
17.290966 21.505610 2.414226 2.436392
17.520527 21.482279 2.425278 2.435826
17.804045 21.521389 2.443667 2.434884
18.133715 21.610920 2.468147 2.433631
18.294529 21.496004 2.469549 2.433559
18.455547 21.380945 2.471074 2.433481
18.616762 21.265747 2.472721 2.433397
18.778198 21.150391 2.474491 2.433306
18.832710 20.915844 2.462372 2.433927
18.837915 20.630154 2.444162 2.434859
18.843046 20.348625 2.426335 2.435772
18.848104 20.071184 2.408885 2.436665
17.831572 18.724991 2.262204 2.444175
17.836224 18.469950 2.246381 2.444985
17.840813 18.218441 2.230886 2.445779
17.906836 18.032274 2.223344 2.446165
18.053263 17.927656 2.225931 2.446032
18.200039 17.822792 2.228632 2.445894
18.347181 17.717667 2.231449 2.445750
18.494703 17.612270 2.234383 2.445600
18.642632 17.506586 2.237433 2.445443
18.790962 17.400616 2.240601 2.445281
18.899498 17.257610 2.239122 2.445357
18.903828 17.021082 2.225502 2.446054
18.908106 16.787407 2.212155 2.446738
18.912336 16.556488 2.199072 2.447407
18.916517 16.328293 2.186250 2.448064
18.920652 16.102734 2.173682 2.448707
18.924742 15.879744 2.161363 2.449338
17.903164 14.810788 2.032832 2.455919
17.906948 14.604541 2.021635 2.456492
17.910692 14.400560 2.010658 2.457054
17.972569 14.244879 2.006392 2.457273
18.108414 14.147842 2.010481 2.457063
18.244820 14.050406 2.014686 2.456848
18.381817 13.952549 2.019008 2.456627
18.519400 13.854276 2.023447 2.456399
18.657597 13.755564 2.028004 2.456166
18.796427 13.656403 2.032682 2.455927
18.935904 13.556779 2.037481 2.455681
18.970646 13.382310 2.031116 2.456007
18.974237 13.187432 2.021594 2.456494
18.977797 12.994366 2.012259 2.456972
18.981325 12.803065 2.003107 2.457441
18.984821 12.613488 1.994134 2.457900
18.988289 12.425580 1.985338 2.458351
18.991728 12.239328 1.976715 2.458792
18.995138 12.054679 1.968263 2.459225
18.473005 11.543216 1.905763 2.462425
17.972294 11.056631 1.846099 2.465480
17.975443 10.886308 1.838570 2.465865
17.978569 10.717373 1.831192 2.466243
17.981670 10.549781 1.823962 2.466613
18.071991 10.433869 1.825691 2.466525
18.202663 10.340554 1.831554 2.466224
18.334194 10.246627 1.837545 2.465918
18.466585 10.152085 1.843666 2.465604
18.599869 10.056909 1.849918 2.465284
18.734066 9.961080 1.856303 2.464957
18.869202 9.864583 1.862824 2.464623
19.005308 9.767394 1.869483 2.464282
19.040277 9.617931 1.866272 2.464447
19.043339 9.453194 1.860058 2.464765
19.046381 9.289541 1.853976 2.465076
19.049406 9.126948 1.848023 2.465381
19.052412 8.965377 1.842197 2.465679
19.055401 8.804826 1.836498 2.465971
19.058371 8.645258 1.830923 2.466257
19.061327 8.486650 1.825470 2.466536
19.064264 8.328975 1.820139 2.466809
19.067188 8.172200 1.814926 2.467076
18.660908 7.844319 1.770998 2.469325
18.237736 7.517050 1.725815 2.471638
18.042273 7.289552 1.702461 2.472834
18.044983 7.144516 1.697969 2.473064
18.047678 7.000226 1.693582 2.473289
18.050362 6.856685 1.689301 2.473508
18.053032 6.713861 1.685123 2.473722
18.180347 6.617105 1.692654 2.473336
18.314342 6.521446 1.700849 2.472917
18.449659 6.424845 1.709208 2.472488
18.586311 6.327292 1.717734 2.472052
18.724340 6.228756 1.726429 2.471607
18.863781 6.129214 1.735299 2.471153
19.004669 6.028639 1.744345 2.470689
19.109409 5.915344 1.750125 2.470393
19.112133 5.770288 1.746642 2.470572
19.114845 5.625803 1.743259 2.470745
19.117550 5.481869 1.739973 2.470913
19.120247 5.338471 1.736784 2.471077
19.122934 5.195580 1.733690 2.471235
19.125612 5.053200 1.730693 2.471388
19.128283 4.911306 1.727790 2.471537
19.130947 4.769881 1.724980 2.471681
19.133602 4.628908 1.722264 2.471820
19.136251 4.488361 1.719640 2.471954
19.100180 4.339450 1.713634 2.472262
18.847263 4.143837 1.688306 2.473559
18.601702 3.953914 1.663796 2.474814
18.363159 3.769417 1.640066 2.476028
18.131296 3.590087 1.617080 2.477206
18.114294 3.455482 1.613373 2.477395
18.116760 3.325046 1.611485 2.477492
18.119223 3.194908 1.609681 2.477584
18.121679 3.065054 1.607959 2.477672
18.124132 2.935463 1.606319 2.477757
18.254034 2.825870 1.616045 2.477258
18.405367 2.717866 1.627723 2.476660
18.558910 2.608285 1.639651 2.476050
18.714729 2.497080 1.651837 2.475426
18.872904 2.384196 1.664289 2.474788
19.033478 2.269601 1.677010 2.474137
19.180475 2.151433 1.688598 2.473544
19.183044 2.016219 1.687543 2.473598
19.185612 1.881168 1.686573 2.473647
19.188177 1.746255 1.685686 2.473693
19.190741 1.611487 1.684881 2.473734
19.193304 1.476842 1.684160 2.473771
19.195866 1.342306 1.683522 2.473804
19.198427 1.207865 1.682966 2.473832
19.200987 1.073496 1.682492 2.473856
19.203548 0.939206 1.682101 2.473876
19.206110 0.804972 1.681792 2.473892
19.208670 0.670782 1.681565 2.473904
19.152655 0.534984 1.676294 2.474174
18.974863 0.397461 1.660450 2.474985
18.800406 0.262516 1.644983 2.475777
18.629160 0.130056 1.629880 2.476550
18.454737 -0.000000 0.967172 2.510481
18.289719 -0.127688 0.958547 2.510922
18.175945 -0.253801 0.952654 2.511224
18.178375 -0.380783 0.952897 2.511212
18.180807 -0.507836 0.953187 2.511197
18.183241 -0.634973 0.953524 2.511179
18.185678 -0.762206 0.953908 2.511160
18.188118 -0.889547 0.954338 2.511138
18.374245 -1.027280 0.964457 2.510620
18.578445 -1.168857 0.975580 2.510050
18.787422 -1.313745 0.987011 2.509465
19.001366 -1.462075 0.998763 2.508863
19.220478 -1.613989 1.010848 2.508245
19.245617 -1.751488 1.012788 2.508145
19.248224 -1.887305 1.013594 2.508104
19.250835 -2.023344 1.014451 2.508060
19.253452 -2.159621 1.015358 2.508014
19.256075 -2.296148 1.016317 2.507964
19.258703 -2.432940 1.017328 2.507913
19.261337 -2.570011 1.018390 2.507858
19.263977 -2.707375 1.019504 2.507801
19.266624 -2.845048 1.020670 2.507741
19.269278 -2.983042 1.021889 2.507679
19.271938 -3.121373 1.023161 2.507614
19.245802 -3.255184 1.022955 2.507625
19.096746 -3.367271 1.016257 2.507967
18.949621 -3.477906 1.009695 2.508303
18.804379 -3.587127 1.003266 2.508633
18.660967 -3.694971 0.996967 2.508955
18.519337 -3.801474 0.990794 2.509271
18.379446 -3.906672 0.984745 2.509581
18.248135 -4.012113 0.979186 2.509866
18.250725 -4.146463 0.980855 2.509780
18.253325 -4.281279 0.982577 2.509692
18.255936 -4.416575 0.984353 2.509601
18.258556 -4.552369 0.986184 2.509507
18.263596 -4.689294 0.988201 2.509404
18.566366 -4.905446 1.006411 2.508472
18.880524 -5.129725 1.025357 2.507502
19.206757 -5.362623 1.045082 2.506492
19.318567 -5.539510 1.053244 2.506074
19.321411 -5.686600 1.055538 2.505956
19.324266 -5.834341 1.057893 2.505836
19.327135 -5.982749 1.060311 2.505712
19.330019 -6.131844 1.062792 2.505585
19.332918 -6.281646 1.065337 2.505455
19.335831 -6.432175 1.067946 2.505321
19.338758 -6.583451 1.070620 2.505184
19.341703 -6.735494 1.073360 2.505044
19.344662 -6.888324 1.076167 2.504900
19.333576 -7.036847 1.078257 2.504793
19.199831 -7.140353 1.073552 2.505034
19.067242 -7.242966 1.068939 2.505270
18.935780 -7.344705 1.064418 2.505502
18.805420 -7.445593 1.059986 2.505729
18.676136 -7.545649 1.055643 2.505951
18.547899 -7.644893 1.051385 2.506169
18.420689 -7.743345 1.047213 2.506382
18.322447 -7.853011 1.044720 2.506510
18.325420 -8.006180 1.048051 2.506340
18.328413 -8.160336 1.051454 2.506166
18.331429 -8.315504 1.054932 2.505987
18.334463 -8.471711 1.058485 2.505805
18.954945 -8.919520 1.097875 2.503789
19.391279 -9.290744 1.126876 2.502304
19.394556 -9.459357 1.130877 2.502099
19.397858 -9.629180 1.134962 2.501890
19.401186 -9.800244 1.139132 2.501676
19.404537 -9.972578 1.143389 2.501458
19.407917 -10.146214 1.147734 2.501236
19.411322 -10.321183 1.152168 2.501009
19.414755 -10.497519 1.156694 2.500777
19.418217 -10.675255 1.161312 2.500541
19.391857 -10.837743 1.164232 2.500391
19.258953 -10.940608 1.160811 2.500566
19.126822 -11.042876 1.157465 2.500738
18.995445 -11.144561 1.154195 2.500905
18.864799 -11.245679 1.150999 2.501069
18.734873 -11.346243 1.147877 2.501229
18.605642 -11.446267 1.144827 2.501385
18.477091 -11.545767 1.141849 2.501537
18.396839 -11.674990 1.141899 2.501535
18.400415 -11.858258 1.147232 2.501262
18.404026 -12.043258 1.152671 2.500983
18.407673 -12.230030 1.158219 2.500699
19.466091 -13.130045 1.230553 2.496996
19.470024 -13.331405 1.236655 2.496683
19.473997 -13.534781 1.242879 2.496365
19.478012 -13.740227 1.249227 2.496040
19.482069 -13.947793 1.255702 2.495708
19.486170 -14.157531 1.262306 2.495370
19.490314 -14.369499 1.269042 2.495025
19.494505 -14.583752 1.275913 2.494673
19.368851 -14.701758 1.274376 2.494752
19.230091 -14.809165 1.272018 2.494873
19.091839 -14.916179 1.269730 2.494990
18.954075 -15.022815 1.267512 2.495103
18.816786 -15.129084 1.265364 2.495213
18.679955 -15.234999 1.263284 2.495320
18.543566 -15.340572 1.261272 2.495423
18.471624 -15.499533 1.263708 2.495298
18.476028 -15.724334 1.271489 2.494900
18.480488 -15.951929 1.279429 2.494493
19.543961 -17.109444 1.361291 2.490302
19.548800 -17.356237 1.370034 2.489854
19.553699 -17.606232 1.378959 2.489397
19.558668 -17.859518 1.388068 2.488931
19.563702 -18.116186 1.397367 2.488455
19.568806 -18.376333 1.406861 2.487969
19.428749 -18.501749 1.406044 2.488010
19.279089 -18.617599 1.404585 2.488085
19.129732 -18.733219 1.403198 2.488156
18.980663 -18.848614 1.401882 2.488224
18.831867 -18.963800 1.400636 2.488287
18.683327 -19.078787 1.399461 2.488348
18.544287 -19.203171 1.399055 2.488368
18.549709 -19.479115 1.409689 2.487824
18.555216 -19.759296 1.420556 2.487267
19.624105 -21.192106 1.513679 2.482500
19.630114 -21.497719 1.525681 2.481885
19.636217 -21.808229 1.537952 2.481257
19.642424 -22.123795 1.550497 2.480614
19.509598 -22.285633 1.552256 2.480524
19.345856 -22.412392 1.551640 2.480556
19.182238 -22.539055 1.551100 2.480584
19.018728 -22.665636 1.550635 2.480607
18.855305 -22.792150 1.550247 2.480627
18.691959 -22.918606 1.549935 2.480643
18.622135 -23.161266 1.557515 2.480255
18.628880 -23.503799 1.571765 2.479526
17.673115 -22.620556 1.504412 2.482974
17.042898 -22.130657 1.463882 2.485049
16.563860 -21.822079 1.435786 2.486488
16.159744 -21.601175 1.413795 2.487614
15.767239 -21.386164 1.392483 2.488705
15.291969 -21.047590 1.363454 2.490191
14.528641 -20.293392 1.307995 2.493031
13.287171 -18.835766 1.208036 2.498149
12.793400 -18.407291 1.174799 2.499850
12.431216 -18.155334 1.153151 2.500958
12.136387 -17.992933 1.137427 2.501764
11.860003 -17.850740 1.123177 2.502493
11.598256 -17.723993 1.110080 2.503164
11.360729 -17.628401 1.099098 2.503726
11.149669 -17.569069 1.090519 2.504165
10.951478 -17.526028 1.083076 2.504546
10.755819 -17.483335 1.075771 2.504920
10.558098 -17.433493 1.068142 2.505311
10.373264 -17.401314 1.061707 2.505641
10.189554 -17.367676 1.055289 2.505969
10.019325 -17.353981 1.050181 2.506231
9.859545 -17.355938 1.046109 2.506439
9.693196 -17.343931 1.041281 2.506686
9.526970 -17.329494 1.036396 2.506937
9.362362 -17.315329 1.031614 2.507181
9.199332 -17.301428 1.026935 2.507421
9.037835 -17.287786 1.022355 2.507655
8.885784 -17.289865 1.018784 2.507838
8.735200 -17.292757 1.015337 2.508015
8.583198 -17.290741 1.011675 2.508202
8.431098 -17.286312 1.007948 2.508393
8.276384 -17.274147 1.003845 2.508603
8.123769 -17.263889 0.999928 2.508804
7.969644 -17.247894 0.995755 2.509017
7.816871 -17.232197 0.991674 2.509226
7.665733 -17.217520 0.987725 2.509429
7.516460 -17.204500 0.983944 2.509622
7.368381 -17.191723 0.980247 2.509811
7.221794 -17.179972 0.976679 2.509994
7.078608 -17.173988 0.973505 2.510156
6.937353 -17.170551 0.970542 2.510308
6.794713 -17.161488 0.967324 2.510473
6.653052 -17.152596 0.964182 2.510634
6.512346 -17.143875 0.961112 2.510791
6.372570 -17.135323 0.958115 2.510944
6.233695 -17.126936 0.955190 2.511094
6.095698 -17.118711 0.952334 2.511240
5.958557 -17.110647 0.949548 2.511383
5.822120 -17.102369 0.946810 2.511523
5.682209 -17.081350 0.943427 2.511696
5.545965 -17.068726 0.940569 2.511843
5.412047 -17.060936 0.938035 2.511973
5.278988 -17.053659 0.935585 2.512098
5.146649 -17.046528 0.933200 2.512220
5.015011 -17.039543 0.930878 2.512339
4.884049 -17.032703 0.928619 2.512455
4.753745 -17.026003 0.926422 2.512567
4.624079 -17.019442 0.924286 2.512676
4.496535 -17.018707 0.922519 2.512767
4.369772 -17.019138 0.920866 2.512852
4.241586 -17.012074 0.918859 2.512954
4.113980 -17.005157 0.916912 2.513054
3.986935 -16.998390 0.915024 2.513151
3.860433 -16.991766 0.913194 2.513244
3.736418 -16.994200 0.911901 2.513311
3.611460 -16.990583 0.910332 2.513391
3.486559 -16.985195 0.908717 2.513474
3.362116 -16.979931 0.907157 2.513553
3.239044 -16.979673 0.905913 2.513617
3.117593 -16.986425 0.905090 2.513659
2.994662 -16.983574 0.903802 2.513725
2.871939 -16.979925 0.902519 2.513791
2.751290 -16.986980 0.901851 2.513825
2.629921 -16.988268 0.900923 2.513873
2.507955 -16.983835 0.899737 2.513933
2.387583 -16.988533 0.899081 2.513967
2.267501 -16.994129 0.898518 2.513996
2.147224 -16.997040 0.897857 2.514030
2.027636 -17.004278 0.897470 2.514050
1.908159 -17.011614 0.897132 2.514067
1.788764 -17.018955 0.896839 2.514082
1.669461 -17.026485 0.896599 2.514094
1.550225 -17.034113 0.896409 2.514104
1.431042 -17.041843 0.896268 2.514111
1.311892 -17.049557 0.896171 2.514116
1.192776 -17.057497 0.896128 2.514118
1.074069 -17.071838 0.896466 2.514101
0.955609 -17.092344 0.897171 2.514065
0.836358 -17.100607 0.897276 2.514059
0.717314 -17.114574 0.897724 2.514036
0.598396 -17.135832 0.898598 2.513992
0.478889 -17.144518 0.898857 2.513978
0.359435 -17.159285 0.899477 2.513947
0.239883 -17.179323 0.900418 2.513899
0.120078 -17.199509 0.901410 2.513848
-0.000000 -17.219761 0.902449 2.513794
-0.120368 -17.241106 0.903590 2.513736
-0.241239 -17.276268 0.905499 2.513638
-0.362626 -17.311541 0.907458 2.513538
-0.484647 -17.350632 0.909663 2.513425
-0.607164 -17.386908 0.911765 2.513318
-0.730765 -17.435501 0.914558 2.513175
-0.855161 -17.485025 0.917447 2.513027
-0.980787 -17.542641 0.920807 2.512855
-1.107359 -17.600971 0.924252 2.512678
-1.236423 -17.681673 0.928920 2.512439
-1.366474 -17.758913 0.933456 2.512207
-1.501695 -17.883200 0.940517 2.511845
-1.636840 -17.985830 0.946493 2.511540
-1.777485 -18.128201 0.954615 2.511124
-1.915575 -18.225473 0.960418 2.510827
-2.053487 -18.307245 0.965459 2.510568
-2.193366 -18.394114 0.970824 2.510294
-2.351538 -18.614326 0.983289 2.509656
-2.487712 -18.644535 0.985778 2.509528
-2.633193 -18.736145 0.991570 2.509232
-2.773204 -18.780100 0.994896 2.509061
-2.927567 -18.910929 1.002885 2.508652
-3.068558 -18.945841 1.005848 2.508501
-3.215527 -19.011343 1.010493 2.508263
-3.369144 -19.107365 1.016822 2.507939
-3.507977 -19.113461 1.018425 2.507857
-3.652234 -19.145674 1.021475 2.507700
-3.803753 -19.210350 1.026318 2.507452
-3.939711 -19.192780 1.026824 2.507427
-4.075471 -19.173584 1.027294 2.507402
-4.214234 -19.167433 1.028515 2.507340
-4.355880 -19.172472 1.030393 2.507244
-4.486026 -19.126265 1.029567 2.507286
-4.621861 -19.104485 1.030107 2.507258
-4.761744 -19.098314 1.031541 2.507185
-4.901341 -19.089460 1.032886 2.507116
-5.027678 -19.028992 1.031489 2.507188
-5.150133 -18.955631 1.029436 2.507293
-5.294007 -18.961004 1.031710 2.507176
-5.438874 -18.967606 1.034110 2.507053
-5.578677 -18.954716 1.035505 2.506982
-5.729619 -18.977409 1.038905 2.506808
-5.876710 -18.984577 1.041518 2.506674
-6.027775 -19.001955 1.044755 2.506509
-6.175127 -19.005085 1.047271 2.506380
-6.349288 -19.086664 1.054184 2.506026
-6.501797 -19.098900 1.057341 2.505864
-6.691739 -19.216051 1.066387 2.505401
-6.855782 -19.253275 1.071083 2.505161
-7.042685 -19.349617 1.079151 2.504747
-7.224045 -19.424871 1.086135 2.504390
-7.389676 -19.453457 1.090591 2.504162
-7.566572 -19.507782 1.096571 2.503855
-7.734908 -19.536150 1.101175 2.503620
-7.918683 -19.599426 1.107830 2.503279
-8.082189 -19.608858 1.111526 2.503090
-8.252078 -19.630915 1.116015 2.502860
-8.422248 -19.650572 1.120447 2.502633
-8.593515 -19.669781 1.124936 2.502403
-8.771032 -19.700062 1.130142 2.502137
-8.954136 -19.739283 1.135951 2.501839
-9.126274 -19.751064 1.140268 2.501618
-9.308409 -19.781372 1.145741 2.501338
-9.493735 -19.814955 1.151497 2.501043
-9.657345 -19.800489 1.154547 2.500887
-9.843123 -19.828842 1.160179 2.500599
-10.035898 -19.867699 1.166523 2.500274
-10.229006 -19.903488 1.172789 2.499953
-10.418797 -19.929321 1.178568 2.499657
-10.613814 -19.961681 1.184835 2.499336
-10.808446 -19.989801 1.190954 2.499023
-11.036833 -20.075920 1.200646 2.498527
-11.245471 -20.121397 1.208032 2.498149
-11.468380 -20.188002 1.216808 2.497699
-11.712346 -20.286379 1.227636 2.497145
-11.949046 -20.366655 1.237512 2.496639
-12.173489 -20.421215 1.245961 2.496207
-12.381186 -20.443764 1.252580 2.495868
-12.585857 -20.458021 1.258806 2.495549
-12.772302 -20.439957 1.263151 2.495327
-12.948627 -20.403770 1.266470 2.495157
-13.123888 -20.364286 1.269676 2.494992
-13.301638 -20.327030 1.273112 2.494817
-13.463042 -20.263508 1.274989 2.494720
-13.632338 -20.210772 1.277628 2.494585
-13.795104 -20.147240 1.279669 2.494481
-13.949183 -20.070244 1.280933 2.494416
-14.100856 -19.989235 1.282014 2.494361
-14.239192 -19.889093 1.281936 2.494365
-14.381195 -19.794018 1.282248 2.494349
-14.528697 -19.706244 1.283102 2.494305
-14.667398 -19.606314 1.283231 2.494298
-14.802876 -19.502066 1.283141 2.494303
-14.932652 -19.390446 1.282625 2.494330
-15.067339 -19.285315 1.282597 2.494331
-15.197962 -19.175051 1.282290 2.494347
-15.321830 -19.056511 1.281484 2.494388
-15.438050 -18.928921 1.280121 2.494458
-15.556914 -18.805075 1.279060 2.494512
-15.679175 -18.685715 1.278355 2.494548
-15.797523 -18.562021 1.277407 2.494597
-15.915308 -18.438061 1.276492 2.494643
-16.030441 -18.311426 1.275441 2.494697
-16.136036 -18.174450 1.273716 2.494786
-16.238960 -18.035192 1.271871 2.494880
-16.343796 -17.898735 1.270264 2.494962
-16.453505 -17.768166 1.269119 2.495021
-16.559538 -17.634117 1.267771 2.495090
-16.665722 -17.500727 1.266515 2.495154
-16.779854 -17.376047 1.265939 2.495184
-16.888859 -17.246328 1.265048 2.495229
-16.989405 -17.108427 1.263602 2.495303
-17.096321 -16.977383 1.262707 2.495349
-17.206381 -16.849730 1.262117 2.495380
-17.317410 -16.723228 1.261667 2.495403
-17.417900 -16.586836 1.260520 2.495461
-17.520428 -16.452776 1.259597 2.495508
-17.625790 -16.321661 1.258949 2.495542
-17.722353 -16.182730 1.257746 2.495604
-17.818150 -16.043535 1.256565 2.495664
-17.908810 -15.900180 1.255099 2.495739
-17.996784 -15.754992 1.253526 2.495820
-18.079931 -15.606179 1.251698 2.495913
-18.160982 -15.456204 1.249808 2.496010
-18.238655 -15.304049 1.247770 2.496114
-18.313318 -15.150089 1.245612 2.496225
-18.382208 -14.992162 1.243148 2.496351
-18.449858 -14.834068 1.240689 2.496477
-18.512739 -14.673013 1.237999 2.496614
-18.572336 -14.510299 1.235180 2.496759
-18.633202 -14.349493 1.232535 2.496894
-18.696064 -14.191083 1.230110 2.497018
-18.754923 -14.030476 1.227508 2.497152
-18.810139 -13.868027 1.224755 2.497293
-18.863768 -13.705330 1.221987 2.497434
-18.917923 -13.543899 1.219340 2.497570
-18.977612 -13.387231 1.217134 2.497683
-19.038143 -13.231855 1.215062 2.497789
-19.095406 -13.074894 1.212861 2.497901
-19.151838 -12.918078 1.210687 2.498013
-19.214603 -12.766147 1.208991 2.498100
-19.282722 -12.618258 1.207705 2.498165
-19.357063 -12.474777 1.206877 2.498208
-19.432354 -12.332144 1.206174 2.498244
-19.515978 -12.194936 1.206051 2.498250
-19.609915 -12.064096 1.206622 2.498221
-19.709824 -11.936691 1.207612 2.498170
-19.818464 -11.814178 1.209185 2.498090
-19.937244 -11.697109 1.211420 2.497975
-20.069435 -11.587094 1.214508 2.497817
-20.206760 -11.479033 1.217939 2.497642
-20.349165 -11.372763 1.221706 2.497449
-20.494648 -11.267030 1.225688 2.497245
-20.652351 -11.166682 1.230428 2.497002
-20.822317 -11.071423 1.235919 2.496721
-20.998768 -10.977886 1.241813 2.496419
-21.173435 -10.881666 1.247619 2.496122
-21.295750 -10.757258 1.250371 2.495981
-21.299326 -10.573074 1.246216 2.496194
-21.302879 -10.390109 1.242150 2.496402
-21.306410 -10.208317 1.238169 2.496606
-21.309916 -10.027683 1.234275 2.496805
-21.267590 -9.827007 1.227820 2.497135
-20.850689 -9.458289 1.199910 2.498564
-20.584146 -9.164653 1.180860 2.499540
-20.587448 -8.994431 1.177418 2.499716
-20.590729 -8.825196 1.174054 2.499888
-20.593990 -8.656918 1.170765 2.500057
-20.657410 -8.514367 1.170963 2.500047
-20.795038 -8.401741 1.175411 2.499819
-20.933727 -8.288245 1.179950 2.499586
-21.073494 -8.173868 1.184583 2.499349
-21.214367 -8.058583 1.189310 2.499107
-21.350372 -7.940130 1.193798 2.498878
-21.353624 -7.772083 1.190917 2.499025
-21.356859 -7.604832 1.188107 2.499169
-21.360079 -7.438365 1.185369 2.499309
-21.363281 -7.272655 1.182700 2.499446
-21.366470 -7.107677 1.180101 2.499579
-21.369644 -6.943419 1.177570 2.499708
-21.372805 -6.779850 1.175107 2.499835
-21.375952 -6.616961 1.172712 2.499957
-21.379084 -6.454727 1.170383 2.500076
-21.382204 -6.293122 1.168120 2.500192
-21.385311 -6.132139 1.165923 2.500305
-21.209679 -5.921845 1.154065 2.500912
-20.949671 -5.691898 1.137727 2.501748
-20.696909 -5.468360 1.121900 2.502559
-20.658796 -5.304275 1.117799 2.502769
-20.661739 -5.151550 1.115985 2.502861
-20.664673 -4.999307 1.114231 2.502951
-20.667597 -4.847540 1.112537 2.503038
-20.722717 -4.708087 1.113708 2.502978
-20.872408 -4.589094 1.120004 2.502656
-21.023802 -4.468747 1.126426 2.502327
-21.176954 -4.347001 1.132978 2.501992
-21.331898 -4.223828 1.139662 2.501649
-21.424711 -4.086983 1.143068 2.501475
-21.427677 -3.932712 1.141734 2.501543
-21.430637 -3.778800 1.140458 2.501609
-21.433588 -3.625216 1.139241 2.501671
-21.436533 -3.471960 1.138081 2.501730
-21.439472 -3.319007 1.136979 2.501787
-21.442404 -3.166336 1.135935 2.501840
-21.445330 -3.013944 1.134947 2.501891
-21.448250 -2.861804 1.134017 2.501938
-21.451164 -2.709911 1.133143 2.501983
-21.454073 -2.558244 1.132326 2.502025
-21.456978 -2.406784 1.131565 2.502064
-21.439226 -2.253354 1.129771 2.502156
-21.240553 -2.082651 1.118508 2.502732
-21.045799 -1.915317 1.107522 2.503295
-20.854826 -1.751230 1.096802 2.503844
-20.730068 -1.595090 1.089628 2.504211
-20.732851 -1.449782 1.089216 2.504232
-20.735630 -1.304572 1.088857 2.504251
-20.738407 -1.159456 1.088551 2.504266
-20.741182 -1.014414 1.088299 2.504279
-20.848906 -0.873826 1.093604 2.504007
-21.019686 -0.734024 1.102266 2.503564
-21.193207 -0.591976 1.111122 2.503110
-21.369539 -0.447627 1.120176 2.502647
-21.497301 -0.300180 1.126736 2.502311
-21.500168 -0.150100 1.126804 2.502308
-21.503035 0.000000 1.126926 2.502301
-21.505901 0.150145 1.127104 2.502292
-21.508768 0.300340 1.127337 2.502280
-21.511637 0.450603 1.127624 2.502265
-21.514503 0.600957 1.127967 2.502248
-21.517374 0.751403 1.128365 2.502228
-21.520245 0.901969 1.128818 2.502204
-21.523117 1.052657 1.129327 2.502178
-21.525991 1.203489 1.129891 2.502150
-21.528868 1.354484 1.130511 2.502118
-21.531748 1.505646 1.131187 2.502083
-21.395720 1.646314 1.124617 2.502419
-21.240450 1.783612 1.117083 2.502805
-21.087240 1.919088 1.109703 2.503183
-20.936028 2.052798 1.102472 2.503553
-20.802238 2.186403 1.096204 2.503874
-20.805038 2.333662 1.097184 2.503824
-20.807842 2.481186 1.098218 2.503771
-20.810652 2.628996 1.099308 2.503715
-20.813465 2.777112 1.100454 2.503657
-20.957613 2.945400 1.109136 2.503212
-21.180180 3.127620 1.122043 2.502551
-21.407990 3.314133 1.135310 2.501872
-21.569538 3.493502 1.145142 2.501369
-21.572483 3.648715 1.146623 2.501293
-21.575436 3.804331 1.148164 2.501214
-21.578396 3.960380 1.149765 2.501132
-21.581362 4.116866 1.151426 2.501047
-21.584337 4.273813 1.153149 2.500959
-21.587320 4.431243 1.154933 2.500867
-21.590313 4.589163 1.156779 2.500773
-21.593313 4.747602 1.158687 2.500675
-21.596323 4.906566 1.160658 2.500574
-21.599344 5.066079 1.162693 2.500470
-21.602373 5.226167 1.164792 2.500363
-21.541084 5.370796 1.163481 2.500430
-21.400833 5.494803 1.157949 2.500713
-21.261906 5.617639 1.152526 2.500991
-21.124266 5.739335 1.147209 2.501263
-20.987879 5.859924 1.141996 2.501530
-20.874252 5.985596 1.138060 2.501731
-20.877254 6.144514 1.140534 2.501605
-20.880268 6.304126 1.143076 2.501475
-20.883297 6.464459 1.145684 2.501341
-20.901817 6.630449 1.149212 2.501160
-21.227739 6.897311 1.169750 2.500109
-21.565556 7.173909 1.191097 2.499016
-21.642832 7.367822 1.198176 2.498653
-21.646040 7.537948 1.201238 2.498497
-21.649263 7.708959 1.204374 2.498336
-21.652504 7.880867 1.207586 2.498172
-21.655762 8.053709 1.210874 2.498003
-21.659035 8.227497 1.214239 2.497831
-21.662327 8.402262 1.217683 2.497655
-21.665636 8.578035 1.221205 2.497474
-21.668964 8.754830 1.224808 2.497290
-21.672312 8.932687 1.228492 2.497101
-21.670246 9.109334 1.231950 2.496924
-21.534233 9.229583 1.227851 2.497134
-21.399111 9.349044 1.223838 2.497339
-21.264866 9.467729 1.219911 2.497540
-21.131468 9.585664 1.216068 2.497737
-20.998907 9.702859 1.212308 2.497930
-20.947182 9.856994 1.213265 2.497881
-20.950577 10.037838 1.217491 2.497664
-20.953997 10.219947 1.221807 2.497443
-20.957441 10.403368 1.226213 2.497218
-21.528698 10.874929 1.264048 2.495281
-21.569933 11.085439 1.270982 2.494926
-21.457457 11.217690 1.268938 2.495030
-21.327456 11.340010 1.265901 2.495186
-21.192886 11.458956 1.262632 2.495353
-21.057322 11.576362 1.259339 2.495522
-20.913689 11.688264 1.255599 2.495713
-20.781242 11.805392 1.252565 2.495869
-20.635509 11.913917 1.248764 2.496063
-20.486269 12.019227 1.244780 2.496267
-20.312275 12.108547 1.239314 2.496547
-20.137630 12.195782 1.233823 2.496828
-19.944607 12.270007 1.227216 2.497167
-19.736404 12.332675 1.219673 2.497553
-19.527905 12.392790 1.212105 2.497940
-19.315014 12.447679 1.204256 2.498342
-19.107538 12.503621 1.196733 2.498727
-18.909836 12.563668 1.189816 2.499081
-18.691954 12.607882 1.181616 2.499501
-18.481432 12.654506 1.173864 2.499898
-18.292812 12.713838 1.167493 2.500224
-18.114519 12.778385 1.161779 2.500517
-17.932566 12.838459 1.155830 2.500821
-17.763329 12.905814 1.150701 2.501084
-17.611185 12.984090 1.146689 2.501289
-17.441679 13.048045 1.141556 2.501552
-17.293945 13.126818 1.137857 2.501742
-17.145620 13.203908 1.134136 2.501932
-16.995508 13.278347 1.130311 2.502128
-16.884253 13.382298 1.129097 2.502190
-16.791525 13.500734 1.129172 2.502186
-16.668678 13.594641 1.127266 2.502284
-16.546099 13.688126 1.125411 2.502379
-16.446980 13.800654 1.125195 2.502390
-16.350580 13.915440 1.125219 2.502389
-16.242687 14.020313 1.124503 2.502425
-16.140509 14.129946 1.124231 2.502439
-16.048632 14.248645 1.124733 2.502414
-15.934875 14.347826 1.123753 2.502464
-15.838024 14.462108 1.124016 2.502450
-15.733320 14.569216 1.123777 2.502463
-15.623301 14.671254 1.123207 2.502492
-15.524259 14.783555 1.123479 2.502478
-15.420780 14.891674 1.123487 2.502477
-15.310991 14.993635 1.123087 2.502498
-15.195146 15.089434 1.122290 2.502539
-15.095645 15.201401 1.122752 2.502515
-14.979447 15.296511 1.122025 2.502552
-14.854333 15.382112 1.120670 2.502622
-14.713161 15.450346 1.118130 2.502752
-14.591032 15.537872 1.117065 2.502806
-14.439824 15.593590 1.113796 2.502974
-14.315639 15.677629 1.112633 2.503033
-14.158462 15.724565 1.108922 2.503223
-14.024824 15.796544 1.107066 2.503318
-13.873335 15.847385 1.103814 2.503485
-13.720658 15.895535 1.100469 2.503656
-13.565946 15.939936 1.096959 2.503836
-13.395105 15.963665 1.092130 2.504083
-13.225274 15.986616 1.087357 2.504327
-13.045571 15.995453 1.081737 2.504615
-12.885888 16.026810 1.077748 2.504819
-12.697955 16.020836 1.071358 2.505147
-12.493015 15.990330 1.063460 2.505551
-12.286784 15.954720 1.055361 2.505965
-12.086794 15.923765 1.047706 2.506357
-11.901975 15.909696 1.041288 2.506686
-11.706593 15.878439 1.033868 2.507066
-11.525269 15.863172 1.027610 2.507386
-11.340447 15.840175 1.020966 2.507726
-11.156072 15.814741 1.014282 2.508069
-10.969857 15.783555 1.007346 2.508424
-10.800929 15.774362 1.001922 2.508702
-10.623833 15.750481 0.995670 2.509022
-10.448277 15.725926 0.989482 2.509338
-10.274545 15.701151 0.983386 2.509650
-10.103371 15.677361 0.977455 2.509954
-9.935141 15.655280 0.971730 2.510247
-9.785004 15.659279 0.967714 2.510453
-9.639350 15.668546 0.964104 2.510638
-9.485256 15.662022 0.959605 2.510868
-9.335966 15.661227 0.955540 2.511076
-9.192904 15.668931 0.952070 2.511254
-9.042218 15.661581 0.947765 2.511474
-8.906264 15.677867 0.944965 2.511618
-8.772840 15.697150 0.942413 2.511748
-8.632456 15.702376 0.939085 2.511919
-8.511501 15.741695 0.937860 2.511981
-8.377181 15.755186 0.935157 2.512120
-8.246358 15.773833 0.932823 2.512239
-8.121704 15.803129 0.931180 2.512324
-7.990717 15.818930 0.928801 2.512445
-7.868090 15.850169 0.927388 2.512518
-7.751217 15.892351 0.926667 2.512555
-7.637413 15.940517 0.926344 2.512571
-7.521036 15.983018 0.925740 2.512602
-7.398713 16.012280 0.924420 2.512670
-7.279705 16.048025 0.923527 2.512715
-7.161157 16.084223 0.922711 2.512757
-7.044123 16.123367 0.922113 2.512788
-6.933814 16.177801 0.922435 2.512771
-6.814830 16.211838 0.921641 2.512812
-6.703020 16.262751 0.921852 2.512801
-6.590053 16.310953 0.921954 2.512796
-6.477260 16.359699 0.922131 2.512787
-6.359459 16.395668 0.921633 2.512812
-6.244586 16.438986 0.921595 2.512814
-6.130277 16.483824 0.921687 2.512810
-6.013396 16.521671 0.921433 2.512823
-5.896917 16.560474 0.921279 2.512830
-5.784290 16.610220 0.921777 2.512805
-5.669380 16.653690 0.921971 2.512795
-5.551079 16.687164 0.921656 2.512811
-5.432494 16.719498 0.921325 2.512828
-5.319239 16.768377 0.921949 2.512796
-5.200201 16.799137 0.921622 2.512813
-5.084179 16.839611 0.921873 2.512800
-4.967003 16.876434 0.921968 2.512795
-4.848789 16.909737 0.921915 2.512798
-4.729028 16.937487 0.921606 2.512814
-4.612304 16.976103 0.921932 2.512797
-4.495947 17.016474 0.922398 2.512773
-4.376909 17.046944 0.922370 2.512774
-4.256130 17.070404 0.922010 2.512793
-4.139320 17.109890 0.922559 2.512765
-4.021452 17.145575 0.922947 2.512745
-3.903510 17.181381 0.923385 2.512722
-3.786262 17.220917 0.924066 2.512688
-3.668259 17.257803 0.924649 2.512658
-3.548847 17.288626 0.924950 2.512643
-3.428177 17.313587 0.924983 2.512641
-3.309254 17.347740 0.925551 2.512612
-3.191528 17.389278 0.926555 2.512560
-3.075512 17.442097 0.928203 2.512476
-2.959472 17.497440 0.930026 2.512383
-2.838347 17.524521 0.930390 2.512364
-2.720529 17.573574 0.931963 2.512284
-2.603625 17.631725 0.934060 2.512176
-2.486273 17.690752 0.936244 2.512064
-2.367975 17.747131 0.938330 2.511957
-2.248875 17.801723 0.940364 2.511853
-2.131430 17.874739 0.943412 2.511697
-2.012450 17.941418 0.946166 2.511556
-1.890015 17.982292 0.947603 2.511483
-1.774489 18.097616 0.953004 2.511206
-1.652017 18.152672 0.955273 2.511090
-1.530160 18.222231 0.958348 2.510932
-1.409256 18.314941 0.962683 2.510711
-1.285684 18.386145 0.965930 2.510544
-1.163533 18.493790 0.971135 2.510278
-1.038066 18.567274 0.974589 2.510101
-0.911595 18.638988 0.977996 2.509927
-0.785012 18.729858 0.982452 2.509698
-0.656203 18.791203 0.985405 2.509547
-0.527455 18.883104 0.990008 2.509311
-0.397179 18.961424 0.993944 2.509110
-0.265722 19.029959 0.997415 2.508932
-0.133512 19.124105 1.002276 2.508683
0.000000 19.206858 1.006589 2.508463
0.134585 19.277794 1.010331 2.508271
0.270694 19.385292 1.016039 2.507979
0.407589 19.457880 1.019968 2.507778
0.546073 19.549656 1.024954 2.507522
0.686533 19.659735 1.030951 2.507215
0.827757 19.749725 1.035948 2.506959
0.970308 19.839256 1.040974 2.506702
1.115743 19.956451 1.047507 2.506367
1.264390 20.096872 1.055315 2.505968
1.413585 20.215212 1.062021 2.505624
1.567881 20.376455 1.071041 2.505163
1.728533 20.584467 1.082583 2.504572
2.013798 22.127857 1.164464 2.500379
2.145513 21.881615 1.152266 2.501004
2.298701 21.870680 1.152507 2.500992
2.453520 21.873648 1.153538 2.500939
2.611870 21.903736 1.156059 2.500810
2.821290 22.332777 1.179714 2.499599
3.039471 22.779760 1.204417 2.498334
3.218291 22.899328 1.211897 2.497951
3.381940 22.902468 1.213283 2.497880
3.545984 22.905613 1.214732 2.497806
3.710416 22.908766 1.216243 2.497728
3.875265 22.911928 1.217818 2.497648
4.040550 22.915098 1.219456 2.497564
4.196704 22.866058 1.218375 2.497619
4.325138 22.673126 1.209675 2.498065
4.414271 22.293671 1.191045 2.499018
4.565350 22.240639 1.189886 2.499078
4.699718 22.110437 1.184646 2.499346
4.821178 21.927986 1.176646 2.499756
4.980590 21.922117 1.178168 2.499678
5.142520 21.925224 1.180236 2.499572
5.317872 21.981436 1.185231 2.499316
5.467654 21.929562 1.184463 2.499355
5.633320 21.940342 1.187141 2.499218
5.783323 21.888971 1.186517 2.499250
5.935492 21.846220 1.186417 2.499255
6.096441 21.834990 1.188089 2.499170
6.258883 21.827320 1.190021 2.499071
6.414682 21.795231 1.190684 2.499037
6.582964 21.803806 1.193634 2.498886
6.744391 21.787592 1.195295 2.498801
6.906230 21.771189 1.197011 2.498713
7.081919 21.795906 1.201059 2.498506
7.251583 21.799070 1.203994 2.498355
7.426405 21.814899 1.207702 2.498166
7.604198 21.836267 1.211795 2.497956
7.790339 21.877808 1.217089 2.497685
7.974966 21.911037 1.222005 2.497433
8.163657 21.951420 1.227406 2.497157
8.357035 22.000029 1.233356 2.496852
8.548624 22.039656 1.238893 2.496569
8.738601 22.071178 1.244064 2.496304
8.936663 22.119017 1.250247 2.495987
9.140866 22.177410 1.257124 2.495635
9.333112 22.202574 1.262213 2.495374
9.533794 22.243996 1.268321 2.495062
9.725820 22.261515 1.273160 2.494814
9.905221 22.247490 1.276282 2.494654
10.006256 22.058676 1.269427 2.495005
10.175547 22.021881 1.271367 2.494906
10.364426 22.025513 1.275723 2.494683
10.637456 22.202078 1.290219 2.493941
10.808794 22.161312 1.292204 2.493839
10.984908 22.128960 1.294757 2.493708
11.158236 22.089533 1.296977 2.493595
11.328115 22.042118 1.298805 2.493501
11.491467 21.981144 1.299908 2.493445
11.657524 21.924614 1.301346 2.493371
11.822583 21.865416 1.302700 2.493302
11.994057 21.817091 1.304778 2.493195
12.168728 21.773363 1.307212 2.493071
12.332693 21.709461 1.308512 2.493004
12.495419 21.642698 1.309714 2.492943
12.669805 21.595165 1.312158 2.492817
12.855359 21.565050 1.315750 2.492634
13.028323 21.512308 1.318050 2.492516
13.207738 21.468866 1.321005 2.492364
13.397010 21.439697 1.324933 2.492163
13.594151 21.420958 1.329608 2.491924
13.775467 21.375326 1.332712 2.491765
13.950431 21.318483 1.335208 2.491637
14.133156 21.272104 1.338451 2.491471
14.309782 21.215124 1.341118 2.491335
14.482787 21.151583 1.343460 2.491215
14.662333 21.096317 1.346420 2.491063
14.835029 21.029984 1.348763 2.490943
15.008943 20.964266 1.351236 2.490817
15.183366 20.898109 1.353771 2.490687
15.354765 20.826702 1.356056 2.490570
15.526267 20.754375 1.358372 2.490451
15.702242 20.686932 1.361099 2.490312
15.861461 20.596521 1.362403 2.490245
16.035999 20.525143 1.365054 2.490109
16.178419 20.412090 1.365014 2.490111
16.286703 20.256561 1.362184 2.490256
16.372992 20.075264 1.357646 2.490489
16.396444 19.819893 1.348084 2.490978
16.389626 19.532396 1.336280 2.491582
16.380114 19.246571 1.324516 2.492185
16.377239 18.973202 1.313540 2.492747
16.237297 18.547709 1.291899 2.493855
16.157131 18.198210 1.275382 2.494700
16.329208 18.135424 1.278939 2.494518
16.674150 18.260529 1.295940 2.493648
16.920971 18.272974 1.305176 2.493175
17.100256 18.209915 1.309167 2.492971
17.282694 18.148613 1.313402 2.492754
17.454676 18.074844 1.316850 2.492577
17.652002 18.025635 1.322211 2.492303
17.900002 18.025393 1.331328 2.491836
18.046364 17.920807 1.332876 2.491757
18.193077 17.815973 1.334493 2.491674
18.340153 17.710880 1.336179 2.491588
18.487610 17.605516 1.337935 2.491498
18.635473 17.499863 1.339761 2.491404
18.783735 17.393923 1.341657 2.491307
18.887161 17.246344 1.340412 2.491371
18.891563 17.010040 1.332264 2.491788
18.895912 16.776579 1.324278 2.492197
18.900211 16.545874 1.316452 2.492598
18.904461 16.317886 1.308781 2.492990
18.908663 16.092529 1.301262 2.493375
18.912817 15.869738 1.293892 2.493753
17.891945 14.801508 1.216951 2.497692
17.895790 14.595440 1.210252 2.498035
17.899593 14.391636 1.203685 2.498371
17.965525 14.239296 1.201405 2.498488
18.101301 14.142286 1.203853 2.498363
18.237638 14.044876 1.206370 2.498234
18.374567 13.947046 1.208956 2.498101
18.512079 13.848799 1.211613 2.497965
18.650206 13.750114 1.214341 2.497826
18.788961 13.650980 1.217141 2.497682
18.928368 13.551383 1.220013 2.497535
18.959414 13.374386 1.215966 2.497742
18.963055 13.179660 1.210269 2.498034
18.966663 12.986742 1.204684 2.498320
18.970240 12.795588 1.199208 2.498600
18.973783 12.606155 1.193839 2.498875
18.977299 12.418387 1.188576 2.499145
18.980783 12.232274 1.183417 2.499409
18.984238 12.047761 1.178359 2.499668
18.434435 11.519114 1.139213 2.501672
17.962067 11.050340 1.105228 2.503412
17.965256 10.880137 1.100723 2.503643
17.968420 10.711323 1.096308 2.503869
17.971560 10.543849 1.091982 2.504090
18.064514 10.429552 1.093179 2.504029
18.195107 10.336262 1.096689 2.503850
18.326557 10.242359 1.100275 2.503666
18.458868 10.147843 1.103938 2.503478
18.592070 10.052691 1.107680 2.503287
18.726185 9.956889 1.111502 2.503091
18.861235 9.860418 1.115404 2.502891
18.997255 9.763255 1.119390 2.502687
19.029919 9.612699 1.117333 2.502793
19.033012 9.448067 1.113615 2.502983
19.036087 9.284520 1.109975 2.503169
19.039143 9.122031 1.106413 2.503351
19.042179 8.960562 1.102927 2.503530
19.045197 8.800112 1.099517 2.503705
19.048197 8.640643 1.096181 2.503875
19.051182 8.482132 1.092918 2.504043
19.054148 8.324554 1.089727 2.504206
19.057098 8.167875 1.086608 2.504365
18.645811 7.837973 1.060012 2.505727
18.223358 7.511124 1.032989 2.507111
18.032804 7.285726 1.019279 2.507813
18.035536 7.140776 1.016591 2.507951
18.038256 6.996572 1.013966 2.508085
18.040962 6.853114 1.011404 2.508216
18.043653 6.710373 1.008904 2.508344
18.172043 6.614083 1.013476 2.508110
18.305937 6.518453 1.018381 2.507859
18.441149 6.421881 1.023384 2.507603
18.577694 6.324359 1.028486 2.507342
18.715616 6.225854 1.033690 2.507075
18.854946 6.126344 1.038998 2.506803
18.995724 6.025801 1.044412 2.506526
19.099657 5.912325 1.047831 2.506351
19.102400 5.767350 1.045747 2.506458
19.105131 5.622943 1.043722 2.506561
19.107851 5.479088 1.041756 2.506662
19.110563 5.335768 1.039848 2.506760
19.113268 5.192953 1.037997 2.506855
19.115961 5.050651 1.036203 2.506946
19.118647 4.908832 1.034465 2.507035
19.121325 4.767482 1.032784 2.507121
19.123995 4.626583 1.031159 2.507205
19.126657 4.486110 1.029588 2.507285
19.090736 4.337305 1.026000 2.507469
18.838081 4.141819 1.010843 2.508245
18.592772 3.952016 0.996175 2.508996
18.354469 3.767633 0.981974 2.509723
18.122835 3.588412 0.968217 2.510427
18.105286 3.453764 0.965968 2.510542
18.107761 3.323394 0.964838 2.510600
18.110231 3.193322 0.963759 2.510655
18.112696 3.063535 0.962728 2.510708
18.115156 2.934009 0.961747 2.510759
18.244196 2.824347 0.967527 2.510463
18.395376 2.716391 0.974515 2.510105
18.548761 2.606858 0.981653 2.509739
18.704420 2.495705 0.988945 2.509366
18.862431 2.382873 0.996395 2.508985
19.022833 2.268332 1.004007 2.508595
19.171032 2.150374 1.011012 2.508236
19.173605 2.015227 1.010381 2.508269
19.176176 1.880243 1.009800 2.508298
19.178745 1.745396 1.009269 2.508325
19.181313 1.610696 1.008788 2.508350
19.183878 1.476117 1.008356 2.508372
19.186443 1.341647 1.007974 2.508392
19.189007 1.207272 1.007642 2.508409
19.191568 1.072969 1.007358 2.508423
19.194130 0.938745 1.007124 2.508435
19.196692 0.804578 1.006939 2.508445
19.199253 0.670453 1.006804 2.508451
19.145885 0.534795 1.003785 2.508606
18.968218 0.397321 0.994300 2.509092
18.793882 0.262425 0.985042 2.509566
18.622757 0.130011 0.976001 2.510029
18.448475 -0.000000 0.322019 2.543513
18.283569 -0.127645 0.319149 2.543659
18.167067 -0.253677 0.317138 2.543762
18.169493 -0.380597 0.317219 2.543758
18.171921 -0.507588 0.317316 2.543753
18.174351 -0.634662 0.317428 2.543748
18.176783 -0.761833 0.317555 2.543741
18.179218 -0.889112 0.317699 2.543734
18.361235 -1.026552 0.320997 2.543565
18.565138 -1.168020 0.324696 2.543375
18.773808 -1.312793 0.328498 2.543181
18.987432 -1.461003 0.332407 2.542981
19.206213 -1.612791 0.336426 2.542775
19.236164 -1.750628 0.337156 2.542738
19.238762 -1.886377 0.337424 2.542724
19.241364 -2.022349 0.337709 2.542709
19.243971 -2.158557 0.338011 2.542694
19.246584 -2.295016 0.338330 2.542677
19.249201 -2.431740 0.338667 2.542660
19.251823 -2.568742 0.339020 2.542642
19.254452 -2.706037 0.339391 2.542623
19.257088 -2.843639 0.339779 2.542603
19.259727 -2.981564 0.340184 2.542583
19.262377 -3.119824 0.340608 2.542561
19.240465 -3.254281 0.340613 2.542561
19.091484 -3.366344 0.338384 2.542675
18.944433 -3.476954 0.336200 2.542786
18.799263 -3.586151 0.334059 2.542896
18.655922 -3.693972 0.331962 2.543004
18.514362 -3.800453 0.329908 2.543109
18.374538 -3.905629 0.327894 2.543212
18.238974 -4.010098 0.325967 2.543310
18.241547 -4.144378 0.326522 2.543282
18.244127 -4.279121 0.327095 2.543253
18.246721 -4.414346 0.327686 2.543222
18.249323 -4.550067 0.328295 2.543191
18.251936 -4.686301 0.328922 2.543159
18.546703 -4.900250 0.334843 2.542856
18.860153 -5.124190 0.341139 2.542534
19.185635 -5.356726 0.347695 2.542198
19.308701 -5.536681 0.350617 2.542048
19.311520 -5.683689 0.351380 2.542009
19.314352 -5.831347 0.352164 2.541969
19.317198 -5.979672 0.352968 2.541928
19.320057 -6.128683 0.353794 2.541886
19.322929 -6.278400 0.354640 2.541842
19.325817 -6.428843 0.355508 2.541798
19.328718 -6.580033 0.356398 2.541752
19.331635 -6.731987 0.357310 2.541706
19.334566 -6.884729 0.358244 2.541658
19.328829 -7.035119 0.359039 2.541617
19.195137 -7.138608 0.357472 2.541698
19.062599 -7.241203 0.355937 2.541776
18.931190 -7.342925 0.354432 2.541853
18.800880 -7.443795 0.352956 2.541929
18.671646 -7.543835 0.351510 2.542003
18.543459 -7.643062 0.350093 2.542075
18.416296 -7.741498 0.348704 2.542146
18.312632 -7.848804 0.347771 2.542194
18.315573 -8.001877 0.348879 2.542137
18.318533 -8.155936 0.350011 2.542079
18.321512 -8.311007 0.351168 2.542020
18.324512 -8.467113 0.352350 2.541960
18.915344 -8.900887 0.364897 2.541317
19.380682 -9.285666 0.375115 2.540794
19.383921 -9.454169 0.376446 2.540726
19.387182 -9.623880 0.377805 2.540656
19.390469 -9.794830 0.379193 2.540585
19.393780 -9.967049 0.380609 2.540513
19.397116 -10.140567 0.382054 2.540439
19.400476 -10.315416 0.383530 2.540363
19.403866 -10.491631 0.385035 2.540286
19.407280 -10.669243 0.386572 2.540208
19.387482 -10.835298 0.387675 2.540151
19.254620 -10.938147 0.386535 2.540209
19.122532 -11.040399 0.385422 2.540266
18.991194 -11.142068 0.384333 2.540322
18.860592 -11.243170 0.383269 2.540376
18.730703 -11.343718 0.382230 2.540430
18.601513 -11.443727 0.381214 2.540482
18.473000 -11.543212 0.380223 2.540533
18.386068 -11.668155 0.380101 2.540539
18.389593 -11.851283 0.381875 2.540448
18.393150 -12.036140 0.383685 2.540355
18.396742 -12.222768 0.385530 2.540261
19.454475 -13.122210 0.409606 2.539028
19.458349 -13.323410 0.411636 2.538924
19.462261 -13.526624 0.413707 2.538818
19.466213 -13.731903 0.415819 2.538710
19.470207 -13.939300 0.417972 2.538600
19.474241 -14.148865 0.420169 2.538487
19.478321 -14.360657 0.422410 2.538373
19.482443 -14.574729 0.424696 2.538256
19.364687 -14.698597 0.424356 2.538273
19.225964 -14.805986 0.423570 2.538313
19.087748 -14.912983 0.422809 2.538352
18.950020 -15.019602 0.422070 2.538390
18.812767 -15.125854 0.421355 2.538426
18.675972 -15.231751 0.420663 2.538462
18.539619 -15.337308 0.419993 2.538496
18.459656 -15.489491 0.420621 2.538464
18.463985 -15.714084 0.423209 2.538332
18.468367 -15.941466 0.425850 2.538196
19.531059 -17.098150 0.453096 2.536802
19.535812 -17.344707 0.456004 2.536653
19.540627 -17.594460 0.458972 2.536500
19.545504 -17.847498 0.462002 2.536345
19.550447 -18.103912 0.465095 2.536187
19.555456 -18.363796 0.468253 2.536025
19.424667 -18.497862 0.468202 2.536028
19.275043 -18.613693 0.467717 2.536053
19.125721 -18.729292 0.467255 2.536077
18.976688 -18.844666 0.466817 2.536099
18.827927 -18.959831 0.466402 2.536120
18.679420 -19.074799 0.466011 2.536140
18.531158 -19.189577 0.465643 2.536159
18.536304 -19.465038 0.469175 2.535978
18.541702 -19.744907 0.472789 2.535793
19.609703 -21.176554 0.503780 2.534206
19.615591 -21.481815 0.507771 2.534002
19.621576 -21.791967 0.511852 2.533793
19.627657 -22.107162 0.516024 2.533579
19.505539 -22.280996 0.516891 2.533535
19.142820 -22.177172 0.511369 2.533818
18.101219 -21.268862 0.487499 2.535040
17.439882 -20.784044 0.473585 2.535753
16.816727 -20.327932 0.460505 2.536422
13.610693 -16.688358 0.375893 2.540754
12.848025 -15.979721 0.357903 2.541675
12.599043 -15.896037 0.354050 2.541873
12.315924 -15.763663 0.349178 2.542122
12.011887 -15.597754 0.343637 2.542406
11.743546 -15.471551 0.339042 2.542641
11.544518 -15.431876 0.336398 2.542776
11.385312 -15.442663 0.334892 2.542853
11.234900 -15.463513 0.333635 2.542918
11.075375 -15.469920 0.332097 2.542997
10.906854 -15.461451 0.330273 2.543090
10.750505 -15.467951 0.328800 2.543165
10.589930 -15.466203 0.327184 2.543248
10.430148 -15.463330 0.325574 2.543331
10.279267 -15.471541 0.324228 2.543399
10.123434 -15.470228 0.322712 2.543477
9.975677 -15.479220 0.321439 2.543542
9.837336 -15.501163 0.320461 2.543592
9.699813 -15.522946 0.319503 2.543641
9.563205 -15.544768 0.318570 2.543689
9.427327 -15.566367 0.317656 2.543736
9.281678 -15.570160 0.316404 2.543800
9.134292 -15.569025 0.315077 2.543868
8.993166 -15.576621 0.313953 2.543926
8.845722 -15.571289 0.312593 2.543995
8.703642 -15.573334 0.311406 2.544056
8.564488 -15.578748 0.310312 2.544112
8.427321 -15.586006 0.309277 2.544165
8.287484 -15.586491 0.308131 2.544224
8.147449 -15.584636 0.306962 2.544284
8.013186 -15.591973 0.305997 2.544333
7.879815 -15.599383 0.305056 2.544381
7.746489 -15.605202 0.304104 2.544430
7.614963 -15.612988 0.303213 2.544476
7.479867 -15.611689 0.302166 2.544529
7.343896 -15.606576 0.301067 2.544585
7.208920 -15.601535 0.299992 2.544640
7.078192 -15.603786 0.299078 2.544687
6.950329 -15.610694 0.298273 2.544729
6.818031 -15.605857 0.297264 2.544780
6.686634 -15.601089 0.296276 2.544831
6.556115 -15.596386 0.295311 2.544880
6.426455 -15.591748 0.294366 2.544929
6.298596 -15.589573 0.293488 2.544973
6.175396 -15.597272 0.292814 2.545008
6.049756 -15.597205 0.292013 2.545049
5.923152 -15.592813 0.291149 2.545093
5.797305 -15.588481 0.290305 2.545136
5.672188 -15.584208 0.289481 2.545178
5.547785 -15.579993 0.288676 2.545220
5.424079 -15.575835 0.287891 2.545260
5.301049 -15.571734 0.287124 2.545299
5.178681 -15.567689 0.286376 2.545337
5.056952 -15.563698 0.285646 2.545375
4.935846 -15.559760 0.284934 2.545411
4.816753 -15.560418 0.284324 2.545443
4.700307 -15.568172 0.283859 2.545466
4.581698 -15.567274 0.283252 2.545497
4.462771 -15.563534 0.282610 2.545530
4.344386 -15.559843 0.281986 2.545562
4.226526 -15.556202 0.281378 2.545593
4.109176 -15.552610 0.280787 2.545624
3.992322 -15.549066 0.280213 2.545653
3.875946 -15.545569 0.279656 2.545681
3.760565 -15.544312 0.279154 2.545707
3.647620 -15.551711 0.278823 2.545724
3.533875 -15.554416 0.278422 2.545745
3.419132 -15.551104 0.277929 2.545770
3.304794 -15.547835 0.277451 2.545794
3.190850 -15.544611 0.276990 2.545818
3.079231 -15.551259 0.276718 2.545832
2.967686 -15.557161 0.276448 2.545846
2.854705 -15.554062 0.276032 2.545867
2.742736 -15.554832 0.275699 2.545884
2.632157 -15.562250 0.275498 2.545894
2.520795 -15.563865 0.275208 2.545909
2.408957 -15.560925 0.274852 2.545928
2.298589 -15.566012 0.274652 2.545938
2.188721 -15.573563 0.274509 2.545945
2.078967 -15.581138 0.274380 2.545952
1.969315 -15.588737 0.274265 2.545958
1.859752 -15.596363 0.274164 2.545963
1.749914 -15.600830 0.274021 2.545970
1.639431 -15.598145 0.273766 2.545983
1.530208 -15.606273 0.273715 2.545986
1.421037 -15.614574 0.273680 2.545987
1.312516 -15.630350 0.273789 2.545982
1.203633 -15.642601 0.273850 2.545979
1.094384 -15.650424 0.273846 2.545979
0.985135 -15.658278 0.273857 2.545979
0.875868 -15.666058 0.273879 2.545977
0.766585 -15.673986 0.273917 2.545975
0.657475 -15.686857 0.274056 2.545968
0.548496 -15.706859 0.274331 2.545954
0.439008 -15.716749 0.274444 2.545948
0.329413 -15.726031 0.274559 2.545943
0.219872 -15.746221 0.274878 2.545926
0.110073 -15.766493 0.275212 2.545909
-0.000000 -15.785793 0.275542 2.545892
-0.110338 -15.804496 0.275875 2.545875
-0.220950 -15.823279 0.276223 2.545857
-0.331844 -15.842021 0.276584 2.545839
-0.443037 -15.860975 0.276962 2.545820
-0.554677 -15.883881 0.277423 2.545796
-0.667105 -15.916637 0.278070 2.545763
-0.780070 -15.949663 0.278735 2.545729
-0.893085 -15.973966 0.279262 2.545702
-1.006337 -15.995268 0.279750 2.545677
-1.121662 -16.040520 0.280672 2.545630
-1.237819 -16.086889 0.281628 2.545581
-1.355598 -16.143377 0.282775 2.545522
-1.474464 -16.201612 0.283969 2.545461
-1.593683 -16.253637 0.285069 2.545404
-1.717055 -16.336691 0.286729 2.545320
-1.842605 -16.427189 0.288536 2.545227
-1.972716 -16.543686 0.290817 2.545110
-2.109991 -16.702290 0.293857 2.544955
-2.253771 -16.891233 0.297451 2.544770
-2.397834 -17.061474 0.300736 2.544602
-2.546417 -17.244301 0.304264 2.544422
-2.693564 -17.399357 0.307325 2.544265
-2.841354 -17.543039 0.310205 2.544117
-2.985774 -17.652960 0.312510 2.543999
-3.140973 -17.813343 0.315730 2.543834
-3.280518 -17.874136 0.317205 2.543759
-3.415153 -17.902853 0.318130 2.543712
-3.545778 -17.907482 0.318645 2.543685
-3.682360 -17.939062 0.319656 2.543633
-3.810704 -17.927952 0.319925 2.543620
-3.934340 -17.894403 0.319808 2.543626
-4.059319 -17.867153 0.319820 2.543625
-4.183261 -17.835419 0.319767 2.543628
-4.316732 -17.843235 0.320440 2.543593
-4.444518 -17.825987 0.320679 2.543581
-4.564653 -17.778147 0.320384 2.543596
-4.682595 -17.722908 0.319970 2.543617
-4.802147 -17.674831 0.319700 2.543631
-4.929708 -17.656231 0.319978 2.543617
-5.060428 -17.647810 0.320458 2.543592
-5.193959 -17.647558 0.321104 2.543560
-5.349576 -17.718647 0.323069 2.543459
-5.482950 -17.712545 0.323648 2.543429
-5.617925 -17.709944 0.324309 2.543395
-5.761338 -17.731575 0.325434 2.543338
-5.905869 -17.753696 0.326588 2.543279
-6.066101 -17.819050 0.328562 2.543178
-6.207594 -17.825777 0.329477 2.543131
-6.372101 -17.894939 0.331569 2.543024
-6.517374 -17.906338 0.332615 2.542970
-6.668077 -17.929916 0.333910 2.542904
-6.828776 -17.976877 0.335664 2.542814
-6.990136 -18.021643 0.337403 2.542725
-7.165084 -18.096939 0.339741 2.542605
-7.350852 -18.193996 0.342518 2.542463
-7.527915 -18.264090 0.344819 2.542345
-7.707334 -18.335020 0.347165 2.542225
-7.865456 -18.351479 0.348508 2.542156
-8.025629 -18.369940 0.349914 2.542084
-8.218258 -18.458509 0.352686 2.541943
-8.375713 -18.464157 0.353902 2.541880
-8.546845 -18.497066 0.355668 2.541790
-8.720676 -18.532377 0.357509 2.541695
-8.889538 -18.553898 0.359113 2.541613
-9.048771 -18.552729 0.360304 2.541552
-9.206453 -18.546278 0.361418 2.541495
-9.370559 -18.550552 0.362767 2.541426
-9.578662 -18.638058 0.365778 2.541272
-9.761718 -18.672445 0.367781 2.541169
-9.961048 -18.734007 0.370354 2.541038
-10.177330 -18.822577 0.373501 2.540877
-10.390551 -18.900339 0.376474 2.540725
-10.589086 -18.946934 0.378865 2.540602
-10.804767 -19.019831 0.381822 2.540451
-11.056694 -19.150757 0.385991 2.540237
-11.265825 -19.202133 0.388602 2.540103
-11.500190 -19.291746 0.392031 2.539928
-11.746026 -19.394991 0.395786 2.539736
-11.967743 -19.453289 0.398671 2.539588
-12.192107 -19.511450 0.401597 2.539438
-12.414891 -19.562737 0.404427 2.539293
-12.622905 -19.586912 0.406739 2.539175
-12.830049 -19.606367 0.408993 2.539059
-13.016128 -19.590847 0.410554 2.538980
-13.205106 -19.577375 0.412194 2.538896
-13.382721 -19.544970 0.413469 2.538831
-13.550588 -19.496738 0.414440 2.538781
-13.710514 -19.435888 0.415171 2.538743
-13.865321 -19.366877 0.415754 2.538713
-14.017164 -19.292973 0.416258 2.538687
-14.163554 -19.210976 0.416613 2.538670
-14.302274 -19.118242 0.416757 2.538662
-14.437572 -19.020796 0.416820 2.538659
-14.572734 -18.923080 0.416898 2.538655
-14.710457 -18.828526 0.417067 2.538646
-14.836625 -18.719156 0.416928 2.538653
-14.960191 -18.606724 0.416740 2.538663
-15.087391 -18.498972 0.416676 2.538666
-15.205599 -18.380407 0.416386 2.538681
-15.316906 -18.253977 0.415935 2.538704
-15.426690 -18.126295 0.415469 2.538728
-15.533206 -17.995390 0.414944 2.538755
-15.636477 -17.861404 0.414362 2.538785
-15.736066 -17.723953 0.413712 2.538818
-15.839650 -17.591715 0.413196 2.538844
-15.944768 -17.461744 0.412748 2.538867
-16.044388 -17.326363 0.412185 2.538896
-16.140608 -17.188004 0.411565 2.538928
-16.239344 -17.052988 0.411036 2.538955
-16.339336 -16.919878 0.410568 2.538979
-16.431225 -16.779009 0.409923 2.539012
-16.525078 -16.640848 0.409356 2.539041
-16.624676 -16.509020 0.408958 2.539061
-16.723618 -16.376972 0.408570 2.539081
-16.822515 -16.245316 0.408205 2.539100
-16.931677 -16.123812 0.408112 2.539105
-17.037510 -15.999285 0.407961 2.539112
-17.132944 -15.865281 0.407584 2.539132
-17.225622 -15.729151 0.407167 2.539153
-17.331419 -15.605280 0.407082 2.539157
-17.432617 -15.477397 0.406911 2.539166
-17.515766 -15.333893 0.406343 2.539195
-17.612656 -15.202838 0.406119 2.539207
-17.700031 -15.063904 0.405699 2.539228
-17.782196 -14.921035 0.405185 2.539254
-17.865295 -14.779452 0.404717 2.539279
-17.942410 -14.633471 0.404140 2.539308
-18.017029 -14.486065 0.403533 2.539339
-18.085060 -14.334040 0.402805 2.539376
-18.152929 -14.182623 0.402102 2.539412
-18.217304 -14.029208 0.401348 2.539451
-18.280489 -13.875645 0.400596 2.539490
-18.343716 -13.722855 0.399873 2.539526
-18.400814 -13.566247 0.399043 2.539569
-18.463247 -13.414334 0.398356 2.539604
-18.516432 -13.256459 0.397497 2.539648
-18.569492 -13.099335 0.396664 2.539691
-18.624233 -12.944180 0.395893 2.539730
-18.684666 -12.793654 0.395269 2.539762
-18.744381 -12.643245 0.394656 2.539793
-18.804859 -12.493914 0.394083 2.539823
-18.866896 -12.346149 0.393567 2.539849
-18.932396 -12.201098 0.393147 2.539871
-19.004704 -12.060749 0.392890 2.539884
-19.079170 -11.921989 0.392700 2.539894
-19.156441 -11.785116 0.392587 2.539900
-19.241367 -11.652986 0.392651 2.539896
-19.329967 -11.522974 0.392807 2.539888
-19.421484 -11.394515 0.393041 2.539876
-19.516371 -11.267782 0.393360 2.539860
-19.621426 -11.146517 0.393899 2.539832
-19.727682 -11.025427 0.394477 2.539803
-19.841093 -10.907734 0.395213 2.539765
-19.959246 -10.791921 0.396056 2.539722
-20.085190 -10.679485 0.397066 2.539670
-20.218208 -10.569820 0.398227 2.539611
-20.345360 -10.456094 0.399284 2.539557
-20.485132 -10.347786 0.400599 2.539489
-20.622145 -10.236919 0.401871 2.539424
-20.759706 -10.125186 0.403165 2.539358
-20.902378 -10.014737 0.404568 2.539286
-21.038960 -9.900182 0.405864 2.539220
-21.173737 -9.783641 0.407136 2.539155
-20.867493 -9.465912 0.399967 2.539522
-20.595051 -9.169508 0.393509 2.539852
-20.598322 -8.999182 0.392361 2.539911
-20.601574 -8.829844 0.391239 2.539968
-20.604807 -8.661465 0.390143 2.540025
-20.666693 -8.518193 0.390179 2.540023
-20.804419 -8.405531 0.391662 2.539947
-20.943207 -8.291999 0.393175 2.539869
-21.083075 -8.177585 0.394720 2.539790
-21.224051 -8.062262 0.396295 2.539710
-21.361410 -7.944235 0.397815 2.539632
-21.364637 -7.776092 0.396854 2.539681
-21.367849 -7.608745 0.395918 2.539729
-21.371044 -7.442183 0.395005 2.539776
-21.374226 -7.276381 0.394115 2.539821
-21.377392 -7.111309 0.393248 2.539865
-21.380543 -6.946960 0.392404 2.539909
-21.383682 -6.783300 0.391583 2.539951
-21.386808 -6.620322 0.390785 2.539992
-21.389921 -6.457999 0.390008 2.540032
-21.393021 -6.296306 0.389254 2.540070
-21.396109 -6.135236 0.388521 2.540108
-21.221180 -5.925056 0.384584 2.540309
-20.960871 -5.694942 0.379137 2.540588
-20.707819 -5.471243 0.373860 2.540858
-20.669155 -5.306934 0.372484 2.540929
-20.672083 -5.154129 0.371879 2.540960
-20.675001 -5.001806 0.371294 2.540990
-20.677912 -4.849959 0.370729 2.541019
-20.733112 -4.710448 0.371120 2.540998
-20.882936 -4.591409 0.373219 2.540891
-21.034466 -4.471014 0.375360 2.540781
-21.187757 -4.349219 0.377545 2.540670
-21.342846 -4.225996 0.379773 2.540556
-21.435318 -4.089006 0.380902 2.540498
-21.438272 -3.934657 0.380457 2.540521
-21.441221 -3.780666 0.380031 2.540542
-21.444164 -3.627005 0.379626 2.540563
-21.447100 -3.473671 0.379239 2.540583
-21.450029 -3.320641 0.378872 2.540602
-21.452951 -3.167894 0.378523 2.540619
-21.455870 -3.015426 0.378194 2.540637
-21.458784 -2.863209 0.377884 2.540652
-21.461691 -2.711241 0.377593 2.540667
-21.464596 -2.559499 0.377320 2.540681
-21.467495 -2.407963 0.377066 2.540694
-21.447912 -2.254266 0.376437 2.540726
-21.249073 -2.083486 0.372683 2.540919
-21.054157 -1.916077 0.369020 2.541106
-20.863028 -1.751918 0.365447 2.541289
-20.740202 -1.595869 0.363092 2.541410
-20.742981 -1.450490 0.362954 2.541417
-20.745758 -1.305209 0.362835 2.541423
-20.748533 -1.160022 0.362733 2.541428
-20.751308 -1.014909 0.362648 2.541432
-20.861307 -0.874346 0.364455 2.541340
-21.032288 -0.734464 0.367344 2.541192
-21.206017 -0.592334 0.370297 2.541041
-21.382561 -0.447900 0.373316 2.540886
-21.507792 -0.300326 0.375456 2.540776
-21.510660 -0.150173 0.375479 2.540775
-21.513529 0.000000 0.375520 2.540773
-21.516399 0.150219 0.375579 2.540770
-21.519270 0.300486 0.375657 2.540766
-21.522141 0.450823 0.375753 2.540761
-21.525015 0.601250 0.375867 2.540756
-21.527889 0.751770 0.376000 2.540749
-21.530766 0.902410 0.376151 2.540741
-21.533644 1.053172 0.376320 2.540732
-21.536526 1.204077 0.376509 2.540723
-21.539410 1.355147 0.376715 2.540712
-21.542295 1.506384 0.376940 2.540700
-21.402773 1.646857 0.374691 2.540816
-21.247406 1.784196 0.372180 2.540944
-21.094101 1.919712 0.369721 2.541070
-20.942795 2.053461 0.367311 2.541194
-20.812468 2.187479 0.365284 2.541297
-20.815277 2.334811 0.365611 2.541281
-20.818092 2.482409 0.365955 2.541263
-20.820913 2.630292 0.366319 2.541245
-20.823740 2.778482 0.366701 2.541225
-20.973577 2.947644 0.369693 2.541072
-21.196503 3.130031 0.373998 2.540851
-21.424685 3.316718 0.378424 2.540625
-21.580236 3.495234 0.381593 2.540462
-21.583197 3.650527 0.382087 2.540437
-21.586164 3.806223 0.382600 2.540411
-21.589140 3.962352 0.383134 2.540384
-21.592125 4.118919 0.383688 2.540355
-21.595118 4.275947 0.384262 2.540326
-21.598118 4.433459 0.384857 2.540295
-21.601130 4.591462 0.385473 2.540264
-21.604149 4.749984 0.386109 2.540231
-21.607180 4.909032 0.386766 2.540198
-21.610220 5.068630 0.387444 2.540163
-21.613272 5.228803 0.388144 2.540127
-21.547272 5.372338 0.387623 2.540154
-21.406950 5.496374 0.385780 2.540248
-21.267956 5.619237 0.383972 2.540341
-21.130249 5.740961 0.382201 2.540431
-20.993797 5.861576 0.380463 2.540520
-20.884909 5.988651 0.379239 2.540583
-20.887936 6.147657 0.380064 2.540541
-20.890976 6.307359 0.380911 2.540497
-20.894030 6.467781 0.381780 2.540453
-20.924194 6.637548 0.383169 2.540382
-21.250874 6.904827 0.390025 2.540031
-21.589485 7.181870 0.397150 2.539666
-21.654064 7.371646 0.399275 2.539557
-21.657301 7.541869 0.400295 2.539505
-21.660557 7.712980 0.401341 2.539451
-21.663830 7.884989 0.402412 2.539397
-21.667118 8.057933 0.403508 2.539340
-21.670425 8.231824 0.404630 2.539283
-21.673752 8.406693 0.405778 2.539224
-21.677095 8.582572 0.406953 2.539164
-21.680460 8.759474 0.408154 2.539103
-21.683844 8.937439 0.409382 2.539040
-21.675938 9.111727 0.410424 2.538986
-21.539871 9.231999 0.409058 2.539056
-21.404696 9.351484 0.407721 2.539124
-21.270397 9.470191 0.406412 2.539191
-21.136948 9.588149 0.405132 2.539257
-21.004335 9.705367 0.403879 2.539321
-20.958582 9.862359 0.404313 2.539299
-20.962021 10.043320 0.405722 2.539227
-20.965483 10.225549 0.407161 2.539153
-20.931688 10.390584 0.407904 2.539115
-20.829554 10.521766 0.407335 2.539145
-20.713789 10.645440 0.406514 2.539186
-20.598724 10.768755 0.405722 2.539227
-20.460947 10.879278 0.404494 2.539290
-20.328222 10.991432 0.403378 2.539347
-20.201670 11.105964 0.402395 2.539397
-20.048559 11.204760 0.400894 2.539474
-19.894377 11.301581 0.399379 2.539552
-19.739773 11.396763 0.397862 2.539629
-19.588739 11.492649 0.396426 2.539703
-19.425119 11.579697 0.394741 2.539789
-19.248722 11.657439 0.392801 2.539889
-19.065287 11.729045 0.390719 2.539995
-18.883951 11.800003 0.388682 2.540099
-18.698730 11.866579 0.386565 2.540208
-18.516193 11.932874 0.384504 2.540313
-18.332422 11.996400 0.382418 2.540420
-18.141071 12.052901 0.380172 2.540535
-17.969856 12.120821 0.378348 2.540628
-17.801399 12.188877 0.376584 2.540719
-17.624777 12.249540 0.374648 2.540818
-17.459984 12.316662 0.372963 2.540904
-17.295053 12.382045 0.371278 2.540991
-17.128748 12.444764 0.369564 2.541078
-16.990997 12.526848 0.368470 2.541134
-16.832132 12.592045 0.366922 2.541214
-16.681753 12.662139 0.365562 2.541283
-16.535940 12.734391 0.364306 2.541348
-16.394466 12.808762 0.363150 2.541407
-16.242514 12.873662 0.361767 2.541477
-16.098629 12.943631 0.360566 2.541539
-15.965675 13.021286 0.359615 2.541588
-15.816024 13.084156 0.358293 2.541655
-15.681663 13.158478 0.357322 2.541705
-15.547583 13.232035 0.356363 2.541754
-15.415189 13.306035 0.355449 2.541801
-15.308626 13.401688 0.355141 2.541817
-15.196498 13.492085 0.354716 2.541838
-15.086522 13.583965 0.354354 2.541857
-14.991076 13.688739 0.354348 2.541857
-14.880270 13.779283 0.353994 2.541876
-14.803523 13.901432 0.354469 2.541851
-14.703498 14.001955 0.354406 2.541854
-14.605869 14.104724 0.354417 2.541854
-14.498097 14.197590 0.354199 2.541865
-14.403257 14.303054 0.354313 2.541859
-14.296247 14.396402 0.354144 2.541868
-14.201437 14.502033 0.354295 2.541860
-14.088869 14.589451 0.354019 2.541874
-13.983348 14.683967 0.353935 2.541878
-13.877398 14.777930 0.353856 2.541883
-13.758506 14.857833 0.353460 2.541903
-13.619580 14.915347 0.352558 2.541949
-13.490608 14.982839 0.351919 2.541982
-13.340840 15.026155 0.350740 2.542042
-13.181176 15.056739 0.349297 2.542116
-13.019857 15.083648 0.347804 2.542192
-12.845417 15.093317 0.345951 2.542287
-12.653878 15.080305 0.343619 2.542407
-12.480209 15.085986 0.341755 2.542502
-12.277232 15.053375 0.339066 2.542640
-12.112982 15.065509 0.337427 2.542724
-11.939260 15.063601 0.335509 2.542822
-11.757718 15.049192 0.333352 2.542932
-11.573627 15.028666 0.331099 2.543048
-11.394088 15.011159 0.328953 2.543158
-11.199090 14.970132 0.326332 2.543292
-11.037400 14.970769 0.324659 2.543377
-10.868093 14.958646 0.322742 2.543476
-10.698682 14.943766 0.320802 2.543575
-10.536325 14.936195 0.319053 2.543664
-10.374839 14.927436 0.317311 2.543754
-10.210754 14.912435 0.315469 2.543848
-10.065145 14.922191 0.314181 2.543914
-9.921383 14.932886 0.312940 2.543977
-9.782831 14.949735 0.311854 2.544033
-9.639791 14.958027 0.310616 2.544096
-9.487948 14.950618 0.309079 2.544175
-9.348545 14.960799 0.307933 2.544234
-9.222337 14.990700 0.307215 2.544271
-9.091139 15.011256 0.306329 2.544316
-8.959443 15.029604 0.305419 2.544363
-8.823047 15.038522 0.304341 2.544418
-8.693040 15.056787 0.303475 2.544462
-8.566052 15.078984 0.302710 2.544501
-8.444192 15.109103 0.302124 2.544531
-8.326975 15.146708 0.301706 2.544553
-8.204413 15.173749 0.301096 2.544584
-8.082647 15.201249 0.300515 2.544614
-7.963511 15.232798 0.300032 2.544638
-7.845275 15.265256 0.299585 2.544661
-7.723963 15.290846 0.299022 2.544690
-7.606263 15.322721 0.298600 2.544712
-7.496866 15.370852 0.298510 2.544716
-7.387973 15.419896 0.298454 2.544719
-7.277467 15.465406 0.298344 2.544725
-7.166040 15.508729 0.298207 2.544732
-7.053446 15.549240 0.298032 2.544741
-6.943458 15.595261 0.297978 2.544744
-6.836873 15.648990 0.298085 2.544738
-6.726658 15.694471 0.298050 2.544740
-6.617526 15.742470 0.298077 2.544739
-6.512215 15.799822 0.298294 2.544727
-6.398303 15.836354 0.298134 2.544735
-6.289927 15.886550 0.298245 2.544730
-6.183478 15.941960 0.298467 2.544719
-6.076625 15.996826 0.298693 2.544707
-5.965939 16.041931 0.298750 2.544704
-5.857705 16.093912 0.298949 2.544694
-5.748440 16.143501 0.299118 2.544685
-5.638454 16.191439 0.299269 2.544677
-5.531773 16.249474 0.299621 2.544659
-5.423624 16.304020 0.299921 2.544644
-5.311624 16.347498 0.300031 2.544638
-5.198857 16.388882 0.300117 2.544634
-5.083730 16.422880 0.300083 2.544636
-4.971612 16.466770 0.300243 2.544627
-4.863223 16.523819 0.300657 2.544606
-4.748380 16.559570 0.300697 2.544604
-4.633043 16.593706 0.300722 2.544603
-4.520069 16.636620 0.300921 2.544593
-4.407660 16.682322 0.301183 2.544580
-4.290812 16.711617 0.301164 2.544580
-4.175810 16.748259 0.301292 2.544574
-4.062131 16.790831 0.301540 2.544561
-3.946143 16.824490 0.301642 2.544556
-3.830590 16.860424 0.301800 2.544548
-3.713293 16.889032 0.301840 2.544546
-3.596132 16.918468 0.301910 2.544542
-3.480727 16.956772 0.302153 2.544530
-3.364350 16.991240 0.302341 2.544520
-3.248003 17.026646 0.302560 2.544509
-3.132207 17.066063 0.302865 2.544493
-3.014876 17.098213 0.303055 2.544483
-2.898513 17.137028 0.303376 2.544467
-2.783081 17.183292 0.303844 2.544443
-2.668096 17.234875 0.304419 2.544414
-2.551592 17.279358 0.304883 2.544390
-2.434268 17.320715 0.305305 2.544368
-2.318116 17.373455 0.305942 2.544336
-2.201708 17.428356 0.306631 2.544301
-2.084550 17.481594 0.307304 2.544266
-1.966225 17.529305 0.307894 2.544236
-1.849066 17.592684 0.308773 2.544191
-1.730776 17.651800 0.309591 2.544149
-1.611063 17.702669 0.310278 2.544114
-1.491722 17.764484 0.311172 2.544068
-1.372874 17.842115 0.312356 2.544007
-1.252364 17.909643 0.313377 2.543955
-1.130674 17.971519 0.314314 2.543907
-1.008761 18.043123 0.315436 2.543849
-0.886195 18.119654 0.316658 2.543787
-0.762547 18.193857 0.317854 2.543726
-0.637853 18.265715 0.319024 2.543666
-0.512340 18.341993 0.320286 2.543601
-0.385832 18.419718 0.321588 2.543535
-0.258189 18.490528 0.322785 2.543473
-0.129606 18.564634 0.324055 2.543408
0.000000 18.636820 0.325307 2.543344
0.130619 18.709795 0.326589 2.543279
0.262338 18.786951 0.327959 2.543208
0.394919 18.853039 0.329153 2.543147
0.528670 18.926611 0.330494 2.543079
0.663756 19.007484 0.331979 2.543003
0.799652 19.079174 0.333321 2.542934
0.936008 19.137953 0.334453 2.542876
1.073903 19.208088 0.335802 2.542807
1.213724 19.291561 0.337401 2.542725
1.354146 19.365191 0.338846 2.542651
1.495316 19.433395 0.340214 2.542581
1.640003 19.530199 0.342101 2.542484
1.786211 19.627113 0.344008 2.542387
1.933806 19.722458 0.345908 2.542289
2.081804 19.807037 0.347638 2.542201
2.230932 19.889223 0.349345 2.542113
2.384725 19.998850 0.351554 2.542000
2.537519 20.086494 0.353398 2.541906
2.694767 20.196318 0.355652 2.541790
2.850558 20.282776 0.357516 2.541695
3.014070 20.411257 0.360143 2.541561
3.174858 20.508291 0.362238 2.541453
3.336265 20.598692 0.364237 2.541351
3.495481 20.666515 0.365859 2.541268
3.653673 20.721006 0.367266 2.541196
3.816947 20.796921 0.369075 2.541103
3.972540 20.824745 0.370052 2.541053
4.128004 20.847921 0.370967 2.541006
4.282044 20.860481 0.371713 2.540968
4.437601 20.877270 0.372555 2.540925
4.595188 20.900122 0.373527 2.540875
4.751546 20.913979 0.374358 2.540833
4.906145 20.917435 0.375024 2.540799
5.060509 20.917625 0.375651 2.540766
5.217018 20.924316 0.376417 2.540727
5.370570 20.916998 0.376950 2.540700
5.522519 20.901869 0.377363 2.540679
5.679335 20.903408 0.378098 2.540641
5.840305 20.917612 0.379083 2.540591
5.996467 20.912167 0.379733 2.540558
6.155018 20.912964 0.380519 2.540517
6.315415 20.917641 0.381397 2.540473
6.473328 20.911928 0.382108 2.540436
6.632937 20.909660 0.382903 2.540395
6.795563 20.914591 0.383853 2.540347
6.964694 20.936649 0.385140 2.540281
7.135184 20.959444 0.386467 2.540213
7.297977 20.956921 0.387350 2.540168
7.467540 20.971281 0.388570 2.540105
7.646494 21.008570 0.390240 2.540020
7.825137 21.041164 0.391851 2.539937
8.000120 21.060446 0.393241 2.539866
8.190723 21.116934 0.395353 2.539758
8.380363 21.166372 0.397365 2.539655
8.569884 21.211206 0.399320 2.539555
8.763847 21.262693 0.401431 2.539447
8.964575 21.325861 0.403796 2.539325
9.153094 21.355757 0.405562 2.539235
9.334982 21.366922 0.407002 2.539161
9.542898 21.433699 0.409533 2.539032
9.726868 21.442766 0.410993 2.538957
9.905589 21.437641 0.412211 2.538895
10.083001 21.427456 0.413358 2.538836
10.261470 21.417336 0.414535 2.538776
10.413681 21.351210 0.414652 2.538770
10.581388 21.316072 0.415394 2.538732
10.746310 21.274061 0.416027 2.538699
10.903633 21.216164 0.416374 2.538682
11.055614 21.147434 0.416529 2.538674
11.233060 21.126312 0.417648 2.538616
11.398935 21.081896 0.418333 2.538581
11.572492 21.050268 0.419298 2.538532
11.745664 21.016380 0.420246 2.538483
11.913757 20.972000 0.421012 2.538444
12.093396 20.946377 0.422182 2.538384
12.266884 20.908403 0.423132 2.538336
12.448955 20.883301 0.424373 2.538272
12.620448 20.838827 0.425249 2.538227
12.803151 20.811220 0.426500 2.538163
12.994287 20.795206 0.428020 2.538085
13.180680 20.769434 0.429373 2.538016
13.368677 20.744112 0.430769 2.537945
13.558234 20.719145 0.432205 2.537871
13.738958 20.678789 0.433354 2.537812
13.880406 20.578548 0.433273 2.537816
14.043732 20.510357 0.433891 2.537785
14.197355 20.427303 0.434221 2.537768
14.346842 20.337936 0.434440 2.537757
14.492926 20.243500 0.434573 2.537750
14.623843 20.127995 0.434274 2.537765
14.686411 19.920168 0.431992 2.537882
14.723362 19.681110 0.429027 2.538034
14.709563 19.379126 0.424672 2.538257
14.634237 19.002939 0.418657 2.538565
13.864332 17.745535 0.393078 2.539874
13.747123 17.344557 0.386312 2.540221
13.766294 17.121805 0.383482 2.540365
13.816708 16.940950 0.381583 2.540463
13.878591 16.776331 0.380048 2.540542
13.938572 16.611343 0.378506 2.540620
14.027359 16.482096 0.377783 2.540658
14.168066 16.413851 0.378477 2.540622
14.332726 16.372133 0.379813 2.540554
14.498905 16.330507 0.381186 2.540483
14.673743 16.296843 0.382782 2.540401
14.869544 16.284233 0.384915 2.540292
15.088922 16.294542 0.387639 2.540153
15.346120 16.341951 0.391306 2.539965
15.605607 16.387499 0.394996 2.539776
15.868249 16.432053 0.398730 2.539585
16.127428 16.468792 0.402344 2.539400
16.380363 16.495110 0.405771 2.539225
16.658230 16.542330 0.409784 2.539019
16.901720 16.551384 0.412921 2.538858
17.138571 16.550526 0.415874 2.538707
17.351959 16.524052 0.418243 2.538586
17.588562 16.516748 0.421156 2.538437
17.801249 16.484131 0.423483 2.538318
18.035847 16.468987 0.426318 2.538172
18.277184 16.456850 0.429296 2.538020
18.533047 16.454412 0.432597 2.537851
18.807049 16.464315 0.436299 2.537662
18.892464 16.307529 0.435629 2.537696
18.896732 16.082375 0.433128 2.537824
18.900951 15.859781 0.430676 2.537949
17.880781 14.792273 0.405068 2.539260
17.884686 14.586384 0.402840 2.539375
17.888546 14.382754 0.400655 2.539486
17.958511 14.233737 0.399987 2.539521
18.094221 14.136754 0.400801 2.539479
18.230490 14.039371 0.401639 2.539436
18.367350 13.941567 0.402500 2.539392
18.504791 13.843347 0.403384 2.539347
18.642847 13.744689 0.404292 2.539300
18.781532 13.645581 0.405224 2.539253
18.920864 13.546011 0.406180 2.539203
18.948233 13.366499 0.404754 2.539277
18.951925 13.171925 0.402859 2.539374
18.955584 12.979156 0.401000 2.539469
18.959208 12.788147 0.399179 2.539562
18.962799 12.598857 0.397393 2.539654
18.966360 12.411230 0.395642 2.539743
18.969891 12.225254 0.393926 2.539831
18.973391 12.040876 0.392243 2.539917
18.396166 11.495200 0.378642 2.540613
17.951887 11.044078 0.367901 2.541163
17.955116 10.873998 0.366403 2.541240
17.958321 10.705302 0.364934 2.541315
17.961498 10.537946 0.363495 2.541389
18.057070 10.425254 0.363947 2.541366
18.187584 10.331988 0.365115 2.541306
18.318956 10.238111 0.366308 2.541245
18.451185 10.143620 0.367527 2.541183
18.584307 10.048494 0.368773 2.541119
18.718338 9.952717 0.370044 2.541054
18.853304 9.856272 0.371343 2.540987
18.989239 9.759135 0.372669 2.540919
19.019608 9.607490 0.371940 2.540956
19.022734 9.442965 0.370703 2.541020
19.025839 9.279522 0.369492 2.541082
19.028927 9.117136 0.368307 2.541143
19.031994 8.955769 0.367147 2.541202
19.035042 8.795420 0.366012 2.541260
19.038073 8.636050 0.364903 2.541317
19.041084 8.477636 0.363817 2.541373
19.044079 8.320155 0.362756 2.541427
19.047056 8.163571 0.361718 2.541480
18.630795 7.831660 0.352766 2.541938
18.209055 7.505229 0.343780 2.542398
18.023380 7.281918 0.339306 2.542628
18.026136 7.137054 0.338412 2.542673
18.028877 6.992934 0.337539 2.542718
18.031605 6.849560 0.336686 2.542762
18.034321 6.706902 0.335854 2.542804
18.163776 6.611073 0.337397 2.542725
18.297567 6.515473 0.339029 2.542642
18.432678 6.418931 0.340694 2.542556
18.569118 6.321439 0.342392 2.542470
18.706932 6.222966 0.344124 2.542381
18.846153 6.123487 0.345890 2.542290
18.986818 6.022975 0.347691 2.542198
19.089952 5.909321 0.348816 2.542140
19.092712 5.764425 0.348123 2.542176
19.095461 5.620097 0.347449 2.542211
19.098198 5.476320 0.346795 2.542244
19.100927 5.333077 0.346160 2.542276
19.103645 5.190339 0.345544 2.542308
19.106356 5.048112 0.344947 2.542339
19.109056 4.906369 0.344369 2.542368
19.111748 4.765094 0.343809 2.542397
19.114431 4.624269 0.343269 2.542424
19.117107 4.483871 0.342746 2.542451
19.081335 4.335169 0.341554 2.542512
18.828941 4.139809 0.336510 2.542771
18.583883 3.950126 0.331630 2.543020
18.345818 3.765858 0.326904 2.543262
18.114414 3.586745 0.322327 2.543497
18.096317 3.452053 0.321568 2.543536
18.098803 3.321750 0.321192 2.543555
18.101280 3.191744 0.320833 2.543573
18.103754 3.062023 0.320490 2.543591
18.106224 2.932562 0.320164 2.543607
18.234406 2.822831 0.322074 2.543510
18.385431 2.714922 0.324399 2.543391
18.538662 2.605439 0.326774 2.543269
18.694160 2.494336 0.329200 2.543145
18.852005 2.381556 0.331678 2.543018
19.012239 2.267068 0.334211 2.542888
19.161631 2.149319 0.336565 2.542768
19.164209 2.014240 0.336355 2.542779
19.166784 1.879322 0.336162 2.542789
19.169357 1.744542 0.335985 2.542798
19.171928 1.609908 0.335825 2.542806
19.174498 1.475395 0.335681 2.542813
19.177063 1.340991 0.335554 2.542819
19.179628 1.206682 0.335444 2.542825
19.182192 1.072445 0.335349 2.542830
19.184755 0.938287 0.335271 2.542834
19.187317 0.804185 0.335210 2.542837
19.189878 0.670125 0.335165 2.542840
19.139145 0.534607 0.334205 2.542889
18.961603 0.397183 0.331049 2.543050
18.787390 0.262334 0.327967 2.543208
18.616383 0.129967 0.324958 2.543362
18.442226 -0.000000 -0.321910 2.576482
18.277431 -0.127603 -0.319042 2.576335
18.158207 -0.253553 -0.316984 2.576229
18.160629 -0.380411 -0.317065 2.576234
18.163054 -0.507340 -0.317161 2.576239
18.165480 -0.634353 -0.317273 2.576244
18.167908 -0.761461 -0.317400 2.576251
18.170338 -0.888678 -0.317544 2.576258
18.348257 -1.025827 -0.320770 2.576423
18.551867 -1.167185 -0.324464 2.576612
18.760231 -1.311843 -0.328261 2.576807
18.973537 -1.459934 -0.332163 2.577007
19.191988 -1.611596 -0.336176 2.577212
19.226732 -1.749770 -0.336991 2.577254
19.229321 -1.885451 -0.337259 2.577267
19.231915 -2.021356 -0.337543 2.577282
19.234510 -2.157496 -0.337845 2.577298
19.237114 -2.293887 -0.338164 2.577314
19.239719 -2.430542 -0.338500 2.577331
19.242332 -2.567475 -0.338853 2.577349
19.244949 -2.704701 -0.339223 2.577368
19.247572 -2.842234 -0.339611 2.577388
19.250200 -2.980088 -0.340016 2.577409
19.252834 -3.118279 -0.340439 2.577430
19.235136 -3.253380 -0.340519 2.577435
19.086231 -3.365417 -0.338291 2.577320
18.939255 -3.476004 -0.336108 2.577209
18.794157 -3.585177 -0.333969 2.577099
18.650887 -3.692975 -0.331873 2.576992
18.509396 -3.799433 -0.329819 2.576887
18.369640 -3.904588 -0.327807 2.576784
18.231571 -4.008471 -0.325834 2.576683
18.232388 -4.142297 -0.326358 2.576710
18.234953 -4.276969 -0.326930 2.576739
18.237526 -4.412122 -0.327521 2.576769
18.240110 -4.547771 -0.328129 2.576800
18.242704 -4.683930 -0.328756 2.576832
18.527105 -4.895072 -0.334489 2.577126
18.839849 -5.118674 -0.340772 2.577447
19.164583 -5.350848 -0.347313 2.577782
19.298855 -5.533857 -0.350438 2.577942
19.301651 -5.680785 -0.351201 2.577981
19.304461 -5.828361 -0.351983 2.578022
19.307281 -5.976603 -0.352787 2.578063
19.310116 -6.125530 -0.353612 2.578105
19.312963 -6.275162 -0.354457 2.578148
19.315825 -6.425519 -0.355325 2.578192
19.318701 -6.576622 -0.356213 2.578238
19.321589 -6.728489 -0.357124 2.578285
19.324493 -6.881143 -0.358057 2.578332
19.324091 -7.033394 -0.358951 2.578378
19.190451 -7.136865 -0.357385 2.578298
19.057966 -7.239442 -0.355850 2.578219
18.926607 -7.341147 -0.354346 2.578142
18.796349 -7.442001 -0.352871 2.578067
18.667164 -7.542024 -0.351426 2.577993
18.539026 -7.641235 -0.350010 2.577920
18.411909 -7.739655 -0.348621 2.577849
18.302839 -7.844607 -0.347585 2.577796
18.305748 -7.997585 -0.348692 2.577853
18.308674 -8.151546 -0.349823 2.577911
18.311619 -8.306519 -0.350979 2.577970
18.314585 -8.462526 -0.352159 2.578030
18.875957 -8.882352 -0.364137 2.578644
19.370110 -9.280602 -0.374911 2.579195
19.373308 -9.448994 -0.376240 2.579263
19.376530 -9.618593 -0.377598 2.579333
19.379776 -9.789430 -0.378983 2.579404
19.383045 -9.961533 -0.380398 2.579476
19.386337 -10.134933 -0.381842 2.579550
19.389656 -10.309663 -0.383316 2.579626
19.393000 -10.485756 -0.384820 2.579703
19.396370 -10.663245 -0.386354 2.579781
19.383112 -10.832855 -0.387587 2.579844
19.250294 -10.935689 -0.386449 2.579786
19.118246 -11.037925 -0.385335 2.579729
18.986952 -11.139579 -0.384247 2.579673
18.856390 -11.240664 -0.383184 2.579619
18.726542 -11.341197 -0.382145 2.579566
18.597391 -11.441192 -0.381130 2.579514
18.468918 -11.540660 -0.380139 2.579463
18.375322 -11.661335 -0.379879 2.579450
18.378796 -11.844325 -0.381651 2.579540
18.382299 -12.029040 -0.383458 2.579633
18.385838 -12.215523 -0.385302 2.579727
19.442888 -13.114393 -0.409362 2.580959
19.446701 -13.315435 -0.411390 2.581063
19.450552 -13.518486 -0.413458 2.581169
19.454443 -13.723600 -0.415567 2.581277
19.458372 -13.930828 -0.417718 2.581387
19.462343 -14.140220 -0.419913 2.581500
19.466356 -14.351836 -0.422151 2.581614
19.470411 -14.565728 -0.424434 2.581731
19.360529 -14.695441 -0.424264 2.581722
19.221842 -14.802813 -0.423480 2.581682
19.083664 -14.909792 -0.422718 2.581643
18.945972 -15.016394 -0.421980 2.581605
18.808756 -15.122628 -0.421265 2.581569
18.671997 -15.228509 -0.420573 2.581533
18.535679 -15.334048 -0.419904 2.581499
18.447720 -15.479474 -0.420349 2.581522
18.451971 -15.703859 -0.422934 2.581654
18.456276 -15.931029 -0.425571 2.581789
19.518192 -17.086885 -0.452797 2.583183
19.522858 -17.333206 -0.455702 2.583332
19.527584 -17.582716 -0.458666 2.583484
19.532373 -17.835508 -0.461692 2.583639
19.537226 -18.091669 -0.464781 2.583797
19.542143 -18.351294 -0.467934 2.583958
19.420593 -18.493982 -0.468104 2.583967
19.271006 -18.609793 -0.467619 2.583942
19.121719 -18.725370 -0.467157 2.583918
18.972721 -18.840725 -0.466719 2.583896
18.823992 -18.955870 -0.466304 2.583875
18.675522 -19.070816 -0.465913 2.583855
18.527294 -19.185574 -0.465546 2.583836
18.522934 -19.450998 -0.468837 2.584004
14.353357 -15.284773 -0.365992 2.578739
13.572162 -14.656602 -0.348673 2.577852
13.080002 -14.324430 -0.338590 2.577336
12.709631 -14.115476 -0.331546 2.576975
12.354263 -13.914943 -0.324802 2.576630
12.130972 -13.857097 -0.321467 2.576459
11.919909 -13.809349 -0.318421 2.576303
11.700120 -13.747596 -0.315106 2.576133
11.494377 -13.698465 -0.312133 2.575981
11.319276 -13.682654 -0.309964 2.575870
11.146493 -13.666950 -0.307838 2.575761
11.016917 -13.702282 -0.306894 2.575713
10.888460 -13.737819 -0.305980 2.575666
10.764501 -13.777932 -0.305192 2.575626
10.634042 -13.808585 -0.304219 2.575576
10.498494 -13.831255 -0.303097 2.575519
10.366494 -13.857179 -0.302071 2.575466
10.228210 -13.873209 -0.300857 2.575404
10.089514 -13.887025 -0.299622 2.575341
9.951883 -13.900644 -0.298409 2.575279
9.823036 -13.925042 -0.297453 2.575230
9.695453 -13.949928 -0.296532 2.575182
9.568598 -13.974586 -0.295629 2.575136
9.442528 -13.999123 -0.294746 2.575091
9.317188 -14.023497 -0.293883 2.575047
9.192554 -14.047694 -0.293038 2.575003
9.064014 -14.064597 -0.292063 2.574954
8.933701 -14.077261 -0.291024 2.574900
8.804260 -14.089762 -0.290004 2.574848
8.675696 -14.102144 -0.289006 2.574797
8.547990 -14.114408 -0.288027 2.574747
8.421165 -14.126636 -0.287070 2.574698
8.295135 -14.138718 -0.286131 2.574650
8.169879 -14.150645 -0.285212 2.574603
8.045400 -14.162465 -0.284311 2.574557
7.921690 -14.174194 -0.283429 2.574512
7.793296 -14.175954 -0.282369 2.574457
7.666634 -14.179144 -0.281360 2.574406
7.545280 -14.190609 -0.280535 2.574363
7.420189 -14.193514 -0.279562 2.574313
7.295166 -14.194859 -0.278578 2.574263
7.175941 -14.205948 -0.277806 2.574224
7.054259 -14.210713 -0.276929 2.574179
6.930963 -14.210579 -0.275977 2.574130
6.813260 -14.220370 -0.275237 2.574092
6.694269 -14.226048 -0.274435 2.574051
6.573139 -14.225579 -0.273534 2.574005
6.452783 -14.225080 -0.272652 2.573960
6.333837 -14.226030 -0.271816 2.573917
6.215454 -14.226612 -0.270991 2.573875
6.099263 -14.230649 -0.270251 2.573837
5.986041 -14.240232 -0.269632 2.573805
5.870564 -14.243056 -0.268903 2.573768
5.754401 -14.242641 -0.268130 2.573728
5.642078 -14.250264 -0.267526 2.573697
5.530457 -14.258371 -0.266947 2.573668
5.415958 -14.257615 -0.266218 2.573630
5.302068 -14.256830 -0.265506 2.573594
5.188766 -14.256019 -0.264810 2.573558
5.076041 -14.255179 -0.264129 2.573523
4.963876 -14.254313 -0.263465 2.573489
4.852259 -14.253420 -0.262816 2.573456
4.741429 -14.253260 -0.262196 2.573424
4.631559 -14.254473 -0.261617 2.573395
4.521563 -14.253773 -0.261019 2.573364
4.414955 -14.262416 -0.260606 2.573343
4.307652 -14.267635 -0.260146 2.573319
4.198884 -14.266581 -0.259586 2.573291
4.090566 -14.265500 -0.259040 2.573263
3.982690 -14.264393 -0.258509 2.573236
3.875241 -14.263259 -0.257992 2.573209
3.768208 -14.262099 -0.257488 2.573183
3.663686 -14.269113 -0.257147 2.573166
3.559858 -14.277810 -0.256850 2.573151
3.454103 -14.277553 -0.256405 2.573128
3.348473 -14.276289 -0.255956 2.573105
3.243199 -14.275000 -0.255521 2.573082
3.138501 -14.274722 -0.255118 2.573062
3.035990 -14.283209 -0.254884 2.573050
2.933342 -14.290133 -0.254636 2.573037
2.829245 -14.288734 -0.254253 2.573018
2.725880 -14.289568 -0.253923 2.573001
2.624142 -14.297824 -0.253738 2.572991
2.522082 -14.303438 -0.253519 2.572980
2.418991 -14.301933 -0.253187 2.572963
2.316665 -14.303525 -0.252922 2.572950
2.215563 -14.311674 -0.252787 2.572943
2.114559 -14.319764 -0.252663 2.572936
2.013638 -14.327781 -0.252550 2.572930
1.912799 -14.335761 -0.252449 2.572925
1.811997 -14.343441 -0.252356 2.572921
1.710781 -14.347047 -0.252203 2.572913
1.609153 -14.345922 -0.251979 2.572901
1.508065 -14.348282 -0.251830 2.572894
1.407576 -14.355576 -0.251779 2.572891
1.307123 -14.362868 -0.251741 2.572889
1.206695 -14.370158 -0.251715 2.572888
1.106280 -14.377384 -0.251700 2.572887
1.005867 -14.384562 -0.251697 2.572887
0.905450 -14.391714 -0.251705 2.572887
0.805019 -14.398839 -0.251725 2.572888
0.704567 -14.405938 -0.251757 2.572890
0.604085 -14.413012 -0.251801 2.572892
0.503739 -14.425207 -0.251946 2.572900
0.403143 -14.432768 -0.252023 2.572903
0.302577 -14.444931 -0.252193 2.572912
0.201891 -14.458537 -0.252399 2.572923
0.100990 -14.465503 -0.252502 2.572928
-0.000000 -14.477082 -0.252698 2.572938
-0.101155 -14.489078 -0.252914 2.572949
-0.202423 -14.496474 -0.253062 2.572957
-0.303927 -14.509245 -0.253315 2.572970
-0.405758 -14.526379 -0.253658 2.572987
-0.507666 -14.537646 -0.253910 2.573000
-0.609615 -14.544954 -0.254106 2.573010
-0.712345 -14.564929 -0.254536 2.573032
-0.815829 -14.592147 -0.255105 2.573061
-0.918819 -14.604218 -0.255422 2.573077
-1.021702 -14.611014 -0.255659 2.573090
-1.126118 -14.635208 -0.256214 2.573118
-1.231264 -14.662724 -0.256840 2.573150
-1.336922 -14.690291 -0.257480 2.573183
-1.443114 -14.718023 -0.258136 2.573216
-1.551456 -14.761120 -0.259076 2.573265
-1.659817 -14.797602 -0.259913 2.573308
-1.768877 -14.834242 -0.260767 2.573351
-1.879447 -14.877344 -0.261749 2.573401
-1.991058 -14.922289 -0.262778 2.573454
-2.101489 -14.952868 -0.263568 2.573495
-2.210336 -14.968363 -0.264107 2.573522
-2.321707 -14.997313 -0.264897 2.573563
-2.435005 -15.034169 -0.265842 2.573611
-2.564008 -15.159328 -0.268365 2.573740
-2.692036 -15.267295 -0.270603 2.573855
-2.817664 -15.352240 -0.272450 2.573949
-2.937256 -15.397629 -0.273613 2.574009
-3.057012 -15.439031 -0.274721 2.574066
-3.213262 -15.653793 -0.278935 2.574281
-3.347230 -15.747479 -0.281014 2.574388
-3.469506 -15.780217 -0.282024 2.574440
-3.600447 -15.847424 -0.283667 2.574524
-3.724669 -15.880200 -0.284712 2.574577
-3.853459 -15.928293 -0.286050 2.574646
-3.974579 -15.941164 -0.286772 2.574683
-4.086379 -15.915395 -0.286815 2.574685
-4.196876 -15.884534 -0.286780 2.574683
-4.310245 -15.864331 -0.286952 2.574692
-4.422321 -15.838977 -0.287044 2.574697
-4.551147 -15.871734 -0.288207 2.574756
-4.680030 -15.901375 -0.289331 2.574814
-4.806878 -15.921144 -0.290295 2.574863
-4.939422 -15.956690 -0.291564 2.574928
-5.067017 -15.973264 -0.292506 2.574976
-5.211311 -16.038769 -0.294365 2.575071
-5.350121 -16.083054 -0.295856 2.575148
-5.491081 -16.129942 -0.297417 2.575228
-5.635625 -16.183308 -0.299119 2.575315
-5.776456 -16.222176 -0.300575 2.575389
-5.918667 -16.261404 -0.302060 2.575465
-6.064029 -16.305681 -0.303662 2.575547
-6.213704 -16.357689 -0.305431 2.575638
-6.353789 -16.381042 -0.306688 2.575702
-6.494164 -16.402386 -0.307929 2.575766
-6.637932 -16.429459 -0.309299 2.575836
-6.779266 -16.447731 -0.310527 2.575899
-6.921839 -16.466402 -0.311784 2.575963
-7.068479 -16.491993 -0.313195 2.576035
-7.221894 -16.530264 -0.314872 2.576121
-7.363315 -16.538277 -0.315996 2.576179
-7.511820 -16.559713 -0.317400 2.576251
-7.663273 -16.584839 -0.318899 2.576328
-7.815825 -16.609468 -0.320414 2.576405
-7.964386 -16.622955 -0.321739 2.576473
-8.120049 -16.648565 -0.323324 2.576554
-8.272221 -16.664280 -0.324743 2.576627
-8.430859 -16.690262 -0.326388 2.576711
-8.591191 -16.716646 -0.328069 2.576797
-8.752720 -16.742411 -0.329766 2.576884
-8.916735 -16.769939 -0.331526 2.576974
-9.082076 -16.796947 -0.333306 2.577065
-9.249191 -16.824215 -0.335120 2.577158
-9.418151 -16.851793 -0.336971 2.577253
-9.588964 -16.879629 -0.338858 2.577350
-9.769445 -16.921175 -0.341053 2.577462
-9.948887 -16.957466 -0.343176 2.577570
-10.126898 -16.988028 -0.345216 2.577675
-10.318169 -17.037319 -0.347674 2.577801
-10.501459 -17.069880 -0.349826 2.577911
-10.702711 -17.127918 -0.352538 2.578050
-10.908578 -17.189167 -0.355357 2.578194
-11.139452 -17.285044 -0.358938 2.578378
-11.365763 -17.368702 -0.362314 2.578551
-11.569304 -17.413204 -0.364919 2.578684
-11.905943 -17.651287 -0.371641 2.579028
-12.371220 -18.067709 -0.382218 2.579570
-12.674845 -18.236710 -0.387655 2.579848
-12.891646 -18.275070 -0.390375 2.579987
-13.079991 -18.269939 -0.392206 2.580081
-13.245479 -18.230837 -0.393342 2.580139
-13.414875 -18.195492 -0.394591 2.580203
-13.585170 -18.159668 -0.395861 2.580268
-13.740335 -18.102221 -0.396690 2.580311
-13.874807 -18.016806 -0.396931 2.580323
-14.002577 -17.922480 -0.396997 2.580326
-14.143291 -17.844385 -0.397445 2.580349
-14.262094 -17.738466 -0.397294 2.580341
-14.374578 -17.624975 -0.396990 2.580326
-14.486864 -17.511606 -0.396705 2.580311
-14.598956 -17.398359 -0.396438 2.580298
-14.710874 -17.285212 -0.396191 2.580285
-14.820055 -17.169197 -0.395894 2.580270
-14.919799 -17.042751 -0.395370 2.580243
-15.024087 -16.922033 -0.394993 2.580224
-15.113460 -16.785198 -0.394253 2.580186
-15.197504 -16.643385 -0.393404 2.580142
-15.289459 -16.511112 -0.392791 2.580111
-15.373698 -16.371328 -0.392009 2.580071
-15.457893 -16.232384 -0.391257 2.580032
-15.544718 -16.097027 -0.390601 2.579999
-15.630576 -15.961413 -0.389949 2.579965
-15.714261 -15.824350 -0.389271 2.579931
-15.803438 -15.693495 -0.388756 2.579904
-15.897756 -15.568229 -0.388393 2.579886
-15.995257 -15.446441 -0.388131 2.579872
-16.097580 -15.329513 -0.388008 2.579866
-16.204845 -15.217361 -0.388023 2.579867
-16.306488 -15.099976 -0.387923 2.579862
-16.410460 -14.984805 -0.387898 2.579860
-16.522293 -14.876739 -0.388077 2.579870
-16.638329 -14.772195 -0.388371 2.579885
-16.756762 -14.669434 -0.388735 2.579903
-16.876625 -14.567513 -0.389147 2.579924
-16.980812 -14.451801 -0.389214 2.579928
-17.077415 -14.329653 -0.389125 2.579923
-17.180889 -14.213263 -0.389213 2.579928
-17.282948 -14.095627 -0.389286 2.579931
-17.372993 -13.968246 -0.389108 2.579922
-17.458965 -13.837802 -0.388860 2.579910
-17.535128 -13.699943 -0.388417 2.579887
-17.619417 -13.568774 -0.388176 2.579875
-17.700624 -13.435504 -0.387889 2.579860
-17.776831 -13.298770 -0.387515 2.579841
-17.856743 -13.165124 -0.387244 2.579827
-17.923346 -13.022074 -0.386708 2.579799
-17.989244 -12.879030 -0.386180 2.579772
-18.063387 -12.742316 -0.385853 2.579756
-18.134802 -12.604017 -0.385489 2.579737
-18.197987 -12.460419 -0.384974 2.579711
-18.257757 -12.315012 -0.384410 2.579682
-18.324602 -12.174832 -0.384018 2.579662
-18.393005 -12.036044 -0.383682 2.579644
-18.462284 -11.898131 -0.383385 2.579629
-18.529797 -11.759364 -0.383072 2.579613
-18.600531 -11.622902 -0.382848 2.579602
-18.672661 -11.487494 -0.382672 2.579593
-18.749029 -11.354815 -0.382604 2.579589
-18.828266 -11.223901 -0.382612 2.579590
-18.908173 -11.093356 -0.382653 2.579592
-18.992058 -10.965070 -0.382792 2.579599
-19.085854 -10.842270 -0.383147 2.579617
-19.179050 -10.718808 -0.383507 2.579635
-19.266432 -10.591812 -0.383766 2.579649
-19.365725 -10.471005 -0.384278 2.579675
-19.473389 -10.354185 -0.384971 2.579710
-19.579163 -10.235735 -0.385640 2.579745
-19.687338 -10.117916 -0.386370 2.579782
-19.799400 -10.001398 -0.387189 2.579824
-19.912825 -9.884809 -0.388049 2.579868
-20.028362 -9.768485 -0.388962 2.579915
-20.149885 -9.654203 -0.390003 2.579968
-20.270674 -9.538653 -0.391043 2.580021
-20.390373 -9.421677 -0.392073 2.580074
-20.516758 -9.306811 -0.393244 2.580134
-20.605953 -9.174362 -0.393717 2.580158
-20.609196 -9.003932 -0.392568 2.580099
-20.612417 -8.834492 -0.391445 2.580042
-20.615622 -8.666011 -0.390348 2.579986
-20.675972 -8.522018 -0.390354 2.579986
-20.813797 -8.409320 -0.391838 2.580062
-20.952684 -8.295751 -0.393353 2.580140
-21.092651 -8.181299 -0.394899 2.580219
-21.233730 -8.065939 -0.396476 2.580300
-21.372448 -7.948339 -0.398021 2.580379
-21.375648 -7.780100 -0.397059 2.580329
-21.378836 -7.612657 -0.396121 2.580281
-21.382008 -7.446002 -0.395207 2.580235
-21.385166 -7.280106 -0.394317 2.580189
-21.388309 -7.114941 -0.393449 2.580144
-21.391439 -6.950500 -0.392604 2.580101
-21.394558 -6.786750 -0.391782 2.580059
-21.397663 -6.623682 -0.390983 2.580018
-21.400755 -6.461270 -0.390206 2.579978
-21.403837 -6.299489 -0.389451 2.579940
-21.406906 -6.138331 -0.388717 2.579902
-21.232681 -5.928267 -0.384793 2.579701
-20.972069 -5.697984 -0.379339 2.579422
-20.718727 -5.474125 -0.374057 2.579152
-20.679512 -5.309594 -0.372670 2.579081
-20.682425 -5.156707 -0.372065 2.579050
-20.685328 -5.004304 -0.371480 2.579020
-20.688223 -4.852378 -0.370914 2.578991
-20.743502 -4.712809 -0.371306 2.579011
-20.893461 -4.593723 -0.373407 2.579118
-21.045128 -4.473280 -0.375551 2.579228
-21.198561 -4.351436 -0.377737 2.579340
-21.353792 -4.228164 -0.379968 2.579454
-21.445921 -4.091030 -0.381090 2.579512
-21.448866 -3.936601 -0.380645 2.579489
-21.451805 -3.782532 -0.380219 2.579467
-21.454737 -3.628793 -0.379813 2.579446
-21.457663 -3.475382 -0.379426 2.579427
-21.460583 -3.322275 -0.379058 2.579408
-21.463499 -3.169451 -0.378709 2.579390
-21.466410 -3.016907 -0.378380 2.579373
-21.469315 -2.864615 -0.378069 2.579357
-21.472216 -2.712571 -0.377778 2.579342
-21.475113 -2.560753 -0.377505 2.579328
-21.478006 -2.409142 -0.377251 2.579315
-21.456593 -2.255179 -0.376589 2.579281
-21.257587 -2.084321 -0.372832 2.579089
-21.062511 -1.916838 -0.369167 2.578901
-20.871225 -1.752607 -0.365591 2.578718
-20.750332 -1.596649 -0.363269 2.578599
-20.753109 -1.451199 -0.363131 2.578592
-20.755884 -1.305846 -0.363012 2.578586
-20.758657 -1.160588 -0.362910 2.578581
-20.761433 -1.015404 -0.362825 2.578577
-20.873711 -0.874865 -0.364672 2.578671
-21.044891 -0.734904 -0.367564 2.578819
-21.218824 -0.592692 -0.370520 2.578971
-21.395582 -0.448172 -0.373543 2.579125
-21.518280 -0.300473 -0.375640 2.579233
-21.521151 -0.150246 -0.375662 2.579234
-21.524021 0.000000 -0.375703 2.579236
-21.526896 0.150292 -0.375763 2.579239
-21.529768 0.300633 -0.375840 2.579243
-21.532644 0.451043 -0.375936 2.579248
-21.535522 0.601544 -0.376051 2.579254
-21.538401 0.752138 -0.376183 2.579261
-21.541283 0.902851 -0.376335 2.579268
-21.544168 1.053687 -0.376504 2.579277
-21.547056 1.204666 -0.376693 2.579287
-21.549948 1.355810 -0.376899 2.579297
-21.552841 1.507122 -0.377125 2.579309
-21.409822 1.647400 -0.374815 2.579190
-21.254358 1.784779 -0.372302 2.579062
-21.100956 1.920336 -0.369841 2.578936
-20.949556 2.054124 -0.367429 2.578812
-20.822695 2.188553 -0.365464 2.578712
-20.825516 2.335959 -0.365790 2.578728
-20.828342 2.483630 -0.366136 2.578746
-20.831173 2.631588 -0.366499 2.578765
-20.834013 2.779853 -0.366882 2.578784
-20.989550 2.949889 -0.369975 2.578943
-21.212831 3.132442 -0.374287 2.579163
-21.441385 3.319303 -0.378719 2.579390
-21.590931 3.496967 -0.381782 2.579547
-21.593906 3.652338 -0.382276 2.579572
-21.596891 3.808115 -0.382791 2.579599
-21.599884 3.964324 -0.383325 2.579626
-21.602884 4.120972 -0.383879 2.579655
-21.605894 4.278081 -0.384454 2.579684
-21.608913 4.435676 -0.385050 2.579714
-21.611944 4.593760 -0.385666 2.579746
-21.614983 4.752366 -0.386303 2.579779
-21.618034 4.911498 -0.386960 2.579812
-21.621094 5.071181 -0.387639 2.579847
-21.624166 5.231439 -0.388340 2.579883
-21.553455 5.373880 -0.387734 2.579852
-21.413065 5.497944 -0.385890 2.579757
-21.274002 5.620835 -0.384082 2.579665
-21.136229 5.742585 -0.382309 2.579574
-20.999710 5.863227 -0.380571 2.579485
-20.895565 5.991706 -0.379432 2.579427
-20.898615 6.150801 -0.380258 2.579469
-20.901680 6.310591 -0.381106 2.579513
-20.904760 6.471103 -0.381977 2.579557
-20.946592 6.644653 -0.383579 2.579639
-21.274029 6.912351 -0.390449 2.579991
-21.613440 7.189838 -0.397590 2.580357
-21.665293 7.375469 -0.399482 2.580453
-21.668562 7.545790 -0.400504 2.580506
-21.671848 7.717000 -0.401550 2.580559
-21.675152 7.889110 -0.402622 2.580614
-21.678474 8.062156 -0.403720 2.580670
-21.681814 8.236150 -0.404843 2.580728
-21.685173 8.411123 -0.405992 2.580787
-21.622198 8.560836 -0.405922 2.580783
-21.455349 8.668524 -0.403916 2.580680
-21.324610 8.789374 -0.402600 2.580613
-21.136305 8.884886 -0.400206 2.580491
-20.999071 9.000213 -0.398788 2.580418
-20.864273 9.115379 -0.397427 2.580348
-20.725554 9.227612 -0.396002 2.580275
-20.601595 9.345302 -0.394871 2.580217
-20.510185 9.477037 -0.394377 2.580192
-20.420214 9.609022 -0.393927 2.580169
-20.308752 9.730327 -0.393078 2.580126
-20.211767 9.857938 -0.392523 2.580097
-20.121180 9.988245 -0.392109 2.580076
-20.035856 10.120841 -0.391814 2.580061
-19.922375 10.238708 -0.390983 2.580018
-19.836550 10.370300 -0.390710 2.580004
-19.730064 10.490662 -0.390045 2.579970
-19.610500 10.603362 -0.389136 2.579924
-19.474398 10.706142 -0.387909 2.579861
-19.359022 10.819390 -0.387106 2.579820
-19.211519 10.913665 -0.385670 2.579746
-19.054117 11.000899 -0.384043 2.579663
-18.906269 11.092246 -0.382614 2.579590
-18.738289 11.170263 -0.380784 2.579496
-18.567554 11.244909 -0.378900 2.579400
-18.397606 11.318285 -0.377036 2.579304
-18.233938 11.393829 -0.375303 2.579215
-18.054663 11.457841 -0.373250 2.579110
-17.880589 11.523254 -0.371305 2.579011
-17.716785 11.593538 -0.369576 2.578922
-17.557379 11.665097 -0.367940 2.578838
-17.397606 11.734833 -0.366300 2.578754
-17.254475 11.814389 -0.365014 2.578689
-17.105198 11.888424 -0.363603 2.578616
-16.954346 11.959974 -0.362162 2.578543
-16.805399 12.031487 -0.360766 2.578471
-16.659769 12.104031 -0.359445 2.578403
-16.516161 12.176767 -0.358172 2.578338
-16.377411 12.251869 -0.357010 2.578279
-16.230923 12.319940 -0.355683 2.578211
-16.078817 12.382359 -0.354235 2.578137
-15.918893 12.437202 -0.352616 2.578054
-15.763388 12.493912 -0.351095 2.577976
-15.607727 12.548936 -0.349571 2.577898
-15.441657 12.593907 -0.347812 2.577808
-15.283243 12.643401 -0.346224 2.577727
-15.120918 12.687957 -0.344545 2.577641
-14.966590 12.737571 -0.343046 2.577564
-14.806147 12.780324 -0.341405 2.577480
-14.633741 12.810871 -0.339484 2.577382
-14.448987 12.828414 -0.337268 2.577268
-14.269518 12.848331 -0.335164 2.577160
-14.098273 12.873497 -0.333245 2.577062
-13.930905 12.900162 -0.331409 2.576968
-13.752322 12.914289 -0.329298 2.576860
-13.578696 12.930820 -0.327294 2.576757
-13.432501 12.971615 -0.325945 2.576689
-13.258051 12.983247 -0.323903 2.576584
-13.090441 12.999372 -0.322018 2.576487
-12.939939 13.030592 -0.320546 2.576412
-12.793015 13.063800 -0.319158 2.576341
-12.642295 13.091479 -0.317670 2.576265
-12.493337 13.119300 -0.316221 2.576190
-12.345881 13.147029 -0.314804 2.576118
-12.205825 13.181091 -0.313572 2.576055
-12.060499 13.207935 -0.312199 2.575984
-11.935621 13.255851 -0.311355 2.575941
-11.818377 13.311362 -0.310713 2.575908
-11.691793 13.355430 -0.309829 2.575863
-11.583821 13.419985 -0.309443 2.575844
-11.450655 13.454476 -0.308387 2.575789
-11.334132 13.507493 -0.307781 2.575758
-11.231756 13.576865 -0.307568 2.575747
-11.124157 13.639565 -0.307221 2.575730
-11.013865 13.698483 -0.306809 2.575709
-10.909247 13.764048 -0.306564 2.575696
-10.791953 13.813070 -0.305970 2.575665
-10.647976 13.826683 -0.304618 2.575596
-10.541476 13.887884 -0.304337 2.575582
-10.416298 13.923751 -0.303522 2.575540
-10.300674 13.971498 -0.302988 2.575513
-10.182470 14.014968 -0.302382 2.575482
-10.059876 14.051491 -0.301647 2.575444
-9.935578 14.084582 -0.300861 2.575404
-9.809919 14.114623 -0.300033 2.575362
-9.693844 14.157505 -0.299498 2.575334
-9.578094 14.200109 -0.298978 2.575308
-9.456050 14.232505 -0.298263 2.575271
-9.338247 14.270339 -0.297682 2.575241
-9.219678 14.306138 -0.297079 2.575210
-9.093725 14.329421 -0.296237 2.575167
-8.970847 14.356357 -0.295492 2.575129
-8.857110 14.397033 -0.295049 2.575106
-8.744102 14.438231 -0.294635 2.575085
-8.624859 14.468334 -0.294013 2.575053
-8.509973 14.504901 -0.293542 2.575029
-8.389864 14.531672 -0.292891 2.574996
-8.275917 14.568254 -0.292457 2.574974
-8.171646 14.621441 -0.292372 2.574970
-8.053730 14.649678 -0.291805 2.574940
-7.942283 14.688950 -0.291476 2.574924
-7.832379 14.730562 -0.291210 2.574910
-7.724275 14.775181 -0.291019 2.574900
-7.617213 14.821495 -0.290876 2.574893
-7.512612 14.872442 -0.290840 2.574891
-7.406609 14.920521 -0.290762 2.574887
-7.301602 14.970503 -0.290735 2.574885
-7.197002 15.021308 -0.290739 2.574886
-7.087702 15.062136 -0.290564 2.574877
-6.982111 15.110670 -0.290553 2.574876
-6.880305 15.167553 -0.290716 2.574885
-6.771028 15.207976 -0.290578 2.574878
-6.671221 15.269828 -0.290863 2.574892
-6.569023 15.326681 -0.291065 2.574903
-6.463005 15.374878 -0.291116 2.574905
-6.357793 15.425167 -0.291221 2.574910
-6.253604 15.478214 -0.291391 2.574919
-6.149487 15.531837 -0.291585 2.574929
-6.044840 15.584531 -0.291775 2.574939
-5.941060 15.639948 -0.292029 2.574952
-5.837133 15.695582 -0.292300 2.574966
-5.732473 15.749840 -0.292558 2.574979
-5.627474 15.803792 -0.292823 2.574992
-5.522463 15.858356 -0.293113 2.575007
-5.415947 15.909237 -0.293347 2.575019
-5.309727 15.961633 -0.293622 2.575033
-5.200866 16.006620 -0.293775 2.575041
-5.092844 16.054688 -0.293997 2.575053
-4.986304 16.108147 -0.294332 2.575070
-4.877266 16.154282 -0.294545 2.575081
-4.770348 16.208258 -0.294915 2.575099
-4.661646 16.257092 -0.295204 2.575114
-4.548520 16.290977 -0.295236 2.575116
-4.435726 16.326185 -0.295305 2.575120
-4.326068 16.373508 -0.295608 2.575135
-4.214366 16.413879 -0.295798 2.575145
-4.102630 16.454752 -0.296012 2.575156
-3.990906 16.496422 -0.296253 2.575168
-3.874661 16.519724 -0.296178 2.575164
-3.761217 16.555073 -0.296334 2.575172
-3.647876 16.591499 -0.296523 2.575182
-3.534388 16.627985 -0.296727 2.575192
-3.420903 16.665331 -0.296960 2.575204
-3.306123 16.697172 -0.297109 2.575212
-3.190903 16.727320 -0.297241 2.575219
-3.077864 16.769970 -0.297610 2.575238
-2.962993 16.803970 -0.297839 2.575249
-2.848137 16.839186 -0.298104 2.575263
-2.733464 16.876951 -0.298427 2.575279
-2.618343 16.913488 -0.298743 2.575296
-2.504371 16.959579 -0.299241 2.575321
-2.389527 17.002367 -0.299694 2.575344
-2.274081 17.043432 -0.300131 2.575366
-2.157752 17.080410 -0.300509 2.575386
-2.042454 17.128561 -0.301098 2.575416
-1.926024 17.170904 -0.301599 2.575442
-1.809712 17.218258 -0.302201 2.575473
-1.693346 17.270063 -0.302896 2.575508
-1.575823 17.315437 -0.303491 2.575539
-1.459910 17.385649 -0.304536 2.575592
-1.341825 17.438589 -0.305291 2.575631
-1.222974 17.489336 -0.306023 2.575668
-1.103252 17.535660 -0.306691 2.575702
-0.983117 17.584440 -0.307417 2.575740
-0.863043 17.646282 -0.308385 2.575789
-0.742860 17.724138 -0.309648 2.575854
-0.620834 17.778364 -0.310512 2.575898
-0.498811 17.857635 -0.311828 2.575966
-0.375337 17.918697 -0.312841 2.576017
-0.251127 17.984787 -0.313956 2.576075
-0.126101 18.062582 -0.315291 2.576143
0.000000 18.134579 -0.316540 2.576207
0.127042 18.197390 -0.317644 2.576263
0.255171 18.273642 -0.318999 2.576333
0.384254 18.343903 -0.320264 2.576397
0.514131 18.406094 -0.321405 2.576456
0.645322 18.479609 -0.322759 2.576525
0.777391 18.548031 -0.324041 2.576591
0.911002 18.626677 -0.325518 2.576667
1.044786 18.687292 -0.326697 2.576727
1.180121 18.757450 -0.328060 2.576797
1.316017 18.819920 -0.329305 2.576860
1.453569 18.890841 -0.330716 2.576933
1.591965 18.958130 -0.332080 2.577003
1.732565 19.037634 -0.333676 2.577084
1.873301 19.105377 -0.335085 2.577156
2.014846 19.169975 -0.336456 2.577226
2.157939 19.238482 -0.337915 2.577301
2.302047 19.305494 -0.339366 2.577375
2.448658 19.383087 -0.341022 2.577460
2.596940 19.463146 -0.342741 2.577548
2.746528 19.542561 -0.344469 2.577637
2.896543 19.615364 -0.346100 2.577720
3.047052 19.682716 -0.347656 2.577800
3.201249 19.765083 -0.349497 2.577894
3.352715 19.822426 -0.350916 2.577967
3.508813 19.899466 -0.352705 2.578058
3.663760 19.962273 -0.354263 2.578138
3.819646 20.023251 -0.355810 2.578217
3.975091 20.075657 -0.357225 2.578290
4.127905 20.109573 -0.358333 2.578347
4.282579 20.147953 -0.359541 2.578408
4.436874 20.180073 -0.360658 2.578465
4.591569 20.209839 -0.361754 2.578522
4.743527 20.224112 -0.362593 2.578565
4.896189 20.238411 -0.363454 2.578609
5.048014 20.246479 -0.364223 2.578648
5.198949 20.248581 -0.364904 2.578683
5.351655 20.255175 -0.365688 2.578723
5.504132 20.258553 -0.366434 2.578761
5.654211 20.251099 -0.367004 2.578791
5.805201 20.245142 -0.367621 2.578822
5.956844 20.239628 -0.368267 2.578855
6.107149 20.227831 -0.368820 2.578883
6.259098 20.219862 -0.369462 2.578916
6.411005 20.210043 -0.370091 2.578948
6.562215 20.196421 -0.370672 2.578978
6.711616 20.175869 -0.371146 2.579003
6.861006 20.154051 -0.371616 2.579027
7.010747 20.132109 -0.372105 2.579052
7.160457 20.108892 -0.372591 2.579077
7.311302 20.087635 -0.373134 2.579104
7.464068 20.070282 -0.373770 2.579137
7.609284 20.031563 -0.374029 2.579150
7.754433 19.992109 -0.374294 2.579164
7.897519 19.946850 -0.374470 2.579173
8.039378 19.898159 -0.374601 2.579180
8.183100 19.853693 -0.374830 2.579191
8.325233 19.804928 -0.374997 2.579200
8.467389 19.755888 -0.375179 2.579209
8.612367 19.712921 -0.375496 2.579225
8.754888 19.663799 -0.375715 2.579237
8.891095 19.600317 -0.375679 2.579235
9.039244 19.562700 -0.376159 2.579259
9.180799 19.510181 -0.376372 2.579270
9.321394 19.455244 -0.376558 2.579280
9.458295 19.392380 -0.376610 2.579282
9.593694 19.326376 -0.376620 2.579283
9.734622 19.271261 -0.376861 2.579295
9.874427 19.213545 -0.377072 2.579306
10.010566 19.148441 -0.377156 2.579310
10.146494 19.082779 -0.377249 2.579315
10.282891 19.017815 -0.377375 2.579322
10.415188 18.945143 -0.377366 2.579321
10.547550 18.872610 -0.377379 2.579322
10.678720 18.797943 -0.377368 2.579321
10.812181 18.727249 -0.377455 2.579325
10.942530 18.651094 -0.377450 2.579325
11.067649 18.566141 -0.377286 2.579317
11.192795 18.481493 -0.377144 2.579310
11.317547 18.396406 -0.377011 2.579303
11.439136 18.306444 -0.376795 2.579292
11.561147 18.217457 -0.376615 2.579283
11.684258 18.130407 -0.376493 2.579276
11.804272 18.038809 -0.376293 2.579266
11.922801 17.945253 -0.376069 2.579255
12.033649 17.840618 -0.375627 2.579232
12.139194 17.728849 -0.375049 2.579202
12.236593 17.606138 -0.374252 2.579162
12.333620 17.484013 -0.373477 2.579122
12.425268 17.355427 -0.372574 2.579076
12.519156 17.231138 -0.371773 2.579035
12.618365 17.115139 -0.371162 2.579003
12.715245 16.996807 -0.370512 2.578970
12.808739 16.874884 -0.369794 2.578933
12.895305 16.744890 -0.368910 2.578888
12.980359 16.614101 -0.368016 2.578842
13.063130 16.481573 -0.367091 2.578795
13.142362 16.345791 -0.366102 2.578744
13.212080 16.199604 -0.364884 2.578682
13.287067 16.061302 -0.363850 2.578629
13.389090 15.956495 -0.363584 2.578615
13.515420 15.880568 -0.363995 2.578636
13.644917 15.807778 -0.364502 2.578662
13.775451 15.735564 -0.365045 2.578690
13.911080 15.668424 -0.365732 2.578725
14.046346 15.600047 -0.366416 2.578760
14.183712 15.533150 -0.367161 2.578799
14.327742 15.472543 -0.368084 2.578846
14.480375 15.420027 -0.369231 2.578905
14.636492 15.369827 -0.370466 2.578968
14.792371 15.317948 -0.371696 2.579031
14.956356 15.272931 -0.373128 2.579104
15.119744 15.225660 -0.374543 2.579176
15.293289 15.186886 -0.376207 2.579262
15.478786 15.157944 -0.378157 2.579362
15.677790 15.139865 -0.380428 2.579478
15.881565 15.123813 -0.382801 2.579599
16.099287 15.118227 -0.385495 2.579737
16.317404 15.110075 -0.388183 2.579875
16.531212 15.095067 -0.390753 2.580006
16.750359 15.082090 -0.393434 2.580144
16.989168 15.083693 -0.396560 2.580304
17.208611 15.064989 -0.399218 2.580440
17.439434 15.053308 -0.402125 2.580589
17.674011 15.041760 -0.405102 2.580741
17.920532 15.037111 -0.408337 2.580907
17.869646 14.783060 -0.404816 2.580726
17.873610 14.577350 -0.402590 2.580613
17.877527 14.373895 -0.400408 2.580501
17.951511 14.228189 -0.399831 2.580471
18.087154 14.131233 -0.400645 2.580513
18.223356 14.033876 -0.401482 2.580556
18.360146 13.936100 -0.402342 2.580600
18.497519 13.837906 -0.403226 2.580645
18.635504 13.739275 -0.404133 2.580692
18.774117 13.640194 -0.405064 2.580739
18.913376 13.540650 -0.406019 2.580788
18.937080 13.358632 -0.404516 2.580711
18.940823 13.164208 -0.402623 2.580614
18.944529 12.971587 -0.400767 2.580519
18.948202 12.780724 -0.398947 2.580426
18.951841 12.591576 -0.397163 2.580335
18.955448 12.404089 -0.395414 2.580245
18.959023 12.218251 -0.393700 2.580157
18.962568 12.034009 -0.392019 2.580071
18.358101 11.471415 -0.377858 2.579346
17.941732 11.037830 -0.367693 2.578826
17.945002 10.867871 -0.366196 2.578749
17.948244 10.699295 -0.364729 2.578674
17.951460 10.532057 -0.363292 2.578600
18.049641 10.420964 -0.363797 2.578626
18.180077 10.327724 -0.364964 2.578686
18.311371 10.233871 -0.366157 2.578747
18.443520 10.139406 -0.367375 2.578809
18.576559 10.044305 -0.368619 2.578873
18.710506 9.948553 -0.369890 2.578938
18.845390 9.852134 -0.371187 2.579005
18.981239 9.755024 -0.372512 2.579072
19.009319 9.602293 -0.371739 2.579033
19.012478 9.437874 -0.370503 2.578970
19.015615 9.274536 -0.369294 2.578908
19.018734 9.112253 -0.368110 2.578847
19.021832 8.950987 -0.366951 2.578788
19.024910 8.790737 -0.365818 2.578730
19.027969 8.631467 -0.364709 2.578673
19.031010 8.473151 -0.363624 2.578618
19.034031 8.315766 -0.362564 2.578563
19.037037 8.159277 -0.361527 2.578510
18.615820 7.825366 -0.352482 2.578047
18.194792 7.499350 -0.343510 2.577588
18.013977 7.278119 -0.339129 2.577363
18.016756 7.133340 -0.338236 2.577317
18.019520 6.989305 -0.337363 2.577273
18.022270 6.846014 -0.336512 2.577229
18.025007 6.703438 -0.335681 2.577187
18.155525 6.608071 -0.337244 2.577267
18.289217 6.512499 -0.338875 2.577350
18.424225 6.415987 -0.340538 2.577435
18.560560 6.318525 -0.342234 2.577522
18.698265 6.220083 -0.343964 2.577611
18.837378 6.120635 -0.345729 2.577701
18.977932 6.020157 -0.347529 2.577794
19.080269 5.906323 -0.348639 2.577850
19.083046 5.761507 -0.347946 2.577815
19.085812 5.617258 -0.347273 2.577780
19.088566 5.473558 -0.346620 2.577747
19.091311 5.330392 -0.345985 2.577714
19.094046 5.187731 -0.345370 2.577683
19.096771 5.045580 -0.344774 2.577652
19.099485 4.903912 -0.344196 2.577623
19.102192 4.762711 -0.343637 2.577594
19.104889 4.621961 -0.343097 2.577567
19.107578 4.481636 -0.342575 2.577540
19.071955 4.333038 -0.341386 2.577479
18.819822 4.137805 -0.336347 2.577221
18.575012 3.948241 -0.331472 2.576971
18.337187 3.764086 -0.326751 2.576730
18.106010 3.585081 -0.322177 2.576495
18.087370 3.450346 -0.321409 2.576456
18.089863 3.320109 -0.321034 2.576437
18.092352 3.190170 -0.320675 2.576418
18.094833 3.060514 -0.320332 2.576401
18.097309 2.931119 -0.320006 2.576384
18.224636 2.821319 -0.321902 2.576481
18.375511 2.713457 -0.324224 2.576600
18.528585 2.604023 -0.326596 2.576722
18.683924 2.492970 -0.329019 2.576846
18.841604 2.380242 -0.331495 2.576972
19.001671 2.265808 -0.334025 2.577102
19.152252 2.148267 -0.336400 2.577224
19.154835 2.013254 -0.336191 2.577213
19.157415 1.878403 -0.335997 2.577203
19.159992 1.743690 -0.335821 2.577194
19.162565 1.609121 -0.335661 2.577186
19.165136 1.474675 -0.335518 2.577178
19.167706 1.340337 -0.335391 2.577172
19.170273 1.206093 -0.335280 2.577166
19.172836 1.071922 -0.335186 2.577162
19.175400 0.937829 -0.335108 2.577157
19.177963 0.803793 -0.335046 2.577154
19.180525 0.669799 -0.335001 2.577152
19.132416 0.534419 -0.334088 2.577105
18.955002 0.397045 -0.330933 2.576944
18.780909 0.262244 -0.327854 2.576786
18.610020 0.129923 -0.324847 2.576632
18.435974 -0.000000 -0.966188 2.609469
18.271290 -0.127560 -0.957581 2.609028
18.149345 -0.253429 -0.951260 2.608704
18.151766 -0.380225 -0.951502 2.608717
18.154186 -0.507092 -0.951792 2.608732
18.156607 -0.634043 -0.952127 2.608749
18.159029 -0.761089 -0.952510 2.608768
18.161453 -0.888243 -0.952939 2.608790
18.335283 -1.025102 -0.962412 2.609276
18.538597 -1.166350 -0.973488 2.609843
18.746655 -1.310894 -0.984870 2.610425
18.959646 -1.458865 -0.996570 2.611024
19.177767 -1.610402 -1.008601 2.611640
19.217299 -1.748911 -1.011298 2.611778
19.219877 -1.884525 -1.012101 2.611820
19.222462 -2.020362 -1.012956 2.611863
19.225050 -2.156435 -1.013861 2.611909
19.227640 -2.292758 -1.014817 2.611959
19.230236 -2.429344 -1.015824 2.612010
19.232838 -2.566208 -1.016883 2.612064
19.235443 -2.703365 -1.017994 2.612121
19.238054 -2.840829 -1.019157 2.612181
19.240669 -2.978613 -1.020372 2.612243
19.243292 -3.116733 -1.021640 2.612308
19.229803 -3.252478 -1.022105 2.612332
19.080975 -3.364491 -1.015418 2.611989
18.934072 -3.475053 -1.008867 2.611654
18.789047 -3.584203 -1.002448 2.611325
18.645847 -3.691977 -0.996159 2.611003
18.504427 -3.798413 -0.989996 2.610688
18.364738 -3.903545 -0.983957 2.610379
18.226736 -4.007408 -0.978038 2.610075
18.223227 -4.140215 -0.979377 2.610144
18.225775 -4.274817 -0.981094 2.610232
18.228331 -4.409897 -0.982865 2.610322
18.230896 -4.545473 -0.984690 2.610416
18.233471 -4.681560 -0.986571 2.610512
18.507526 -4.889899 -1.003222 2.611365
18.819565 -5.113163 -1.022046 2.612329
19.143555 -5.344976 -1.041643 2.613332
19.289007 -5.531034 -1.051633 2.613843
19.291780 -5.677880 -1.053919 2.613961
19.294567 -5.825374 -1.056267 2.614081
19.297365 -5.973532 -1.058678 2.614204
19.300175 -6.122376 -1.061151 2.614331
19.302996 -6.271924 -1.063688 2.614461
19.305832 -6.422195 -1.066289 2.614594
19.308680 -6.573211 -1.068955 2.614730
19.311543 -6.724991 -1.071686 2.614870
19.314419 -6.877555 -1.074484 2.615014
19.317308 -7.030926 -1.077349 2.615160
19.185762 -7.135121 -1.072765 2.614926
19.053329 -7.237681 -1.068159 2.614690
18.922022 -7.339369 -1.063645 2.614459
18.791815 -7.440206 -1.059219 2.614232
18.662678 -7.540211 -1.054882 2.614010
18.534590 -7.639406 -1.050631 2.613792
18.407520 -7.737810 -1.046465 2.613579
18.293045 -7.840410 -1.043043 2.613404
18.295921 -7.993291 -1.046364 2.613574
18.298815 -8.147157 -1.049756 2.613747
18.301725 -8.302031 -1.053223 2.613925
18.304655 -8.457938 -1.056764 2.614106
18.836687 -8.863873 -1.091025 2.615860
19.359535 -9.275536 -1.125032 2.617601
19.362696 -9.443818 -1.129019 2.617806
19.365877 -9.613305 -1.133091 2.618014
19.369081 -9.784028 -1.137247 2.618227
19.372309 -9.956015 -1.141490 2.618444
19.375561 -10.129298 -1.145820 2.618666
19.378836 -10.303909 -1.150240 2.618892
19.382133 -10.479881 -1.154750 2.619123
19.385460 -10.657247 -1.159353 2.619359
19.378740 -10.830412 -1.163445 2.619568
19.245964 -10.933229 -1.160028 2.619393
19.113958 -11.035449 -1.156687 2.619222
18.982706 -11.137087 -1.153421 2.619055
18.852184 -11.238158 -1.150230 2.618892
18.722378 -11.338675 -1.147112 2.618732
18.593266 -11.438653 -1.144066 2.618576
18.464830 -11.538107 -1.141092 2.618424
18.364578 -11.654516 -1.139897 2.618363
18.367998 -11.837366 -1.145211 2.618635
18.371449 -12.021939 -1.150631 2.618912
18.374933 -12.208277 -1.156159 2.619195
19.431299 -13.106577 -1.228354 2.622892
19.435053 -13.307460 -1.234434 2.623203
19.438845 -13.510348 -1.240635 2.623520
19.442673 -13.715297 -1.246960 2.623844
19.446539 -13.922356 -1.253412 2.624175
19.450445 -14.131576 -1.259992 2.624511
19.454391 -14.343016 -1.266703 2.624855
19.458380 -14.556727 -1.273549 2.625206
19.356367 -14.692283 -1.273554 2.625206
19.217718 -14.799637 -1.271199 2.625085
19.079576 -14.906599 -1.268914 2.624968
18.941923 -15.013184 -1.266700 2.624855
18.804743 -15.119401 -1.264554 2.624745
18.668018 -15.225265 -1.262477 2.624639
18.531734 -15.330786 -1.260468 2.624536
18.435783 -15.469459 -1.261256 2.624576
18.439959 -15.693636 -1.269007 2.624973
18.444185 -15.920593 -1.276916 2.625378
19.505325 -17.075623 -1.358600 2.629560
19.509907 -17.321707 -1.367309 2.630006
16.924437 -15.238832 -1.193539 2.621109
15.526937 -14.178042 -1.101938 2.616419
14.848313 -13.749688 -1.060563 2.614301
14.272820 -13.403071 -1.026117 2.612537
13.833590 -13.173551 -1.001127 2.611258
13.414957 -12.954674 -0.977352 2.610040
13.046881 -12.776450 -0.957011 2.608999
12.701483 -12.613117 -0.938112 2.608031
12.400784 -12.487661 -0.922319 2.607223
12.134871 -12.391724 -0.908954 2.606538
11.939139 -12.363340 -0.900736 2.606118
11.752522 -12.341364 -0.893135 2.605728
11.568977 -12.319710 -0.885702 2.605348
11.392942 -12.303259 -0.878779 2.604994
11.230513 -12.298982 -0.872852 2.604690
11.091997 -12.318912 -0.868750 2.604480
10.945072 -12.327732 -0.863962 2.604235
10.799672 -12.336366 -0.859262 2.603994
10.655757 -12.344814 -0.854648 2.603758
10.513295 -12.353082 -0.850118 2.603526
10.389579 -12.381818 -0.847083 2.603371
10.269029 -12.413124 -0.844300 2.603228
10.149198 -12.444145 -0.841570 2.603088
10.030028 -12.474840 -0.838890 2.602951
9.911524 -12.505232 -0.836260 2.602817
9.793737 -12.535412 -0.833685 2.602685
9.679540 -12.569139 -0.831414 2.602568
9.567937 -12.605290 -0.829367 2.602463
9.453783 -12.637134 -0.827099 2.602347
9.336858 -12.664207 -0.824585 2.602219
9.220544 -12.690989 -0.822117 2.602092
9.104530 -12.717074 -0.819669 2.601967
8.982823 -12.733963 -0.816696 2.601815
8.861950 -12.750675 -0.813780 2.601665
8.741900 -12.767225 -0.810921 2.601519
8.622598 -12.783527 -0.808113 2.601375
8.504046 -12.799620 -0.805358 2.601234
8.386242 -12.815520 -0.802655 2.601096
8.269181 -12.831258 -0.800005 2.600960
8.152859 -12.846850 -0.797409 2.600827
8.037207 -12.862219 -0.794861 2.600697
7.922221 -12.877387 -0.792361 2.600569
7.807902 -12.892379 -0.789910 2.600443
7.694241 -12.907209 -0.787508 2.600320
7.581236 -12.921906 -0.785157 2.600200
7.468822 -12.936379 -0.782849 2.600082
7.353499 -12.944501 -0.780214 2.599947
7.236827 -12.948778 -0.777408 2.599803
7.126060 -12.962255 -0.775212 2.599691
7.016139 -12.976079 -0.773090 2.599582
6.906306 -12.988873 -0.770961 2.599473
6.792512 -12.992878 -0.768365 2.599340
6.679434 -12.996773 -0.765819 2.599210
6.567055 -13.000559 -0.763322 2.599082
6.455359 -13.004238 -0.760873 2.598957
6.344333 -13.007811 -0.758472 2.598834
6.233960 -13.011279 -0.756118 2.598713
6.124226 -13.014644 -0.753811 2.598595
6.015116 -13.017906 -0.751549 2.598479
5.906619 -13.021068 -0.749333 2.598366
5.798716 -13.024130 -0.747161 2.598255
5.691396 -13.027092 -0.745034 2.598146
5.584646 -13.029957 -0.742949 2.598039
5.478557 -13.032975 -0.740923 2.597935
5.376953 -13.045465 -0.739481 2.597861
5.274061 -13.053760 -0.737846 2.597778
5.169350 -13.056288 -0.735931 2.597680
5.065141 -13.058715 -0.734056 2.597584
4.961423 -13.061042 -0.732222 2.597490
4.858187 -13.063270 -0.730428 2.597398
4.755416 -13.065399 -0.728673 2.597308
4.653664 -13.069008 -0.727044 2.597224
4.551785 -13.070951 -0.725367 2.597139
4.450345 -13.072804 -0.723728 2.597055
4.349331 -13.074572 -0.722127 2.596973
4.248732 -13.076253 -0.720564 2.596893
4.148537 -13.077847 -0.719039 2.596815
4.048737 -13.079357 -0.717550 2.596738
3.949320 -13.080783 -0.716098 2.596664
3.851640 -13.086750 -0.714935 2.596605
3.755578 -13.097257 -0.714060 2.596560
3.658122 -13.101923 -0.712904 2.596501
3.559988 -13.102937 -0.711590 2.596433
3.462306 -13.104306 -0.710334 2.596369
3.364853 -13.105238 -0.709094 2.596306
3.267715 -13.106089 -0.707888 2.596244
3.170883 -13.106859 -0.706717 2.596184
3.075133 -13.110898 -0.705760 2.596135
2.980894 -13.120461 -0.705137 2.596103
2.885989 -13.126227 -0.704347 2.596062
2.790163 -13.126683 -0.703309 2.596009
2.695133 -13.129668 -0.702444 2.595965
2.601557 -13.138826 -0.701945 2.595940
2.507564 -13.145114 -0.701329 2.595908
2.412607 -13.145259 -0.700421 2.595861
2.318141 -13.146829 -0.699625 2.595821
2.225103 -13.155603 -0.699248 2.595802
2.132149 -13.164287 -0.698902 2.595784
2.039276 -13.172926 -0.698587 2.595767
1.946260 -13.180043 -0.698227 2.595749
1.853116 -13.185606 -0.697819 2.595728
1.760370 -13.193359 -0.697562 2.595715
1.667678 -13.201033 -0.697335 2.595703
1.575033 -13.208630 -0.697139 2.595694
1.482432 -13.216175 -0.696974 2.595685
1.389858 -13.223612 -0.696837 2.595678
1.297309 -13.230983 -0.696732 2.595673
1.204780 -13.238313 -0.696658 2.595669
1.112256 -13.245514 -0.696611 2.595666
1.019735 -13.252639 -0.696594 2.595665
0.927208 -13.259687 -0.696608 2.595666
0.834667 -13.266661 -0.696651 2.595669
0.742592 -13.282239 -0.697180 2.595695
0.650376 -13.297931 -0.697748 2.595725
0.557632 -13.304693 -0.697882 2.595731
0.464847 -13.311478 -0.698050 2.595740
0.372271 -13.327517 -0.698738 2.595775
0.279478 -13.342168 -0.699387 2.595809
0.186393 -13.348648 -0.699641 2.595822
0.093256 -13.357664 -0.700063 2.595843
-0.000000 -13.372198 -0.700807 2.595881
-0.093445 -13.384726 -0.701481 2.595916
-0.186981 -13.390623 -0.701841 2.595934
-0.280650 -13.398017 -0.702314 2.595958
-0.374641 -13.412356 -0.703186 2.596003
-0.468870 -13.426673 -0.704091 2.596049
-0.563343 -13.440941 -0.705028 2.596097
-0.658068 -13.455166 -0.705998 2.596147
-0.753445 -13.476333 -0.707368 2.596217
-0.848882 -13.492593 -0.708515 2.596276
-0.944816 -13.511495 -0.709837 2.596344
-1.041269 -13.532494 -0.711304 2.596419
-1.138123 -13.553532 -0.712810 2.596496
-1.235387 -13.574604 -0.714355 2.596575
-1.333559 -13.600694 -0.716200 2.596669
-1.432576 -13.630051 -0.718255 2.596775
-1.533315 -13.669806 -0.720897 2.596910
-1.635624 -13.716744 -0.723957 2.597067
-1.738595 -13.762384 -0.726988 2.597222
-1.841058 -13.798091 -0.729536 2.597352
-1.944239 -13.833979 -0.732133 2.597485
-2.048568 -13.872870 -0.734930 2.597628
-2.155152 -13.921430 -0.738282 2.597800
-2.260831 -13.958787 -0.741082 2.597943
-2.366266 -13.990208 -0.743609 2.598073
-2.471597 -14.017122 -0.745939 2.598192
-2.581565 -14.065838 -0.749472 2.598373
-2.689850 -14.100683 -0.752311 2.598518
-2.794155 -14.111509 -0.753911 2.598600
-2.896540 -14.110847 -0.754938 2.598653
-3.000390 -14.115726 -0.756301 2.598723
-3.104774 -14.121323 -0.757744 2.598796
-3.207888 -14.119568 -0.758833 2.598852
-3.313524 -14.127275 -0.760472 2.598936
-3.421715 -14.143678 -0.762622 2.599046
-3.534903 -14.177723 -0.765770 2.599207
-3.645157 -14.196948 -0.768164 2.599330
-3.757944 -14.223246 -0.770987 2.599474
-3.871788 -14.250543 -0.773914 2.599624
-3.984488 -14.270835 -0.776507 2.599757
-4.100864 -14.301414 -0.779710 2.599921
-4.220872 -14.341293 -0.783472 2.600114
-4.339105 -14.371807 -0.786774 2.600283
-4.462043 -14.414528 -0.790799 2.600489
-4.579812 -14.437397 -0.793789 2.600642
-4.698932 -14.461824 -0.796916 2.600802
-4.818341 -14.484468 -0.799998 2.600960
-4.934513 -14.495034 -0.802465 2.601086
-5.049854 -14.501202 -0.804738 2.601202
-5.187787 -14.568998 -0.810491 2.601497
-5.310168 -14.589567 -0.813678 2.601660
-5.441947 -14.632952 -0.818196 2.601892
-5.572967 -14.670938 -0.822476 2.602111
-5.706236 -14.711552 -0.826966 2.602340
-5.843477 -14.758939 -0.831902 2.602593
-5.973927 -14.785989 -0.835757 2.602791
-6.115952 -14.838410 -0.841114 2.603065
-6.248689 -14.865042 -0.845075 2.603268
-6.376323 -14.877072 -0.848269 2.603431
-6.506375 -14.892506 -0.851719 2.603608
-6.637471 -14.908004 -0.855234 2.603788
-6.764307 -14.911832 -0.858142 2.603937
-6.891326 -14.914195 -0.861026 2.604084
-7.019158 -14.916467 -0.863965 2.604235
-7.147818 -14.918649 -0.866961 2.604388
-7.278744 -14.923636 -0.870182 2.604553
-7.416621 -14.940686 -0.874174 2.604758
-7.548963 -14.944405 -0.877454 2.604926
-7.681314 -14.946218 -0.880688 2.605091
-7.814591 -14.947936 -0.883982 2.605260
-7.948852 -14.949616 -0.887342 2.605432
-8.084899 -14.952707 -0.890854 2.605612
-8.221030 -14.953998 -0.894328 2.605790
-8.358167 -14.955175 -0.897867 2.605971
-8.499282 -14.961444 -0.901783 2.606171
-8.646442 -14.976078 -0.906282 2.606401
-8.787016 -14.977105 -0.910034 2.606594
-8.930261 -14.980650 -0.914015 2.606798
-9.074473 -14.983734 -0.918047 2.607004
-9.228762 -15.001139 -0.923038 2.607260
-9.375538 -15.003997 -0.927219 2.607474
-9.521976 -15.004231 -0.931319 2.607683
-9.669639 -15.004341 -0.935493 2.607897
-9.818556 -15.004323 -0.939743 2.608115
-9.968802 -15.004254 -0.944074 2.608336
-10.120348 -15.004033 -0.948483 2.608562
-10.273165 -15.003578 -0.952965 2.608792
-10.427439 -15.003117 -0.957536 2.609026
-10.583115 -15.002520 -0.962190 2.609264
-10.733877 -14.992922 -0.966357 2.609478
-10.881650 -14.977306 -0.970224 2.609675
-11.040953 -14.975583 -0.975082 2.609924
-11.201896 -14.973881 -0.980039 2.610178
-11.361188 -14.967810 -0.984809 2.610422
-11.522057 -14.961696 -0.989675 2.610671
-11.673224 -14.941046 -0.993676 2.610876
-11.834118 -14.930936 -0.998474 2.611122
-11.987338 -14.909240 -1.002595 2.611333
-12.139582 -14.884599 -1.006612 2.611538
-12.292934 -14.859602 -1.010701 2.611748
-12.447409 -14.834244 -1.014863 2.611961
-12.603021 -14.808494 -1.019096 2.612178
-12.750049 -14.771072 -1.022621 2.612358
-12.892573 -14.727070 -1.025781 2.612520
-13.035869 -14.682649 -1.029001 2.612685
-13.180080 -14.637962 -1.032293 2.612853
-13.329412 -14.597563 -1.035981 2.613042
-13.478279 -14.555216 -1.039629 2.613229
-13.617240 -14.500890 -1.042513 2.613377
-13.755424 -14.444615 -1.045346 2.613522
-13.889729 -14.383236 -1.047896 2.613652
-14.024579 -14.321424 -1.050501 2.613786
-14.152527 -14.251675 -1.052606 2.613893
-14.282684 -14.183321 -1.054897 2.614011
-14.413313 -14.114556 -1.057241 2.614130
-14.544433 -14.045395 -1.059640 2.614254
-14.676095 -13.975852 -1.062098 2.614379
-14.808259 -13.905879 -1.064611 2.614508
-14.939119 -13.833778 -1.067050 2.614633
-15.068004 -13.758975 -1.069368 2.614752
-15.197351 -13.683756 -1.071742 2.614873
-15.327161 -13.608087 -1.074170 2.614997
-15.457507 -13.532023 -1.076658 2.615125
-15.588315 -13.455474 -1.079200 2.615255
-15.719634 -13.378454 -1.081799 2.615388
-15.851565 -13.301043 -1.084461 2.615524
-15.989175 -13.227392 -1.087531 2.615682
-16.128216 -13.153850 -1.090715 2.615844
-16.267977 -13.079790 -1.093965 2.616011
-16.400518 -12.998888 -1.096749 2.616153
-16.529074 -12.913928 -1.099290 2.616283
-16.652931 -12.824479 -1.101545 2.616399
-16.771818 -12.730501 -1.103504 2.616499
-16.892738 -12.637384 -1.105628 2.616608
-17.009129 -12.540209 -1.107489 2.616703
-17.122580 -12.440283 -1.109194 2.616791
-17.221931 -12.329687 -1.110026 2.616833
-17.325573 -12.221847 -1.111180 2.616892
-17.424843 -12.110582 -1.112097 2.616939
-17.514105 -11.992154 -1.112423 2.616956
-17.597240 -11.869488 -1.112413 2.616956
-17.685139 -11.749974 -1.112757 2.616973
-17.768082 -11.627106 -1.112841 2.616977
-17.848003 -11.502254 -1.112790 2.616975
-17.927866 -11.377368 -1.112790 2.616975
-18.001339 -11.248486 -1.112449 2.616957
-18.074596 -11.119561 -1.112151 2.616942
-18.158480 -10.997165 -1.112562 2.616963
-18.238468 -10.872311 -1.112785 2.616975
-18.319653 -10.748074 -1.113133 2.616992
-18.398273 -10.622249 -1.113377 2.617005
-18.480207 -10.498216 -1.113873 2.617030
-18.567471 -10.377007 -1.114738 2.617074
-18.655672 -10.256044 -1.115708 2.617124
-18.744413 -10.135064 -1.116756 2.617178
-18.835661 -10.015099 -1.118000 2.617242
-18.925209 -9.893856 -1.119188 2.617302
-19.012259 -9.770972 -1.120274 2.617358
-19.111525 -9.653927 -1.122125 2.617453
-19.212473 -9.537152 -1.124115 2.617555
-19.309814 -9.418026 -1.125936 2.617648
-19.413074 -9.301183 -1.128143 2.617761
-19.524128 -9.187356 -1.130842 2.617899
-19.634249 -9.072298 -1.133524 2.618036
-19.745928 -8.957148 -1.136333 2.618180
-19.861839 -8.843060 -1.139423 2.618338
-19.979858 -8.728982 -1.142670 2.618505
-20.098427 -8.614196 -1.145983 2.618674
-20.223036 -8.500982 -1.149676 2.618863
-20.354832 -8.389654 -1.153811 2.619075
-20.482183 -8.275340 -1.157727 2.619276
-20.611582 -8.160699 -1.161792 2.619484
-20.752407 -8.049327 -1.166534 2.619726
-20.885052 -7.933488 -1.170848 2.619947
-21.016720 -7.816046 -1.175142 2.620167
-21.152302 -7.698808 -1.179689 2.620400
-21.279272 -7.577204 -1.183791 2.620610
-21.392996 -7.449828 -1.187196 2.620784
-21.396132 -7.283838 -1.184519 2.620647
-21.399252 -7.118581 -1.181911 2.620514
-21.402361 -6.954049 -1.179373 2.620384
-21.405457 -6.790207 -1.176902 2.620257
-21.408543 -6.627049 -1.174500 2.620134
-21.411613 -6.464549 -1.172164 2.620015
-21.414677 -6.302680 -1.169894 2.619899
-21.417727 -6.141434 -1.167690 2.619786
-21.244207 -5.931486 -1.155944 2.619184
-20.983292 -5.701033 -1.139553 2.618345
-20.729660 -5.477014 -1.123675 2.617532
-20.689892 -5.312259 -1.119482 2.617317
-20.692789 -5.159292 -1.117662 2.617224
-20.695677 -5.006808 -1.115903 2.617134
-20.698559 -4.854802 -1.114204 2.617047
-20.753916 -4.715175 -1.115385 2.617108
-20.904011 -4.596042 -1.121699 2.617431
-21.055815 -4.475552 -1.128141 2.617761
-21.209389 -4.353659 -1.134713 2.618097
-21.364763 -4.230336 -1.141418 2.618441
-21.456549 -4.093057 -1.144767 2.618612
-21.459482 -3.938550 -1.143429 2.618543
-21.462410 -3.784402 -1.142149 2.618478
-21.465332 -3.630586 -1.140928 2.618415
-21.468250 -3.477097 -1.139765 2.618356
-21.471161 -3.323913 -1.138660 2.618299
-21.474068 -3.171012 -1.137612 2.618246
-21.476971 -3.018391 -1.136622 2.618195
-21.479870 -2.866023 -1.135689 2.618147
-21.482765 -2.713903 -1.134812 2.618102
-21.485655 -2.562011 -1.133993 2.618060
-21.488543 -2.410324 -1.133229 2.618021
-21.465292 -2.256093 -1.131145 2.617915
-21.266119 -2.085158 -1.119855 2.617337
-21.070883 -1.917599 -1.108842 2.616773
-20.879438 -1.753297 -1.098096 2.616222
-20.760485 -1.597430 -1.091227 2.615871
-20.763258 -1.451908 -1.090813 2.615849
-20.766031 -1.306485 -1.090453 2.615831
-20.768805 -1.161155 -1.090147 2.615815
-20.771578 -1.015901 -1.089893 2.615803
-20.886143 -0.875386 -1.095557 2.616092
-21.057526 -0.735345 -1.104251 2.616538
-21.231665 -0.593051 -1.113138 2.616993
-21.408636 -0.448446 -1.122225 2.617458
-21.528790 -0.300619 -1.128386 2.617773
-21.531664 -0.150320 -1.128454 2.617777
-21.534538 0.000000 -1.128577 2.617783
-21.537413 0.150365 -1.128756 2.617792
-21.540291 0.300780 -1.128989 2.617804
-21.543171 0.451264 -1.129277 2.617819
-21.546053 0.601838 -1.129621 2.617836
-21.548937 0.752505 -1.130020 2.617857
-21.551825 0.903293 -1.130475 2.617880
-21.554716 1.054203 -1.130985 2.617906
-21.557610 1.205256 -1.131551 2.617935
-21.560509 1.356475 -1.132172 2.617967
-21.563412 1.507861 -1.132850 2.618002
-21.416885 1.647943 -1.125729 2.617637
-21.261322 1.785364 -1.118180 2.617251
-21.107826 1.920961 -1.110786 2.616872
-20.956333 2.054789 -1.103542 2.616501
-20.832943 2.189631 -1.097822 2.616209
-20.835775 2.337110 -1.098805 2.616259
-20.838614 2.484855 -1.099842 2.616312
-20.841457 2.632887 -1.100936 2.616368
-20.844307 2.781227 -1.102085 2.616427
-21.005564 2.952139 -1.111674 2.616918
-21.229206 3.134860 -1.124640 2.617582
-21.458130 3.321895 -1.137969 2.618264
-21.601650 3.498703 -1.146847 2.618718
-21.604641 3.654154 -1.148332 2.618794
-21.607641 3.810010 -1.149878 2.618874
-21.610649 3.966300 -1.151483 2.618956
-21.613668 4.123029 -1.153150 2.619041
-21.616695 4.280220 -1.154877 2.619130
-21.597290 4.433290 -1.155466 2.619160
-21.532537 4.576882 -1.153683 2.619068
-21.505857 4.728373 -1.153994 2.619085
-21.470163 4.877903 -1.153878 2.619078
-21.408085 5.021220 -1.152398 2.619003
-21.375010 5.171161 -1.152533 2.619010
-21.298626 5.310344 -1.150385 2.618900
-21.255739 5.457550 -1.150099 2.618885
-21.182289 5.596603 -1.148210 2.618788
-21.084324 5.728483 -1.145040 2.618626
-21.003437 5.864267 -1.142843 2.618513
-20.884468 5.988525 -1.138617 2.618297
-20.829958 6.130594 -1.137951 2.618263
-20.729563 6.258626 -1.134825 2.618103
-20.622023 6.383582 -1.131350 2.617925
-20.534702 6.513994 -1.129027 2.617806
-20.435007 6.639736 -1.126067 2.617655
-20.333805 6.764160 -1.123065 2.617501
-20.248241 6.893065 -1.120970 2.617394
-20.197189 7.033405 -1.120835 2.617387
-20.146189 7.173738 -1.120757 2.617383
-20.095163 7.314042 -1.120731 2.617381
-19.986206 7.432807 -1.117521 2.617217
-19.887554 7.554574 -1.114927 2.617084
-19.840679 7.695691 -1.115284 2.617102
-19.719711 7.807589 -1.111521 2.616910
-19.643141 7.936344 -1.110301 2.616847
-19.548304 8.057233 -1.108093 2.616734
-19.483919 8.190287 -1.107658 2.616712
-19.407625 8.318117 -1.106595 2.616657
-19.316584 8.439210 -1.104736 2.616562
-19.281694 8.584764 -1.106142 2.616634
-19.191820 8.705799 -1.104446 2.616548
-19.173536 8.859419 -1.106926 2.616675
-19.095345 8.985585 -1.106006 2.616627
-19.065849 9.134827 -1.107965 2.616728
-19.003445 9.268600 -1.108072 2.616733
-18.964222 9.413925 -1.109590 2.616811
-18.916224 9.555273 -1.110658 2.616866
-18.869337 9.697521 -1.111853 2.616927
-18.811073 9.834194 -1.112438 2.616957
-18.729433 9.958616 -1.111695 2.616919
-18.650438 10.084258 -1.111158 2.616891
-18.542778 10.193979 -1.108956 2.616778
-18.423407 10.296493 -1.106089 2.616632
-18.317133 10.405582 -1.104044 2.616527
-18.210844 10.514035 -1.102035 2.616424
-18.077845 10.606213 -1.098440 2.616240
-17.941034 10.695004 -1.094638 2.616045
-17.808002 10.784908 -1.091088 2.615864
-17.674606 10.873492 -1.087540 2.615682
-17.537819 10.958846 -1.083804 2.615491
-17.399641 11.042152 -1.080003 2.615296
-17.270634 11.130165 -1.076792 2.615132
-17.135813 11.213361 -1.073241 2.614950
-16.994978 11.291440 -1.069332 2.614750
-16.864775 11.375434 -1.066110 2.614585
-16.745806 11.466097 -1.063624 2.614458
-16.606543 11.541849 -1.059871 2.614265
-16.466084 11.615543 -1.056056 2.614070
-16.340273 11.698489 -1.053200 2.613924
-16.192978 11.764887 -1.048974 2.613707
-16.052628 11.835022 -1.045210 2.613515
-15.896437 11.892056 -1.040420 2.613270
-15.738823 11.946416 -1.035538 2.613019
-15.591666 12.007202 -1.031346 2.612805
-15.431964 12.056771 -1.026325 2.612548
-15.266201 12.099846 -1.020894 2.612270
-15.092848 12.134962 -1.014942 2.611965
-14.919694 12.168204 -1.008986 2.611660
-14.749672 12.201992 -1.003224 2.611365
-14.561767 12.218773 -0.996221 2.611006
-14.367955 12.228092 -0.988779 2.610625
-14.177953 12.238082 -0.981559 2.610256
-13.983528 12.241652 -0.973991 2.609868
-13.794621 12.247441 -0.966766 2.609498
-13.596647 12.242476 -0.958858 2.609093
-13.396401 12.232599 -0.950736 2.608678
-13.212866 12.235249 -0.943749 2.608320
-13.030745 12.236682 -0.936820 2.607965
-12.848073 12.235058 -0.929806 2.607606
-12.670966 12.236210 -0.923148 2.607265
-12.495383 12.236387 -0.916558 2.606928
-12.325467 12.239719 -0.910340 2.606609
-12.155510 12.240667 -0.904077 2.606289
-11.987562 12.241298 -0.897920 2.605973
-11.820032 12.240002 -0.891750 2.605658
-11.667130 12.251697 -0.886646 2.605396
-11.514608 12.261814 -0.881539 2.605135
-11.373762 12.282545 -0.877300 2.604918
-11.235219 12.304137 -0.873218 2.604709
-11.093635 12.320729 -0.868878 2.604486
-10.962823 12.347729 -0.865363 2.604306
-10.848818 12.392506 -0.863172 2.604194
-10.730392 12.431276 -0.860634 2.604064
-10.609192 12.465761 -0.857873 2.603923
-10.503445 12.517518 -0.856367 2.603846
-10.387763 12.556653 -0.854062 2.603728
-10.288882 12.615418 -0.853153 2.603681
-10.192189 12.676526 -0.852453 2.603645
-10.097817 12.740277 -0.851978 2.603621
-9.994748 12.792694 -0.850796 2.603561
-9.902412 12.858549 -0.850558 2.603549
-9.817775 12.934442 -0.851023 2.603572
-9.733003 13.010372 -0.851527 2.603598
-9.646460 13.084143 -0.851927 2.603619
-9.558949 13.156766 -0.852290 2.603637
-9.471351 13.229447 -0.852694 2.603658
-9.384369 13.303193 -0.853203 2.603684
-9.296525 13.375945 -0.853686 2.603709
-9.201918 13.439065 -0.853593 2.603704
-9.112560 13.509927 -0.854033 2.603726
-9.022878 13.580527 -0.854493 2.603750
-8.928605 13.644341 -0.854565 2.603754
-8.829300 13.700391 -0.854194 2.603735
-8.731792 13.759107 -0.854033 2.603726
-8.624757 13.802496 -0.852968 2.603672
-8.525525 13.858048 -0.852702 2.603658
-8.426184 13.913285 -0.852461 2.603646
-8.328119 13.970549 -0.852386 2.603642
-8.227535 14.023499 -0.852091 2.603627
-8.126539 14.075579 -0.851788 2.603611
-8.023484 14.123892 -0.851301 2.603586
-7.923532 14.177492 -0.851177 2.603580
-7.817536 14.220043 -0.850434 2.603542
-7.715678 14.269853 -0.850170 2.603529
-7.614113 14.320065 -0.849974 2.603519
-7.515291 14.375431 -0.850126 2.603526
-7.418243 14.434342 -0.850526 2.603547
-7.321229 14.493567 -0.850983 2.603570
-7.221489 14.547600 -0.851175 2.603580
-7.120275 14.598726 -0.851237 2.603583
-7.022350 14.656781 -0.851743 2.603609
-6.924515 14.715346 -0.852316 2.603639
-6.822856 14.766011 -0.852471 2.603647
-6.721717 14.817947 -0.852739 2.603660
-6.622760 14.874964 -0.853339 2.603691
-6.519549 14.922666 -0.853443 2.603696
-6.422654 14.985176 -0.854433 2.603747
-6.324036 15.044284 -0.855265 2.603790
-6.219042 15.088531 -0.855291 2.603791
-6.123209 15.155474 -0.856642 2.603860
-6.022863 15.212024 -0.857441 2.603901
-5.920666 15.264390 -0.858042 2.603932
-5.819382 15.319628 -0.858842 2.603973
-5.714078 15.364699 -0.859111 2.603987
-5.613823 15.423853 -0.860207 2.604043
-5.512546 15.481036 -0.861228 2.604095
-5.409732 15.534638 -0.862088 2.604139
-5.306697 15.588318 -0.862990 2.604185
-5.201409 15.636019 -0.863600 2.604216
-5.099036 15.693220 -0.864772 2.604276
-4.996452 15.750820 -0.866002 2.604339
-4.892783 15.806032 -0.867139 2.604397
-4.785204 15.849359 -0.867662 2.604424
-4.680194 15.901940 -0.868731 2.604479
-4.574097 15.951773 -0.869687 2.604528
-4.465663 15.994217 -0.870280 2.604558
-4.354906 16.028719 -0.870482 2.604569
-4.246805 16.073507 -0.871283 2.604610
-4.136101 16.109056 -0.871623 2.604627
-4.025578 16.145712 -0.872065 2.604650
-3.915886 16.186323 -0.872761 2.604685
-3.805034 16.222868 -0.873277 2.604712
-3.695560 16.266083 -0.874193 2.604759
-3.585163 16.306267 -0.874987 2.604799
-3.471947 16.334225 -0.875165 2.604808
-3.360820 16.372631 -0.875944 2.604848
-3.249154 16.409452 -0.876679 2.604886
-3.135505 16.436911 -0.876955 2.604900
-3.021943 16.465281 -0.877322 2.604919
-2.910490 16.506208 -0.878399 2.604974
-2.798994 16.548635 -0.879595 2.605035
-2.685658 16.581791 -0.880339 2.605073
-2.572023 16.614283 -0.881089 2.605112
-2.458796 16.650942 -0.882102 2.605164
-2.345083 16.686134 -0.883077 2.605213
-2.230361 16.715765 -0.883800 2.605251
-2.117270 16.759956 -0.885333 2.605329
-2.002897 16.796827 -0.886521 2.605390
-1.887449 16.827007 -0.887396 2.605435
-1.772660 16.865734 -0.888764 2.605505
-1.658165 16.911251 -0.890531 2.605595
-1.543100 16.955877 -0.892292 2.605685
-1.427593 17.000795 -0.894110 2.605778
-1.310464 17.031021 -0.895196 2.605834
-1.194423 17.081043 -0.897365 2.605945
-1.077580 17.127609 -0.899395 2.606049
-0.959928 17.169670 -0.901230 2.606143
-0.842050 17.217043 -0.903386 2.606253
-0.724155 17.277847 -0.906289 2.606402
-0.605089 17.327480 -0.908648 2.606523
-0.485714 17.388765 -0.911662 2.606677
-0.365428 17.445625 -0.914487 2.606822
-0.244424 17.504726 -0.917473 2.606975
-0.122682 17.572952 -0.920982 2.607154
0.000000 17.633696 -0.924143 2.607316
0.123508 17.691196 -0.927179 2.607471
0.247907 17.753481 -0.930511 2.607642
0.373055 17.809263 -0.933549 2.607798
0.499141 17.869473 -0.936865 2.607967
0.626872 17.951252 -0.941359 2.608198
0.754570 18.003531 -0.944353 2.608351
0.884514 18.085077 -0.948932 2.608585
1.014805 18.151047 -0.952742 2.608780
1.146520 18.223375 -0.956935 2.608995
1.279099 18.291964 -0.960982 2.609202
1.412562 18.357908 -0.964941 2.609405
1.546455 18.416176 -0.968548 2.609590
1.682966 18.492643 -0.973164 2.609826
1.819214 18.553762 -0.977024 2.610023
1.955864 18.608799 -0.980618 2.610208
2.095999 18.686266 -0.985447 2.610455
2.236409 18.755039 -0.989873 2.610681
2.376302 18.810335 -0.993643 2.610875
2.519235 18.880772 -0.998269 2.611111
2.661807 18.939739 -1.002344 2.611320
2.806359 19.004642 -1.006792 2.611548
2.951416 19.064947 -1.011053 2.611766
3.099168 19.134817 -1.015881 2.612013
3.245329 19.187527 -1.019858 2.612217
3.392863 19.241884 -1.023981 2.612428
3.541994 19.298819 -1.028302 2.612649
3.689784 19.342491 -1.031976 2.612837
3.841304 19.399982 -1.036449 2.613066
3.992067 19.447823 -1.040469 2.613272
4.143290 19.492647 -1.044389 2.613473
4.293898 19.529778 -1.047959 2.613655
4.443206 19.556816 -1.051049 2.613814
4.594028 19.586720 -1.054354 2.613983
4.743310 19.606485 -1.057174 2.614127
4.892719 19.623623 -1.059914 2.614268
5.040639 19.632002 -1.062242 2.614387
5.191092 19.647470 -1.065014 2.614529
5.339736 19.653477 -1.067334 2.614647
5.489342 19.660604 -1.069777 2.614773
5.637563 19.660519 -1.071887 2.614881
5.784382 19.653652 -1.073688 2.614973
5.929148 19.638264 -1.075083 2.615044
6.073403 19.619980 -1.076377 2.615110
6.219989 19.607883 -1.078069 2.615197
6.365987 19.592495 -1.079641 2.615278
6.510251 19.570543 -1.080909 2.615343
6.652066 19.540295 -1.081777 2.615387
6.793787 19.509087 -1.082649 2.615432
6.936454 19.479818 -1.083686 2.615485
7.081019 19.454941 -1.085025 2.615553
7.219760 19.413357 -1.085491 2.615577
7.360692 19.377138 -1.086313 2.615619
7.502887 19.343586 -1.087342 2.615672
7.642629 19.303070 -1.088037 2.615707
7.782555 19.262501 -1.088786 2.615746
7.920641 19.216923 -1.089309 2.615772
8.056164 19.164839 -1.089518 2.615783
8.194180 19.118444 -1.090106 2.615813
8.330970 19.068830 -1.090567 2.615837
8.464589 19.011778 -1.090657 2.615842
8.598605 18.955526 -1.090847 2.615851
8.732453 18.898745 -1.091062 2.615862
8.866078 18.841364 -1.091296 2.615874
8.996670 18.777494 -1.091208 2.615870
9.126384 18.711861 -1.091070 2.615863
9.257427 18.648972 -1.091145 2.615866
9.385054 18.579233 -1.090872 2.615852
9.511001 18.506395 -1.090467 2.615832
9.636838 18.433565 -1.090113 2.615814
9.764802 18.364922 -1.090059 2.615811
9.894645 18.299768 -1.090265 2.615821
10.018311 18.223227 -1.089846 2.615800
10.139811 18.143045 -1.089257 2.615770
10.262592 18.065424 -1.088872 2.615750
10.385258 17.987793 -1.088537 2.615733
10.507700 17.909946 -1.088238 2.615718
10.625882 17.825071 -1.087562 2.615683
10.743907 17.740290 -1.086940 2.615651
10.861777 17.655563 -1.086368 2.615622
10.979280 17.570520 -1.085825 2.615594
11.098630 17.488646 -1.085527 2.615579
11.215797 17.403498 -1.085076 2.615556
11.331852 17.316877 -1.084582 2.615530
11.444232 17.224949 -1.083802 2.615491
11.557008 17.133968 -1.083127 2.615456
11.667769 17.040352 -1.082332 2.615415
11.772604 16.938545 -1.081060 2.615350
11.873504 16.831757 -1.079509 2.615271
11.977500 16.729992 -1.078319 2.615210
12.082643 16.630331 -1.077306 2.615158
12.186192 16.528952 -1.076223 2.615103
12.287628 16.425201 -1.075028 2.615041
12.382936 16.313908 -1.073376 2.614957
12.473297 16.196903 -1.071381 2.614855
12.561495 16.077980 -1.069289 2.614748
12.649064 15.959151 -1.067233 2.614642
12.730716 15.833807 -1.064769 2.614516
12.796394 15.689923 -1.061075 2.614327
12.888742 15.579810 -1.059688 2.614256
12.989997 15.480875 -1.059101 2.614226
13.109628 15.403765 -1.060061 2.614275
13.229464 15.326471 -1.061072 2.614327
13.350372 15.250001 -1.062205 2.614385
13.472319 15.174234 -1.063453 2.614449
13.596097 15.099996 -1.064876 2.614522
13.723903 15.029594 -1.066642 2.614612
13.856383 14.963523 -1.068793 2.614722
13.990602 14.898472 -1.071097 2.614840
14.122825 14.830424 -1.073267 2.614951
14.259959 14.766620 -1.075828 2.615082
14.400408 14.705215 -1.078652 2.615227
14.541353 14.643218 -1.081525 2.615374
14.686186 14.584007 -1.084698 2.615536
14.834477 14.526991 -1.088134 2.615712
14.982731 14.468655 -1.091573 2.615888
15.127085 14.405331 -1.094736 2.616050
15.286168 14.354658 -1.098969 2.616267
15.450758 14.307552 -1.103594 2.616504
15.619429 14.262495 -1.108502 2.616755
15.802411 14.228555 -1.114412 2.617058
15.992610 14.198907 -1.120807 2.617385
16.175472 14.160546 -1.126666 2.617685
16.372911 14.132712 -1.133518 2.618036
16.580214 14.110865 -1.141022 2.618420
16.802336 14.098834 -1.149507 2.618855
17.021488 14.081404 -1.157746 2.619277
17.251003 14.069565 -1.166647 2.619732
17.483961 14.057459 -1.175736 2.620198
17.720491 14.045086 -1.185019 2.620673
17.962566 14.033895 -1.194626 2.621165
18.206633 14.020998 -1.204319 2.621661
18.352940 13.930630 -1.207533 2.621826
18.490242 13.832462 -1.210184 2.621961
18.628155 13.733858 -1.212906 2.622101
18.766697 13.634804 -1.215699 2.622244
18.905884 13.535287 -1.218564 2.622390
18.925928 13.350764 -1.213819 2.622147
18.929720 13.156491 -1.208141 2.621857
18.933475 12.964018 -1.202576 2.621572
18.937195 12.773299 -1.197119 2.621292
18.940882 12.584295 -1.191769 2.621018
18.944536 12.396948 -1.186524 2.620750
18.948156 12.211247 -1.181382 2.620487
18.951744 12.027140 -1.176342 2.620229
18.320148 11.447699 -1.132151 2.617966
17.931578 11.031583 -1.103351 2.616492
17.934885 10.861745 -1.098862 2.616262
17.938166 10.693288 -1.094462 2.616036
17.941420 10.526166 -1.090151 2.615816
18.042208 10.416674 -1.091829 2.615902
18.172567 10.323458 -1.095330 2.616081
18.303782 10.229630 -1.098907 2.616264
18.435850 10.135190 -1.102561 2.616451
18.568808 10.040114 -1.106294 2.616642
18.702673 9.944388 -1.110106 2.616838
18.837471 9.847995 -1.113999 2.617037
18.973236 9.750911 -1.117975 2.617240
18.999029 9.597095 -1.115520 2.617115
19.002222 9.432782 -1.111813 2.616925
19.005392 9.269548 -1.108185 2.616739
19.008541 9.107369 -1.104635 2.616557
19.011669 8.946205 -1.101160 2.616379
19.014776 8.786056 -1.097760 2.616205
19.017864 8.626884 -1.094435 2.616035
19.020933 8.468665 -1.091183 2.615869
19.023983 8.311377 -1.088002 2.615705
19.027016 8.154982 -1.084893 2.615546
18.600851 7.819073 -1.057456 2.614142
18.180534 7.493473 -1.030561 2.612765
18.004572 7.274319 -1.017683 2.612105
18.007374 7.129626 -1.015004 2.611968
18.010162 6.985675 -1.012387 2.611834
18.012934 6.842467 -1.009833 2.611703
18.015692 6.699974 -1.007341 2.611576
18.147274 6.605068 -1.012095 2.611819
18.280865 6.509525 -1.016986 2.612070
18.415768 6.413043 -1.021975 2.612325
18.551998 6.315611 -1.027064 2.612586
18.689598 6.217199 -1.032253 2.612851
18.828600 6.117783 -1.037546 2.613122
18.969042 6.017337 -1.042945 2.613399
19.070583 5.903325 -1.046236 2.613567
19.073378 5.758588 -1.044158 2.613461
19.076160 5.614417 -1.042140 2.613358
19.078932 5.470796 -1.040179 2.613257
19.081694 5.327707 -1.038277 2.613160
19.084444 5.185122 -1.036431 2.613065
19.087183 5.043047 -1.034643 2.612973
19.089914 4.901454 -1.032911 2.612885
19.092634 4.760328 -1.031235 2.612799
19.095345 4.619652 -1.029614 2.612716
19.098047 4.479400 -1.028048 2.612636
19.062572 4.330906 -1.024486 2.612454
18.810701 4.135799 -1.009373 2.611680
18.566141 3.946355 -0.994748 2.610931
18.328552 3.762314 -0.980587 2.610206
18.097605 3.583416 -0.966869 2.609504
18.078421 3.448639 -0.964534 2.609384
18.080923 3.318468 -0.963408 2.609327
18.083420 3.188595 -0.962332 2.609272
18.085909 3.059005 -0.961304 2.609219
18.088394 2.929675 -0.960326 2.609169
18.214867 2.819806 -0.965972 2.609458
18.365589 2.711992 -0.972937 2.609814
18.518507 2.602607 -0.980052 2.610179
18.673685 2.491604 -0.987319 2.610551
18.831202 2.378928 -0.994745 2.610931
18.991100 2.264548 -1.002332 2.611319
19.142872 2.147215 -1.009527 2.611688
19.145458 2.012269 -1.008898 2.611655
19.148043 1.877484 -1.008319 2.611626
19.150623 1.742837 -1.007789 2.611599
19.153200 1.608335 -1.007309 2.611574
19.155773 1.473954 -1.006879 2.611552
19.158344 1.339682 -1.006498 2.611532
19.160913 1.205505 -1.006166 2.611516
19.163479 1.071399 -1.005884 2.611501
19.166044 0.937372 -1.005650 2.611489
19.168606 0.803401 -1.005466 2.611480
19.171167 0.669472 -1.005331 2.611473
19.125685 0.534231 -1.002726 2.611339
18.948395 0.396906 -0.993261 2.610855
18.774426 0.262153 -0.984022 2.610382
18.603653 0.129878 -0.975000 2.609920
18.429705 -0.000000 -1.612390 2.642554
18.265131 -0.127517 -1.598031 2.641819
18.140461 -0.253305 -1.587239 2.641267
18.142878 -0.380039 -1.587644 2.641287
18.145292 -0.506844 -1.588127 2.641312
18.147711 -0.633732 -1.588687 2.641341
18.150129 -0.760716 -1.589325 2.641373
18.152548 -0.887808 -1.590040 2.641410
18.322281 -1.024374 -1.605495 2.642201
18.525299 -1.165513 -1.623958 2.643147
18.733051 -1.309942 -1.642932 2.644118
18.945723 -1.457794 -1.662436 2.645117
19.163513 -1.609205 -1.682491 2.646143
19.207838 -1.748050 -1.687413 2.646395
19.210409 -1.883597 -1.688753 2.646464
19.212984 -2.019366 -1.690177 2.646537
19.215561 -2.155371 -1.691687 2.646614
19.218143 -2.291625 -1.693281 2.646696
19.220728 -2.428143 -1.694961 2.646782
19.223318 -2.564938 -1.696727 2.646872
19.225912 -2.702026 -1.698580 2.646967
19.228510 -2.839420 -1.700519 2.647067
19.231113 -2.977134 -1.702546 2.647170
19.233721 -3.115183 -1.704661 2.647279
19.224455 -3.251573 -1.705810 2.647337
19.075703 -3.363561 -1.694653 2.646766
18.928875 -3.474099 -1.683723 2.646207
18.783922 -3.583225 -1.673014 2.645658
18.640793 -3.690976 -1.662521 2.645121
18.499441 -3.797390 -1.652238 2.644594
18.359819 -3.902500 -1.642161 2.644079
18.221884 -4.006341 -1.632286 2.643573
18.214041 -4.138129 -1.634131 2.643667
18.216572 -4.272658 -1.636995 2.643814
18.219110 -4.407667 -1.639948 2.643965
18.221659 -4.543169 -1.642992 2.644121
18.224215 -4.679183 -1.646128 2.644282
18.487915 -4.884718 -1.672987 2.645657
18.799250 -5.107643 -1.704345 2.647262
19.122494 -5.339097 -1.736988 2.648934
19.279133 -5.528203 -1.754679 2.649840
19.281885 -5.674967 -1.758492 2.650035
19.284647 -5.822379 -1.762408 2.650235
19.287420 -5.970454 -1.766428 2.650441
19.290205 -6.119214 -1.770553 2.650652
19.293003 -6.268676 -1.774783 2.650869
19.295813 -6.418862 -1.779121 2.651091
19.298634 -6.569791 -1.783566 2.651319
19.301470 -6.721483 -1.788122 2.651552
19.304317 -6.873959 -1.792788 2.651791
19.307180 -7.027239 -1.797566 2.652035
19.181057 -7.133371 -1.790416 2.651669
19.048677 -7.235914 -1.782732 2.651276
18.917421 -7.337584 -1.775199 2.650890
18.787264 -7.438405 -1.767815 2.650512
18.658178 -7.538393 -1.760578 2.650141
18.530138 -7.637572 -1.753484 2.649778
18.403118 -7.735959 -1.746533 2.649422
18.283226 -7.836201 -1.740304 2.649103
18.286070 -7.988987 -1.745841 2.649387
18.288929 -8.142756 -1.751499 2.649677
18.291805 -8.297531 -1.757279 2.649973
18.294701 -8.453339 -1.763184 2.650275
18.797436 -8.845402 -1.817543 2.653058
19.348934 -9.270456 -1.877081 2.656106
19.352055 -9.438628 -1.883730 2.656447
19.355198 -9.608004 -1.890519 2.656795
19.358360 -9.778612 -1.897450 2.657149
19.361546 -9.950483 -1.904525 2.657512
19.364754 -10.123649 -1.911746 2.657881
19.367987 -10.298141 -1.919116 2.658259
19.371241 -10.473990 -1.926638 2.658644
19.374521 -10.651234 -1.934312 2.659037
19.374353 -10.827960 -1.941796 2.659420
19.241621 -10.930762 -1.936094 2.659128
19.109657 -11.032966 -1.930519 2.658843
18.978447 -11.134588 -1.925070 2.658563
18.847965 -11.235643 -1.919744 2.658291
18.718199 -11.336144 -1.914541 2.658025
18.589127 -11.436108 -1.909459 2.657764
18.460732 -11.535545 -1.904497 2.657510
18.353806 -11.647679 -1.901808 2.657372
18.357174 -11.830390 -1.910669 2.657826
18.360571 -12.014821 -1.919706 2.658289
18.364000 -12.201014 -1.928924 2.658761
19.419683 -13.098742 -2.049367 2.664927
19.423378 -13.299465 -2.059505 2.665447
19.427107 -13.502191 -2.069845 2.665976
19.430872 -13.706973 -2.080391 2.666516
19.434675 -13.913862 -2.091148 2.667067
18.959831 -13.775124 -2.050353 2.664978
18.019505 -13.285126 -1.958647 2.660283
17.319382 -12.956553 -1.892332 2.656887
16.649641 -12.637766 -1.828751 2.653632
16.049730 -12.359958 -1.772293 2.650741
15.536461 -12.138413 -1.724931 2.648316
15.129624 -11.991593 -1.689016 2.646477
14.731272 -11.844246 -1.653736 2.644671
14.371461 -11.721078 -1.622490 2.643071
14.049686 -11.622912 -1.595285 2.641678
13.728196 -11.519324 -1.567875 2.640275
13.446609 -11.443961 -1.544802 2.639094
13.145676 -11.347043 -1.519293 2.637788
12.880798 -11.276287 -1.497743 2.636684
12.626557 -11.210383 -1.477245 2.635635
12.363493 -11.132139 -1.455524 2.634523
12.117244 -11.064565 -1.435593 2.633502
11.871322 -10.992964 -1.415516 2.632474
11.694817 -10.982164 -1.403577 2.631863
11.535719 -10.985318 -1.393654 2.631355
11.388678 -10.997918 -1.385131 2.630919
11.244265 -11.011198 -1.376884 2.630497
11.104806 -11.027549 -1.369200 2.630103
10.966757 -11.043588 -1.361652 2.629717
10.840301 -11.069752 -1.355514 2.629402
10.709650 -11.090167 -1.348826 2.629060
10.577799 -11.107784 -1.341954 2.628708
10.455515 -11.133992 -1.336269 2.628417
10.325259 -11.150267 -1.329538 2.628072
10.199872 -11.170286 -1.323402 2.627758
10.078969 -11.193829 -1.317823 2.627472
9.950993 -11.208073 -1.311289 2.627138
9.832322 -11.231371 -1.305952 2.626865
9.727435 -11.269342 -1.302439 2.626685
9.628344 -11.313266 -1.299715 2.626545
9.540547 -11.369981 -1.298547 2.626486
9.446610 -11.418991 -1.296580 2.626385
9.337327 -11.448693 -1.292520 2.626177
9.236170 -11.487479 -1.289587 2.626027
9.131578 -11.521185 -1.286183 2.625853
9.020587 -11.545825 -1.281872 2.625632
8.907293 -11.566358 -1.277216 2.625393
8.794726 -11.586623 -1.272643 2.625159
8.682867 -11.606628 -1.268151 2.624929
8.571743 -11.626431 -1.263745 2.624704
8.461279 -11.645952 -1.259416 2.624482
8.351454 -11.665188 -1.255160 2.624264
8.242305 -11.684212 -1.250985 2.624050
8.133775 -11.702969 -1.246883 2.623840
8.025889 -11.721517 -1.242859 2.623634
7.918603 -11.739812 -1.238907 2.623432
7.811903 -11.757859 -1.235026 2.623233
7.705826 -11.775737 -1.231223 2.623039
7.598456 -11.790497 -1.227190 2.622832
7.494298 -11.809125 -1.223653 2.622651
7.386132 -11.820283 -1.219436 2.622435
7.277206 -11.828931 -1.215058 2.622211
7.168982 -11.837397 -1.210757 2.621991
7.061444 -11.845683 -1.206532 2.621774
6.954578 -11.853792 -1.202384 2.621562
6.848372 -11.861728 -1.198310 2.621353
6.742809 -11.869491 -1.194309 2.621149
6.639334 -11.879689 -1.190643 2.620961
6.535254 -11.887584 -1.186832 2.620766
6.431764 -11.895299 -1.183090 2.620574
6.328851 -11.902838 -1.179417 2.620386
6.226503 -11.910203 -1.175811 2.620202
6.124710 -11.917396 -1.172271 2.620020
6.023457 -11.924417 -1.168797 2.619842
5.922734 -11.931273 -1.165387 2.619668
5.822532 -11.937961 -1.162042 2.619496
5.721006 -11.940660 -1.158388 2.619309
5.620472 -11.944114 -1.154889 2.619130
5.521659 -11.949968 -1.151699 2.618967
5.423336 -11.955676 -1.148572 2.618807
5.325486 -11.961238 -1.145507 2.618650
5.225857 -11.961516 -1.142012 2.618471
5.127242 -11.962753 -1.138685 2.618300
5.030953 -11.968166 -1.135829 2.618155
4.935091 -11.973429 -1.133031 2.618011
4.839645 -11.978542 -1.130290 2.617871
4.744606 -11.983507 -1.127605 2.617733
4.649964 -11.988325 -1.124977 2.617599
4.555712 -11.992998 -1.122403 2.617467
4.462751 -11.999975 -1.120113 2.617350
4.370978 -12.009164 -1.118095 2.617246
4.277713 -12.013216 -1.115665 2.617122
4.184810 -12.017138 -1.113289 2.617000
4.092258 -12.020933 -1.110966 2.616881
4.000052 -12.024599 -1.108697 2.616765
3.908179 -12.028139 -1.106481 2.616652
3.816633 -12.031553 -1.104317 2.616541
3.725406 -12.034843 -1.102205 2.616433
3.634488 -12.038010 -1.100144 2.616327
3.543875 -12.041053 -1.098134 2.616224
3.453554 -12.043975 -1.096175 2.616124
3.363520 -12.046776 -1.094266 2.616026
3.273764 -12.049457 -1.092407 2.615931
3.185293 -12.055854 -1.090944 2.615856
3.098041 -12.066072 -1.089885 2.615802
3.010136 -12.072997 -1.088586 2.615736
2.921300 -12.075208 -1.086920 2.615650
2.832705 -12.077302 -1.085302 2.615567
2.744344 -12.079281 -1.083732 2.615487
2.656212 -12.081143 -1.082209 2.615409
2.569780 -12.089864 -1.081356 2.615365
2.483439 -12.098375 -1.080540 2.615324
2.395840 -12.099880 -1.079155 2.615253
2.308438 -12.101262 -1.077814 2.615184
2.222361 -12.108689 -1.077068 2.615146
2.136637 -12.117470 -1.076496 2.615117
2.050794 -12.125026 -1.075869 2.615084
1.965304 -12.134157 -1.075435 2.615062
1.879826 -12.142941 -1.075024 2.615041
1.794330 -12.151175 -1.074618 2.615021
1.708876 -12.159286 -1.074254 2.615002
1.622631 -12.161057 -1.073384 2.614957
1.536336 -12.161357 -1.072437 2.614909
1.451304 -12.171008 -1.072369 2.614905
1.367034 -12.187379 -1.072944 2.614935
1.282071 -12.198095 -1.073074 2.614941
1.196757 -12.205477 -1.072962 2.614935
1.111448 -12.212760 -1.072894 2.614932
1.026134 -12.219916 -1.072867 2.614931
0.940813 -12.226946 -1.072881 2.614931
0.855717 -12.237325 -1.073242 2.614950
0.770809 -12.251662 -1.074001 2.614989
0.685720 -12.265014 -1.074725 2.615026
0.600180 -12.271583 -1.074908 2.615035
0.514605 -12.278084 -1.075136 2.615047
0.429187 -12.290308 -1.075918 2.615087
0.343685 -12.304109 -1.076890 2.615137
0.258021 -12.317837 -1.077907 2.615189
0.172190 -12.331497 -1.078971 2.615243
0.086187 -12.345060 -1.080079 2.615300
-0.000000 -12.358491 -1.081228 2.615359
-0.086373 -12.371831 -1.082421 2.615420
-0.173028 -12.391374 -1.084210 2.615511
-0.260003 -12.412354 -1.086179 2.615612
-0.347077 -12.425569 -1.087520 2.615681
-0.434332 -12.437638 -1.088816 2.615747
-0.522103 -12.456985 -1.090802 2.615849
-0.610265 -12.477766 -1.092968 2.615960
-0.698295 -12.489912 -1.094432 2.616035
-0.786987 -12.508807 -1.096543 2.616143
-0.876032 -12.527837 -1.098720 2.616254
-0.965724 -12.550700 -1.101290 2.616386
-1.055398 -12.568387 -1.103461 2.616497
-1.146017 -12.592592 -1.106262 2.616641
-1.238086 -12.626984 -1.110016 2.616833
-1.330306 -12.657015 -1.113445 2.617008
-1.423311 -12.689097 -1.117114 2.617196
-1.517103 -12.722799 -1.120986 2.617394
-1.612295 -12.762622 -1.125459 2.617623
-1.708374 -12.803667 -1.130103 2.617861
-1.806220 -12.851925 -1.135448 2.618135
-1.904979 -12.900488 -1.140885 2.618413
-2.004677 -12.949423 -1.146423 2.618697
-2.105509 -12.999796 -1.152156 2.618990
-2.206623 -13.046339 -1.157618 2.619270
-2.308356 -13.091340 -1.163013 2.619546
-2.409825 -13.130103 -1.167922 2.619798
-2.511818 -13.167407 -1.172772 2.620046
-2.613446 -13.198862 -1.177170 2.620271
-2.715837 -13.230527 -1.181656 2.620501
-2.818522 -13.260103 -1.186026 2.620724
-2.921435 -13.287445 -1.190267 2.620942
-3.023834 -13.309454 -1.194100 2.621138
-3.125143 -13.324111 -1.197344 2.621304
-3.226462 -13.336596 -1.200461 2.621464
-3.327136 -13.344412 -1.203226 2.621605
-3.429962 -13.358817 -1.206654 2.621781
-3.534671 -13.378189 -1.210604 2.621983
-3.637321 -13.387562 -1.213720 2.622142
-3.741961 -13.402198 -1.217386 2.622330
-3.846984 -13.416028 -1.221052 2.622518
-3.951544 -13.426191 -1.224458 2.622692
-4.058265 -13.441620 -1.228419 2.622895
-4.163968 -13.451605 -1.231958 2.623076
-4.269657 -13.459664 -1.235396 2.623252
-4.375923 -13.467705 -1.238908 2.623432
-4.482922 -13.476158 -1.242534 2.623618
-4.593230 -13.492522 -1.246970 2.623845
-4.704290 -13.508879 -1.251486 2.624076
-4.816105 -13.525196 -1.256082 2.624311
-4.928716 -13.541536 -1.260764 2.624551
-5.041190 -13.555351 -1.265296 2.624783
-5.150395 -13.558509 -1.268917 2.624969
-5.262291 -13.566993 -1.273118 2.625184
-5.375555 -13.577104 -1.277557 2.625411
-5.488844 -13.585366 -1.281909 2.625634
-5.602862 -13.593562 -1.286342 2.625861
-5.715564 -13.596786 -1.290392 2.626068
-5.826455 -13.594135 -1.293969 2.626251
-5.943089 -13.603195 -1.298749 2.626496
-6.057218 -13.604733 -1.302902 2.626709
-6.167653 -13.596515 -1.306206 2.626878
-6.280772 -13.592834 -1.310033 2.627074
-6.395344 -13.590796 -1.314108 2.627282
-6.509519 -13.586414 -1.318047 2.627484
-6.620561 -13.574161 -1.321310 2.627651
-6.736785 -13.571164 -1.325564 2.627869
-6.852733 -13.566103 -1.329710 2.628081
-6.969067 -13.560336 -1.333881 2.628295
-7.087553 -13.557239 -1.338411 2.628526
-7.201427 -13.543915 -1.342026 2.628712
-7.317773 -13.533937 -1.346067 2.628918
-7.438083 -13.529821 -1.350790 2.629160
-7.555433 -13.518853 -1.354928 2.629372
-7.670826 -13.503097 -1.358683 2.629565
-7.792342 -13.496732 -1.363483 2.629810
-7.915609 -13.491828 -1.368537 2.630069
-8.039701 -13.486721 -1.373679 2.630332
-8.160399 -13.474420 -1.378195 2.630563
-8.279020 -13.457356 -1.382328 2.630775
-8.404923 -13.450689 -1.387637 2.631047
-8.529854 -13.440899 -1.392736 2.631308
-8.650542 -13.423013 -1.397107 2.631532
-8.777062 -13.412754 -1.402383 2.631802
-8.906054 -13.404691 -1.408006 2.632090
-9.028935 -13.385947 -1.412624 2.632326
-9.152520 -13.366919 -1.417325 2.632567
-9.276825 -13.347600 -1.422109 2.632812
-9.407372 -13.335796 -1.427814 2.633104
-9.540636 -13.326220 -1.433885 2.633415
-9.667360 -13.305981 -1.438934 2.633673
-9.795977 -13.286939 -1.444236 2.633945
-9.929845 -13.273496 -1.450275 2.634254
-10.057267 -13.249958 -1.455339 2.634513
-10.192838 -13.235670 -1.461550 2.634831
-10.327147 -13.218145 -1.467541 2.635138
-10.459005 -13.195976 -1.473151 2.635425
-10.590595 -13.172043 -1.478697 2.635709
-10.722153 -13.146660 -1.484214 2.635992
-10.854557 -13.120903 -1.489826 2.636279
-10.987815 -13.094768 -1.495532 2.636571
-11.121953 -13.068246 -1.501334 2.636868
-11.256979 -13.041334 -1.507234 2.637170
-11.392918 -13.014026 -1.513234 2.637477
-11.529809 -12.986333 -1.519337 2.637790
-11.667654 -12.958242 -1.525543 2.638108
-11.806474 -12.929734 -1.531853 2.638431
-11.946278 -12.900805 -1.538269 2.638759
-12.087090 -12.871445 -1.544793 2.639093
-12.228938 -12.841647 -1.551425 2.639433
-12.366285 -12.805664 -1.557470 2.639743
-12.497942 -12.762474 -1.562792 2.640015
-12.630444 -12.718928 -1.568219 2.640293
-12.763663 -12.674867 -1.573734 2.640575
-12.897590 -12.630251 -1.579337 2.640862
-13.039865 -12.592451 -1.585955 2.641201
-13.184896 -12.555803 -1.592894 2.641556
-13.321621 -12.509833 -1.598822 2.641860
-13.447611 -12.452625 -1.603470 2.642097
-13.579550 -12.399830 -1.608840 2.642373
-13.718451 -12.352149 -1.615040 2.642690
-13.858248 -12.303925 -1.621346 2.643013
-13.998949 -12.255152 -1.627758 2.643341
-14.140577 -12.205820 -1.634278 2.643675
-14.278473 -12.151931 -1.640370 2.643987
-14.414586 -12.095274 -1.646266 2.644289
-14.553735 -12.039893 -1.652518 2.644609
-14.696354 -11.986053 -1.659170 2.644949
-14.839870 -11.931563 -1.665927 2.645295
-14.984428 -11.876509 -1.672807 2.645648
-15.125123 -11.817041 -1.679262 2.645978
-15.266565 -11.756834 -1.685812 2.646313
-15.408928 -11.696012 -1.692474 2.646655
-15.556559 -11.637794 -1.699724 2.647026
-15.706305 -11.579683 -1.707211 2.647409
-15.857303 -11.521005 -1.714839 2.647800
-16.009508 -11.461679 -1.722604 2.648197
-16.162889 -11.401663 -1.730500 2.648602
-16.316025 -11.339934 -1.738377 2.649005
-16.448259 -11.262355 -1.744046 2.649295
-16.578003 -11.182004 -1.749483 2.649573
-16.707808 -11.100636 -1.754960 2.649854
-16.817545 -11.005093 -1.758374 2.650029
-16.921000 -10.904842 -1.761188 2.650173
-17.029325 -10.807137 -1.764567 2.650346
-17.139236 -10.709785 -1.768165 2.650530
-17.232891 -10.601742 -1.770148 2.650632
-17.324997 -10.492390 -1.772041 2.650728
-17.413866 -10.380749 -1.773675 2.650812
-17.500986 -10.267765 -1.775204 2.650890
-17.586864 -10.153782 -1.776682 2.650966
-17.674154 -10.040313 -1.778375 2.651053
-17.762526 -9.927139 -1.780250 2.651149
-17.845524 -9.810661 -1.781661 2.651221
-17.930252 -9.694848 -1.783319 2.651306
-18.017063 -9.579843 -1.785258 2.651405
-18.101776 -9.463376 -1.787061 2.651497
-18.186546 -9.346614 -1.788944 2.651594
-18.270226 -9.228956 -1.790794 2.651689
-18.356316 -9.112151 -1.792953 2.651799
-18.452131 -8.999705 -1.796131 2.651962
-18.541639 -8.883661 -1.798763 2.652097
-18.626717 -8.765066 -1.801036 2.652213
-18.714840 -8.647471 -1.803676 2.652348
-18.803093 -8.529459 -1.806398 2.652488
-18.891413 -8.410998 -1.809198 2.652631
-18.979916 -8.292117 -1.812085 2.652779
-19.072849 -8.174632 -1.815465 2.652952
-19.153526 -8.051402 -1.817750 2.653069
-19.235376 -7.928247 -1.820220 2.653195
-19.328171 -7.809088 -1.823798 2.653378
-19.415720 -7.687224 -1.826950 2.653540
-19.499653 -7.563416 -1.829835 2.653687
-19.573742 -7.435368 -1.831872 2.653792
-19.644897 -7.305870 -1.833713 2.653886
-19.713751 -7.175219 -1.835419 2.653973
-19.782534 -7.044240 -1.837199 2.654065
-19.841486 -6.909535 -1.838150 2.654113
-19.888954 -6.770753 -1.838123 2.654112
-19.936184 -6.631883 -1.838164 2.654114
-19.983261 -6.492955 -1.838281 2.654120
-20.031157 -6.354254 -1.838561 2.654134
-20.080652 -6.215999 -1.839076 2.654161
-20.153893 -6.084820 -1.841848 2.654302
-20.225899 -5.952804 -1.844586 2.654443
-20.286970 -5.817195 -1.846407 2.654536
-20.370003 -5.687404 -1.850305 2.654736
-20.459742 -5.558788 -1.854886 2.654970
-20.526978 -5.423463 -1.857504 2.655104
-20.594139 -5.287674 -1.860195 2.655242
-20.660715 -5.151295 -1.862915 2.655381
-20.706076 -5.009323 -1.863806 2.655427
-20.708942 -4.857237 -1.860966 2.655281
-20.764380 -4.717553 -1.862943 2.655383
-20.914608 -4.598372 -1.873495 2.655923
-21.004505 -4.464645 -1.878710 2.656190
-21.050262 -4.320995 -1.880059 2.656259
-21.103807 -4.178665 -1.882190 2.656368
-21.119146 -4.028694 -1.881004 2.656307
-21.117302 -3.875748 -1.878384 2.656173
-21.099367 -3.720387 -1.874432 2.655971
-21.088758 -3.566893 -1.871232 2.655807
-21.079254 -3.414093 -1.868228 2.655653
-21.084293 -3.264022 -1.866610 2.655571
-21.079058 -3.112682 -1.864177 2.655446
-21.054422 -2.959006 -1.860126 2.655238
-21.035080 -2.806676 -1.856641 2.655060
-20.993683 -2.652118 -1.851307 2.654787
-20.992311 -2.503183 -1.849600 2.654700
-20.995605 -2.355032 -1.848397 2.654638
-20.969332 -2.203966 -1.844684 2.654448
-20.916859 -2.050913 -1.838764 2.654145
-20.905542 -1.902552 -1.836556 2.654032
-20.887690 -1.753989 -1.833868 2.653894
-20.770683 -1.598215 -1.822571 2.653316
-20.773457 -1.452622 -1.821880 2.653280
-20.776228 -1.307126 -1.821278 2.653249
-20.778997 -1.161725 -1.820766 2.653223
-20.781771 -1.016399 -1.820343 2.653202
-20.898634 -0.875910 -1.829999 2.653696
-20.917753 -0.730464 -1.831182 2.653756
-20.933496 -0.584722 -1.832158 2.653806
-20.952524 -0.438892 -1.833510 2.653876
-20.970295 -0.292821 -1.834842 2.653944
-21.008492 -0.146667 -1.838050 2.654108
-21.069895 0.000000 -1.843377 2.654381
-21.079609 0.147169 -1.844272 2.654427
-21.130335 0.295055 -1.848845 2.654661
-21.191292 0.443893 -1.854404 2.654945
-21.224573 0.592858 -1.857634 2.655111
-21.241522 0.741770 -1.859525 2.655208
-21.238962 0.890180 -1.859800 2.655222
-21.227863 1.038217 -1.859417 2.655202
-21.251049 1.188117 -1.862129 2.655341
-21.197021 1.333606 -1.858166 2.655138
-21.132513 1.477729 -1.853370 2.654892
-21.095612 1.623222 -1.851082 2.654775
-20.981810 1.761893 -1.842131 2.654317
-20.878607 1.900101 -1.834190 2.653910
-20.766998 2.036224 -1.825590 2.653470
-20.659288 2.171379 -1.817410 2.653051
-20.460598 2.295027 -1.801296 2.652226
-20.334047 2.424689 -1.791602 2.651730
-20.233402 2.556072 -1.784263 2.651354
-20.074518 2.678515 -1.771858 2.650719
-20.009611 2.812167 -1.767818 2.650512
-19.809050 2.925149 -1.751861 2.649695
-19.757111 3.058563 -1.749113 2.649555
-19.687916 3.188745 -1.744916 2.649340
-19.617954 3.318130 -1.740726 2.649125
-19.595587 3.455231 -1.740839 2.649131
-19.558037 3.589575 -1.739687 2.649072
-19.504452 3.720674 -1.737189 2.648944
-19.471334 3.855427 -1.736594 2.648914
-19.451317 3.992784 -1.737253 2.648947
-19.411928 4.126133 -1.736265 2.648897
-19.388077 4.262748 -1.736751 2.648922
-19.385103 4.404189 -1.739197 2.649047
-19.400642 4.550379 -1.743399 2.649262
-19.393486 4.691781 -1.745657 2.649378
-19.351969 4.824987 -1.744909 2.649339
-19.326191 4.962125 -1.745666 2.649378
-19.297874 5.098720 -1.746281 2.649410
-19.262144 5.233407 -1.746311 2.649411
-19.234436 5.370353 -1.747156 2.649454
-19.185902 5.501469 -1.746193 2.649405
-19.141527 5.633661 -1.745692 2.649379
-19.111168 5.770003 -1.746554 2.649424
-19.075430 5.904830 -1.747013 2.649447
-18.973209 6.018659 -1.741457 2.649163
-18.914055 6.145549 -1.739923 2.649084
-18.857618 6.273098 -1.738718 2.649022
-18.799667 6.399930 -1.737452 2.648957
-18.739712 6.525857 -1.736079 2.648887
-18.701664 6.659365 -1.736819 2.648925
-18.642614 6.785357 -1.735693 2.648867
-18.613869 6.922439 -1.737473 2.648958
-18.584873 7.059732 -1.739325 2.649053
-18.546482 7.193705 -1.740390 2.649108
-18.525888 7.334920 -1.743220 2.649253
-18.484955 7.468406 -1.744232 2.649305
-18.437532 7.599406 -1.744721 2.649330
-18.394556 7.732360 -1.745720 2.649381
-18.331642 7.856950 -1.744913 2.649339
-18.291046 7.991164 -1.746316 2.649411
-18.246517 8.123873 -1.747437 2.649469
-18.194792 8.253527 -1.747959 2.649495
-18.178541 8.399667 -1.751989 2.649702
-18.142038 8.536994 -1.754172 2.649814
-18.072824 8.659049 -1.753283 2.649768
-18.004951 8.781601 -1.752603 2.649733
-17.933748 8.902393 -1.751679 2.649686
-17.907120 9.045538 -1.755204 2.649866
-17.830988 9.163881 -1.753970 2.649803
-17.777721 9.293970 -1.755070 2.649859
-17.714857 9.419157 -1.755313 2.649872
-17.642139 9.539073 -1.754664 2.649839
-17.573126 9.660909 -1.754465 2.649828
-17.485016 9.772044 -1.752437 2.649725
-17.391352 9.879665 -1.749920 2.649596
-17.297939 9.986970 -1.747493 2.649472
-17.204203 10.093649 -1.745100 2.649349
-17.121361 10.206381 -1.743882 2.649287
-17.024050 10.310130 -1.741260 2.649153
-16.923553 10.411443 -1.738373 2.649005
-16.836926 10.520879 -1.736977 2.648933
-16.720575 10.611204 -1.732574 2.648708
-16.619551 10.710571 -1.729812 2.648566
-16.518427 10.809354 -1.727099 2.648427
-16.417355 10.907666 -1.724452 2.648292
-16.296152 10.991893 -1.719739 2.648051
-16.184832 11.081990 -1.716115 2.647865
-16.059078 11.161352 -1.711001 2.647603
-15.922554 11.232125 -1.704769 2.647284
-15.774752 11.293615 -1.697344 2.646904
-15.637725 11.361472 -1.691094 2.646584
-15.487078 11.418062 -1.683382 2.646189
-15.337437 11.473869 -1.675783 2.645800
-15.180991 11.522999 -1.667438 2.645373
-15.011278 11.560243 -1.657622 2.644870
-14.839425 11.593829 -1.647543 2.644354
-14.657014 11.617010 -1.636256 2.643776
-14.460855 11.626828 -1.623379 2.643117
-14.259520 11.629779 -1.609852 2.642424
-14.072090 11.641448 -1.597829 2.641809
-13.869389 11.637799 -1.584000 2.641101
-13.679770 11.642400 -1.571589 2.640465
-13.488398 11.642874 -1.558903 2.639816
-13.289126 11.633749 -1.545222 2.639115
-13.100257 11.630955 -1.532665 2.638472
-12.907559 11.622019 -1.519576 2.637802
-12.714356 11.609806 -1.506336 2.637124
-12.528016 11.601071 -1.493819 2.636483
-12.348557 11.596066 -1.482037 2.635880
-12.163801 11.583433 -1.469533 2.635240
-11.970068 11.559361 -1.455842 2.634539
-11.817950 11.572996 -1.447133 2.634093
-11.664877 11.583725 -1.438256 2.633639
-11.518672 11.599368 -1.430179 2.633225
-11.377192 11.618008 -1.422649 2.632840
-11.227647 11.626569 -1.414065 2.632400
-11.100499 11.656676 -1.408266 2.632103
-10.970158 11.682033 -1.402043 2.631784
-10.837638 11.703584 -1.395515 2.631450
-10.715326 11.734782 -1.390281 2.631182
-10.597303 11.769498 -1.385595 2.630942
-10.489591 11.814714 -1.382263 2.630772
-10.381967 11.859226 -1.378957 2.630602
-10.271732 11.899915 -1.375316 2.630416
-10.166152 11.945190 -1.372313 2.630262
-10.063805 11.993576 -1.369766 2.630132
-9.963018 12.043224 -1.367459 2.630014
-9.861617 12.091539 -1.365095 2.629893
-9.766639 12.147247 -1.363653 2.629819
-9.670949 12.201703 -1.362153 2.629742
-9.577640 12.258820 -1.361032 2.629685
-9.486516 12.318496 -1.360271 2.629646
-9.392005 12.373511 -1.359073 2.629585
-9.306520 12.440280 -1.359237 2.629593
-9.227880 12.516395 -1.360481 2.629657
-9.146105 12.588532 -1.361348 2.629701
-9.062284 12.658070 -1.361993 2.629734
-8.978209 12.727424 -1.362678 2.629769
-8.897059 12.801189 -1.363892 2.629831
-8.814821 12.873724 -1.365030 2.629889
-8.731510 12.944996 -1.366091 2.629944
-8.654126 13.025512 -1.368178 2.630051
-8.571348 13.098393 -1.369515 2.630119
-8.481674 13.160981 -1.369834 2.630136
-8.394297 13.227298 -1.370603 2.630175
-8.311190 13.300684 -1.372162 2.630255
-8.225799 13.370849 -1.373442 2.630320
-8.141598 13.443377 -1.375020 2.630401
-8.054315 13.511236 -1.376176 2.630460
-7.960866 13.568972 -1.376362 2.630470
-7.871645 13.634090 -1.377360 2.630521
-7.781129 13.697270 -1.378220 2.630565
-7.687680 13.755485 -1.378644 2.630586
-7.598285 13.821227 -1.379883 2.630650
-7.507301 13.884466 -1.380930 2.630704
-7.412107 13.940147 -1.381288 2.630722
-7.314446 13.991250 -1.381258 2.630720
-7.217535 14.043806 -1.381438 2.630730
-7.129361 14.113733 -1.383387 2.630829
-7.036593 14.175128 -1.384556 2.630889
-6.938673 14.226387 -1.384797 2.630902
-6.845184 14.287008 -1.386013 2.630964
-6.749086 14.342541 -1.386795 2.631004
-6.655968 14.404832 -1.388291 2.631080
-6.564505 14.471375 -1.390254 2.631181
-6.467520 14.526287 -1.391157 2.631227
-6.371457 14.583696 -1.392361 2.631289
-6.276367 14.643863 -1.393888 2.631367
-6.181550 14.705324 -1.395597 2.631454
-6.084719 14.762640 -1.396971 2.631525
-5.986549 14.817228 -1.398147 2.631585
-5.892287 14.882224 -1.400364 2.631699
-5.793774 14.937243 -1.401701 2.631767
-5.692150 14.984689 -1.402390 2.631802
-5.594908 15.044258 -1.404275 2.631899
-5.494606 15.096306 -1.405519 2.631963
-5.393225 15.145944 -1.406600 2.632018
-5.291404 15.194846 -1.407677 2.632073
-5.190908 15.248190 -1.409227 2.632152
-5.094090 15.313406 -1.411933 2.632291
-4.993435 15.368214 -1.413738 2.632383
-4.890841 15.417893 -1.415132 2.632455
-4.787140 15.464754 -1.416331 2.632516
-4.689819 15.533427 -1.419587 2.632683
-4.584595 15.577123 -1.420621 2.632736
-4.479002 15.620135 -1.421657 2.632789
-4.373288 15.663368 -1.422779 2.632846
-4.268869 15.712053 -1.424459 2.632932
-4.163060 15.756547 -1.425823 2.633002
-4.055643 15.795692 -1.426769 2.633050
-3.947621 15.833044 -1.427618 2.633094
-3.840720 15.875626 -1.429005 2.633165
-3.732714 15.914532 -1.430127 2.633222
-3.624734 15.954344 -1.431395 2.633287
-3.516373 15.993389 -1.432661 2.633352
-3.407504 16.031046 -1.433868 2.633414
-3.298227 16.067701 -1.435052 2.633475
-3.186867 16.094879 -1.435457 2.633495
-3.076882 16.129599 -1.436603 2.633554
-2.967595 16.169161 -1.438247 2.633638
-2.856889 16.202223 -1.439378 2.633696
-2.745684 16.233448 -1.440414 2.633749
-2.634145 16.263737 -1.441435 2.633801
-2.521852 16.290195 -1.442184 2.633840
-2.410804 16.325941 -1.443824 2.633924
-2.297444 16.347164 -1.444247 2.633945
-2.186334 16.385796 -1.446276 2.634049
-2.074927 16.424782 -1.448403 2.634158
-1.960858 16.444279 -1.448880 2.634182
-1.848395 16.478830 -1.450752 2.634279
-1.735009 16.507513 -1.452175 2.634351
-1.621690 16.539255 -1.453936 2.634442
-1.509084 16.582100 -1.456741 2.634585
-1.395397 16.617376 -1.458949 2.634698
-1.281358 16.652760 -1.461234 2.634815
-1.167279 16.692862 -1.464002 2.634957
-1.052608 16.730701 -1.466641 2.635092
-0.936908 16.757929 -1.468418 2.635183
-0.821152 16.789753 -1.470669 2.635298
-0.705202 16.825644 -1.473345 2.635435
-0.589026 16.867493 -1.476614 2.635602
-0.472731 16.923952 -1.481231 2.635839
-0.355625 16.977629 -1.485676 2.636066
-0.237686 17.022146 -1.489390 2.636257
-0.119059 17.053873 -1.492057 2.636393
0.000000 17.102394 -1.496266 2.636609
0.119731 17.150229 -1.500487 2.636825
0.240254 17.205423 -1.505426 2.637078
0.361650 17.264809 -1.510806 2.637353
0.484111 17.331364 -1.516889 2.637665
0.607188 17.387577 -1.522143 2.637934
0.730700 17.434010 -1.526617 2.638163
0.855762 17.497217 -1.532638 2.638471
0.982047 17.565126 -1.539149 2.638804
1.110018 17.643198 -1.546632 2.639187
1.237387 17.695463 -1.551933 2.639459
1.367399 17.770956 -1.559353 2.639839
1.496893 17.825956 -1.565058 2.640131
1.628038 17.889080 -1.571560 2.640464
1.761063 17.960688 -1.578892 2.640839
1.895022 18.029930 -1.586103 2.641208
2.028965 18.088648 -1.592476 2.641535
2.164978 18.156002 -1.599697 2.641904
2.304347 18.240753 -1.608543 2.642357
2.440853 18.293329 -1.614643 2.642670
2.578290 18.345490 -1.620796 2.642985
2.719937 18.419392 -1.628963 2.643403
2.858503 18.464769 -1.634701 2.643697
3.000127 18.523319 -1.641699 2.644055
3.143562 18.585844 -1.649145 2.644436
3.286119 18.636503 -1.655636 2.644768
3.428464 18.680241 -1.661607 2.645074
3.573196 18.731316 -1.668329 2.645418
3.718764 18.781111 -1.675035 2.645762
3.862827 18.818214 -1.680708 2.646052
4.008865 18.860228 -1.686919 2.646370
4.155000 18.898033 -1.692854 2.646674
4.298692 18.920736 -1.697535 2.646914
4.444118 18.947578 -1.702685 2.647177
4.590186 18.973543 -1.707857 2.647442
4.734554 18.989260 -1.712205 2.647665
4.878684 19.001226 -1.716313 2.647875
5.023891 19.014641 -1.720651 2.648097
5.168015 19.021441 -1.724489 2.648294
5.311878 19.025000 -1.728132 2.648480
5.455940 19.027124 -1.731742 2.648665
5.598899 19.023434 -1.734922 2.648828
5.740658 19.013956 -1.737670 2.648969
5.882698 19.003910 -1.740463 2.649112
6.023666 18.988995 -1.742906 2.649237
6.165313 18.974882 -1.745519 2.649370
6.306284 18.957397 -1.747918 2.649493
6.446437 18.936266 -1.750077 2.649604
6.583891 18.906345 -1.751517 2.649678
6.721522 18.876221 -1.753030 2.649755
6.859616 18.846640 -1.754688 2.649840
6.997469 18.815636 -1.756307 2.649923
7.135577 18.784519 -1.758010 2.650010
7.273428 18.752005 -1.759676 2.650095
7.408006 18.710482 -1.760590 2.650142
7.542380 18.668045 -1.761509 2.650189
7.676868 18.625484 -1.762507 2.650240
7.809480 18.578001 -1.763130 2.650272
7.941494 18.528883 -1.763687 2.650301
8.073521 18.479553 -1.764314 2.650333
8.205613 18.430109 -1.765020 2.650369
8.336085 18.376804 -1.765445 2.650391
8.464191 18.318172 -1.765447 2.650391
8.592257 18.259468 -1.765527 2.650395
8.719761 18.199539 -1.765576 2.650397
8.844680 18.134281 -1.765192 2.650378
8.969482 18.068909 -1.764881 2.650362
9.094124 18.003292 -1.764631 2.650349
9.216213 17.932802 -1.763985 2.650316
9.338187 17.862301 -1.763420 2.650287
9.461180 17.793890 -1.763144 2.650273
9.582292 17.722082 -1.762614 2.650246
9.702166 17.648161 -1.761957 2.650212
9.822035 17.574453 -1.761401 2.650184
9.940372 17.498213 -1.760672 2.650146
10.055713 17.417006 -1.759522 2.650087
10.171963 17.337694 -1.758641 2.650042
10.289321 17.260483 -1.758053 2.650012
10.402135 17.175957 -1.756797 2.649948
10.513283 17.089094 -1.755377 2.649875
10.624207 17.002285 -1.754036 2.649806
10.734912 16.915520 -1.752774 2.649742
10.844959 16.828072 -1.751516 2.649678
10.952356 16.736946 -1.749947 2.649597
11.060999 16.648138 -1.748693 2.649533
11.168410 16.557848 -1.747356 2.649465
11.274402 16.465853 -1.745912 2.649390
11.380589 16.374512 -1.744609 2.649324
11.485932 16.282339 -1.743290 2.649256
11.589593 16.188168 -1.741828 2.649182
11.692607 16.093493 -1.740381 2.649107
11.792463 15.994912 -1.738581 2.649015
11.890268 15.894039 -1.736598 2.648914
11.982423 15.786252 -1.733919 2.648777
12.070326 15.673634 -1.730763 2.648615
12.154217 15.556688 -1.727177 2.648431
12.232775 15.433925 -1.722987 2.648217
12.310911 15.311675 -1.718893 2.648007
12.393254 15.195624 -1.715536 2.647835
12.479962 15.085680 -1.712918 2.647701
12.594568 15.009622 -1.714224 2.647768
12.716433 14.941761 -1.716571 2.647888
12.835360 14.869897 -1.718568 2.647990
12.948071 14.790457 -1.719792 2.648053
13.065627 14.716166 -1.721719 2.648152
13.187216 14.645886 -1.724225 2.648280
13.314349 14.581076 -1.727496 2.648448
13.440375 14.514276 -1.730657 2.648609
13.564592 14.444818 -1.733625 2.648762
13.685797 14.371499 -1.736250 2.648896
13.809380 14.300031 -1.739221 2.649048
13.935505 14.230472 -1.742551 2.649219
14.059686 14.158175 -1.745676 2.649379
14.184422 14.085733 -1.748911 2.649544
14.317321 14.020553 -1.753185 2.649763
14.448518 13.952772 -1.757280 2.649973
14.576552 13.881066 -1.761023 2.650164
14.710673 13.814233 -1.765531 2.650395
14.847772 13.749182 -1.770422 2.650646
14.987315 13.685296 -1.775625 2.650912
15.127020 13.620430 -1.780868 2.651181
15.271565 13.558733 -1.786698 2.651479
15.421391 13.500399 -1.793155 2.651809
15.577360 13.446011 -1.800332 2.652177
15.746634 13.401433 -1.809038 2.652623
15.917854 13.356666 -1.817952 2.653079
16.097887 13.317333 -1.827850 2.653586
16.290462 13.286169 -1.839139 2.654164
16.496008 13.263124 -1.851845 2.654814
16.703054 13.238675 -1.864668 2.655471
16.925694 13.223802 -1.879170 2.656214
17.144199 13.202813 -1.893150 2.656929
17.380930 13.192835 -1.909073 2.657744
17.641104 13.197226 -1.927483 2.658687
17.882175 13.183874 -1.943719 2.659518
18.144796 13.182966 -1.962213 2.660465
18.394411 13.169108 -1.979217 2.661336
18.652948 13.158198 -1.997101 2.662251
18.917139 13.147748 -2.015511 2.663194
18.922394 12.956429 -2.006384 2.662727
18.926163 12.765858 -1.997285 2.662261
18.929895 12.576995 -1.988365 2.661804
18.933596 12.389789 -1.979619 2.661356
18.937260 12.204226 -1.971046 2.660918
18.940893 12.020254 -1.962642 2.660487
18.282211 11.423994 -1.886080 2.656567
17.921396 11.025319 -1.840871 2.654253
17.924744 10.855603 -1.833385 2.653869
17.928064 10.687265 -1.826048 2.653494
17.931356 10.520261 -1.818858 2.653126
18.034754 10.412371 -1.821929 2.653283
18.165035 10.319180 -1.827768 2.653582
18.296171 10.225377 -1.833734 2.653887
18.428160 10.130961 -1.839830 2.654199
18.561035 10.035912 -1.846056 2.654518
18.694818 9.940211 -1.852414 2.654844
18.829533 9.843844 -1.858908 2.655176
18.965210 9.746786 -1.865539 2.655516
18.988714 9.591885 -1.861218 2.655294
18.991938 9.427678 -1.855038 2.654978
18.995140 9.264549 -1.848988 2.654668
18.998320 9.102472 -1.843067 2.654365
19.001478 8.941410 -1.837272 2.654068
19.004616 8.781361 -1.831603 2.653778
19.007734 8.622288 -1.826058 2.653494
19.010832 8.464168 -1.820634 2.653216
19.013908 8.306975 -1.815331 2.652945
19.016968 8.150676 -1.810146 2.652679
18.585852 7.812768 -1.763875 2.650310
18.166246 7.487584 -1.719050 2.648015
17.995142 7.270510 -1.698014 2.646938
17.997969 7.125902 -1.693545 2.646709
18.000778 6.982035 -1.689181 2.646486
18.003574 6.838912 -1.684922 2.646268
18.006781 6.696659 -1.680806 2.646057
18.139000 6.602056 -1.688804 2.646467
18.272488 6.506543 -1.696962 2.646884
18.407290 6.410089 -1.705283 2.647310
18.543413 6.312689 -1.713769 2.647745
18.680906 6.214308 -1.722425 2.648188
18.819799 6.114923 -1.731253 2.648640
18.960129 6.014510 -1.740257 2.649101
19.060871 5.900319 -1.745680 2.649379
19.063684 5.755661 -1.742215 2.649201
19.066484 5.611569 -1.738848 2.649029
19.069273 5.468026 -1.735579 2.648862
19.072050 5.325014 -1.732406 2.648699
19.074816 5.182506 -1.729328 2.648541
8.260448 2.182503 -0.747495 2.598272
8.273217 2.124200 -0.747290 2.598261
7.773203 1.938077 -0.700886 2.595885
8.155017 1.972907 -0.734054 2.597584
8.549223 2.005199 -0.768258 2.599335
8.549679 1.942438 -0.767062 2.599274
8.550136 1.879868 -0.765907 2.599214
8.550594 1.817485 -0.764793 2.599157
8.444110 1.733328 -0.754168 2.598614
8.551514 1.693242 -0.762686 2.599049
8.551975 1.631375 -0.761692 2.598999
8.552438 1.569665 -0.760739 2.598950
8.552901 1.508107 -0.759825 2.598903
8.553365 1.446694 -0.758951 2.598858
7.848685 1.271207 -0.695619 2.595616
8.021920 1.241857 -0.710187 2.596361
8.182996 1.208359 -0.723683 2.597053
8.555164 1.202350 -0.755836 2.598699
8.555619 1.141564 -0.755153 2.598664
8.556076 1.080881 -0.754509 2.598631
8.556535 1.020303 -0.753903 2.598600
8.556995 0.959820 -0.753335 2.598571
8.557458 0.899425 -0.752805 2.598543
8.557923 0.839113 -0.752312 2.598518
8.558391 0.778872 -0.751857 2.598495
8.431835 0.708039 -0.740286 2.597903
8.559332 0.658604 -0.751058 2.598454
8.559806 0.598560 -0.750715 2.598436
7.870435 0.495167 -0.689935 2.595325
8.407801 0.470066 -0.736736 2.597721
8.404135 0.411029 -0.736145 2.597691
8.400084 0.352067 -0.735557 2.597661
8.395649 0.293183 -0.734972 2.597631
19.118935 0.534042 -1.673342 2.645675
18.941771 0.396767 -1.657554 2.644867
18.767921 0.262063 -1.642140 2.644078
18.597267 0.129834 -1.627090 2.643307
18.423399 -0.000000 -2.262109 2.675820
18.258938 -0.127474 -2.241970 2.674789
18.131531 -0.253180 -2.226489 2.673996
18.133942 -0.379852 -2.227057 2.674025
18.136354 -0.506594 -2.227733 2.674060
18.138767 -0.633420 -2.228518 2.674100
18.141182 -0.760341 -2.229413 2.674146
18.143595 -0.887370 -2.230416 2.674197
18.309216 -1.023644 -2.251600 2.675282
18.511938 -1.164672 -2.277474 2.676607
18.719383 -1.308987 -2.304064 2.677968
18.931736 -1.456718 -2.331396 2.679368
19.149195 -1.608003 -2.359501 2.680806
19.198330 -1.747185 -2.367000 2.681190
19.200891 -1.882664 -2.368879 2.681287
19.203457 -2.018365 -2.370876 2.681389
19.206026 -2.154301 -2.372992 2.681497
19.208597 -2.290487 -2.375228 2.681612
19.211172 -2.426935 -2.377583 2.681732
19.213749 -2.563662 -2.380059 2.681859
19.216331 -2.700679 -2.382657 2.681992
19.218918 -2.838003 -2.385376 2.682131
19.221508 -2.975647 -2.388218 2.682277
19.224104 -3.113625 -2.391183 2.682428
19.219076 -3.250664 -2.393322 2.682538
19.070400 -3.362626 -2.377673 2.681737
18.923647 -3.473140 -2.362342 2.680952
18.778767 -3.582242 -2.347320 2.680183
18.635710 -3.689970 -2.332602 2.679429
18.494429 -3.796361 -2.318178 2.678691
18.354876 -3.901449 -2.304044 2.677967
18.217007 -4.005269 -2.290192 2.677258
18.204809 -4.136031 -2.292233 2.677362
18.207323 -4.270489 -2.296247 2.677568
18.209845 -4.405425 -2.300388 2.677780
18.212372 -4.540854 -2.304656 2.677998
18.214909 -4.676794 -2.309053 2.678223
18.468227 -4.879516 -2.345427 2.680086
18.778856 -5.102102 -2.389341 2.682334
19.101351 -5.333193 -2.435052 2.684675
19.269209 -5.525357 -2.461308 2.686019
19.271938 -5.672040 -2.466655 2.686293
19.274677 -5.819368 -2.472145 2.686574
19.277426 -5.967360 -2.477781 2.686862
19.280186 -6.116035 -2.483563 2.687158
19.282957 -6.265413 -2.489494 2.687462
19.285742 -6.415512 -2.495575 2.687773
19.288536 -6.566354 -2.501808 2.688092
19.291344 -6.717957 -2.508194 2.688420
19.294165 -6.870343 -2.514736 2.688754
19.296999 -7.023533 -2.521435 2.689097
19.176327 -7.131612 -2.512111 2.688620
19.043999 -7.234137 -2.501332 2.688068
18.912796 -7.335790 -2.490765 2.687527
18.782690 -7.436593 -2.480407 2.686997
18.653654 -7.536565 -2.470255 2.686477
18.525661 -7.635727 -2.460305 2.685967
18.398691 -7.734098 -2.450554 2.685468
18.273357 -7.831972 -2.441084 2.684983
18.276167 -7.984662 -2.448846 2.685381
18.278994 -8.138332 -2.456778 2.685787
18.281836 -8.293009 -2.464881 2.686202
18.284697 -8.448716 -2.473159 2.686626
18.758108 -8.826896 -2.545465 2.690328
19.338282 -9.265352 -2.632908 2.694805
19.341362 -9.433413 -2.642230 2.695282
19.344463 -9.602674 -2.651747 2.695770
19.347586 -9.773170 -2.661464 2.696267
19.350729 -9.944924 -2.671382 2.696775
19.353895 -10.117971 -2.681505 2.697293
19.357082 -10.292343 -2.691837 2.697822
19.292740 -10.431546 -2.692951 2.697879
18.967081 -10.427241 -2.657591 2.696069
18.584051 -10.386275 -2.614019 2.693838
18.212040 -10.345879 -2.571789 2.691675
17.850458 -10.305966 -2.530827 2.689578
17.489880 -10.261251 -2.489801 2.687478
17.162071 -10.230649 -2.453243 2.685606
16.842560 -10.200216 -2.417691 2.683786
16.503592 -10.153077 -2.379150 2.681813
16.172625 -10.105778 -2.341552 2.679888
15.878178 -10.076598 -2.309050 2.678223
15.596579 -10.051309 -2.278248 2.676646
15.308768 -10.017777 -2.246368 2.675014
15.013446 -9.974910 -2.213198 2.673316
14.754124 -9.951782 -2.185159 2.671880
14.500819 -9.928919 -2.157857 2.670482
14.251705 -9.905192 -2.131025 2.669108
14.014352 -9.886038 -2.105803 2.667817
13.782076 -9.866998 -2.081201 2.666557
13.554711 -9.848074 -2.057199 2.665329
13.332086 -9.829262 -2.033777 2.664129
13.114044 -9.810558 -2.010914 2.662959
12.900429 -9.791959 -1.988593 2.661816
12.711385 -9.789084 -1.969939 2.660861
12.511232 -9.774846 -1.949448 2.659812
12.312762 -9.758975 -1.929092 2.658769
12.118060 -9.743171 -1.909198 2.657751
11.939914 -9.737956 -1.891796 2.656860
11.767606 -9.735011 -1.875218 2.656011
11.585333 -9.721249 -1.856942 2.655075
11.406302 -9.707524 -1.839064 2.654160
11.230970 -9.694313 -1.821663 2.653269
11.085258 -9.704410 -1.808973 2.652619
10.967565 -9.737460 -1.800817 2.652202
10.863111 -9.781189 -1.794835 2.651896
10.756639 -9.822161 -1.788530 2.651573
10.645847 -9.858163 -1.781508 2.651213
10.538682 -9.896482 -1.775093 2.650885
10.432511 -9.934747 -1.768850 2.650565
10.326977 -9.972645 -1.762718 2.650251
10.222009 -10.010132 -1.756687 2.649942
10.117572 -10.047183 -1.750751 2.649638
10.015622 -10.085790 -1.745251 2.649357
9.914262 -10.124112 -1.739863 2.649081
9.809405 -10.157937 -1.733865 2.648774
9.705417 -10.191691 -1.728019 2.648474
9.603689 -10.226890 -1.722576 2.648196
9.501477 -10.260663 -1.717050 2.647913
9.401251 -10.295684 -1.711885 2.647648
9.314009 -10.344255 -1.709108 2.647506
9.225657 -10.391108 -1.706166 2.647356
9.124648 -10.423001 -1.700902 2.647086
9.025371 -10.455993 -1.695961 2.646833
8.920549 -10.481611 -1.689974 2.646527
8.816334 -10.506898 -1.684086 2.646225
8.712710 -10.531858 -1.678296 2.645929
8.609686 -10.556518 -1.672607 2.645638
8.507253 -10.580889 -1.667017 2.645351
8.405357 -10.604922 -1.661518 2.645070
8.303989 -10.628622 -1.656108 2.644793
8.203157 -10.652018 -1.650789 2.644520
8.102856 -10.675117 -1.645562 2.644253
8.003109 -10.697976 -1.640433 2.643990
7.903847 -10.720518 -1.635388 2.643732
7.805056 -10.742738 -1.630426 2.643478
7.706748 -10.764673 -1.625550 2.643228
7.606126 -10.782371 -1.620164 2.642952
7.503461 -10.796065 -1.614311 2.642653
7.401422 -10.809505 -1.608555 2.642358
7.299998 -10.822692 -1.602894 2.642068
7.196103 -10.831007 -1.596646 2.641748
7.090340 -10.835176 -1.589925 2.641404
6.989114 -10.844982 -1.584165 2.641109
6.890172 -10.857175 -1.578881 2.640839
6.791787 -10.869131 -1.573686 2.640573
6.693846 -10.880692 -1.568555 2.640310
6.594692 -10.889132 -1.563097 2.640030
6.497529 -10.899706 -1.558065 2.639773
6.398122 -10.905336 -1.552447 2.639485
6.298642 -10.909569 -1.546752 2.639194
6.203510 -10.920154 -1.542075 2.638954
6.108862 -10.930522 -1.537479 2.638719
6.012443 -10.936592 -1.532391 2.638458
5.915720 -10.940897 -1.527170 2.638191
5.822917 -10.951314 -1.522913 2.637973
5.729257 -10.959058 -1.518391 2.637742
5.633015 -10.960661 -1.513127 2.637472
5.538212 -10.963797 -1.508186 2.637219
5.447204 -10.973322 -1.504228 2.637016
5.355863 -10.981147 -1.500138 2.636807
5.261711 -10.982039 -1.495205 2.636554
5.168238 -10.983066 -1.490396 2.636308
5.078893 -10.991733 -1.486724 2.636120
4.989911 -11.000196 -1.483121 2.635936
4.901280 -11.008456 -1.479585 2.635755
4.812997 -11.016517 -1.476116 2.635577
4.722206 -11.017733 -1.471826 2.635357
4.631354 -11.017560 -1.467448 2.635133
4.542896 -11.021891 -1.463765 2.634945
4.456069 -11.029158 -1.460563 2.634781
4.369554 -11.036233 -1.457425 2.634620
4.283342 -11.043118 -1.454349 2.634463
4.196699 -11.047892 -1.451084 2.634295
4.108284 -11.046844 -1.447144 2.634094
4.020288 -11.045650 -1.443276 2.633896
3.935127 -11.051123 -1.440366 2.633747
3.850479 -11.057071 -1.437602 2.633605
3.766096 -11.062837 -1.434898 2.633467
3.681975 -11.068424 -1.432254 2.633331
3.598106 -11.073833 -1.429669 2.633199
3.514486 -11.079064 -1.427142 2.633070
3.431108 -11.084121 -1.424672 2.632943
3.347966 -11.089002 -1.422261 2.632820
3.265056 -11.093709 -1.419906 2.632699
3.182370 -11.098244 -1.417609 2.632581
3.099904 -11.102608 -1.415367 2.632467
3.017651 -11.106801 -1.413182 2.632355
2.935606 -11.110826 -1.411052 2.632246
2.854079 -11.115904 -1.409132 2.632147
2.774200 -11.126708 -1.408012 2.632090
2.694406 -11.137339 -1.406942 2.632035
2.613261 -11.141698 -1.405154 2.631944
2.532027 -11.144763 -1.403277 2.631848
2.451322 -11.149252 -1.401653 2.631765
2.370456 -11.152121 -1.399899 2.631675
2.289757 -11.154827 -1.398198 2.631588
2.210246 -11.162559 -1.397199 2.631536
2.131173 -11.172003 -1.396485 2.631500
2.052152 -11.181293 -1.395822 2.631466
1.973179 -11.190456 -1.395212 2.631435
1.894246 -11.199458 -1.394651 2.631406
1.814560 -11.203437 -1.393535 2.631349
1.734630 -11.205031 -1.392193 2.631280
1.655019 -11.207764 -1.391063 2.631222
1.576316 -11.216073 -1.390695 2.631203
1.497631 -11.224226 -1.390375 2.631187
1.418959 -11.232222 -1.390105 2.631173
1.340295 -11.240061 -1.389883 2.631162
1.261722 -11.248504 -1.389804 2.631158
1.183788 -11.262995 -1.390539 2.631196
1.105065 -11.270329 -1.390458 2.631191
1.026295 -11.277089 -1.390375 2.631187
0.947520 -11.283731 -1.390344 2.631186
0.868738 -11.290248 -1.390366 2.631187
0.789934 -11.296586 -1.390433 2.631190
0.711111 -11.302784 -1.390551 2.631196
0.632262 -11.308841 -1.390720 2.631205
0.553666 -11.320545 -1.391650 2.631253
0.475024 -11.333718 -1.392827 2.631313
0.396239 -11.346801 -1.394061 2.631376
0.317306 -11.359754 -1.395346 2.631442
0.238220 -11.372557 -1.396681 2.631510
0.158977 -11.385204 -1.398064 2.631581
0.079573 -11.397721 -1.399498 2.631654
-0.000000 -11.410148 -1.400990 2.631731
-0.079745 -11.422448 -1.402534 2.631810
-0.159710 -11.437572 -1.404494 2.631910
-0.239988 -11.456845 -1.407032 2.632040
-0.320554 -11.476029 -1.409629 2.632173
-0.401417 -11.495084 -1.412279 2.632308
-0.482582 -11.514049 -1.414989 2.632447
-0.564229 -11.536487 -1.418196 2.632612
-0.646029 -11.555062 -1.420999 2.632755
-0.728091 -11.572682 -1.423756 2.632896
-0.810948 -11.597098 -1.427422 2.633084
-0.894367 -11.623339 -1.431385 2.633287
-0.977875 -11.645189 -1.434882 2.633466
-1.061991 -11.669310 -1.438732 2.633663
-1.146749 -11.695452 -1.442907 2.633877
-1.232543 -11.726864 -1.447809 2.634128
-1.318909 -11.758336 -1.452796 2.634383
-1.406745 -11.797315 -1.458790 2.634690
-1.495288 -11.836412 -1.464880 2.635002
-1.584606 -11.876071 -1.471121 2.635321
-1.675261 -11.920103 -1.477988 2.635673
-1.767409 -11.968866 -1.485528 2.636059
-1.862829 -12.033136 -1.495083 2.636548
-1.957851 -12.088129 -1.503577 2.636983
-2.055138 -12.150708 -1.513109 2.637471
-2.153341 -12.212203 -1.522602 2.637957
-2.248393 -12.250525 -1.529300 2.638300
-2.346389 -12.300200 -1.537508 2.638721
-2.444757 -12.346919 -1.545444 2.639127
-2.542280 -12.385025 -1.552397 2.639483
-2.639623 -12.418449 -1.558859 2.639813
-2.737756 -12.452025 -1.565434 2.640150
-2.836699 -12.485777 -1.572129 2.640493
-2.935146 -12.514054 -1.578231 2.640805
-3.034667 -12.543813 -1.584618 2.641132
-3.133077 -12.566085 -1.590156 2.641416
-3.232051 -12.588004 -1.595746 2.641702
-3.331352 -12.608657 -1.601273 2.641985
-3.427343 -12.614714 -1.605042 2.642178
-3.523480 -12.619688 -1.608766 2.642369
-3.620143 -12.624938 -1.612618 2.642566
-3.717503 -12.630990 -1.616666 2.642773
-3.817333 -12.643616 -1.621654 2.643029
-3.917594 -12.655697 -1.626672 2.643286
-4.014410 -12.655025 -1.630148 2.643463
-4.111682 -12.654455 -1.633732 2.643647
-4.211326 -12.659712 -1.638167 2.643874
-4.311409 -12.664680 -1.642665 2.644104
-4.409895 -12.663489 -1.646463 2.644299
-4.508792 -12.662159 -1.650343 2.644497
-4.610278 -12.666635 -1.655081 2.644740
-4.712366 -12.671169 -1.659932 2.644988
-4.809851 -12.662021 -1.663092 2.645150
-4.907658 -12.652694 -1.666326 2.645316
-5.004769 -12.640606 -1.669295 2.645468
-5.102874 -12.630055 -1.672566 2.645635
-5.201304 -12.619309 -1.675910 2.645807
-5.300069 -12.608364 -1.679330 2.645982
-5.396464 -12.590892 -1.681980 2.646117
-5.492792 -12.572505 -1.684605 2.646252
-5.591912 -12.559640 -1.688071 2.646429
-5.691980 -12.547898 -1.691793 2.646620
-5.792423 -12.535950 -1.695593 2.646814
-5.893250 -12.523790 -1.699472 2.647013
-5.994467 -12.511419 -1.703431 2.647216
-6.096064 -12.498782 -1.707463 2.647422
-6.194355 -12.478445 -1.710551 2.647580
-6.292280 -12.456595 -1.713536 2.647733
-6.393538 -12.440477 -1.717417 2.647932
-6.496061 -12.425819 -1.721612 2.648146
-6.599003 -12.410920 -1.725889 2.648365
-6.702372 -12.395777 -1.730248 2.648589
-6.802464 -12.373635 -1.733744 2.648768
-6.903298 -12.351995 -1.737422 2.648956
-7.007030 -12.334605 -1.741815 2.649181
-7.111190 -12.316942 -1.746289 2.649410
-7.215783 -12.299004 -1.750845 2.649643
-7.320818 -12.280786 -1.755485 2.649881
-7.426306 -12.262286 -1.760208 2.650123
-7.531621 -12.242476 -1.764870 2.650361
-7.632775 -12.214993 -1.768547 2.650550
-7.738227 -12.193495 -1.773213 2.650788
-7.844238 -12.171873 -1.777989 2.651033
-7.950695 -12.149933 -1.782849 2.651282
-8.058189 -12.128551 -1.787923 2.651541
-8.166955 -12.108009 -1.793256 2.651815
-8.276250 -12.087156 -1.798681 2.652092
-8.386083 -12.065990 -1.804200 2.652375
-8.496467 -12.044507 -1.809813 2.652663
-8.607409 -12.022701 -1.815522 2.652955
-8.718925 -12.000569 -1.821327 2.653252
-8.831023 -11.978107 -1.827231 2.653554
-8.943681 -11.955264 -1.833226 2.653861
-9.055255 -11.929856 -1.838979 2.654155
-9.164856 -11.900808 -1.844320 2.654429
-9.273651 -11.869732 -1.849492 2.654694
-9.384626 -11.840447 -1.855093 2.654981
-9.496097 -11.810760 -1.860783 2.655272
-9.608074 -11.780664 -1.866564 2.655568
-9.722112 -11.752011 -1.872733 2.655884
-9.837604 -11.723999 -1.879168 2.656214
-9.953727 -11.695586 -1.885706 2.656548
-10.070485 -11.666768 -1.892349 2.656888
-10.187894 -11.637539 -1.899099 2.657234
-10.305970 -11.607891 -1.905956 2.657585
-10.424788 -11.577901 -1.912935 2.657942
-10.543659 -11.546777 -1.919908 2.658299
-10.657966 -11.509555 -1.926044 2.658613
-10.775767 -11.475028 -1.932808 2.658960
-10.894195 -11.440029 -1.939677 2.659312
-11.013249 -11.404554 -1.946651 2.659668
-11.135486 -11.371180 -1.954176 2.660054
-11.264531 -11.343447 -1.962877 2.660499
-11.392789 -11.313530 -1.971415 2.660936
-11.514690 -11.276015 -1.978838 2.661317
-11.637279 -11.237989 -1.986374 2.661702
-11.760577 -11.199443 -1.994025 2.662094
-11.884588 -11.160370 -2.001792 2.662492
-12.009329 -11.120762 -2.009677 2.662895
-12.130810 -11.076949 -2.017016 2.663271
-12.259378 -11.038394 -2.025530 2.663707
-12.387004 -10.997693 -2.033881 2.664135
-12.507763 -10.949718 -2.041108 2.664505
-12.636425 -10.907471 -2.049628 2.664941
-12.773888 -10.871428 -2.059563 2.665450
-12.904133 -10.827853 -2.068324 2.665898
-13.027575 -10.777344 -2.075999 2.666291
-13.146845 -10.722304 -2.083026 2.666651
-13.278417 -10.676123 -2.092012 2.667111
-13.411912 -10.630148 -2.101301 2.667587
-13.546309 -10.583536 -2.110729 2.668069
-13.681632 -10.536272 -2.120302 2.668559
-13.817891 -10.488349 -2.130019 2.669057
-13.955106 -10.439754 -2.139883 2.669562
-14.093302 -10.390476 -2.149898 2.670075
-14.232485 -10.340506 -2.160065 2.670595
-14.369798 -10.287761 -2.169951 2.671102
-14.516957 -10.240586 -2.181324 2.671684
-14.665373 -10.192701 -2.192880 2.672275
-14.810575 -10.141009 -2.203951 2.672842
-14.946288 -10.081399 -2.213619 2.673337
-15.095494 -10.029419 -2.225292 2.673935
-15.248957 -9.978637 -2.237591 2.674565
-15.403806 -9.927076 -2.250089 2.675205
-15.560061 -9.874713 -2.262788 2.675855
-15.702928 -9.812279 -2.273547 2.676406
-15.838707 -9.744034 -2.283300 2.676905
-15.965404 -9.668991 -2.291778 2.677339
-16.087427 -9.590033 -2.299628 2.677741
-16.205690 -9.507820 -2.306988 2.678118
-16.299713 -9.410644 -2.310964 2.678321
-16.393051 -9.312546 -2.314923 2.678524
-16.486355 -9.213911 -2.318958 2.678730
-16.579710 -9.114774 -2.323082 2.678942
-16.666540 -9.011563 -2.326376 2.679111
-16.752203 -8.907304 -2.329597 2.679275
-16.837858 -8.802616 -2.332905 2.679445
-16.922031 -8.696741 -2.336098 2.679608
-16.997860 -8.586238 -2.338234 2.679718
-17.080378 -8.478770 -2.341385 2.679879
-17.163458 -8.371178 -2.344706 2.680049
-17.235172 -8.257708 -2.346570 2.680144
-17.294102 -8.137986 -2.346801 2.680156
-17.361681 -8.022224 -2.348314 2.680233
-17.428461 -7.905899 -2.349823 2.680311
-17.479994 -7.782595 -2.349389 2.680289
-17.531212 -7.659195 -2.349028 2.680270
-17.582115 -7.535703 -2.348742 2.680256
-17.632706 -7.412108 -2.348531 2.680245
-17.678705 -7.286634 -2.347825 2.680208
-17.723656 -7.160822 -2.347098 2.680171
-17.768873 -7.035191 -2.346524 2.680142
-17.803375 -6.905473 -2.344657 2.680046
-17.808132 -6.764676 -2.339007 2.679757
-17.826481 -6.629607 -2.335281 2.679566
-17.844580 -6.494895 -2.331655 2.679381
-17.864147 -6.361134 -2.328352 2.679212
-17.900232 -6.233520 -2.327327 2.679159
-17.934149 -6.105284 -2.326138 2.679098
-17.945051 -5.969522 -2.322089 2.678891
-17.949001 -5.831984 -2.317276 2.678644
-17.964113 -5.698549 -2.314034 2.678478
-17.984177 -5.567031 -2.311556 2.678351
-18.030054 -5.443595 -2.312511 2.678401
-18.075024 -5.319767 -2.313459 2.678449
-18.089874 -5.187188 -2.310669 2.678306
-18.126085 -5.060891 -2.310724 2.678309
-18.148470 -4.930829 -2.309133 2.678227
-18.190714 -4.806195 -2.310183 2.678281
-18.255182 -4.687132 -2.314158 2.678485
-18.313515 -4.566072 -2.317455 2.678654
-18.347740 -4.438783 -2.317808 2.678672
-18.380037 -4.310998 -2.318030 2.678683
-18.427279 -4.186576 -2.320245 2.678797
-18.458700 -4.058406 -2.320577 2.678813
-18.488836 -3.929923 -2.320860 2.678828
-18.517830 -3.801162 -2.321112 2.678841
-18.536552 -3.670335 -2.320190 2.678794
-18.549107 -3.538432 -2.318613 2.678713
-18.582338 -3.410495 -2.319734 2.678770
-18.606050 -3.280749 -2.319778 2.678773
-18.624573 -3.150108 -2.319289 2.678748
-18.679779 -3.025463 -2.323477 2.678962
-18.718164 -2.897726 -2.325679 2.679075
-18.727211 -2.765392 -2.324347 2.679007
-18.724873 -2.631609 -2.321720 2.678872
-18.743320 -2.500890 -2.321786 2.678875
-18.804155 -2.375516 -2.327211 2.679153
-18.844337 -2.247052 -2.330185 2.679305
-18.860886 -2.115585 -2.330348 2.679314
-18.888193 -1.985229 -2.331953 2.679396
-18.936859 -1.856772 -2.336304 2.679619
-18.975304 -1.726887 -2.339503 2.679783
-18.982666 -1.594020 -2.338982 2.679756
-19.008635 -1.462633 -2.340866 2.679852
-19.012163 -1.329460 -2.340101 2.679813
-19.023956 -1.196883 -2.340466 2.679832
-19.044842 -1.064771 -2.342064 2.679914
-19.044657 -0.931440 -2.341185 2.679869
-19.026037 -0.797425 -2.338155 2.679713
-19.022076 -0.664266 -2.337041 2.679656
-19.005783 -0.530877 -2.334527 2.679528
-18.974558 -0.397459 -2.330294 2.679311
-18.939213 -0.264459 -2.325670 2.679074
-18.913803 -0.132043 -2.322380 2.678906
-18.899080 0.000000 -2.320515 2.678810
-18.873100 0.131764 -2.317382 2.678650
-18.870577 0.263501 -2.317241 2.678643
-18.850803 0.394867 -2.315095 2.678533
-18.813061 0.525498 -2.310854 2.678316
-18.766485 0.655340 -2.305639 2.678049
-18.716909 0.784474 -2.300165 2.677768
-18.697515 0.914462 -2.298510 2.677684
-18.670818 1.043860 -2.296068 2.677558
-18.628418 1.172003 -2.291805 2.677340
-18.592091 1.300086 -2.288396 2.677166
-18.555679 1.427785 -2.285086 2.676996
-18.519112 1.555094 -2.281864 2.676831
-18.471691 1.681055 -2.277411 2.676604
-18.416229 1.805729 -2.272072 2.676330
-18.366827 1.930431 -2.267585 2.676100
-18.328718 2.055898 -2.264597 2.675947
-18.294014 2.181430 -2.262135 2.675821
-18.271067 2.308172 -2.261235 2.675775
-18.238544 2.433543 -2.259258 2.675674
-18.198242 2.557596 -2.256423 2.675529
-18.156925 2.681184 -2.253566 2.675383
-18.154173 2.810415 -2.255604 2.675487
-18.144758 2.938809 -2.256929 2.675555
-18.130486 3.066544 -2.257761 2.675597
-18.119793 3.195008 -2.259152 2.675668
-18.098696 3.321735 -2.259358 2.675679
-18.077984 3.448561 -2.259723 2.675698
-18.060104 3.575996 -2.260554 2.675740
-18.042229 3.703540 -2.261498 2.675789
-18.039007 3.834310 -2.264394 2.675937
-18.028942 3.963923 -2.266549 2.676047
-18.017603 4.093500 -2.268661 2.676155
-18.023165 4.227294 -2.273022 2.676379
-18.004681 4.355793 -2.274471 2.676453
-17.988613 4.485065 -2.276341 2.676548
-17.991856 4.619526 -2.280777 2.676776
-17.967300 4.747167 -2.281810 2.676829
-17.951010 4.877180 -2.284009 2.676941
-17.941133 5.009257 -2.287147 2.677102
-17.914091 5.136783 -2.288215 2.677157
-17.868258 5.258917 -2.286995 2.677094
-17.848845 5.388885 -2.289270 2.677211
-17.820013 5.516215 -2.290455 2.677271
-17.763248 5.634836 -2.288160 2.677154
-17.749039 5.767012 -2.291460 2.677323
-17.727077 5.897017 -2.293884 2.677447
-17.718107 6.031737 -2.298116 2.677663
-17.707579 6.166430 -2.302278 2.677876
-17.685034 6.297359 -2.305007 2.678016
-17.643934 6.421867 -2.305438 2.678038
-17.645990 6.562488 -2.311636 2.678356
-17.635536 6.699113 -2.316337 2.678596
-17.612282 6.831353 -2.319490 2.678758
-17.592943 6.965541 -2.323292 2.678952
-17.531223 7.083074 -2.321615 2.678867
-17.489363 7.208598 -2.322679 2.678921
-17.459082 7.339123 -2.325406 2.679061
-17.440685 7.475087 -2.329849 2.679288
-17.426884 7.613620 -2.335049 2.679554
-17.378906 7.737588 -2.335802 2.679593
-17.344997 7.868043 -2.338571 2.679735
-17.318621 8.002327 -2.342489 2.679935
-17.266760 8.125119 -2.343090 2.679966
-17.214182 8.247657 -2.343712 2.679998
-17.160658 8.369812 -2.344323 2.680029
-17.085264 8.481202 -2.342056 2.679913
-17.032701 8.603838 -2.343027 2.679963
-16.983450 8.728307 -2.344577 2.680042
-16.872564 8.820765 -2.337714 2.679691
-16.818661 8.942641 -2.338839 2.679748
-16.735580 9.048898 -2.336014 2.679604
-16.658623 9.158156 -2.334139 2.679508
-16.586170 9.269695 -2.332998 2.679449
-16.501398 9.374102 -2.330223 2.679307
-16.423620 9.482181 -2.328531 2.679221
-16.352243 9.593807 -2.327851 2.679186
-16.272865 9.700576 -2.326135 2.679098
-16.188721 9.804237 -2.323834 2.678980
-16.105373 9.908093 -2.321743 2.678873
-16.027311 10.014976 -2.320513 2.678810
-15.948281 10.121091 -2.319244 2.678745
-15.838809 10.207417 -2.313631 2.678458
-15.753812 10.309005 -2.311672 2.678358
-15.622236 10.379391 -2.302942 2.677911
-15.497494 10.453192 -2.295255 2.677517
-15.376296 10.528373 -2.288136 2.677152
-15.246649 10.596698 -2.279797 2.676726
-15.099315 10.651393 -2.268830 2.676164
-14.959061 10.709639 -2.258935 2.675657
-14.795336 10.749441 -2.245489 2.674969
-14.617542 10.776985 -2.229870 2.674169
-14.441454 10.803589 -2.214460 2.673380
-14.264169 10.827092 -2.198812 2.672579
-14.094371 10.854129 -2.184266 2.671834
-13.898400 10.858621 -2.165591 2.670878
-13.713794 10.869423 -2.148598 2.670008
-13.532551 10.880452 -2.132051 2.669161
-13.354988 10.892061 -2.116005 2.668339
-13.158858 10.885957 -2.096920 2.667362
-12.976344 10.888446 -2.079899 2.666491
-12.791189 10.886159 -2.062353 2.665592
-12.606952 10.882030 -2.044847 2.664696
-12.433472 10.884680 -2.028985 2.663884
-12.251003 10.876952 -2.011551 2.662991
-12.087128 10.883299 -1.997071 2.662250
-11.913008 10.878075 -1.980802 2.661417
-11.762985 10.892645 -1.968453 2.660785
-11.609068 10.901639 -1.955385 2.660115
-11.462383 10.915483 -1.943467 2.659505
-11.325774 10.937173 -1.933203 2.658980
-11.190478 10.958529 -1.923122 2.658464
-11.063616 10.986647 -1.914455 2.658020
-10.941524 11.018177 -1.906592 2.657618
-10.833809 11.063124 -1.901235 2.657343
-10.702744 11.083016 -1.891767 2.656858
-10.591054 11.121706 -1.885704 2.656548
-10.481894 11.162085 -1.880097 2.656261
-10.373370 11.202220 -1.874613 2.655980
-10.261752 11.238055 -1.868575 2.655671
-10.156865 11.280342 -1.863771 2.655425
-10.058137 11.328756 -1.860123 2.655238
-9.958877 11.375935 -1.856408 2.655048
-9.857691 11.420243 -1.852363 2.654841
-9.758796 11.466548 -1.848778 2.654657
-9.662217 11.514982 -1.845666 2.654498
-9.559604 11.555580 -1.841431 2.654281
-9.469270 11.610474 -1.839599 2.654187
-9.382566 11.669558 -1.838537 2.654133
-9.288728 11.719460 -1.836137 2.654010
-9.202704 11.778925 -1.835343 2.653970
-9.117805 11.839716 -1.834852 2.653944
-9.028088 11.894067 -1.833462 2.653873
-8.945959 11.958309 -1.833693 2.653885
-8.864553 12.023590 -1.834169 2.653909
-8.782610 12.088225 -1.834631 2.653933
-8.698865 12.150450 -1.834813 2.653942
-8.618764 12.217878 -1.835864 2.653996
-8.538538 12.285344 -1.836999 2.654054
-8.460284 12.355936 -1.838678 2.654140
-8.386263 12.433146 -1.841410 2.654280
-8.310320 12.508041 -1.843865 2.654406
-8.232961 12.581285 -1.846144 2.654523
-8.156288 12.656080 -1.848719 2.654655
-8.082340 12.735733 -1.852066 2.654826
-7.999891 12.802502 -1.853609 2.654905
-7.922728 12.878216 -1.856517 2.655054
-7.843817 12.951682 -1.859169 2.655189
-7.761982 13.020845 -1.861273 2.655297
-7.679695 13.089726 -1.863410 2.655406
-7.593928 13.153069 -1.864834 2.655479
-7.509096 13.218404 -1.866619 2.655571
-7.425927 13.287132 -1.868958 2.655691
-7.339554 13.350597 -1.870632 2.655776
-7.255084 13.418000 -1.872933 2.655894
-7.171095 13.486868 -1.875512 2.656026
-7.083549 13.549585 -1.877311 2.656118
-6.996517 13.613752 -1.879388 2.656224
-6.908221 13.675951 -1.881271 2.656321
-6.818466 13.735715 -1.882898 2.656404
-6.730676 13.799931 -1.885213 2.656523
-6.647280 13.873949 -1.888939 2.656713
-6.560322 13.941397 -1.891840 2.656862
-6.471154 14.004859 -1.894275 2.656987
-6.380110 14.064879 -1.896322 2.657092
-6.286678 14.120111 -1.897806 2.657167
-6.197915 14.186473 -1.900863 2.657324
-6.107122 14.248986 -1.903480 2.657458
-6.015225 14.309653 -1.905928 2.657583
-5.921658 14.367023 -1.908016 2.657690
-5.828938 14.427128 -1.910547 2.657820
-5.736610 14.489030 -1.913394 2.657966
-5.642653 14.547630 -1.915884 2.658093
-5.542192 14.589920 -1.916311 2.658115
-5.449179 14.652405 -1.919475 2.658277
-5.355751 14.714805 -1.922704 2.658442
-5.258226 14.766821 -1.924657 2.658542
-5.155943 14.805854 -1.925006 2.658560
-5.058465 14.859143 -1.927296 2.658678
-4.958971 14.907221 -1.928994 2.658764
-4.860672 14.959610 -1.931335 2.658884
-4.759849 15.004953 -1.932852 2.658962
-4.663896 15.066617 -1.936554 2.659152
-4.565851 15.122826 -1.939634 2.659309
-4.464756 15.169947 -1.941633 2.659411
-4.364728 15.221618 -1.944299 2.659548
-4.267955 15.286108 -1.948682 2.659772
-4.168726 15.343466 -1.952237 2.659954
-4.066191 15.389913 -1.954487 2.660070
-3.960446 15.424927 -1.955374 2.660115
-3.856342 15.466944 -1.957240 2.660211
-3.753371 15.514567 -1.959903 2.660347
-3.650156 15.562542 -1.962696 2.660490
-3.543045 15.594788 -1.963596 2.660536
-3.436655 15.630813 -1.965063 2.660611
-3.330193 15.667327 -1.966683 2.660694
-3.224379 15.707939 -1.968907 2.660808
-3.116428 15.739138 -1.970042 2.660866
-3.008509 15.771175 -1.971375 2.660934
-2.900230 15.802122 -1.972665 2.661000
-2.791868 15.833472 -1.974097 2.661074
-2.683738 15.867205 -1.975919 2.661167
-2.573321 15.888195 -1.976247 2.661184
-2.464298 15.918417 -1.977818 2.661264
-2.354730 15.946214 -1.979181 2.661334
-2.245150 15.975074 -1.980769 2.661415
-2.136643 16.013380 -1.983621 2.661561
-2.026443 16.040991 -1.985240 2.661644
-1.915080 16.060371 -1.985936 2.661680
-1.804050 16.083483 -1.987188 2.661744
-1.692640 16.104399 -1.988263 2.661799
-1.581154 16.125834 -1.989499 2.661862
-1.470615 16.159391 -1.992323 2.662007
-1.359838 16.193926 -1.995362 2.662163
-1.248449 16.225063 -1.998076 2.662302
-1.136525 16.253065 -2.000499 2.662426
-1.024429 16.282808 -2.003231 2.662565
-0.911430 16.302206 -2.004785 2.662645
-0.798532 16.327236 -2.007129 2.662765
-0.685635 16.358788 -2.010370 2.662931
-0.572590 16.396833 -2.014505 2.663142
-0.459048 16.434122 -2.018643 2.663354
-0.344802 16.460945 -2.021593 2.663505
-0.230427 16.502333 -2.026429 2.663753
-0.115439 16.535366 -2.030337 2.663953
0.000000 16.573690 -2.034993 2.664191
0.116134 16.634897 -2.042558 2.664579
0.232609 16.657949 -2.045538 2.664732
0.349709 16.694754 -2.050308 2.664976
0.467648 16.741987 -2.056459 2.665291
0.586255 16.788141 -2.062581 2.665604
0.705666 16.836729 -2.069105 2.665938
0.825758 16.883734 -2.075540 2.666267
0.946802 16.934725 -2.082570 2.666627
1.067982 16.975058 -2.088396 2.666926
1.190600 17.026377 -2.095681 2.667299
1.314754 17.086777 -2.104194 2.667735
1.440636 17.156012 -2.113907 2.668232
1.565436 17.201204 -2.120770 2.668583
1.693136 17.267920 -2.130401 2.669076
1.820854 17.324266 -2.138870 2.669510
1.949610 17.381186 -2.147525 2.669953
2.080054 17.443806 -2.157004 2.670439
2.212485 17.513588 -2.167490 2.670975
2.345037 17.575216 -2.177090 2.671467
2.478144 17.632908 -2.186326 2.671940
2.611678 17.686260 -2.195148 2.672392
2.748630 17.755030 -2.206012 2.672948
2.884770 17.811083 -2.215425 2.673430
3.023453 17.875717 -2.226036 2.673973
3.158962 17.915365 -2.233665 2.674364
3.295478 17.955660 -2.241502 2.674765
3.439077 18.028240 -2.253505 2.675380
3.578228 18.071350 -2.261961 2.675812
3.716573 18.105722 -2.269456 2.676196
3.854028 18.131779 -2.276039 2.676533
3.992261 18.157852 -2.282755 2.676877
4.132820 18.190649 -2.290450 2.677271
4.274656 18.225071 -2.298486 2.677682
4.413217 18.242043 -2.304456 2.677988
4.552537 18.259230 -2.310586 2.678302
4.691095 18.270618 -2.316115 2.678585
4.832019 18.288435 -2.322593 2.678917
4.970118 18.293056 -2.327530 2.679169
5.105175 18.284674 -2.330941 2.679344
5.242507 18.282797 -2.335311 2.679568
5.378824 18.275684 -2.339142 2.679764
5.513156 18.260433 -2.342060 2.679914
5.650712 18.254488 -2.346300 2.680130
5.785723 18.238901 -2.349431 2.680291
5.919147 18.217262 -2.351909 2.680418
6.053855 18.198566 -2.354895 2.680571
6.187498 18.175636 -2.357460 2.680702
6.319822 18.148045 -2.359546 2.680809
6.447895 18.107786 -2.360107 2.680837
6.579419 18.076803 -2.361998 2.680934
6.710833 18.044891 -2.363893 2.681031
6.842418 18.012775 -2.365886 2.681133
6.972342 17.975760 -2.367360 2.681209
7.102175 17.938040 -2.368865 2.681286
7.234084 17.904985 -2.371111 2.681401
7.362983 17.863941 -2.372425 2.681468
7.491146 17.820715 -2.373572 2.681527
7.619945 17.778652 -2.374998 2.681600
7.747436 17.733175 -2.376090 2.681656
7.873543 17.684267 -2.376844 2.681694
8.002303 17.640984 -2.378477 2.681778
8.127566 17.589651 -2.379149 2.681813
8.247095 17.525959 -2.378264 2.681767
8.371537 17.472742 -2.378915 2.681800
8.497692 17.422852 -2.380141 2.681863
8.615002 17.354813 -2.379005 2.681805
8.734078 17.290524 -2.378494 2.681779
8.858581 17.236923 -2.379570 2.681834
8.976638 17.170721 -2.379024 2.681806
9.091101 17.097874 -2.377666 2.681736
9.213500 17.040016 -2.378507 2.681779
9.333135 16.976896 -2.378735 2.681791
9.443891 16.897844 -2.376838 2.681694
9.558056 16.825216 -2.375951 2.681648
9.673370 16.754768 -2.375481 2.681625
9.787932 16.683130 -2.374955 2.681597
9.901525 16.609951 -2.374320 2.681565
10.008582 16.526127 -2.372268 2.681460
10.114428 16.440763 -2.370093 2.681349
10.219975 16.355379 -2.368012 2.681242
10.325544 16.270458 -2.366096 2.681144
10.433635 16.189819 -2.364905 2.681083
10.540239 16.107166 -2.363523 2.681012
10.641937 16.017399 -2.361195 2.680893
10.742767 15.926807 -2.358839 2.680772
10.841267 15.833274 -2.356138 2.680634
10.942369 15.743996 -2.354164 2.680533
11.045566 15.658080 -2.352790 2.680463
11.145914 15.568444 -2.350957 2.680369
11.243184 15.474915 -2.348629 2.680250
11.336037 15.375829 -2.345545 2.680092
11.429597 15.278247 -2.342775 2.679950
11.520339 15.177480 -2.339599 2.679787
11.603118 15.066952 -2.334991 2.679552
11.680475 14.950326 -2.329498 2.679270
11.760491 14.838051 -2.324740 2.679027
11.855561 14.745335 -2.323125 2.678944
11.951587 14.654087 -2.321839 2.678878
12.062761 14.581370 -2.323604 2.678968
12.175719 14.510457 -2.325792 2.679080
12.296498 14.448340 -2.329539 2.679272
12.418822 14.387335 -2.333626 2.679482
12.538672 14.322804 -2.337300 2.679670
12.658488 14.257595 -2.341023 2.679860
12.774476 14.187492 -2.344099 2.680018
12.896269 14.123219 -2.348298 2.680233
13.017051 14.057127 -2.352363 2.680441
13.135412 13.987787 -2.356047 2.680630
13.248661 13.912462 -2.358882 2.680775
13.358923 13.833570 -2.361261 2.680897
13.471747 13.756899 -2.364170 2.681046
13.584396 13.679558 -2.367120 2.681196
13.694281 13.599003 -2.369666 2.681327
13.805427 13.519270 -2.372509 2.681472
13.919236 13.441650 -2.375883 2.681645
14.035324 13.365661 -2.379713 2.681841
14.154340 13.291801 -2.384100 2.682066
14.277956 13.221526 -2.389316 2.682333
14.401240 13.150137 -2.394525 2.682600
14.521785 13.075474 -2.399332 2.682846
14.642720 13.000419 -2.404259 2.683098
14.764069 12.924957 -2.409308 2.683357
14.896999 12.858739 -2.416292 2.683714
15.032755 12.793874 -2.423765 2.684097
15.169231 12.728497 -2.431383 2.684487
15.319985 12.673797 -2.441305 2.684995
15.469885 12.616922 -2.451095 2.685496
15.620979 12.559584 -2.461082 2.686007
15.795316 12.519211 -2.474719 2.686706
15.982494 12.486893 -2.490326 2.687505
16.176334 12.457457 -2.506917 2.688354
16.369616 12.425205 -2.523365 2.689196
16.572992 12.398177 -2.541311 2.690115
16.802267 12.387697 -2.563144 2.691233
17.038446 12.379156 -2.585926 2.692399
17.270390 12.364388 -2.607964 2.693528
17.515774 12.356010 -2.631927 2.694755
17.748016 12.335187 -2.653820 2.695875
17.999872 12.324767 -2.678548 2.697142
18.256451 12.314131 -2.703871 2.698438
18.509764 12.297860 -2.728605 2.699705
18.753910 12.272205 -2.751898 2.700897
18.926311 12.197169 -2.764633 2.701549
18.929989 12.013333 -2.752852 2.700946
18.244202 11.400243 -2.641485 2.695244
17.911165 11.019025 -2.582065 2.692202
17.914553 10.849430 -2.571571 2.691664
17.917910 10.681213 -2.561287 2.691138
17.921240 10.514327 -2.551208 2.690622
18.027262 10.408045 -2.555894 2.690862
18.157465 10.314878 -2.564082 2.691281
18.288521 10.221101 -2.572449 2.691709
18.420429 10.126711 -2.580996 2.692147
18.553223 10.031687 -2.589726 2.692594
18.686922 9.936012 -2.598643 2.693051
18.821550 9.839671 -2.607748 2.693517
18.957142 9.742640 -2.617046 2.693993
18.978346 9.586648 -2.610671 2.693666
18.981604 9.422547 -2.602006 2.693223
18.984837 9.259523 -2.593525 2.692788
18.988049 9.097551 -2.585224 2.692364
18.991238 8.936591 -2.577101 2.691948
18.994406 8.776643 -2.569153 2.691540
18.997551 8.617669 -2.561379 2.691143
19.000677 8.459646 -2.553775 2.690753
19.003784 8.302551 -2.546340 2.690373
19.006870 8.146348 -2.539071 2.690000
18.570786 7.806435 -2.473475 2.686642
18.151894 7.481668 -2.410666 2.683426
17.985666 7.266681 -2.381795 2.681948
17.988514 7.122159 -2.375530 2.681627
17.991348 6.978377 -2.369412 2.681314
17.994165 6.835338 -2.363441 2.681008
17.998562 6.693603 -2.357823 2.680720
18.130682 6.599028 -2.369038 2.681295
18.264069 6.503544 -2.380477 2.681880
18.398766 6.407122 -2.392144 2.682478
18.534784 6.309751 -2.404043 2.683087
18.672169 6.211401 -2.416179 2.683708
18.810953 6.112049 -2.428556 2.684342
7.081834 2.246491 -0.912241 2.606707
7.082804 2.192492 -0.910372 2.606611
7.083755 2.138710 -0.908553 2.606518
7.084686 2.085136 -0.906783 2.606427
7.085599 2.031763 -0.905063 2.606339
7.086493 1.978585 -0.903391 2.606253
7.087370 1.925593 -0.901766 2.606170
7.088228 1.872789 -0.900190 2.606090
7.089068 1.820162 -0.898661 2.606011
7.089890 1.767708 -0.897179 2.605936
7.090694 1.715420 -0.895744 2.605862
7.091482 1.663290 -0.894354 2.605791
7.092252 1.611318 -0.893011 2.605722
7.093004 1.559497 -0.891713 2.605656
7.093740 1.507821 -0.890460 2.605592
7.094459 1.456284 -0.889253 2.605530
7.095160 1.404877 -0.888090 2.605470
7.095846 1.353603 -0.886971 2.605413
7.096515 1.302453 -0.885896 2.605358
7.097167 1.251422 -0.884866 2.605305
7.097803 1.200504 -0.883878 2.605254
7.098423 1.149691 -0.882935 2.605206
7.099027 1.098986 -0.882034 2.605160
7.099615 1.048379 -0.881176 2.605116
7.100187 0.997866 -0.880361 2.605074
7.100744 0.947442 -0.879588 2.605035
7.101285 0.897099 -0.878858 2.604997
7.101810 0.846838 -0.878170 2.604962
7.102319 0.796652 -0.877524 2.604929
7.102814 0.746536 -0.876920 2.604898
7.103292 0.696485 -0.876357 2.604869
7.103756 0.646490 -0.875836 2.604843
7.104205 0.596555 -0.875357 2.604818
7.104638 0.546671 -0.874918 2.604796
7.105057 0.496834 -0.874522 2.604775
7.105460 0.447038 -0.874166 2.604757
7.105848 0.397276 -0.873851 2.604741
7.106222 0.347551 -0.873577 2.604727
7.106581 0.297853 -0.873344 2.604715
7.106925 0.248179 -0.873152 2.604705
7.107254 0.198524 -0.873001 2.604698
7.792856 0.163235 -0.957052 2.609001
18.761383 0.261971 -2.303833 2.677956
18.590847 0.129789 -2.282725 2.676876
18.417044 -0.000000 -2.916973 2.709349
18.252695 -0.127430 -2.891013 2.708020
18.122532 -0.253055 -2.870607 2.706975
18.124941 -0.379663 -2.871338 2.707012
18.127348 -0.506343 -2.872210 2.707057
18.129757 -0.633105 -2.873222 2.707109
18.132166 -0.759963 -2.874374 2.707168
18.134575 -0.886929 -2.875668 2.707234
18.296059 -1.022908 -2.902336 2.708600
18.498482 -1.163826 -2.935665 2.710306
18.705616 -1.308024 -2.969913 2.712059
18.917648 -1.455634 -3.005118 2.713862
19.134775 -1.606792 -3.041317 2.715715
19.188749 -1.746313 -3.051759 2.716250
19.191303 -1.881724 -3.054180 2.716374
19.193859 -2.017356 -3.056754 2.716506
19.196417 -2.153223 -3.059481 2.716645
19.198978 -2.289340 -3.062361 2.716793
19.201542 -2.425719 -3.065397 2.716948
19.204109 -2.562375 -3.068588 2.717112
19.206678 -2.699323 -3.071935 2.717283
19.209251 -2.836576 -3.075439 2.717463
19.211830 -2.974149 -3.079101 2.717650
19.214413 -3.112056 -3.082922 2.717845
19.213655 -3.249747 -3.086365 2.718022
19.065056 -3.361684 -3.066190 2.716989
18.918379 -3.472172 -3.046425 2.715977
18.773571 -3.581250 -3.027059 2.714985
18.630587 -3.688955 -3.008084 2.714014
18.489374 -3.795324 -2.989489 2.713062
18.349890 -3.900390 -2.971267 2.712129
18.212088 -4.004188 -2.953408 2.711214
18.195507 -4.133918 -2.955327 2.711313
18.198004 -4.268303 -2.960500 2.711577
18.200506 -4.403166 -2.965836 2.711851
18.203016 -4.538522 -2.971336 2.712132
18.205534 -4.674387 -2.977001 2.712422
18.448412 -4.874280 -3.022208 2.714737
18.758329 -5.096525 -3.078732 2.717631
19.080074 -5.327252 -3.137567 2.720643
19.259211 -5.522490 -3.173287 2.722472
19.261915 -5.669090 -3.180176 2.722825
19.264631 -5.816335 -3.187251 2.723187
19.267355 -5.964243 -3.194513 2.723559
19.270092 -6.112833 -3.201964 2.723941
19.272837 -6.262125 -3.209607 2.724332
19.260519 -6.407122 -3.214926 2.724604
19.122896 -6.509965 -3.199463 2.723812
18.958349 -6.601996 -3.179567 2.722794
18.794903 -6.692564 -3.159914 2.721787
18.632395 -6.781638 -3.140476 2.720792
18.471037 -6.869317 -3.121286 2.719810
18.310736 -6.955596 -3.102328 2.718839
18.142626 -7.037061 -3.082094 2.717803
17.945333 -7.105061 -3.056930 2.716515
17.788343 -7.186957 -3.038661 2.715580
17.586241 -7.248525 -3.012707 2.714251
17.412210 -7.319419 -2.991575 2.713169
17.209087 -7.375824 -2.965452 2.711831
17.034414 -7.442153 -2.944234 2.710745
16.841352 -7.498253 -2.919842 2.709496
16.635656 -7.546268 -2.893243 2.708134
16.447010 -7.599586 -2.869591 2.706923
16.261862 -7.652252 -2.846539 2.705743
16.074644 -7.701679 -2.823111 2.704543
15.870868 -7.740739 -2.796746 2.703193
15.670122 -7.778716 -2.770873 2.701869
15.472412 -7.815678 -2.745494 2.700569
15.296039 -7.861096 -2.723870 2.699462
15.126207 -7.907790 -2.703392 2.698414
14.936386 -7.941818 -2.679311 2.697181
14.749241 -7.974885 -2.655663 2.695970
14.564754 -8.007041 -2.632446 2.694781
14.382728 -8.038235 -2.609626 2.693613
14.203224 -8.068554 -2.587214 2.692465
14.026305 -8.098091 -2.565223 2.691339
13.848332 -8.124768 -2.542986 2.690201
13.671947 -8.150116 -2.520983 2.689074
13.498241 -8.174826 -2.499416 2.687970
13.326856 -8.198736 -2.478220 2.686885
13.157853 -8.221939 -2.457407 2.685819
12.992155 -8.245072 -2.437152 2.684782
12.835396 -8.271848 -2.418520 2.683828
12.670607 -8.291413 -2.398318 2.682794
12.519175 -8.317720 -2.380588 2.681886
12.375063 -8.347085 -2.364208 2.681047
12.216805 -8.365021 -2.345073 2.680068
12.060558 -8.382306 -2.326258 2.679104
11.917583 -8.406930 -2.309945 2.678269
11.770040 -8.426521 -2.292694 2.677386
11.626891 -8.447431 -2.276242 2.676543
11.491576 -8.472322 -2.261276 2.675777
11.343575 -8.486078 -2.243756 2.674880
11.198428 -8.500070 -2.226730 2.674009
11.068661 -8.524017 -2.212706 2.673290
10.941737 -8.548622 -2.199210 2.672600
10.813210 -8.570445 -2.185350 2.671890
10.703830 -8.606100 -2.175334 2.671377
10.603523 -8.648023 -2.167166 2.670959
10.519647 -8.702609 -2.162388 2.670714
10.435915 -8.756772 -2.157690 2.670474
10.348351 -8.807137 -2.152246 2.670195
10.259417 -8.855690 -2.146555 2.669904
10.167656 -8.901111 -2.140306 2.669584
10.073071 -8.943292 -2.133487 2.669235
9.981322 -8.987223 -2.127292 2.668917
9.893630 -9.034126 -2.121993 2.668646
9.799356 -9.074303 -2.115309 2.668304
9.706353 -9.114873 -2.108918 2.667976
9.619527 -9.160553 -2.103898 2.667719
9.526602 -9.199733 -2.097570 2.667395
9.432318 -9.236808 -2.090958 2.667057
9.343277 -9.278275 -2.085528 2.666779
9.255147 -9.319986 -2.080329 2.666513
9.163897 -9.357863 -2.074453 2.666212
9.071175 -9.393476 -2.068258 2.665895
8.975915 -9.425640 -2.061492 2.665548
8.878286 -9.454414 -2.054179 2.665174
8.781187 -9.482820 -2.046981 2.664805
8.684608 -9.510860 -2.039896 2.664443
8.588542 -9.538542 -2.032924 2.664086
8.493011 -9.565909 -2.026070 2.663735
8.397981 -9.592936 -2.019327 2.663389
8.303390 -9.619569 -2.012682 2.663049
8.209271 -9.645863 -2.006143 2.662714
8.115621 -9.671820 -1.999709 2.662385
8.022456 -9.697484 -1.993386 2.662061
7.929750 -9.722835 -1.987169 2.661743
7.837441 -9.747811 -1.981043 2.661429
7.745563 -9.772470 -1.975016 2.661121
7.654109 -9.796812 -1.969088 2.660817
7.559134 -9.815736 -1.962237 2.660466
7.463605 -9.832936 -1.955211 2.660107
7.368622 -9.849841 -1.948296 2.659753
7.274176 -9.866453 -1.941489 2.659404
7.177178 -9.878539 -1.933960 2.659019
7.079040 -9.887898 -1.926070 2.658615
6.987012 -9.904720 -1.919799 2.658294
6.894401 -9.919743 -1.913334 2.657963
6.797795 -9.927930 -1.905713 2.657573
6.701830 -9.935872 -1.898210 2.657188
6.606483 -9.943557 -1.890821 2.656810
6.513114 -9.953082 -1.883940 2.656458
6.423256 -9.966944 -1.878029 2.656155
6.329920 -9.974359 -1.871054 2.655798
6.237127 -9.981490 -1.864178 2.655446
6.144921 -9.988427 -1.857416 2.655100
6.053262 -9.995123 -1.850758 2.654759
5.962119 -10.001548 -1.844195 2.654423
5.871524 -10.007772 -1.837739 2.654092
5.783715 -10.017689 -1.832101 2.653803
5.693939 -10.023145 -1.825784 2.653480
5.604678 -10.028390 -1.819568 2.653162
5.519773 -10.040429 -1.814716 2.652913
5.435144 -10.052090 -1.809921 2.652668
5.347360 -10.056921 -1.804025 2.652366
5.260038 -10.061526 -1.798220 2.652069
5.173194 -10.065948 -1.792512 2.651777
5.086811 -10.070173 -1.786897 2.651489
5.002378 -10.077227 -1.781908 2.651233
4.920319 -10.088148 -1.777722 2.651019
4.838278 -10.098266 -1.773509 2.650804
4.753481 -10.101663 -1.768234 2.650533
4.669098 -10.104856 -1.763044 2.650268
4.585109 -10.107815 -1.757933 2.650006
4.501511 -10.110559 -1.752902 2.649749
4.420086 -10.117178 -1.748657 2.649531
4.340411 -10.126939 -1.745063 2.649347
4.260130 -10.134450 -1.741190 2.649149
4.177949 -10.136464 -1.736483 2.648908
4.096133 -10.138286 -1.731854 2.648671
4.017099 -10.146034 -1.728344 2.648491
3.938725 -10.154641 -1.725084 2.648324
3.859165 -10.159326 -1.721261 2.648129
3.780596 -10.165717 -1.717830 2.647953
3.702718 -10.173134 -1.714674 2.647791
3.624476 -10.178713 -1.711307 2.647619
3.544785 -10.179238 -1.707193 2.647408
3.466875 -10.183881 -1.703871 2.647238
3.390078 -10.190948 -1.701052 2.647094
3.313468 -10.197805 -1.698294 2.646953
3.237042 -10.204452 -1.695596 2.646814
3.160798 -10.210890 -1.692958 2.646679
3.084729 -10.217120 -1.690379 2.646547
3.008835 -10.223144 -1.687859 2.646418
2.933108 -10.228962 -1.685398 2.646292
2.857545 -10.234576 -1.682995 2.646169
2.782143 -10.239987 -1.680650 2.646049
2.706897 -10.245197 -1.678362 2.645932
2.631806 -10.250206 -1.676132 2.645818
2.556862 -10.255014 -1.673958 2.645707
2.482064 -10.259624 -1.671842 2.645598
2.407408 -10.264036 -1.669781 2.645493
2.332889 -10.268251 -1.667777 2.645390
2.258505 -10.272270 -1.665828 2.645290
2.185302 -10.281038 -1.664735 2.645234
2.111103 -10.284492 -1.662867 2.645139
2.037032 -10.287766 -1.661057 2.645046
1.963674 -10.293946 -1.659801 2.644982
1.891052 -10.303529 -1.659177 2.644950
1.818447 -10.312922 -1.658604 2.644920
1.744747 -10.315566 -1.657030 2.644840
1.671145 -10.317965 -1.655501 2.644762
1.597965 -10.322230 -1.654355 2.644703
1.525528 -10.330854 -1.653990 2.644684
1.453093 -10.339292 -1.653676 2.644668
1.380661 -10.347576 -1.653419 2.644655
1.308227 -10.355684 -1.653215 2.644644
1.235783 -10.363594 -1.653061 2.644637
1.163327 -10.371288 -1.652952 2.644631
1.090856 -10.378798 -1.652895 2.644628
1.018368 -10.386123 -1.652889 2.644628
0.945860 -10.393263 -1.652934 2.644630
0.873330 -10.400220 -1.653030 2.644635
0.801108 -10.411320 -1.653865 2.644678
0.728947 -10.424428 -1.655099 2.644741
0.656663 -10.437371 -1.656386 2.644807
0.583923 -10.444240 -1.656788 2.644827
0.511104 -10.450292 -1.657142 2.644846
0.438287 -10.457204 -1.657712 2.644875
0.365601 -10.469430 -1.659206 2.644951
0.292775 -10.481529 -1.660759 2.645031
0.219806 -10.493474 -1.662368 2.645113
0.146689 -10.505238 -1.664028 2.645198
0.073423 -10.516809 -1.665740 2.645286
-0.000000 -10.528219 -1.667506 2.645376
-0.073581 -10.539511 -1.669335 2.645470
-0.147325 -10.550638 -1.671220 2.645566
-0.221234 -10.561575 -1.673156 2.645666
-0.295312 -10.572330 -1.675146 2.645767
-0.369632 -10.584877 -1.677502 2.645888
-0.444362 -10.602145 -1.680689 2.646051
-0.519370 -10.619288 -1.683940 2.646218
-0.594663 -10.636306 -1.687256 2.646387
-0.670242 -10.653196 -1.690637 2.646560
-0.746116 -10.669962 -1.694083 2.646737
-0.822829 -10.693611 -1.698708 2.646974
-0.899955 -10.717266 -1.703422 2.647215
-0.977494 -10.740836 -1.708212 2.647460
-1.055454 -10.764356 -1.713082 2.647710
-1.133846 -10.787825 -1.718035 2.647964
-1.213396 -10.817666 -1.724095 2.648273
-1.293616 -10.848583 -1.730420 2.648597
-1.374404 -10.879523 -1.736843 2.648926
-1.455770 -10.910494 -1.743367 2.649260
-1.537734 -10.941546 -1.750002 2.649600
-1.623537 -10.994571 -1.760252 2.650125
-1.710934 -11.051958 -1.771309 2.650691
-1.797155 -11.095965 -1.780330 2.651153
-1.886934 -11.156223 -1.792068 2.651754
-1.980006 -11.229171 -1.805962 2.652465
-2.072468 -11.291986 -1.818348 2.653099
-2.169979 -11.375425 -1.834179 2.653910
-2.264333 -11.435710 -1.846403 2.654536
-2.357909 -11.486837 -1.857271 2.655092
-2.452564 -11.538404 -1.868331 2.655658
-2.552147 -11.607828 -1.882412 2.656379
-2.645037 -11.642169 -1.890929 2.656816
-2.738415 -11.675289 -1.899368 2.657248
-2.834281 -11.715516 -1.909084 2.657745
-2.931070 -11.755881 -1.918950 2.658250
-3.026845 -11.788779 -1.927722 2.658699
-3.123463 -11.821829 -1.936645 2.659156
-3.218804 -11.847164 -1.944430 2.659555
-3.313855 -11.868895 -1.951746 2.659929
-3.403674 -11.870022 -1.955791 2.660136
-3.493068 -11.868425 -1.959498 2.660326
-3.584543 -11.872577 -1.964267 2.660570
-3.676335 -11.876316 -1.969084 2.660817
-3.767686 -11.877252 -1.973553 2.661046
-3.858264 -11.874516 -1.977525 2.661249
-3.949157 -11.871604 -1.981584 2.661457
-4.040373 -11.868515 -1.985728 2.661669
-4.131918 -11.865249 -1.989960 2.661886
-4.223729 -11.861609 -1.994246 2.662105
-4.315650 -11.857152 -1.998513 2.662324
-4.404362 -11.842972 -2.001257 2.662464
-4.492337 -11.826159 -2.003667 2.662588
-4.581786 -11.812547 -2.006732 2.662745
-4.672487 -11.801356 -2.010323 2.662928
-4.762584 -11.787808 -2.013630 2.663098
-4.851285 -11.770099 -2.016341 2.663237
-4.939958 -11.751694 -2.019047 2.663375
-5.026563 -11.727846 -2.020930 2.663472
-5.113351 -11.703999 -2.022923 2.663574
-5.202057 -11.684011 -2.025696 2.663716
-5.290930 -11.663789 -2.028545 2.663862
-5.379974 -11.643328 -2.031469 2.664011
-5.469182 -11.622601 -2.034465 2.664165
-5.558570 -11.601632 -2.037538 2.664322
-5.648149 -11.580420 -2.040688 2.664483
-5.737933 -11.558990 -2.043921 2.664649
-5.827917 -11.537313 -2.047233 2.664818
-5.918105 -11.515385 -2.050623 2.664992
-6.008301 -11.492820 -2.054024 2.665166
-6.097948 -11.468572 -2.057249 2.665331
-6.187777 -11.444054 -2.060550 2.665500
-6.277794 -11.419264 -2.063928 2.665673
-6.366912 -11.392245 -2.067028 2.665832
-6.453654 -11.360486 -2.069390 2.665953
-6.541323 -11.329904 -2.072088 2.666091
-6.631124 -11.302476 -2.075487 2.666265
-6.722038 -11.276322 -2.079252 2.666458
-6.813416 -11.250284 -2.083171 2.666658
-6.907959 -11.228728 -2.088059 2.666909
-6.999957 -11.202273 -2.092176 2.667119
-7.090350 -11.172603 -2.095828 2.667306
-7.182784 -11.145497 -2.100100 2.667525
-7.278470 -11.122666 -2.105321 2.667792
-7.373106 -11.097418 -2.110234 2.668044
-7.464439 -11.066485 -2.114209 2.668247
-7.555980 -11.035230 -2.118265 2.668455
-7.647736 -11.003648 -2.122400 2.668667
-7.739710 -10.971736 -2.126615 2.668883
-7.836612 -10.946065 -2.132191 2.669168
-7.933514 -10.919545 -2.137762 2.669453
-8.028241 -10.889241 -2.142750 2.669709
-8.121243 -10.855887 -2.147292 2.669941
-8.214509 -10.822214 -2.151922 2.670178
-8.308037 -10.788206 -2.156641 2.670420
-8.405531 -10.758590 -2.162398 2.670715
-8.503523 -10.728771 -2.168285 2.671016
-8.601854 -10.698548 -2.174260 2.671322
-8.700543 -10.667921 -2.180327 2.671633
-8.796861 -10.633575 -2.185807 2.671913
-8.889618 -10.594234 -2.190423 2.672150
-8.984219 -10.556417 -2.195520 2.672410
-9.084247 -10.524199 -2.201956 2.672740
-9.184662 -10.491555 -2.208488 2.673074
-9.285475 -10.458480 -2.215117 2.673414
-9.385029 -10.423131 -2.221454 2.673738
-9.479391 -10.381255 -2.226579 2.674001
-9.574669 -10.339701 -2.231949 2.674276
-9.676953 -10.304910 -2.238968 2.674635
-9.779669 -10.269662 -2.246090 2.675000
-9.882815 -10.233955 -2.253315 2.675370
-9.985082 -10.196426 -2.260346 2.675730
-10.081280 -10.151906 -2.266024 2.676020
-10.178319 -10.107509 -2.271919 2.676322
-10.283089 -10.069942 -2.279557 2.676713
-10.388429 -10.031989 -2.287327 2.677111
-10.494157 -9.993447 -2.295188 2.677514
-10.597091 -9.951329 -2.302450 2.677886
-10.699795 -9.908120 -2.309680 2.678256
-10.802878 -9.864382 -2.317009 2.678631
-10.906340 -9.820112 -2.324439 2.679011
-11.010191 -9.775302 -2.331970 2.679397
-11.114430 -9.729947 -2.339604 2.679788
-11.223331 -9.687721 -2.348233 2.680229
-11.339545 -9.650707 -2.358394 2.680750
-11.449761 -9.607491 -2.367309 2.681206
-11.555980 -9.559935 -2.375413 2.681621
-11.662463 -9.511671 -2.383593 2.682040
-11.769377 -9.462823 -2.391884 2.682464
-11.876732 -9.413380 -2.400287 2.682895
-11.984584 -9.363383 -2.408814 2.683331
-12.092892 -9.312778 -2.417456 2.683774
-12.201654 -9.261559 -2.426214 2.684222
-12.310867 -9.209706 -2.435086 2.684676
-12.420508 -9.157187 -2.444068 2.685136
-12.532384 -9.105309 -2.453514 2.685620
-12.650402 -9.056795 -2.464180 2.686166
-12.769076 -9.007591 -2.474987 2.686719
-12.877123 -8.949835 -2.483758 2.687168
-12.982091 -8.889021 -2.491974 2.687589
-13.099860 -8.835967 -2.502678 2.688137
-13.220785 -8.783866 -2.514003 2.688717
-13.339097 -8.728860 -2.524851 2.689272
-13.453505 -8.670194 -2.534988 2.689791
-13.568511 -8.610837 -2.545268 2.690318
-13.684101 -8.550776 -2.555691 2.690851
-13.804667 -8.492685 -2.567072 2.691434
-13.904509 -8.420869 -2.574643 2.691822
-13.991034 -8.340331 -2.579820 2.692087
-14.077402 -8.259161 -2.585050 2.692354
-14.163606 -8.177361 -2.590334 2.692625
-14.249650 -8.094925 -2.595671 2.692898
-14.315496 -8.000660 -2.597428 2.692988
-14.367626 -7.898670 -2.596817 2.692957
-14.419097 -7.796374 -2.596219 2.692926
-14.469903 -7.693784 -2.595633 2.692896
-14.520048 -7.590895 -2.595058 2.692867
-14.569527 -7.487719 -2.594495 2.692838
-14.618340 -7.384255 -2.593944 2.692810
-14.666486 -7.280505 -2.593405 2.692782
-14.713963 -7.176479 -2.592877 2.692755
-14.760770 -7.072173 -2.592362 2.692729
-14.806905 -6.967600 -2.591858 2.692703
-14.852367 -6.862758 -2.591366 2.692678
-14.897158 -6.757648 -2.590886 2.692653
-14.941272 -6.652283 -2.590418 2.692629
-14.984712 -6.546657 -2.589962 2.692606
-15.027472 -6.440782 -2.589518 2.692583
-15.069554 -6.334658 -2.589086 2.692561
-15.110959 -6.228286 -2.588666 2.692540
-15.151681 -6.121676 -2.588258 2.692519
-15.191723 -6.014826 -2.587861 2.692498
-15.231081 -5.907746 -2.587477 2.692479
-15.269754 -5.800436 -2.587104 2.692460
-15.307744 -5.692897 -2.586744 2.692441
-15.345047 -5.585140 -2.586396 2.692423
-15.381664 -5.477161 -2.586059 2.692406
-15.417592 -5.368973 -2.585735 2.692389
-15.452830 -5.260573 -2.585422 2.692374
-15.487380 -5.151964 -2.585122 2.692358
-15.521238 -5.043156 -2.584833 2.692343
-15.554405 -4.934145 -2.584557 2.692329
-15.586878 -4.824944 -2.584293 2.692316
-15.618657 -4.715551 -2.584040 2.692303
-15.649743 -4.605968 -2.583800 2.692291
-15.680132 -4.496205 -2.583572 2.692279
-15.709826 -4.386259 -2.583356 2.692268
-15.738820 -4.276142 -2.583152 2.692257
-15.767118 -4.165853 -2.582960 2.692247
-15.794716 -4.055392 -2.582780 2.692238
-15.821614 -3.944772 -2.582612 2.692230
-15.847814 -3.833987 -2.582456 2.692222
-15.873309 -3.723050 -2.582313 2.692214
-15.898104 -3.611961 -2.582181 2.692208
-15.922196 -3.500720 -2.582062 2.692201
-15.945583 -3.389338 -2.581954 2.692196
-15.968267 -3.277812 -2.581859 2.692191
-15.990246 -3.166153 -2.581776 2.692187
-16.011518 -3.054361 -2.581705 2.692183
-16.032085 -2.942436 -2.581645 2.692180
-16.051945 -2.830391 -2.581599 2.692178
-16.071096 -2.718220 -2.581564 2.692176
-16.089540 -2.605936 -2.581541 2.692175
-16.107273 -2.493539 -2.581530 2.692174
-16.124298 -2.381027 -2.581532 2.692174
-16.140614 -2.268415 -2.581545 2.692175
-16.156218 -2.155697 -2.581571 2.692176
-16.171108 -2.042885 -2.581609 2.692178
-16.185289 -1.929980 -2.581659 2.692181
-16.198757 -1.816980 -2.581721 2.692184
-16.211512 -1.703899 -2.581795 2.692188
-16.223555 -1.590731 -2.581881 2.692192
-16.234880 -1.477489 -2.581979 2.692197
-16.245495 -1.364173 -2.582089 2.692203
-16.255392 -1.250783 -2.582212 2.692209
-16.264576 -1.137330 -2.582346 2.692216
-16.273043 -1.023811 -2.582493 2.692224
-16.280794 -0.910237 -2.582651 2.692232
-16.287828 -0.796609 -2.582822 2.692240
-16.294146 -0.682925 -2.583005 2.692250
-16.299746 -0.569200 -2.583200 2.692260
-16.304628 -0.455427 -2.583407 2.692271
-16.308794 -0.341620 -2.583626 2.692281
-16.312241 -0.227777 -2.583857 2.692293
-16.314968 -0.113900 -2.584100 2.692306
-16.316977 0.000000 -2.584355 2.692319
-16.318266 0.113927 -2.584622 2.692333
-16.318834 0.227870 -2.584902 2.692347
-16.318686 0.341827 -2.585193 2.692362
-16.317816 0.455800 -2.585496 2.692377
-16.316225 0.569775 -2.585811 2.692394
-16.313915 0.683758 -2.586139 2.692410
-16.310884 0.797736 -2.586478 2.692428
-16.307131 0.911709 -2.586829 2.692446
-16.302658 1.025678 -2.587193 2.692464
-16.297464 1.139630 -2.587568 2.692483
-16.291550 1.253569 -2.587955 2.692503
-16.284912 1.367483 -2.588355 2.692524
-16.277554 1.481373 -2.588766 2.692545
-16.269474 1.595238 -2.589189 2.692566
-16.260674 1.709066 -2.589624 2.692589
-16.251150 1.822861 -2.590071 2.692612
-16.240906 1.936612 -2.590530 2.692635
-16.229939 2.050317 -2.591001 2.692659
-16.218250 2.163978 -2.591483 2.692684
-16.205841 2.277582 -2.591978 2.692709
-16.192709 2.391134 -2.592484 2.692735
-16.178856 2.504620 -2.593003 2.692762
-16.164282 2.618042 -2.593533 2.692789
-16.148985 2.731398 -2.594075 2.692816
-16.132967 2.844677 -2.594629 2.692845
-16.116226 2.957884 -2.595195 2.692874
-16.098766 3.071005 -2.595773 2.692904
-16.080585 3.184041 -2.596362 2.692934
-16.061682 3.296992 -2.596963 2.692964
-16.042059 3.409845 -2.597576 2.692996
-16.021715 3.522605 -2.598201 2.693028
-16.000650 3.635260 -2.598837 2.693060
-15.978867 3.747808 -2.599485 2.693094
-15.956362 3.860252 -2.600145 2.693127
-15.933138 3.972578 -2.600816 2.693162
-15.909194 4.084789 -2.601500 2.693197
-15.884532 4.196875 -2.602195 2.693232
-15.859151 4.308835 -2.602901 2.693269
-15.833050 4.420669 -2.603620 2.693305
-15.806232 4.532364 -2.604349 2.693343
-15.778696 4.643925 -2.605091 2.693381
-15.750443 4.755340 -2.605844 2.693419
-15.721473 4.866608 -2.606608 2.693458
-15.691785 4.977729 -2.607385 2.693498
-15.661383 5.088692 -2.608172 2.693538
-15.630262 5.199499 -2.608972 2.693579
-15.598429 5.310139 -2.609782 2.693621
-15.565881 5.420612 -2.610605 2.693663
-15.532617 5.530918 -2.611438 2.693706
-15.498640 5.641044 -2.612283 2.693749
-15.463949 5.750994 -2.613140 2.693793
-15.428546 5.860756 -2.614008 2.693837
-15.392431 5.970330 -2.614887 2.693882
-15.299504 6.057504 -2.606221 2.693438
-15.227914 6.152476 -2.601280 2.693186
-15.169272 6.252326 -2.598656 2.693051
-15.110131 6.351716 -2.596057 2.692918
-15.059004 6.454296 -2.594952 2.692862
-15.000534 6.553574 -2.592697 2.692746
-14.966438 6.663488 -2.594782 2.692853
-14.921309 6.768609 -2.595087 2.692868
-14.903387 6.886333 -2.600268 2.693134
-14.843474 6.984808 -2.598259 2.693031
-14.765748 7.074563 -2.593236 2.692774
-14.699930 7.169635 -2.590405 2.692629
-14.655238 7.274926 -2.591416 2.692680
-14.609855 7.379970 -2.592438 2.692733
-14.563780 7.484765 -2.593472 2.692786
-14.517013 7.589313 -2.594516 2.692839
-14.469558 7.693600 -2.595571 2.692893
-14.410751 7.791867 -2.594717 2.692850
-14.343576 7.885449 -2.592471 2.692734
-14.291682 7.987350 -2.593107 2.692767
-14.235312 8.086785 -2.593060 2.692765
-14.143091 8.165518 -2.586582 2.692433
-14.099576 8.272175 -2.589123 2.692563
-14.035744 8.366983 -2.588064 2.692509
-13.965658 8.457902 -2.585966 2.692401
-13.895123 8.548339 -2.583893 2.692295
-13.840302 8.648381 -2.584863 2.692345
-13.753729 8.728385 -2.580013 2.692097
-13.690879 8.823171 -2.579715 2.692081
-13.616084 8.910114 -2.577280 2.691957
-13.530232 8.989468 -2.572846 2.691730
-13.441002 9.066071 -2.567852 2.691474
-13.329268 9.126743 -2.558616 2.691001
-13.248781 9.208143 -2.555444 2.690839
-13.155086 9.279891 -2.549806 2.690550
-13.053473 9.345371 -2.542695 2.690186
-12.947656 9.407022 -2.534814 2.689782
-12.847184 9.471765 -2.528028 2.689435
-12.713106 9.510619 -2.514649 2.688750
-12.608150 9.570107 -2.507043 2.688360
-12.511184 9.634911 -2.501076 2.688055
-12.403890 9.690981 -2.493092 2.687646
-12.286576 9.738224 -2.483117 2.687135
-12.174051 9.788190 -2.474126 2.686675
-12.042652 9.821747 -2.461297 2.686018
-11.921057 9.861958 -2.450458 2.685463
-11.817109 9.915732 -2.443261 2.685095
-11.710325 9.966271 -2.435509 2.684698
-11.580694 9.996188 -2.423004 2.684058
-11.458427 10.031094 -2.412016 2.683495
-11.337749 10.066127 -2.401348 2.682949
-11.229643 10.111216 -2.393343 2.682539
-11.119164 10.153194 -2.384847 2.682104
-11.005800 10.191483 -2.375735 2.681638
-10.904954 10.240433 -2.369341 2.681310
-10.802414 10.287002 -2.362608 2.680966
-10.697114 10.330083 -2.355294 2.680591
-10.601744 10.381997 -2.350197 2.680330
-10.500154 10.427105 -2.343757 2.680000
-10.394065 10.466883 -2.336330 2.679620
-10.283741 10.501413 -2.327955 2.679191
-10.188760 10.550769 -2.323071 2.678941
-10.094811 10.600600 -2.318469 2.678706
-9.995630 10.644266 -2.312701 2.678410
-9.899235 10.690200 -2.307609 2.678149
-9.803145 10.735816 -2.302625 2.677894
-9.703424 10.776744 -2.296818 2.677597
-9.611317 10.825490 -2.292850 2.677394
-9.519378 10.873899 -2.288972 2.677195
-9.429172 10.923800 -2.285563 2.677021
-9.342781 10.977733 -2.283144 2.676897
-9.256466 11.031427 -2.280816 2.676778
-9.165721 11.079457 -2.277461 2.676606
-9.076035 11.128321 -2.274425 2.676450
-8.994476 11.186872 -2.273502 2.676403
-8.907963 11.239054 -2.271413 2.676296
-8.821212 11.290636 -2.269336 2.676190
-8.738359 11.346995 -2.268346 2.676139
-8.653588 11.400682 -2.266947 2.676068
-8.570331 11.456197 -2.266032 2.676021
-8.488954 11.514139 -2.265715 2.676005
-8.410460 11.576005 -2.266280 2.676033
-8.324859 11.628043 -2.265034 2.675970
-8.241939 11.683694 -2.264611 2.675948
-8.163056 11.745098 -2.265411 2.675989
-8.085910 11.809176 -2.266827 2.676061
-8.010695 11.876344 -2.268930 2.676169
-7.933990 11.941619 -2.270762 2.676263
-7.862040 12.014459 -2.274121 2.676435
-7.790154 12.087952 -2.277682 2.676617
-7.706551 12.143584 -2.277971 2.676632
-7.630590 12.211496 -2.280662 2.676770
-7.557451 12.284466 -2.284380 2.676960
-7.481333 12.353150 -2.287384 2.677114
-7.413413 12.436114 -2.293107 2.677407
-7.335647 12.503310 -2.295998 2.677555
-7.256719 12.569006 -2.298703 2.677694
-7.179865 12.638853 -2.302253 2.677875
-7.101233 12.706161 -2.305427 2.678038
-7.023605 12.775888 -2.309125 2.678227
-6.945690 12.845787 -2.312938 2.678422
-6.867435 12.915767 -2.316849 2.678622
-6.784760 12.978053 -2.319469 2.678757
-6.705491 13.047477 -2.323453 2.678961
-6.628129 13.121462 -2.328331 2.679210
-6.542498 13.179780 -2.330518 2.679322
-6.462382 13.249846 -2.334872 2.679545
-6.382748 13.321829 -2.339648 2.679790
-6.301076 13.390470 -2.343920 2.680008
-6.214881 13.450233 -2.346729 2.680152
-6.128366 13.509911 -2.349619 2.680300
-6.039846 13.565718 -2.351934 2.680419
-5.949215 13.617222 -2.353605 2.680504
-5.864503 13.682913 -2.357825 2.680721
-5.777365 13.743806 -2.361310 2.680899
-5.687964 13.800039 -2.364091 2.681041
-5.594320 13.846428 -2.365290 2.681103
-5.506471 13.907764 -2.369143 2.681300
-5.415357 13.961625 -2.371820 2.681437
-5.321328 14.008492 -2.373413 2.681519
-5.229266 14.061077 -2.376079 2.681655
-5.135441 14.109509 -2.378146 2.681761
-5.040643 14.155778 -2.379956 2.681854
-4.943784 14.196616 -2.380961 2.681905
-4.853528 14.257141 -2.385371 2.682131
-4.756899 14.299771 -2.386889 2.682209
-4.659229 14.339633 -2.388054 2.682268
-4.566609 14.395784 -2.392038 2.682472
-4.473634 14.451980 -2.396127 2.682682
-4.376822 14.496734 -2.398423 2.682799
-4.280533 14.544009 -2.401242 2.682944
-4.184511 14.593122 -2.404469 2.683109
-4.091093 14.652656 -2.409513 2.683367
-3.997122 14.711858 -2.414600 2.683627
-3.901683 14.767273 -2.419166 2.683861
-3.805734 14.822362 -2.423779 2.684097
-3.710932 14.883737 -2.429519 2.684391
-3.615054 14.942837 -2.434988 2.684671
-3.516432 14.992404 -2.439005 2.684877
-3.418849 15.048134 -2.444128 2.685139
-3.320982 15.104699 -2.449490 2.685414
-3.222617 15.161220 -2.454948 2.685693
-3.120454 15.201657 -2.457908 2.685845
-3.017103 15.237508 -2.460239 2.685964
-2.913206 15.271578 -2.462396 2.686074
-2.808137 15.300344 -2.463813 2.686147
-2.705267 15.342332 -2.467473 2.686335
-2.601986 15.383857 -2.471170 2.686524
-2.496756 15.415466 -2.473387 2.686637
-2.388671 15.429900 -2.472967 2.686616
-2.282815 15.459208 -2.475049 2.686722
-2.175224 15.477521 -2.475490 2.686745
-2.069453 15.509812 -2.478283 2.686888
-1.962243 15.532796 -2.479706 2.686961
-1.854769 15.554591 -2.481058 2.687030
-1.746676 15.571980 -2.481826 2.687069
-1.638877 15.592873 -2.483272 2.687144
-1.531126 15.615617 -2.485131 2.687239
-1.423300 15.639486 -2.487288 2.687349
-1.314931 15.659130 -2.488891 2.687431
-1.206164 15.675525 -2.490098 2.687493
-1.097625 15.696775 -2.492196 2.687600
-0.988919 15.718397 -2.494472 2.687717
-0.879630 15.733430 -2.495822 2.687786
-0.770595 15.756019 -2.498491 2.687922
-0.661712 15.787999 -2.502769 2.688142
-0.552113 15.810454 -2.505656 2.688290
-0.442187 15.830488 -2.508281 2.688424
-0.332005 15.849985 -2.510942 2.688560
-0.221658 15.874325 -2.514491 2.688742
-0.111006 15.900405 -2.518438 2.688944
0.000000 15.926490 -2.522508 2.689152
0.111397 15.956451 -2.527315 2.689398
0.223063 15.974334 -2.530333 2.689553
0.335004 15.992764 -2.533561 2.689718
0.447591 16.023962 -2.538936 2.689993
0.560580 16.052910 -2.544081 2.690257
0.673979 16.080700 -2.549169 2.690517
0.787972 16.111153 -2.554806 2.690806
0.902359 16.139811 -2.560287 2.691087
1.017134 16.166853 -2.565641 2.691361
1.132876 16.200880 -2.572233 2.691698
1.249915 16.244123 -2.580421 2.692117
1.367628 16.286583 -2.588620 2.692537
1.486036 16.328745 -2.596907 2.692962
1.603855 16.357365 -2.603176 2.693283
1.724166 16.404341 -2.612504 2.693760
1.845608 16.453985 -2.622398 2.694267
1.966197 16.488976 -2.630099 2.694661
2.086917 16.519619 -2.637246 2.695027
2.210729 16.568628 -2.647470 2.695550
2.334688 16.612171 -2.656967 2.696037
2.460962 16.665615 -2.668198 2.696612
2.585276 16.699833 -2.676501 2.697037
2.709900 16.731403 -2.684527 2.697448
2.836919 16.772863 -2.694291 2.697948
2.963769 16.808369 -2.703253 2.698406
3.093933 16.857527 -2.714566 2.698986
3.225055 16.906301 -2.725980 2.699570
3.353425 16.936014 -2.734479 2.700005
3.484270 16.974030 -2.744478 2.700517
3.615147 17.007929 -2.753972 2.701003
3.740236 17.011578 -2.758724 2.701247
3.871635 17.041040 -2.767818 2.701712
4.000047 17.054274 -2.774435 2.702051
4.123858 17.045980 -2.777702 2.702218
4.247741 17.036757 -2.780964 2.702385
4.372593 17.030132 -2.784797 2.702582
4.497703 17.023100 -2.788714 2.702782
4.623056 17.015661 -2.792715 2.702987
4.748668 17.007811 -2.796800 2.703196
4.874543 16.999550 -2.800969 2.703409
5.000684 16.990875 -2.805223 2.703627
5.125984 16.978058 -2.808948 2.703818
5.248482 16.955095 -2.811142 2.703930
5.371025 16.931610 -2.813397 2.704046
5.492677 16.904720 -2.815232 2.704140
5.614350 16.877367 -2.817135 2.704237
5.736041 16.849491 -2.819099 2.704338
5.857710 16.821041 -2.821112 2.704441
5.976061 16.782724 -2.821614 2.704467
6.092940 16.740215 -2.821550 2.704463
6.218411 16.720808 -2.825527 2.704667
6.346444 16.707117 -2.830632 2.704928
6.466402 16.671368 -2.832155 2.705006
6.586366 16.635256 -2.833763 2.705089
6.708080 16.603079 -2.836190 2.705213
6.826470 16.562263 -2.837290 2.705269
6.945022 16.521538 -2.838550 2.705334
7.067040 16.488632 -2.841304 2.705475
7.184924 16.445637 -2.842469 2.705534
7.301013 16.398342 -2.843036 2.705563
7.416975 16.350637 -2.843673 2.705596
7.532825 16.302515 -2.844381 2.705632
7.648547 16.253981 -2.845160 2.705672
7.764153 16.205032 -2.846011 2.705716
7.879645 16.155666 -2.846933 2.705763
7.999845 16.115587 -2.849642 2.705902
8.120569 16.075981 -2.852595 2.706053
8.229953 16.013748 -2.851678 2.706006
8.340545 15.953986 -2.851335 2.705988
8.455512 15.902505 -2.852615 2.706054
8.570383 15.850596 -2.853967 2.706123
8.685170 15.798253 -2.855391 2.706196
8.795214 15.737175 -2.855380 2.706195
8.903323 15.672678 -2.854886 2.706170
9.011261 15.607963 -2.854487 2.706150
9.115075 15.536272 -2.852945 2.706071
9.218137 15.463556 -2.851341 2.705989
9.321857 15.392208 -2.850115 2.705926
9.433268 15.333554 -2.851379 2.705991
9.542841 15.271737 -2.852203 2.706033
9.645949 15.199588 -2.851236 2.705983
9.741879 15.116427 -2.848326 2.705834
9.843053 15.041754 -2.847134 2.705773
9.949062 14.974540 -2.847489 2.705791
10.052660 14.903681 -2.847291 2.705781
10.154958 14.830945 -2.846870 2.705760
10.248547 14.745716 -2.844176 2.705622
10.341646 14.660212 -2.841540 2.705487
10.448427 14.594206 -2.842815 2.705552
10.555400 14.528261 -2.844255 2.705626
10.652162 14.448244 -2.843079 2.705565
10.748658 14.368018 -2.841991 2.705510
10.844878 14.287594 -2.840989 2.705459
10.944028 14.211106 -2.840903 2.705454
11.048000 14.140796 -2.842197 2.705520
11.151948 14.070259 -2.843599 2.705592
11.263267 14.008669 -2.846975 2.705765
11.376024 13.948378 -2.850793 2.705961
11.488907 13.887699 -2.854715 2.706161
11.599644 13.823917 -2.858181 2.706339
11.707223 13.755943 -2.860955 2.706481
11.814844 13.687620 -2.863832 2.706628
11.920367 13.616520 -2.866298 2.706754
12.020970 13.539542 -2.867690 2.706826
12.119581 13.460159 -2.868727 2.706879
12.224950 13.388031 -2.871475 2.707020
12.332601 13.317988 -2.874849 2.707192
12.442324 13.249722 -2.878794 2.707394
12.547654 13.176332 -2.881811 2.707549
12.652979 13.102543 -2.884922 2.707708
12.761148 13.031259 -2.888772 2.707905
12.865501 12.955626 -2.891847 2.708062
12.969277 12.879044 -2.894893 2.708219
13.083470 12.812278 -2.900346 2.708498
13.194930 12.742196 -2.905263 2.708749
13.292595 12.658370 -2.907239 2.708851
13.391377 12.575332 -2.909570 2.708970
13.499909 12.501048 -2.914118 2.709203
13.607660 12.425499 -2.918581 2.709431
13.725699 12.358676 -2.925321 2.709776
13.840531 12.288201 -2.931440 2.710090
13.946353 12.209102 -2.935727 2.710309
14.069725 12.144656 -2.943778 2.710721
14.203461 12.088090 -2.954030 2.711246
14.320539 12.016359 -2.960860 2.711596
14.441110 11.946727 -2.968472 2.711986
14.566951 11.880507 -2.977217 2.712434
14.707686 11.825278 -2.989035 2.713039
14.853329 11.772601 -3.001858 2.713695
15.004664 11.722929 -3.015829 2.714410
15.134027 11.654773 -3.025402 2.714900
15.281482 11.599268 -3.038616 2.715577
15.439601 11.550292 -3.053948 2.716362
15.603744 11.504069 -3.070455 2.717207
15.779583 11.464539 -3.089231 2.718168
15.959144 11.425628 -3.108693 2.719165
16.129391 11.378026 -3.126305 2.720067
16.282434 11.316582 -3.140579 2.720798
16.400621 11.229737 -3.148177 2.721187
16.536821 11.154227 -3.159296 2.721756
16.624096 11.045026 -3.161161 2.721851
16.706554 10.932456 -3.162250 2.721907
16.788162 10.819227 -3.163322 2.721962
16.868917 10.705338 -3.164379 2.722016
16.948816 10.590796 -3.165420 2.722070
17.027849 10.475606 -3.166445 2.722122
17.106020 10.359767 -3.167454 2.722173
17.183310 10.243303 -3.168447 2.722224
17.259718 10.126214 -3.169423 2.722274
17.335239 10.008505 -3.170383 2.722324
17.409868 9.890184 -3.171327 2.722372
17.483604 9.771249 -3.172254 2.722419
17.556429 9.651724 -3.173164 2.722466
17.628345 9.531609 -3.174058 2.722512
17.699348 9.410910 -3.174935 2.722557
17.769428 9.289636 -3.175795 2.722601
17.838591 9.167783 -3.176639 2.722644
17.906815 9.045378 -3.177465 2.722686
17.974104 8.922420 -3.178275 2.722728
18.040451 8.798916 -3.179067 2.722768
18.105852 8.674873 -3.179842 2.722808
18.170307 8.550291 -3.180601 2.722847
18.233803 8.425195 -3.181342 2.722885
18.296335 8.299583 -3.182065 2.722922
18.357904 8.173466 -3.182771 2.722958
18.418501 8.046847 -3.183460 2.722993
18.478128 7.919729 -3.184131 2.723027
18.536772 7.792137 -3.184785 2.723061
18.137440 7.475711 -3.107134 2.719085
17.976116 7.262823 -3.070736 2.717221
17.978991 7.118388 -3.062663 2.716808
17.981846 6.974692 -3.054780 2.716405
17.984686 6.831737 -3.047086 2.716011
17.990280 6.690523 -3.040046 2.715650
18.122299 6.595977 -3.054499 2.716390
18.255585 6.500524 -3.069240 2.717145
18.390177 6.404130 -3.084276 2.717915
18.526089 6.306791 -3.099611 2.718700
6.990067 2.325285 -1.166767 2.619738
6.991253 2.271596 -1.164290 2.619612
6.992415 2.218125 -1.161876 2.619488
6.993553 2.164864 -1.159526 2.619368
6.994668 2.111813 -1.157238 2.619251
6.995759 2.058963 -1.155012 2.619137
6.996827 2.006308 -1.152848 2.619026
6.997872 1.953842 -1.150745 2.618918
6.998895 1.901555 -1.148702 2.618814
6.999895 1.849450 -1.146719 2.618712
7.000873 1.797518 -1.144795 2.618613
7.001829 1.745752 -1.142931 2.618518
7.002762 1.694147 -1.141125 2.618426
7.003675 1.642695 -1.139377 2.618336
7.004565 1.591397 -1.137686 2.618250
7.005434 1.540244 -1.136053 2.618166
7.006282 1.489231 -1.134477 2.618085
7.007109 1.438354 -1.132957 2.618007
7.007915 1.387602 -1.131494 2.617932
7.008701 1.336980 -1.130086 2.617860
7.009466 1.286477 -1.128734 2.617791
7.010210 1.236089 -1.127437 2.617725
7.010934 1.185812 -1.126194 2.617661
7.011638 1.135635 -1.125006 2.617600
7.012322 1.085563 -1.123873 2.617542
7.012986 1.035587 -1.122793 2.617487
7.013631 0.985702 -1.121767 2.617434
7.014256 0.935902 -1.120795 2.617385
7.014861 0.886181 -1.119875 2.617338
7.015446 0.836540 -1.119009 2.617293
7.016013 0.786971 -1.118196 2.617251
7.016560 0.737470 -1.117435 2.617213
7.017087 0.688032 -1.116727 2.617176
7.017596 0.638649 -1.116071 2.617143
7.018085 0.589324 -1.115468 2.617112
7.018557 0.540048 -1.114916 2.617084
7.019008 0.490817 -1.114416 2.617058
7.019442 0.441627 -1.113968 2.617035
7.019856 0.392469 -1.113572 2.617015
7.020251 0.343346 -1.113228 2.616997
7.020628 0.294251 -1.112934 2.616982
7.020987 0.245178 -1.112693 2.616970
7.021327 0.196124 -1.112503 2.616960
7.021648 0.147080 -1.112364 2.616953
7.063812 0.098634 -1.118907 2.617288
18.584375 0.129744 -2.943548 2.710710
16.071409 -0.000000 -3.123966 2.719947
16.069382 -0.112187 -3.123647 2.719931
16.066498 -0.224345 -3.123315 2.719914
16.062757 -0.336467 -3.122969 2.719896
16.058165 -0.448545 -3.122608 2.719877
16.052715 -0.560573 -3.122234 2.719858
16.046412 -0.672544 -3.121845 2.719838
16.039255 -0.784450 -3.121442 2.719818
16.031248 -0.896286 -3.121025 2.719796
16.022388 -1.008043 -3.120595 2.719774
16.012678 -1.119715 -3.120150 2.719752
16.002117 -1.231296 -3.119691 2.719728
15.990709 -1.342777 -3.119219 2.719704
15.978453 -1.454153 -3.118732 2.719679
15.965350 -1.565416 -3.118232 2.719653
15.951403 -1.676560 -3.117718 2.719627
15.936612 -1.787578 -3.117190 2.719600
15.920978 -1.898462 -3.116649 2.719572
15.904503 -2.009206 -3.116094 2.719544
15.887189 -2.119803 -3.115525 2.719515
15.869036 -2.230247 -3.114943 2.719485
15.850047 -2.340531 -3.114347 2.719455
15.830223 -2.450648 -3.113737 2.719423
15.809566 -2.560591 -3.113115 2.719391
15.788287 -2.670389 -3.112520 2.719361
15.765969 -2.779966 -3.111870 2.719328
15.742824 -2.889349 -3.111207 2.719294
15.718852 -2.998531 -3.110531 2.719259
15.694057 -3.107507 -3.109842 2.719224
15.668441 -3.216269 -3.109140 2.719188
15.642005 -3.324811 -3.108424 2.719151
15.614752 -3.433126 -3.107696 2.719114
15.586683 -3.541208 -3.106954 2.719076
15.557803 -3.649050 -3.106200 2.719038
15.528112 -3.756646 -3.105433 2.718998
15.497614 -3.863989 -3.104652 2.718958
15.577852 -3.999713 -3.126244 2.720064
16.339991 -4.317212 -3.285163 2.728200
16.327003 -4.435949 -3.288698 2.728381
16.230824 -4.531728 -3.275618 2.727712
16.115015 -4.620906 -3.258677 2.726844
16.028980 -4.717585 -3.247861 2.726290
15.926345 -4.808447 -3.233788 2.725570
15.811218 -4.894390 -3.217271 2.724724
15.696494 -4.979221 -3.200922 2.723887
15.581964 -5.062887 -3.184697 2.723056
15.467841 -5.145466 -3.168637 2.722234
15.354137 -5.226975 -3.152743 2.721421
15.240652 -5.307357 -3.136972 2.720613
15.127545 -5.386677 -3.121356 2.719813
15.014876 -5.464968 -3.105905 2.719022
14.892429 -5.538445 -3.088500 2.718131
14.767078 -5.609487 -3.070550 2.717212
14.642493 -5.679449 -3.052815 2.716304
14.528913 -5.752403 -3.037434 2.715517
14.418260 -5.825355 -3.022729 2.714764
14.307959 -5.897315 -3.008163 2.714018
14.186294 -5.963369 -2.991264 2.713153
14.064938 -6.028240 -2.974477 2.712293
13.944505 -6.092204 -2.957930 2.711446
13.817403 -6.151904 -2.940008 2.710528
13.689086 -6.209645 -2.921859 2.709599
13.561825 -6.266443 -2.903963 2.708683
13.436659 -6.322812 -2.886543 2.707791
13.319869 -6.381812 -2.870955 2.706993
13.203746 -6.439897 -2.855546 2.706204
13.092139 -6.498994 -2.841153 2.705467
12.969465 -6.551349 -2.824388 2.704608
12.847563 -6.602751 -2.807811 2.703760
12.726727 -6.653372 -2.791486 2.702924
12.606801 -6.703155 -2.775378 2.702099
12.487671 -6.752059 -2.759463 2.701284
12.369400 -6.800136 -2.743752 2.700480
12.263779 -6.853994 -2.730870 2.699821
12.141462 -6.897310 -2.714290 2.698972
12.020274 -6.939909 -2.697963 2.698136
11.907653 -6.986178 -2.683567 2.697399
11.801619 -7.035177 -2.670675 2.696738
11.687176 -7.078005 -2.655894 2.695982
11.569935 -7.117872 -2.640480 2.695193
11.466010 -7.164758 -2.628113 2.694559
11.357270 -7.207543 -2.614659 2.693871
11.250351 -7.250356 -2.601634 2.693204
11.144172 -7.292542 -2.588790 2.692546
11.038720 -7.334109 -2.576126 2.691898
10.933986 -7.375067 -2.563637 2.691258
10.829956 -7.415426 -2.551322 2.690628
10.734968 -7.460997 -2.541154 2.690107
10.642555 -7.507497 -2.531624 2.689619
10.546743 -7.550727 -2.521310 2.689091
10.459054 -7.598947 -2.512968 2.688664
10.369111 -7.644768 -2.504120 2.688211
10.275148 -7.686793 -2.494328 2.687710
10.190389 -7.734927 -2.486800 2.687324
10.105865 -7.782564 -2.479373 2.686944
10.021609 -7.829739 -2.472052 2.686569
9.937645 -7.876481 -2.464844 2.686200
9.853958 -7.922785 -2.457747 2.685837
9.770525 -7.968646 -2.450753 2.685478
9.687296 -8.014029 -2.443851 2.685125
9.604324 -8.058985 -2.437054 2.684777
9.521627 -8.103540 -2.430366 2.684435
9.439176 -8.147677 -2.423780 2.684098
9.359449 -8.193579 -2.417938 2.683798
9.282746 -8.241608 -2.412928 2.683542
9.206165 -8.289268 -2.408006 2.683290
9.125043 -8.332310 -2.401944 2.682979
9.043558 -8.374426 -2.395827 2.682666
8.962301 -8.416162 -2.389808 2.682358
8.881272 -8.457521 -2.383888 2.682055
8.794336 -8.492592 -2.376409 2.681672
8.706910 -8.526437 -2.368813 2.681283
8.626601 -8.566585 -2.363177 2.680995
8.543132 -8.602983 -2.356707 2.680663
8.455824 -8.634804 -2.349195 2.680279
8.368907 -8.666257 -2.341799 2.679900
8.282371 -8.697347 -2.334519 2.679527
8.196148 -8.728010 -2.327334 2.679159
8.110276 -8.758302 -2.320256 2.678797
8.024750 -8.788223 -2.313285 2.678440
7.935247 -8.812985 -2.305164 2.678024
7.844577 -8.835560 -2.296688 2.677590
7.755658 -8.859216 -2.288707 2.677182
7.666558 -8.881793 -2.280657 2.676769
7.575805 -8.901541 -2.272091 2.676331
7.482127 -8.916852 -2.262611 2.675846
7.389050 -8.931828 -2.253266 2.675367
7.296555 -8.946460 -2.244052 2.674896
7.204613 -8.960732 -2.234961 2.674430
7.113278 -8.974725 -2.226010 2.673972
7.022507 -8.988400 -2.217188 2.673520
6.932274 -9.001741 -2.208487 2.673074
6.842606 -9.014800 -2.199917 2.672636
6.753458 -9.027534 -2.191465 2.672203
6.664815 -9.039936 -2.183127 2.671776
6.576708 -9.052063 -2.174914 2.671355
6.489132 -9.063925 -2.166827 2.670942
6.401259 -9.074363 -2.158586 2.670519
6.309895 -9.078750 -2.149098 2.670034
6.220490 -9.084797 -2.140197 2.669578
6.139756 -9.102562 -2.134232 2.669273
6.058597 -9.118922 -2.128099 2.668958
5.973895 -9.129068 -2.120682 2.668579
5.889636 -9.138927 -2.113369 2.668204
5.805854 -9.148562 -2.106173 2.667836
5.722512 -9.157934 -2.099082 2.667473
5.643378 -9.173182 -2.093495 2.667187
5.562414 -9.184637 -2.087196 2.666864
5.480597 -9.193787 -2.080529 2.666523
5.399162 -9.202649 -2.073954 2.666187
5.318126 -9.211265 -2.067478 2.665855
5.237485 -9.219642 -2.061101 2.665528
5.154698 -9.223246 -2.053812 2.665155
5.075149 -9.231663 -2.047746 2.664845
4.995932 -9.239784 -2.041761 2.664538
4.917034 -9.247596 -2.035852 2.664236
4.838466 -9.255133 -2.030025 2.663937
4.760245 -9.262435 -2.024288 2.663644
4.682350 -9.269478 -2.018634 2.663354
4.605277 -9.277271 -2.013280 2.663080
4.527801 -9.283366 -2.007694 2.662794
4.450648 -9.289220 -2.002192 2.662512
4.373816 -9.294834 -1.996771 2.662235
4.297299 -9.300210 -1.991433 2.661961
4.221092 -9.305345 -1.986174 2.661692
4.145172 -9.310208 -1.980986 2.661427
4.069553 -9.314840 -1.975879 2.661165
3.996056 -9.323499 -1.971749 2.660954
3.923897 -9.334585 -1.968253 2.660774
3.851408 -9.344217 -1.964566 2.660586
3.776834 -9.347993 -1.959769 2.660340
3.702539 -9.351546 -1.955047 2.660098
3.628518 -9.354878 -1.950400 2.659860
3.554767 -9.357992 -1.945827 2.659626
3.481283 -9.360888 -1.941329 2.659396
3.410266 -9.369629 -1.938156 2.659234
3.339598 -9.378682 -1.935159 2.659080
3.268219 -9.385048 -1.931718 2.658904
3.196442 -9.389488 -1.927991 2.658713
3.126047 -9.397243 -1.925055 2.658563
3.055797 -9.404777 -1.922182 2.658416
2.984616 -9.408702 -1.918679 2.658236
2.912876 -9.409985 -1.914746 2.658035
2.843267 -9.417356 -1.912161 2.657902
2.773780 -9.424495 -1.909631 2.657773
2.704411 -9.431401 -1.907159 2.657646
2.635158 -9.438078 -1.904742 2.657523
2.566020 -9.444524 -1.902381 2.657402
2.496993 -9.450742 -1.900076 2.657284
2.428077 -9.456732 -1.897826 2.657169
2.360713 -9.468301 -1.896794 2.657116
2.291879 -9.473495 -1.894583 2.657003
2.223164 -9.478512 -1.892436 2.656893
2.154551 -9.483294 -1.890342 2.656785
2.086044 -9.487872 -1.888305 2.656681
2.017639 -9.492246 -1.886326 2.656580
1.949334 -9.496415 -1.884405 2.656481
1.881126 -9.500383 -1.882540 2.656386
1.813012 -9.504148 -1.880732 2.656293
1.745744 -9.511807 -1.879790 2.656245
1.678881 -9.521406 -1.879325 2.656221
1.612013 -9.530792 -1.878911 2.656200
1.544133 -9.533771 -1.877327 2.656119
1.476334 -9.536542 -1.875797 2.656041
1.408614 -9.539114 -1.874323 2.655965
1.340969 -9.541490 -1.872905 2.655893
1.273397 -9.543668 -1.871542 2.655823
1.206132 -9.547522 -1.870600 2.655775
1.139347 -9.554856 -1.870433 2.655766
1.072550 -9.561997 -1.870320 2.655760
1.005738 -9.568963 -1.870263 2.655757
0.938911 -9.575755 -1.870264 2.655758
0.872062 -9.582355 -1.870319 2.655760
0.805188 -9.588737 -1.870422 2.655766
0.738289 -9.594916 -1.870576 2.655773
0.671361 -9.600904 -1.870784 2.655784
0.604402 -9.606699 -1.871045 2.655797
0.537411 -9.612304 -1.871360 2.655814
0.470417 -9.618385 -1.871859 2.655839
0.403518 -9.627649 -1.873069 2.655901
0.336392 -9.633019 -1.873611 2.655929
0.269219 -9.638181 -1.874203 2.655959
0.202048 -9.645700 -1.875345 2.656018
0.134839 -9.656582 -1.877232 2.656114
0.067491 -9.667245 -1.879168 2.656214
-0.000000 -9.677704 -1.881155 2.656315
-0.067636 -9.687974 -1.883197 2.656420
-0.135420 -9.698092 -1.885302 2.656528
-0.203355 -9.708019 -1.887462 2.656638
-0.271441 -9.717734 -1.889673 2.656751
-0.339682 -9.727234 -1.891935 2.656867
-0.408082 -9.736540 -1.894253 2.656986
-0.476644 -9.745689 -1.896635 2.657108
-0.545371 -9.754652 -1.899073 2.657233
-0.614379 -9.765274 -1.901930 2.657379
-0.683998 -9.781623 -1.905998 2.657587
-0.753900 -9.797798 -1.910129 2.657799
-0.823942 -9.812057 -1.913983 2.657996
-0.894282 -9.826496 -1.917971 2.658200
-0.964898 -9.840796 -1.922030 2.658408
-1.035798 -9.854957 -1.926161 2.658619
-1.107076 -9.869802 -1.930526 2.658843
-1.179599 -9.892410 -1.936512 2.659149
-1.252545 -9.914906 -1.942580 2.659460
-1.325917 -9.937287 -1.948732 2.659775
-1.400239 -9.963218 -1.955686 2.660131
-1.475693 -9.993371 -1.963579 2.660535
-1.551721 -10.023505 -1.971581 2.660945
-1.629483 -10.060725 -1.981091 2.661432
-1.708193 -10.099445 -1.991015 2.661940
-1.788137 -10.141027 -2.001625 2.662483
-1.870063 -10.189168 -2.013655 2.663099
-1.952746 -10.236652 -2.025684 2.663715
-2.038539 -10.295369 -2.040070 2.664452
-2.125498 -10.354622 -2.054701 2.665201
-2.215136 -10.421394 -2.070970 2.666034
-2.306569 -10.490878 -2.087927 2.666902
-2.394957 -10.541438 -2.101266 2.667585
-2.485567 -10.597263 -2.115801 2.668329
-2.578091 -10.656552 -2.131180 2.669116
-2.669766 -10.707848 -2.145114 2.669830
-2.773520 -10.802144 -2.167830 2.670993
-2.867641 -10.853584 -2.182118 2.671724
-2.957749 -10.886321 -2.192798 2.672271
-3.041948 -10.895035 -2.198778 2.672577
-3.129889 -10.915220 -2.207207 2.673009
-3.221371 -10.945280 -2.217779 2.673550
-3.316185 -10.983733 -2.230208 2.674187
-3.404789 -10.999093 -2.238099 2.674591
-3.487185 -10.993003 -2.241759 2.674778
-3.570349 -10.988406 -2.245849 2.674987
-3.654556 -10.985999 -2.250517 2.675226
-3.737838 -10.979826 -2.254544 2.675432
-3.823422 -10.979370 -2.259876 2.675706
-3.909720 -10.979772 -2.265521 2.675995
-3.996367 -10.979930 -2.271255 2.676288
-4.081926 -10.975966 -2.276275 2.676545
-4.166790 -10.969151 -2.280839 2.676779
-4.251928 -10.962124 -2.285495 2.677017
-4.339829 -10.961159 -2.291554 2.677327
-4.423299 -10.948050 -2.295214 2.677515
-4.506121 -10.932668 -2.298528 2.677685
-4.589090 -10.917012 -2.301917 2.677858
-4.672211 -10.901082 -2.305380 2.678035
-4.755485 -10.884875 -2.308917 2.678216
-4.838917 -10.868386 -2.312529 2.678401
-4.922509 -10.851610 -2.316215 2.678590
-5.004486 -10.830699 -2.319153 2.678741
-5.085395 -10.807012 -2.321626 2.678867
-5.166376 -10.783059 -2.324172 2.678998
-5.247449 -10.758865 -2.326797 2.679132
-5.328601 -10.734397 -2.329494 2.679270
-5.407945 -10.705910 -2.331449 2.679370
-5.486230 -10.675047 -2.333012 2.679450
-5.564514 -10.643934 -2.334646 2.679534
-5.642819 -10.612599 -2.336357 2.679621
-5.721131 -10.581009 -2.338138 2.679713
-5.800979 -10.551940 -2.340607 2.679839
-5.882523 -10.525534 -2.343802 2.680003
-5.964119 -10.498750 -2.347052 2.680169
-6.042591 -10.466074 -2.349121 2.680275
-6.121083 -10.433133 -2.351262 2.680384
-6.199592 -10.399911 -2.353472 2.680498
-6.278116 -10.366400 -2.355750 2.680614
-6.357502 -10.333974 -2.358410 2.680751
-6.438180 -10.303242 -2.361596 2.680914
-6.518933 -10.272194 -2.364854 2.681080
-6.599765 -10.240829 -2.368183 2.681251
-6.680679 -10.209146 -2.371584 2.681425
-6.761675 -10.177140 -2.375057 2.681603
-6.842761 -10.144810 -2.378603 2.681784
-6.923936 -10.112153 -2.382222 2.681970
-7.007064 -10.081842 -2.386548 2.682191
-7.093044 -10.055029 -2.391864 2.682463
-7.178921 -10.027411 -2.397158 2.682734
-7.260609 -9.993371 -2.401080 2.682935
-7.342402 -9.958991 -2.405077 2.683140
-7.424302 -9.924268 -2.409151 2.683348
-7.506312 -9.889200 -2.413300 2.683561
-7.588435 -9.853785 -2.417527 2.683777
-7.670675 -9.818017 -2.421831 2.683998
-7.753036 -9.781895 -2.426214 2.684222
-7.835517 -9.745417 -2.430675 2.684451
-7.916316 -9.706363 -2.434659 2.684654
-7.996495 -9.666100 -2.438504 2.684851
-8.076727 -9.625468 -2.442419 2.685052
-8.157021 -9.584463 -2.446405 2.685256
-8.237370 -9.543085 -2.450462 2.685464
-8.320504 -9.504436 -2.455394 2.685716
-8.403805 -9.465430 -2.460415 2.685973
-8.487247 -9.426044 -2.465518 2.686234
-8.572352 -9.387920 -2.471141 2.686522
-8.654244 -9.345733 -2.475879 2.686765
-8.735134 -9.301973 -2.480382 2.686996
-8.818084 -9.259898 -2.485518 2.687258
-8.905426 -9.221838 -2.491929 2.687587
-8.992933 -9.183278 -2.498414 2.687919
-9.074270 -9.137842 -2.503227 2.688165
-9.155692 -9.091996 -2.508117 2.688416
-9.240613 -9.049075 -2.514012 2.688717
-9.328875 -9.008789 -2.520852 2.689068
-9.415817 -8.966559 -2.527369 2.689401
-9.509482 -8.929997 -2.535714 2.689828
-9.603696 -8.893121 -2.544219 2.690264
-9.698357 -8.855815 -2.552855 2.690706
-9.796072 -8.820422 -2.562305 2.691190
-9.895540 -8.785669 -2.572216 2.691697
-9.993465 -8.748617 -2.581731 2.692184
-10.084394 -8.704617 -2.589459 2.692580
-10.172631 -8.657586 -2.596533 2.692942
-10.269340 -8.617000 -2.605798 2.693417
-10.370467 -8.579194 -2.616197 2.693949
-10.466211 -8.536033 -2.625253 2.694413
-10.562387 -8.492378 -2.634441 2.694883
-10.655041 -8.445080 -2.642781 2.695310
-10.744270 -8.394344 -2.650312 2.695696
-10.803659 -8.319935 -2.650569 2.695709
-10.867876 -8.249166 -2.652130 2.695789
-10.930346 -8.176945 -2.653379 2.695853
-10.984272 -8.098302 -2.652680 2.695817
-11.037669 -8.019337 -2.651991 2.695782
-11.090543 -7.940046 -2.651311 2.695747
-11.142885 -7.860440 -2.650640 2.695713
-11.194697 -7.780518 -2.649980 2.695679
-11.245979 -7.700281 -2.649329 2.695646
-11.296727 -7.619739 -2.648687 2.695613
-11.346941 -7.538887 -2.648056 2.695580
-11.396617 -7.457736 -2.647434 2.695549
-11.445756 -7.376287 -2.646821 2.695517
-11.494356 -7.294538 -2.646219 2.695486
-11.542414 -7.212501 -2.645626 2.695456
-11.589931 -7.130171 -2.645043 2.695426
-11.636904 -7.047558 -2.644470 2.695397
-11.683331 -6.964664 -2.643906 2.695368
-11.729212 -6.881486 -2.643353 2.695340
-11.774544 -6.798036 -2.642809 2.695312
-11.819328 -6.714311 -2.642275 2.695284
-11.863561 -6.630319 -2.641751 2.695258
-11.907240 -6.546062 -2.641237 2.695231
-11.950369 -6.461538 -2.640732 2.695205
-11.992940 -6.376760 -2.640238 2.695180
-12.034958 -6.291721 -2.639753 2.695155
-12.076416 -6.206434 -2.639278 2.695131
-12.117316 -6.120898 -2.638814 2.695107
-12.157659 -6.035112 -2.638359 2.695084
-12.197437 -5.949088 -2.637914 2.695061
-12.236656 -5.862821 -2.637480 2.695039
-12.275310 -5.776321 -2.637055 2.695017
-12.313398 -5.689590 -2.636640 2.694996
-12.350924 -5.602626 -2.636235 2.694975
-12.387879 -5.515440 -2.635840 2.694955
-12.424270 -5.428028 -2.635455 2.694935
-12.460089 -5.340400 -2.635081 2.694916
-12.495337 -5.252557 -2.634716 2.694897
-12.530017 -5.164499 -2.634362 2.694879
-12.564122 -5.076235 -2.634017 2.694862
-12.597655 -4.987762 -2.633682 2.694844
-12.630612 -4.899091 -2.633358 2.694828
-12.662994 -4.810221 -2.633044 2.694812
-12.694801 -4.721153 -2.632740 2.694796
-12.726029 -4.631896 -2.632445 2.694781
-12.756680 -4.542447 -2.632161 2.694767
-12.786750 -4.452816 -2.631887 2.694753
-12.816239 -4.363005 -2.631624 2.694739
-12.845149 -4.273011 -2.631370 2.694726
-12.873476 -4.182846 -2.631127 2.694714
-12.901220 -4.092506 -2.630893 2.694702
-12.928379 -4.002001 -2.630670 2.694690
-12.954954 -3.911332 -2.630457 2.694679
-12.980944 -3.820498 -2.630255 2.694669
-13.006347 -3.729510 -2.630062 2.694659
-13.031162 -3.638364 -2.629879 2.694650
-13.055389 -3.547070 -2.629707 2.694641
-13.079027 -3.455629 -2.629545 2.694633
-13.102077 -3.364040 -2.629393 2.694625
-13.124535 -3.272314 -2.629251 2.694618
-13.146402 -3.180447 -2.629120 2.694611
-13.167678 -3.088450 -2.628998 2.694605
-13.188360 -2.996323 -2.628887 2.694599
-13.208450 -2.904065 -2.628786 2.694594
-13.227945 -2.811687 -2.628695 2.694589
-13.246847 -2.719185 -2.628615 2.694585
-13.265153 -2.626570 -2.628545 2.694581
-13.282863 -2.533842 -2.628484 2.694578
-13.299976 -2.441001 -2.628435 2.694576
-13.316492 -2.348057 -2.628395 2.694574
-13.332411 -2.255006 -2.628366 2.694572
-13.347732 -2.161860 -2.628346 2.694571
-13.362453 -2.068618 -2.628337 2.694571
-13.376575 -1.975279 -2.628339 2.694571
-13.390097 -1.881855 -2.628350 2.694571
-13.403019 -1.788342 -2.628372 2.694573
-13.415340 -1.694751 -2.628404 2.694574
-13.427059 -1.601081 -2.628446 2.694576
-13.438178 -1.507332 -2.628498 2.694579
-13.448693 -1.413515 -2.628561 2.694582
-13.458606 -1.319626 -2.628633 2.694586
-13.467916 -1.225676 -2.628716 2.694590
-13.476622 -1.131664 -2.628809 2.694595
-13.484724 -1.037592 -2.628913 2.694600
-13.492222 -0.943468 -2.629026 2.694606
-13.499116 -0.849290 -2.629150 2.694613
-13.505404 -0.755069 -2.629284 2.694619
-13.511087 -0.660803 -2.629428 2.694627
-13.516165 -0.566494 -2.629583 2.694634
-13.520637 -0.472151 -2.629747 2.694643
-13.524502 -0.377771 -2.629922 2.694652
-13.527761 -0.283365 -2.630107 2.694661
-13.530413 -0.188933 -2.630302 2.694671
-13.532458 -0.094474 -2.630507 2.694682
-13.533896 0.000000 -2.630723 2.694693
-13.534727 0.094494 -2.630949 2.694705
-13.534950 0.188997 -2.631184 2.694716
-13.534566 0.283508 -2.631430 2.694729
-13.533573 0.378028 -2.631686 2.694742
-13.531973 0.472547 -2.631952 2.694756
-13.529764 0.567067 -2.632229 2.694770
-13.526948 0.661579 -2.632515 2.694785
-13.523522 0.756082 -2.632812 2.694800
-13.519489 0.850576 -2.633118 2.694816
-13.514847 0.945050 -2.633435 2.694832
-13.509596 1.039509 -2.633762 2.694849
-13.503737 1.133941 -2.634099 2.694866
-13.497270 1.228347 -2.634446 2.694884
-13.490193 1.322726 -2.634803 2.694902
-13.482509 1.417069 -2.635170 2.694921
-13.474215 1.511378 -2.635547 2.694940
-13.465313 1.605642 -2.635934 2.694960
-13.455803 1.699862 -2.636331 2.694980
-13.445684 1.794039 -2.636739 2.695001
-13.434958 1.888160 -2.637156 2.695022
-13.423622 1.982230 -2.637583 2.695044
-13.411680 2.076238 -2.638020 2.695066
-13.399129 2.170185 -2.638467 2.695089
-13.385970 2.264069 -2.638925 2.695113
-13.372205 2.357881 -2.639392 2.695137
-13.357831 2.451623 -2.639869 2.695161
-13.342852 2.545286 -2.640356 2.695186
-13.327265 2.638869 -2.640852 2.695212
-13.311070 2.732372 -2.641359 2.695237
-13.294271 2.825784 -2.641876 2.695264
-13.276864 2.919110 -2.642402 2.695291
-13.258852 3.012338 -2.642939 2.695318
-13.240235 3.105468 -2.643485 2.695346
-13.221012 3.198501 -2.644041 2.695375
-13.201185 3.291425 -2.644607 2.695404
-13.180753 3.384244 -2.645182 2.695433
-13.159717 3.476948 -2.645767 2.695463
-13.138078 3.569536 -2.646363 2.695494
-13.115834 3.662008 -2.646967 2.695525
-13.092989 3.754354 -2.647582 2.695556
-13.069541 3.846577 -2.648206 2.695588
-13.045491 3.938667 -2.648840 2.695621
-13.020841 4.030622 -2.649484 2.695653
-12.995588 4.122445 -2.650138 2.695687
-12.969736 4.214123 -2.650801 2.695721
-12.943283 4.305659 -2.651473 2.695755
-12.916231 4.397045 -2.652156 2.695790
-12.888581 4.488278 -2.652848 2.695826
-12.860332 4.579360 -2.653549 2.695862
-12.831487 4.670280 -2.654260 2.695898
-12.802043 4.761040 -2.654980 2.695935
-12.772005 4.851630 -2.655710 2.695972
-12.741370 4.942051 -2.656450 2.696010
-12.710140 5.032302 -2.657199 2.696048
-12.678317 5.122373 -2.657957 2.696087
-12.645899 5.212266 -2.658725 2.696127
-12.612889 5.301971 -2.659503 2.696167
-12.579288 5.391489 -2.660289 2.696207
-12.545094 5.480818 -2.661085 2.696248
-12.510311 5.569949 -2.661891 2.696289
-12.474936 5.658885 -2.662705 2.696330
-12.438975 5.747614 -2.663529 2.696373
-12.402426 5.836138 -2.664362 2.696415
-12.365288 5.924455 -2.665205 2.696459
-12.327565 6.012556 -2.666057 2.696502
-12.289256 6.100442 -2.666918 2.696546
-12.250364 6.188105 -2.667788 2.696591
-12.210889 6.275544 -2.668667 2.696636
-12.170829 6.362757 -2.669555 2.696681
-12.126452 6.447749 -2.669630 2.696685
-12.088968 6.536483 -2.671360 2.696774
-12.041413 6.619824 -2.670998 2.696755
-11.986258 6.698892 -2.669073 2.696656
-11.930680 6.777571 -2.667168 2.696559
-11.901111 6.871109 -2.671217 2.696766
-11.874197 6.966553 -2.676028 2.697013
-11.820298 7.046313 -2.674902 2.696955
-11.762781 7.123793 -2.673075 2.696862
-11.704851 7.200874 -2.671270 2.696769
-11.646517 7.277551 -2.669487 2.696678
-11.587774 7.353828 -2.667726 2.696587
-11.540874 7.437586 -2.668817 2.696643
-11.507553 7.530331 -2.673204 2.696868
-11.469327 7.620204 -2.676617 2.697043
-11.420234 7.703045 -2.677645 2.697095
-11.370577 7.785599 -2.678682 2.697148
-11.320362 7.867857 -2.679727 2.697202
-11.269589 7.949820 -2.680780 2.697256
-11.218256 8.031485 -2.681843 2.697310
-11.166370 8.112843 -2.682913 2.697365
-11.113927 8.193896 -2.683992 2.697420
-11.060933 8.274636 -2.685080 2.697476
-11.007388 8.355062 -2.686176 2.697532
-10.953291 8.435171 -2.687280 2.697589
-10.898646 8.514956 -2.688393 2.697646
-10.843453 8.594419 -2.689513 2.697703
-10.787718 8.673549 -2.690643 2.697761
-10.731434 8.752343 -2.691779 2.697819
-10.672190 8.828805 -2.692314 2.697846
-10.608965 8.901978 -2.691977 2.697829
-10.558640 8.986110 -2.695060 2.697987
-10.489779 9.054536 -2.693553 2.697910
-10.418280 9.120513 -2.691478 2.697804
-10.357211 9.195564 -2.692222 2.697842
-10.286488 9.261994 -2.690580 2.697757
-10.215984 9.328478 -2.689108 2.697682
-10.151081 9.400005 -2.689233 2.697689
-10.081924 9.467556 -2.688356 2.697644
-10.012107 9.534402 -2.687424 2.697596
-9.942520 9.601380 -2.686672 2.697557
-9.851513 9.647318 -2.680215 2.697227
-9.768003 9.700047 -2.675854 2.697004
-9.692730 9.760634 -2.673835 2.696900
-9.607750 9.811113 -2.669223 2.696664
-9.517512 9.855672 -2.663204 2.696356
-9.423896 9.896069 -2.656276 2.696001
-9.348676 9.955329 -2.654600 2.695915
-9.268143 10.008682 -2.651508 2.695757
-9.181381 10.054897 -2.646706 2.695511
-9.103785 10.110777 -2.644620 2.695405
-9.022132 10.161875 -2.641446 2.695242
-8.934847 10.206194 -2.636688 2.694998
-8.864519 10.269643 -2.637027 2.695016
-8.787957 10.325816 -2.635633 2.694944
-8.699591 10.367768 -2.630774 2.694696
-8.624256 10.424937 -2.629938 2.694653
-8.545843 10.478241 -2.628270 2.694567
-8.463286 10.526205 -2.625417 2.694421
-8.375151 10.566813 -2.620897 2.694190
-8.299170 10.622455 -2.620264 2.694157
-8.230108 10.687016 -2.621952 2.694244
-8.148777 10.735619 -2.619855 2.694136
-8.069330 10.786495 -2.618459 2.694065
-7.998001 10.848228 -2.619826 2.694135
-7.915127 10.894238 -2.617529 2.694017
-7.831376 10.938754 -2.615024 2.693889
-7.750505 10.987043 -2.613569 2.693815
-7.671814 11.038293 -2.612956 2.693783
-7.594288 11.091180 -2.612861 2.693779
-7.515026 11.141484 -2.612288 2.693749
-7.442969 11.202572 -2.614364 2.693855
-7.374308 11.269125 -2.617817 2.694032
-7.296837 11.322474 -2.618312 2.694057
-7.215696 11.370120 -2.617617 2.694022
-7.131789 11.413248 -2.616020 2.693940
-7.060015 11.475895 -2.619018 2.694094
-6.985006 11.533618 -2.620998 2.694195
-6.906569 11.585876 -2.621852 2.694239
-6.827922 11.637915 -2.622777 2.694286
-6.751676 11.694245 -2.624786 2.694389
-6.678672 11.756593 -2.628250 2.694566
-6.605232 11.818673 -2.631755 2.694746
-6.534181 11.885629 -2.636443 2.694986
-6.464122 11.955147 -2.641788 2.695260
-6.391190 12.020080 -2.646212 2.695486
-6.316459 12.082277 -2.650132 2.695687
-6.241207 12.144076 -2.654065 2.695888
-6.157588 12.189951 -2.654632 2.695917
-6.083277 12.254684 -2.659415 2.696162
-6.012545 12.327543 -2.666052 2.696502
-5.926928 12.370457 -2.666319 2.696516
-5.848599 12.428907 -2.670051 2.696707
-5.771686 12.491072 -2.674685 2.696944
-5.693008 12.550170 -2.678763 2.697153
-5.613016 12.607039 -2.682472 2.697342
-5.527337 12.651581 -2.683673 2.697404
-5.446336 12.707255 -2.687352 2.697592
-5.364939 12.762683 -2.691087 2.697783
-5.281151 12.813038 -2.693865 2.697926
-5.195723 12.859865 -2.696018 2.698036
-5.114475 12.917695 -2.700590 2.698270
-5.034949 12.980876 -2.706384 2.698567
-4.951982 13.036181 -2.710641 2.698785
-4.868145 13.090052 -2.714709 2.698993
-4.784127 13.144280 -2.718963 2.699211
-4.697325 13.191627 -2.721907 2.699362
-4.608556 13.233972 -2.723939 2.699466
-4.517292 13.269456 -2.724685 2.699504
-4.427570 13.309771 -2.726549 2.699599
-4.335402 13.342997 -2.727089 2.699627
-4.242935 13.375433 -2.727598 2.699653
-4.147476 13.398333 -2.726296 2.699586
-4.053976 13.427412 -2.726388 2.699591
-3.964691 13.470870 -2.729525 2.699752
-3.871611 13.501911 -2.730272 2.699790
-3.778357 13.532562 -2.731069 2.699831
-3.684927 13.562788 -2.731911 2.699874
-3.592608 13.597472 -2.733778 2.699970
-3.500363 13.633021 -2.735946 2.700080
-3.411298 13.681968 -2.740922 2.700335
-3.321775 13.730565 -2.745945 2.700592
-3.230859 13.774858 -2.750225 2.700811
-3.136752 13.806478 -2.752099 2.700907
-3.044724 13.848205 -2.756112 2.701113
-2.952941 13.892496 -2.760757 2.701351
-2.857996 13.923063 -2.762799 2.701455
-2.764700 13.962779 -2.766782 2.701659
-2.672405 14.009254 -2.772227 2.701938
-2.577828 14.045488 -2.775768 2.702119
-2.482407 14.078430 -2.778786 2.702274
-2.388217 14.119976 -2.783627 2.702522
-2.294263 14.165236 -2.789324 2.702813
-2.198660 14.202497 -2.793571 2.703031
-2.101871 14.233850 -2.796783 2.703195
-2.004760 14.264610 -2.800009 2.703361
-1.908633 14.304527 -2.805160 2.703624
-1.812532 14.347706 -2.811078 2.703927
-1.714923 14.381800 -2.815343 2.704145
-1.616581 14.412157 -2.819008 2.704333
-1.517816 14.441058 -2.822519 2.704513
-1.418752 14.469532 -2.826080 2.704695
-1.319373 14.497518 -2.829678 2.704880
-1.219185 14.518923 -2.832125 2.705005
-1.119093 14.543930 -2.835410 2.705173
-1.018650 14.567372 -2.838525 2.705332
-0.917341 14.580689 -2.839803 2.705398
-0.816007 14.595436 -2.841496 2.705484
-0.714356 14.606134 -2.842538 2.705538
-0.612604 14.616329 -2.843621 2.705593
-0.510752 14.626019 -2.844743 2.705651
-0.408800 14.635205 -2.845905 2.705710
-0.306741 14.643887 -2.847108 2.705772
-0.204713 14.660754 -2.850040 2.705922
-0.102509 14.683299 -2.854214 2.706136
0.000000 14.695831 -2.856580 2.706257
0.102604 14.696856 -2.856849 2.706271
0.205247 14.698458 -2.857369 2.706297
0.308144 14.710499 -2.860059 2.706435
0.411152 14.719398 -2.862277 2.706548
0.514174 14.724013 -2.863803 2.706627
0.617289 14.728114 -2.865369 2.706707
0.721183 14.745557 -2.869672 2.706927
0.824709 14.750937 -2.871769 2.707035
0.928219 14.753587 -2.873477 2.707122
1.032704 14.768354 -2.877687 2.707337
1.136479 14.769880 -2.879460 2.707428
1.240351 14.770886 -2.881275 2.707521
1.344303 14.771371 -2.883130 2.707616
1.448931 14.777328 -2.886196 2.707773
1.554961 14.794470 -2.891594 2.708050
1.659953 14.798830 -2.894641 2.708206
1.764450 14.797081 -2.896638 2.708308
1.870612 14.807392 -2.901142 2.708538
1.976672 14.814456 -2.905159 2.708744
2.081460 14.810355 -2.907134 2.708845
2.186304 14.805633 -2.909132 2.708947
2.291210 14.800286 -2.911153 2.709051
2.396160 14.794316 -2.913198 2.709156
2.504127 14.805281 -2.918729 2.709439
2.612159 14.814288 -2.924028 2.709710
2.717489 14.806442 -2.926153 2.709819
2.822868 14.797967 -2.928302 2.709929
2.928277 14.788862 -2.930474 2.710040
3.033721 14.779126 -2.932670 2.710153
3.142814 14.785779 -2.938273 2.710440
3.247854 14.772098 -2.939988 2.710527
3.352862 14.757655 -2.941701 2.710615
3.457814 14.742454 -2.943411 2.710703
3.562715 14.726491 -2.945118 2.710790
3.667557 14.709768 -2.946823 2.710877
3.772336 14.692284 -2.948524 2.710964
3.877053 14.674036 -2.950222 2.711051
3.981686 14.655027 -2.951917 2.711138
4.086239 14.635257 -2.953609 2.711225
4.190704 14.614723 -2.955298 2.711311
4.295077 14.593427 -2.956983 2.711397
4.399360 14.571365 -2.958664 2.711483
4.503530 14.548543 -2.960342 2.711570
4.607590 14.524958 -2.962016 2.711655
4.711533 14.500608 -2.963686 2.711740
4.815355 14.475496 -2.965352 2.711826
4.919057 14.449619 -2.967014 2.711911
5.022617 14.422980 -2.968672 2.711996
5.126037 14.395579 -2.970325 2.712080
5.229312 14.367416 -2.971975 2.712165
5.332435 14.338490 -2.973620 2.712249
5.435409 14.308801 -2.975260 2.712333
5.538211 14.278352 -2.976896 2.712417
5.640844 14.247141 -2.978526 2.712501
5.743302 14.215170 -2.980152 2.712584
5.845578 14.182440 -2.981773 2.712667
5.947093 14.147562 -2.983098 2.712734
6.049571 14.114697 -2.985000 2.712832
6.151267 14.079689 -2.986606 2.712914
6.252566 14.043493 -2.988115 2.712991
6.349701 13.997842 -2.987761 2.712973
6.453636 13.966936 -2.990709 2.713124
6.555947 13.932089 -2.992974 2.713240
6.656557 13.893303 -2.994552 2.713321
6.756932 13.853763 -2.996124 2.713402
6.857065 13.813471 -2.997690 2.713482
6.955977 13.770483 -2.998828 2.713540
7.056591 13.730633 -3.000805 2.713641
7.155963 13.688091 -3.002353 2.713720
7.255071 13.644803 -3.003894 2.713799
7.353907 13.600769 -3.005429 2.713878
7.452472 13.555986 -3.006958 2.713956
7.550747 13.510464 -3.008480 2.714034
7.648732 13.464200 -3.009995 2.714112
7.746421 13.417195 -3.011503 2.714189
7.843809 13.369452 -3.013005 2.714266
7.940897 13.320969 -3.014500 2.714342
8.037663 13.271752 -3.015987 2.714418
8.134109 13.221804 -3.017467 2.714494
8.230230 13.171123 -3.018941 2.714570
8.326020 13.119711 -3.020406 2.714645
8.421478 13.067568 -3.021864 2.714720
8.516586 13.014702 -3.023315 2.714794
8.611344 12.961112 -3.024758 2.714868
8.705747 12.906800 -3.026193 2.714941
8.799788 12.851768 -3.027621 2.715014
8.893468 12.796015 -3.029040 2.715087
8.986768 12.739549 -3.030451 2.715159
9.079687 12.682370 -3.031855 2.715231
9.172222 12.624480 -3.033250 2.715302
9.264365 12.565883 -3.034636 2.715373
9.356118 12.506573 -3.036015 2.715444
9.447461 12.446565 -3.037384 2.715514
9.538395 12.385856 -3.038746 2.715584
9.628914 12.324448 -3.040098 2.715653
9.719012 12.262344 -3.041442 2.715722
9.808690 12.199542 -3.042777 2.715790
9.897929 12.136055 -3.044103 2.715858
9.986731 12.071880 -3.045419 2.715925
10.075087 12.007021 -3.046727 2.715992
10.162993 11.941480 -3.048026 2.716059
10.250452 11.875255 -3.049315 2.716125
10.337441 11.808359 -3.050595 2.716190
10.423965 11.740791 -3.051865 2.716255
10.510015 11.672554 -3.053126 2.716320
10.595587 11.603650 -3.054377 2.716384
10.694973 11.549513 -3.059707 2.716657
10.794067 11.494510 -3.065025 2.716929
10.878942 11.424013 -3.066404 2.717000
10.962772 11.352283 -3.067619 2.717062
11.046094 11.279902 -3.068824 2.717124
11.128908 11.206867 -3.070018 2.717185
11.211197 11.133195 -3.071203 2.717245
11.292961 11.058882 -3.072376 2.717306
11.374195 10.983932 -3.073540 2.717365
11.454894 10.908351 -3.074693 2.717424
11.535058 10.832133 -3.075835 2.717483
11.614670 10.755298 -3.076967 2.717541
11.693729 10.677840 -3.078088 2.717598
11.772232 10.599765 -3.079198 2.717655
11.850172 10.521077 -3.080297 2.717711
11.927550 10.441774 -3.081385 2.717767
12.004350 10.361873 -3.082462 2.717822
12.080571 10.281369 -3.083528 2.717876
12.156209 10.200271 -3.084583 2.717931
12.231258 10.118579 -3.085626 2.717984
12.305719 10.036293 -3.086658 2.718037
12.379576 9.953430 -3.087679 2.718089
12.452828 9.869988 -3.088688 2.718141
12.525473 9.785972 -3.089685 2.718192
12.597503 9.701385 -3.090671 2.718242
12.668919 9.616226 -3.091645 2.718292
12.739706 9.530514 -3.092607 2.718341
12.809865 9.444244 -3.093558 2.718390
12.879390 9.357425 -3.094496 2.718438
12.948277 9.270058 -3.095422 2.718486
13.016524 9.182142 -3.096336 2.718532
13.084120 9.093697 -3.097239 2.718578
13.151063 9.004719 -3.098128 2.718624
13.217349 8.915215 -3.099006 2.718669
13.282972 8.825188 -3.099871 2.718714
13.347935 8.734638 -3.100724 2.718757
13.412221 8.643582 -3.101564 2.718800
13.475832 8.552021 -3.102392 2.718842
13.538763 8.459958 -3.103207 2.718884
13.601010 8.367399 -3.104010 2.718925
13.662573 8.274343 -3.104800 2.718966
13.723438 8.180807 -3.105577 2.719005
13.783607 8.086792 -3.106341 2.719045
13.843073 7.992302 -3.107092 2.719083
13.901834 7.897343 -3.107831 2.719121
13.959889 7.801913 -3.108556 2.719158
14.017227 7.706032 -3.109268 2.719194
14.073847 7.609699 -3.109967 2.719230
14.129745 7.512918 -3.110654 2.719265
14.184916 7.415697 -3.111326 2.719300
14.239363 7.318033 -3.111986 2.719333
14.293072 7.219946 -3.112632 2.719367
14.346044 7.121436 -3.113265 2.719399
14.398274 7.022508 -3.113885 2.719431
14.449761 6.923167 -3.114491 2.719462
14.500504 6.823413 -3.115084 2.719492
14.550490 6.723267 -3.115663 2.719522
14.599721 6.622725 -3.116228 2.719551
14.648192 6.521796 -3.116780 2.719579
14.695903 6.420484 -3.117318 2.719607
14.742850 6.318788 -3.117843 2.719634
14.789025 6.216730 -3.118353 2.719660
14.834428 6.114308 -3.118850 2.719685
14.879056 6.011529 -3.119333 2.719710
14.922905 5.908398 -3.119802 2.719734
14.965976 5.804914 -3.120258 2.719757
15.008259 5.701099 -3.120699 2.719780
15.049755 5.596952 -3.121127 2.719802
15.090460 5.492478 -3.121540 2.719823
15.130372 5.387685 -3.121940 2.719843
15.169491 5.282570 -3.122325 2.719863
15.207808 5.177156 -3.122696 2.719882
6.971444 2.319090 -1.428123 2.633120
6.971853 2.265292 -1.424932 2.632956
6.972260 2.211732 -1.421825 2.632797
6.972667 2.158398 -1.418800 2.632643
6.973071 2.105293 -1.415857 2.632492
6.973475 2.052404 -1.412995 2.632345
6.973876 1.999727 -1.410214 2.632203
6.974277 1.947254 -1.407511 2.632065
6.974677 1.894975 -1.404888 2.631930
6.975075 1.842893 -1.402342 2.631800
6.975472 1.790996 -1.399874 2.631674
6.975869 1.739279 -1.397483 2.631551
6.976264 1.687737 -1.395167 2.631433
6.976658 1.636358 -1.392928 2.631318
6.977052 1.585146 -1.390763 2.631207
6.977444 1.534090 -1.388672 2.631100
6.977836 1.483185 -1.386656 2.630997
6.978226 1.432425 -1.384712 2.630897
6.978616 1.381801 -1.382841 2.630801
6.979005 1.331315 -1.381043 2.630709
6.979394 1.280958 -1.379317 2.630621
6.979782 1.230724 -1.377662 2.630536
6.980169 1.180608 -1.376078 2.630455
6.980556 1.130601 -1.374565 2.630378
6.980942 1.080705 -1.373122 2.630304
6.981328 1.030912 -1.371748 2.630234
6.981713 0.981216 -1.370445 2.630167
6.982098 0.931612 -1.369210 2.630103
6.982482 0.882090 -1.368044 2.630044
6.982867 0.832655 -1.366948 2.629988
6.983251 0.783296 -1.365919 2.629935
6.983634 0.734010 -1.364958 2.629886
6.984017 0.684790 -1.364066 2.629840
6.984401 0.635628 -1.363240 2.629798
6.984784 0.586527 -1.362483 2.629759
6.985167 0.537479 -1.361792 2.629724
6.985549 0.488477 -1.361169 2.629692
6.985932 0.439518 -1.360613 2.629663
6.986315 0.390593 -1.360123 2.629638
6.986698 0.341705 -1.359700 2.629616
6.987081 0.292845 -1.359343 2.629598
6.987464 0.244008 -1.359053 2.629584
6.987847 0.195189 -1.358830 2.629572
6.988231 0.146380 -1.358672 2.629564
6.988615 0.097584 -1.358582 2.629559
16.072580 0.112208 -3.124269 2.719962
13.333822 -0.000000 -3.078356 2.717612
13.332372 -0.093079 -3.078095 2.717598
13.330220 -0.186137 -3.077824 2.717585
13.327369 -0.279169 -3.077541 2.717570
13.323819 -0.372168 -3.077246 2.717555
13.319570 -0.465130 -3.076939 2.717539
13.314623 -0.558048 -3.076622 2.717523
13.308977 -0.650918 -3.076292 2.717506
13.302634 -0.743733 -3.075951 2.717489
13.295595 -0.836488 -3.075599 2.717471
13.287860 -0.929178 -3.075235 2.717452
13.279428 -1.021796 -3.074860 2.717433
13.270303 -1.114339 -3.074474 2.717413
13.260484 -1.206799 -3.074076 2.717392
13.249971 -1.299171 -3.073666 2.717372
13.238768 -1.391451 -3.073246 2.717350
13.226872 -1.483631 -3.072814 2.717328
13.214287 -1.575708 -3.072371 2.717305
13.201013 -1.667676 -3.071917 2.717282
13.187051 -1.759528 -3.071452 2.717258
13.172401 -1.851260 -3.070975 2.717234
13.157067 -1.942867 -3.070487 2.717209
13.141048 -2.034342 -3.069989 2.717183
13.124347 -2.125680 -3.069479 2.717157
13.106963 -2.216877 -3.068958 2.717131
13.088899 -2.307926 -3.068427 2.717103
13.070156 -2.398823 -3.067884 2.717076
13.050735 -2.489561 -3.067331 2.717047
13.030640 -2.580136 -3.066766 2.717018
13.009869 -2.670543 -3.066191 2.716989
12.988595 -2.760811 -3.065645 2.716961
12.966480 -2.850866 -3.065048 2.716930
12.943697 -2.940736 -3.064441 2.716899
12.920245 -3.030416 -3.063823 2.716868
12.896128 -3.119902 -3.063195 2.716835
12.871346 -3.209187 -3.062556 2.716803
12.845903 -3.298268 -3.061906 2.716769
12.819800 -3.387137 -3.061246 2.716736
12.793038 -3.475792 -3.060575 2.716701
12.765621 -3.564225 -3.059894 2.716666
12.737549 -3.652433 -3.059203 2.716631
12.708825 -3.740411 -3.058502 2.716595
12.679451 -3.828152 -3.057790 2.716559
12.649430 -3.915653 -3.057068 2.716522
12.618763 -4.002908 -3.056336 2.716484
12.587453 -4.089911 -3.055594 2.716446
12.555503 -4.176660 -3.054842 2.716408
12.522913 -4.263148 -3.054080 2.716369
12.489688 -4.349370 -3.053308 2.716329
12.455829 -4.435321 -3.052526 2.716289
12.421338 -4.520998 -3.051734 2.716249
12.398896 -4.611108 -3.054055 2.716367
12.378383 -4.702107 -3.057014 2.716519
12.357139 -4.793018 -3.059957 2.716670
12.335163 -4.883837 -3.062883 2.716820
12.283534 -4.962870 -3.058592 2.716600
12.192064 -5.025206 -3.044478 2.715877
12.118448 -5.094127 -3.034902 2.715387
12.046613 -5.163185 -3.025865 2.714924
11.973783 -5.231217 -3.016672 2.714453
11.896455 -5.296643 -3.006433 2.713929
11.810638 -5.357543 -2.994125 2.713299
11.728508 -5.419332 -2.982823 2.712720
11.653896 -5.483908 -2.973512 2.712244
11.561749 -5.539462 -2.959796 2.711541
11.484311 -5.601273 -2.949911 2.711035
11.412715 -5.665321 -2.941608 2.710610
11.341196 -5.728850 -2.933411 2.710191
11.257930 -5.785790 -2.922251 2.709619
11.176890 -5.843137 -2.911733 2.709081
11.101089 -5.902554 -2.902651 2.708616
11.021235 -5.959159 -2.892579 2.708100
10.936939 -6.012634 -2.881402 2.707528
10.859972 -6.069434 -2.872218 2.707057
10.783145 -6.125679 -2.863139 2.706593
10.706491 -6.181395 -2.854175 2.706134
10.630021 -6.236596 -2.845327 2.705681
10.553612 -6.291215 -2.836562 2.705232
10.477328 -6.345295 -2.827897 2.704788
10.401176 -6.398847 -2.819332 2.704350
10.322157 -6.449999 -2.810050 2.703875
10.238544 -6.497578 -2.799569 2.703338
10.155386 -6.544700 -2.789256 2.702810
10.079906 -6.596106 -2.781105 2.702393
10.004542 -6.647003 -2.773048 2.701980
9.926295 -6.695371 -2.764248 2.701530
9.843836 -6.740215 -2.754322 2.701021
9.761717 -6.784569 -2.744531 2.700520
9.683358 -6.830858 -2.735842 2.700075
9.604943 -6.876465 -2.727185 2.699632
9.526747 -6.921587 -2.718636 2.699194
9.455875 -6.971473 -2.712234 2.698866
9.386937 -7.022326 -2.706457 2.698571
9.309252 -7.066107 -2.698216 2.698148
9.235528 -7.112315 -2.691175 2.697788
9.167036 -7.162074 -2.685721 2.697509
9.092761 -7.206834 -2.678636 2.697146
9.016047 -7.249087 -2.670880 2.696749
8.947993 -7.297806 -2.665749 2.696486
8.879971 -7.346151 -2.660698 2.696228
8.811996 -7.394144 -2.655733 2.695974
8.739111 -7.437567 -2.649352 2.695647
8.662786 -7.477516 -2.641974 2.695269
8.593699 -7.523215 -2.636859 2.695007
8.525070 -7.568912 -2.631950 2.694756
8.449156 -7.607654 -2.624847 2.694392
8.373416 -7.645980 -2.617837 2.694033
8.297850 -7.683893 -2.610919 2.693679
8.222453 -7.721398 -2.604094 2.693330
8.147224 -7.758497 -2.597360 2.692985
8.072200 -7.795233 -2.590729 2.692645
7.997344 -7.831578 -2.584189 2.692311
7.910466 -7.855433 -2.573774 2.691777
7.824087 -7.878901 -2.563504 2.691251
7.744663 -7.908590 -2.555510 2.690842
7.665511 -7.937869 -2.547616 2.690438
7.586484 -7.966594 -2.539774 2.690037
7.502130 -7.988956 -2.530144 2.689543
7.418182 -8.010908 -2.520633 2.689056
7.334637 -8.032454 -2.511239 2.688575
7.250423 -8.052411 -2.501592 2.688081
7.164748 -8.069850 -2.491410 2.687560
7.075531 -8.082314 -2.479947 2.686973
6.990793 -8.098911 -2.470004 2.686464
6.909348 -8.118456 -2.461194 2.686013
6.828276 -8.137622 -2.452492 2.685568
6.747571 -8.156413 -2.443899 2.685127
6.663842 -8.170678 -2.434174 2.684630
6.577805 -8.181139 -2.423550 2.684086
6.494967 -8.194610 -2.414049 2.683599
6.415846 -8.211909 -2.405892 2.683182
6.337070 -8.228854 -2.397836 2.682769
6.258636 -8.245449 -2.389881 2.682362
6.179381 -8.260150 -2.381580 2.681937
6.096256 -8.268762 -2.371734 2.681433
6.013645 -8.277072 -2.362018 2.680935
5.931562 -8.285119 -2.352440 2.680445
5.849984 -8.292880 -2.342990 2.679961
5.772439 -8.305452 -2.335099 2.679557
5.696546 -8.319596 -2.327837 2.679185
5.618714 -8.330087 -2.319741 2.678771
5.538896 -8.336709 -2.310760 2.678311
5.460115 -8.343930 -2.302140 2.677870
5.385599 -8.356813 -2.295264 2.677517
5.311354 -8.369355 -2.288469 2.677170
5.237399 -8.381591 -2.281760 2.676826
5.163742 -8.393543 -2.275145 2.676487
5.088634 -8.402333 -2.267843 2.676113
5.011643 -8.407109 -2.259633 2.675693
4.938014 -8.416642 -2.252874 2.675347
4.865160 -8.426705 -2.246422 2.675017
4.792595 -8.436495 -2.240057 2.674691
4.722134 -8.449264 -2.234640 2.674413
4.653599 -8.464867 -2.230119 2.674182
4.584427 -8.478722 -2.225283 2.673934
4.513174 -8.488046 -2.219407 2.673634
4.441967 -8.496699 -2.213507 2.673331
4.370937 -8.504924 -2.207646 2.673031
4.300182 -8.512914 -2.201873 2.672736
4.229688 -8.520652 -2.196183 2.672445
4.159452 -8.528140 -2.190576 2.672157
4.089470 -8.535382 -2.185049 2.671875
4.019732 -8.542365 -2.179599 2.671595
3.950229 -8.549081 -2.174223 2.671320
3.880972 -8.555555 -2.168926 2.671049
3.811966 -8.561816 -2.163714 2.670782
3.745231 -8.572496 -2.159753 2.670579
3.678758 -8.583187 -2.155923 2.670383
3.610254 -8.588457 -2.150863 2.670124
3.541990 -8.593512 -2.145884 2.669869
3.474557 -8.599831 -2.141352 2.669637
3.408863 -8.609804 -2.137858 2.669458
3.341399 -8.614643 -2.133215 2.669221
3.274079 -8.619076 -2.128600 2.668984
3.206971 -8.623283 -2.124059 2.668752
3.141907 -8.632320 -2.120830 2.668586
3.076968 -8.641130 -2.117665 2.668424
3.012149 -8.649716 -2.114564 2.668266
2.945848 -8.653373 -2.110379 2.668051
2.879619 -8.656454 -2.106176 2.667836
2.813584 -8.659320 -2.102043 2.667624
2.749197 -8.666570 -2.099092 2.667473
2.685061 -8.674033 -2.096309 2.667331
2.621032 -8.681279 -2.093586 2.667192
2.556125 -8.684966 -2.090121 2.667014
2.492458 -8.692234 -2.087632 2.666887
2.428879 -8.699270 -2.085198 2.666762
2.365388 -8.706076 -2.082820 2.666640
2.301981 -8.712651 -2.080498 2.666521
2.238658 -8.718998 -2.078231 2.666405
2.174976 -8.723353 -2.075599 2.666271
2.110548 -8.723963 -2.072188 2.666096
2.046282 -8.724370 -2.068841 2.665925
1.982393 -8.725538 -2.065785 2.665768
1.919579 -8.730745 -2.063795 2.665666
1.856837 -8.735729 -2.061858 2.665567
1.794389 -8.741584 -2.060233 2.665484
1.732944 -8.752008 -2.059789 2.665461
1.671478 -8.762199 -2.059391 2.665441
1.609610 -8.770074 -2.058550 2.665398
1.547086 -8.773958 -2.056876 2.665312
1.484624 -8.777623 -2.055256 2.665229
1.422222 -8.781070 -2.053688 2.665149
1.359880 -8.784297 -2.052172 2.665071
1.297597 -8.787307 -2.050709 2.664996
1.235502 -8.791056 -2.049521 2.664936
1.174084 -8.799354 -2.049495 2.664934
1.112635 -8.807421 -2.049514 2.664935
1.050988 -8.813856 -2.049254 2.664922
0.989059 -8.817655 -2.048482 2.664882
0.927497 -8.824548 -2.048529 2.664885
0.865909 -8.831223 -2.048626 2.664890
0.804234 -8.837047 -2.048624 2.664890
0.742157 -8.838120 -2.047622 2.664838
0.680155 -8.839399 -2.046768 2.664794
0.618545 -8.845611 -2.047157 2.664814
0.556895 -8.851593 -2.047592 2.664837
0.495181 -8.856966 -2.047985 2.664857
0.433177 -8.856972 -2.047237 2.664819
0.371351 -8.860152 -2.047323 2.664823
0.309569 -8.864892 -2.047869 2.664851
0.247746 -8.869451 -2.048473 2.664882
0.185879 -8.873789 -2.049125 2.664915
0.123966 -8.877898 -2.049824 2.664951
0.062008 -8.881796 -2.050574 2.664989
-0.000000 -8.886516 -2.051614 2.665042
-0.062102 -8.895224 -2.053674 2.665148
-0.124264 -8.899171 -2.054736 2.665202
-0.186473 -8.902084 -2.055659 2.665250
-0.248866 -8.909542 -2.057732 2.665356
-0.311386 -8.916924 -2.059889 2.665466
-0.374032 -8.924129 -2.062106 2.665580
-0.436996 -8.935021 -2.065278 2.665742
-0.500202 -8.946751 -2.068746 2.665920
-0.563609 -8.958315 -2.072279 2.666101
-0.627336 -8.971321 -2.076250 2.666304
-0.691661 -8.988935 -2.081394 2.666567
-0.756291 -9.006420 -2.086614 2.666835
-0.820392 -9.014584 -2.089781 2.666997
-0.884419 -9.020002 -2.092418 2.667132
-0.948591 -9.025245 -2.095119 2.667270
-1.012911 -9.030300 -2.097883 2.667412
-1.077378 -9.035161 -2.100709 2.667556
-1.141999 -9.039845 -2.103600 2.667704
-1.209677 -9.066107 -2.111625 2.668115
-1.276888 -9.085529 -2.118174 2.668450
-1.344479 -9.104792 -2.124801 2.668790
-1.412454 -9.123892 -2.131508 2.669133
-1.480816 -9.142831 -2.138295 2.669481
-1.549569 -9.161604 -2.145164 2.669832
-1.618790 -9.180614 -2.152209 2.670193
-1.690310 -9.209775 -2.161759 2.670682
-1.760864 -9.230772 -2.169520 2.671079
-1.834031 -9.262528 -2.179940 2.671613
-1.907655 -9.293374 -2.190280 2.672142
-1.984432 -9.336020 -2.203543 2.672822
-2.062153 -9.379209 -2.217080 2.673514
-2.143979 -9.436756 -2.234167 2.674389
-2.220934 -9.468997 -2.245417 2.674965
-2.297077 -9.494980 -2.255326 2.675472
-2.375963 -9.529466 -2.267402 2.676091
-2.454615 -9.560094 -2.278712 2.676670
-2.545762 -9.635321 -2.300822 2.677802
-2.630194 -9.680717 -2.315991 2.678579
-2.713296 -9.717935 -2.329370 2.679264
-2.800251 -9.765635 -2.345433 2.680086
-2.881209 -9.789508 -2.355940 2.680624
-2.960046 -9.804145 -2.364378 2.681056
-3.045853 -9.839559 -2.377989 2.681753
-3.140791 -9.901028 -2.398085 2.682782
-3.222094 -9.916585 -2.407243 2.683251
-3.301201 -9.923776 -2.414524 2.683624
-3.380932 -9.931420 -2.422068 2.684010
-3.464241 -9.947941 -2.431936 2.684515
-3.544758 -9.954839 -2.439613 2.684908
-3.627310 -9.965953 -2.448483 2.685362
-3.711579 -9.980133 -2.458273 2.685863
-3.794656 -9.989500 -2.467046 2.686313
-3.874449 -9.988925 -2.473524 2.686644
-3.956681 -9.993437 -2.481421 2.687049
-4.044207 -10.009763 -2.492424 2.687612
-4.127150 -10.013216 -2.500398 2.688020
-4.207798 -10.009953 -2.506858 2.688351
-4.286998 -10.002315 -2.512379 2.688634
-4.367326 -9.996414 -2.518494 2.688947
-4.451118 -9.997375 -2.526504 2.689357
-4.532337 -9.991481 -2.532949 2.689687
-4.612287 -9.981902 -2.538622 2.689977
-4.690665 -9.968167 -2.543395 2.690222
-4.769191 -9.954070 -2.548232 2.690470
-4.844959 -9.933638 -2.551598 2.690642
-4.920485 -9.912253 -2.554867 2.690809
-4.996074 -9.890544 -2.558199 2.690980
-5.071722 -9.868502 -2.561594 2.691154
-5.147430 -9.846126 -2.565051 2.691331
-5.221351 -9.819933 -2.567661 2.691464
-5.293912 -9.790885 -2.569667 2.691567
-5.366444 -9.761524 -2.571731 2.691673
-5.438953 -9.731859 -2.573857 2.691781
-5.511441 -9.701891 -2.576045 2.691894
-5.583868 -9.671542 -2.578275 2.692008
-5.653163 -9.635583 -2.579147 2.692052
-5.722371 -9.599365 -2.580083 2.692100
-5.791487 -9.562880 -2.581081 2.692151
-5.860511 -9.526126 -2.582141 2.692206
-5.929448 -9.489100 -2.583263 2.692263
-5.998828 -9.452640 -2.584676 2.692335
-6.070973 -9.420305 -2.587360 2.692473
-6.143098 -9.387637 -2.590104 2.692613
-6.215215 -9.354650 -2.592912 2.692757
-6.287326 -9.321344 -2.595783 2.692904
-6.358397 -9.286204 -2.598296 2.693033
-6.428478 -9.249368 -2.600483 2.693145
-6.498038 -9.211554 -2.602543 2.693250
-6.566450 -9.171920 -2.604234 2.693337
-6.634788 -9.132002 -2.605988 2.693427
-6.701878 -9.090206 -2.607349 2.693496
-6.767695 -9.046564 -2.608320 2.693546
-6.835566 -9.005525 -2.610183 2.693641
-6.905067 -8.966413 -2.612756 2.693773
-6.974508 -8.926963 -2.615385 2.693908
-7.046864 -8.890926 -2.619178 2.694102
-7.120852 -8.856552 -2.623632 2.694330
-7.194872 -8.821786 -2.628149 2.694561
-7.264617 -8.781412 -2.631167 2.694716
-7.333910 -8.740213 -2.634099 2.694866
-7.401172 -8.696345 -2.636387 2.694983
-7.467242 -8.650883 -2.638345 2.695083
-7.533177 -8.605080 -2.640350 2.695186
-7.598977 -8.558932 -2.642405 2.695291
-7.668906 -8.517182 -2.645980 2.695474
-7.745265 -8.482145 -2.651830 2.695774
-7.823403 -8.448505 -2.658324 2.696106
-7.909937 -8.423228 -2.667680 2.696585
-7.994236 -8.394773 -2.676280 2.697026
-8.082257 -8.369423 -2.686121 2.697529
-8.171752 -8.344716 -2.696436 2.698057
-8.234584 -8.292273 -2.698000 2.698138
-8.289907 -8.232235 -2.697231 2.698098
-8.344820 -8.171850 -2.696469 2.698059
-8.399316 -8.111125 -2.695715 2.698020
-8.453398 -8.050059 -2.694968 2.697982
-8.507059 -7.988659 -2.694230 2.697944
-8.560300 -7.926925 -2.693499 2.697907
-8.613120 -7.864858 -2.692777 2.697870
-8.665515 -7.802465 -2.692062 2.697834
-8.717486 -7.739744 -2.691355 2.697797
-8.769029 -7.676703 -2.690656 2.697762
-8.820141 -7.613342 -2.689965 2.697726
-8.870825 -7.549662 -2.689282 2.697691
-8.921075 -7.485670 -2.688607 2.697657
-8.970891 -7.421364 -2.687940 2.697622
-9.020270 -7.356752 -2.687281 2.697589
-9.069212 -7.291835 -2.686630 2.697555
-9.117717 -7.226612 -2.685987 2.697522
-9.165778 -7.161090 -2.685352 2.697490
-9.213399 -7.095270 -2.684726 2.697458
-9.260573 -7.029157 -2.684107 2.697426
-9.307303 -6.962753 -2.683497 2.697395
-9.353587 -6.896058 -2.682895 2.697364
-9.399421 -6.829079 -2.682301 2.697334
-9.444805 -6.761814 -2.681715 2.697304
-9.489737 -6.694272 -2.681138 2.697274
-9.534214 -6.626452 -2.680569 2.697245
-9.578239 -6.558356 -2.680008 2.697216
-9.621806 -6.489990 -2.679455 2.697188
-9.664918 -6.421354 -2.678911 2.697160
-9.707568 -6.352454 -2.678375 2.697133
-9.749758 -6.283291 -2.677847 2.697106
-9.791487 -6.213865 -2.677328 2.697079
-9.832751 -6.144185 -2.676817 2.697053
-9.873553 -6.074248 -2.676314 2.697027
-9.913887 -6.004063 -2.675820 2.697002
-9.953753 -5.933629 -2.675335 2.696977
-9.993153 -5.862947 -2.674857 2.696953
-10.032081 -5.792025 -2.674388 2.696929
-10.070539 -5.720860 -2.673928 2.696905
-10.108523 -5.649462 -2.673476 2.696882
-10.146033 -5.577830 -2.673033 2.696859
-10.183070 -5.505964 -2.672598 2.696837
-10.219629 -5.433873 -2.672171 2.696815
-10.255712 -5.361555 -2.671753 2.696794
-10.291315 -5.289017 -2.671344 2.696773
-10.326438 -5.216260 -2.670943 2.696752
-10.361081 -5.143284 -2.670551 2.696732
-10.395241 -5.070098 -2.670167 2.696712
-10.428919 -4.996699 -2.669792 2.696693
-10.462111 -4.923095 -2.669426 2.696675
-10.494818 -4.849288 -2.669068 2.696656
-10.527040 -4.775275 -2.668719 2.696638
-10.558772 -4.701068 -2.668378 2.696621
-10.590016 -4.626663 -2.668046 2.696604
-10.620770 -4.552067 -2.667722 2.696587
-10.651034 -4.477283 -2.667408 2.696571
-10.680806 -4.402309 -2.667102 2.696556
-10.710085 -4.327155 -2.666804 2.696540
-10.738872 -4.251818 -2.666516 2.696526
-10.767161 -4.176306 -2.666236 2.696511
-10.794956 -4.100620 -2.665964 2.696497
-10.822255 -4.024759 -2.665702 2.696484
-10.849055 -3.948733 -2.665448 2.696471
-10.875359 -3.872539 -2.665203 2.696458
-10.901161 -3.796185 -2.664966 2.696446
-10.926464 -3.719672 -2.664739 2.696434
-10.951266 -3.643000 -2.664520 2.696423
-10.975566 -3.566178 -2.664310 2.696413
-10.999364 -3.489202 -2.664108 2.696402
-11.022657 -3.412082 -2.663916 2.696393
-11.045446 -3.334817 -2.663732 2.696383
-11.067731 -3.257409 -2.663557 2.696374
-11.089509 -3.179866 -2.663390 2.696366
-11.110782 -3.102184 -2.663233 2.696357
-11.131546 -3.024374 -2.663084 2.696350
-11.151802 -2.946434 -2.662944 2.696343
-11.171550 -2.868365 -2.662813 2.696336
-11.190788 -2.790177 -2.662690 2.696330
-11.209517 -2.711866 -2.662577 2.696324
-11.227734 -2.633440 -2.662472 2.696318
-11.245439 -2.554902 -2.662376 2.696314
-11.262633 -2.476249 -2.662289 2.696309
-11.279314 -2.397492 -2.662210 2.696305
-11.295482 -2.318628 -2.662141 2.696301
-11.311135 -2.239665 -2.662080 2.696298
-11.326274 -2.160603 -2.662028 2.696296
-11.340899 -2.081443 -2.661985 2.696294
-11.355007 -2.002194 -2.661951 2.696292
-11.368600 -1.922853 -2.661926 2.696290
-11.381676 -1.843429 -2.661909 2.696290
-11.394235 -1.763921 -2.661901 2.696289
-11.406276 -1.684331 -2.661902 2.696289
-11.417799 -1.604667 -2.661912 2.696290
-11.428804 -1.524926 -2.661931 2.696291
-11.439290 -1.445118 -2.661958 2.696292
-11.449256 -1.365242 -2.661995 2.696294
-11.458703 -1.285298 -2.662040 2.696296
-11.467629 -1.205296 -2.662094 2.696299
-11.476035 -1.125233 -2.662157 2.696302
-11.483920 -1.045118 -2.662229 2.696306
-11.491283 -0.964951 -2.662309 2.696310
-11.498126 -0.884731 -2.662398 2.696315
-11.504446 -0.804469 -2.662496 2.696320
-11.510243 -0.724161 -2.662603 2.696325
-11.515519 -0.643817 -2.662719 2.696331
-11.520272 -0.563436 -2.662843 2.696337
-11.524502 -0.483018 -2.662977 2.696344
-11.528208 -0.402574 -2.663119 2.696352
-11.531391 -0.322099 -2.663270 2.696359
-11.534050 -0.241603 -2.663429 2.696368
-11.536185 -0.161087 -2.663598 2.696376
-11.537796 -0.080549 -2.663775 2.696385
-11.538883 0.000000 -2.663961 2.696395
-11.539446 0.080564 -2.664156 2.696405
-11.539483 0.161133 -2.664359 2.696415
-11.538997 0.241707 -2.664572 2.696426
-11.537985 0.322286 -2.664793 2.696437
-11.536448 0.402862 -2.665022 2.696449
-11.534387 0.483436 -2.665261 2.696461
-11.531800 0.564000 -2.665508 2.696474
-11.528689 0.644553 -2.665764 2.696487
-11.525053 0.725096 -2.666029 2.696501
-11.520891 0.805619 -2.666302 2.696515
-11.516204 0.886125 -2.666584 2.696529
-11.510992 0.966606 -2.666875 2.696544
-11.505256 1.047060 -2.667175 2.696559
-11.498994 1.127487 -2.667483 2.696575
-11.492207 1.207880 -2.667799 2.696591
-11.484895 1.288239 -2.668125 2.696608
-11.477058 1.368557 -2.668459 2.696625
-11.468698 1.448833 -2.668802 2.696642
-11.459811 1.529067 -2.669153 2.696661
-11.450401 1.609249 -2.669513 2.696679
-11.440467 1.689383 -2.669882 2.696698
-11.430009 1.769459 -2.670259 2.696717
-11.419026 1.849478 -2.670645 2.696737
-11.407520 1.929439 -2.671039 2.696757
-11.395492 2.009333 -2.671442 2.696778
-11.382938 2.089162 -2.671853 2.696799
-11.369863 2.168918 -2.672273 2.696820
-11.356265 2.248600 -2.672702 2.696842
-11.342144 2.328209 -2.673138 2.696865
-11.327501 2.407735 -2.673584 2.696887
-11.312336 2.487180 -2.674038 2.696911
-11.296651 2.566537 -2.674500 2.696934
-11.280443 2.645803 -2.674971 2.696959
-11.263715 2.724981 -2.675451 2.696983
-11.246467 2.804059 -2.675938 2.697008
-11.228699 2.883042 -2.676435 2.697033
-11.210411 2.961919 -2.676939 2.697059
-11.191604 3.040691 -2.677452 2.697085
-11.172277 3.119357 -2.677973 2.697112
-11.152434 3.197909 -2.678503 2.697140
-11.132071 3.276349 -2.679041 2.697167
-11.111194 3.354668 -2.679587 2.697195
-11.089798 3.432865 -2.680142 2.697223
-11.067885 3.510942 -2.680705 2.697252
-11.045458 3.588887 -2.681276 2.697281
-11.022515 3.666705 -2.681855 2.697311
-10.999059 3.744385 -2.682443 2.697341
-10.975087 3.821929 -2.683039 2.697372
-10.950603 3.899335 -2.683643 2.697402
-10.925606 3.976595 -2.684255 2.697434
-10.900096 4.053711 -2.684876 2.697466
-10.874076 4.130674 -2.685504 2.697498
-10.847545 4.207485 -2.686141 2.697531
-10.820503 4.284142 -2.686786 2.697563
-10.792953 4.360636 -2.687438 2.697597
-10.764894 4.436971 -2.688099 2.697631
-10.736327 4.513137 -2.688768 2.697665
-10.707253 4.589134 -2.689445 2.697700
-10.677672 4.664962 -2.690130 2.697735
-10.647588 4.740612 -2.690823 2.697770
-10.616997 4.816085 -2.691524 2.697806
-10.585903 4.891375 -2.692233 2.697842
-10.554307 4.966479 -2.692950 2.697879
-10.522207 5.041399 -2.693674 2.697916
-10.489608 5.116124 -2.694407 2.697954
-10.456507 5.190657 -2.695147 2.697992
-10.422908 5.264990 -2.695895 2.698030
-10.388810 5.339122 -2.696651 2.698068
-10.354214 5.413054 -2.697415 2.698107
-10.319122 5.486775 -2.698186 2.698147
-10.283534 5.560288 -2.698966 2.698187
-10.247454 5.633586 -2.699752 2.698227
-10.210879 5.706666 -2.700547 2.698268
-10.173811 5.779531 -2.701349 2.698309
-10.136252 5.852168 -2.702159 2.698350
-10.098203 5.924583 -2.702976 2.698392
-10.059666 5.996765 -2.703801 2.698435
-10.020641 6.068715 -2.704634 2.698477
-9.981128 6.140432 -2.705474 2.698520
-9.941130 6.211907 -2.706321 2.698564
-9.900647 6.283144 -2.707176 2.698607
-9.859682 6.354132 -2.708039 2.698652
-9.818234 6.424872 -2.708909 2.698696
-9.776305 6.495363 -2.709786 2.698741
-9.733898 6.565598 -2.710670 2.698786
-9.691011 6.635576 -2.711562 2.698832
-9.647649 6.705292 -2.712461 2.698878
-9.603811 6.774743 -2.713367 2.698924
-9.559498 6.843930 -2.714281 2.698971
-9.514712 6.912843 -2.715202 2.699018
-9.469455 6.981486 -2.716130 2.699066
-9.410166 7.039704 -2.713155 2.698913
-9.357074 7.102405 -2.712077 2.698858
-9.305346 7.166082 -2.711519 2.698830
-9.258346 7.233413 -2.712473 2.698879
-9.204041 7.295036 -2.711418 2.698825
-9.148665 7.355717 -2.710167 2.698761
-9.089948 7.413579 -2.708039 2.698652
-9.045713 7.483267 -2.710359 2.698770
-8.991737 7.544964 -2.709903 2.698747
-8.929074 7.599241 -2.706941 2.698595
-8.867545 7.654260 -2.704422 2.698466
-8.817163 7.718841 -2.705425 2.698518
-8.766330 7.783113 -2.706435 2.698570
-8.715053 7.847068 -2.707451 2.698622
-8.671267 7.917957 -2.710956 2.698801
-8.627395 7.989056 -2.714611 2.698988
-8.582951 8.059926 -2.718265 2.699175
-8.537932 8.130566 -2.721919 2.699362
-8.492346 8.200963 -2.725572 2.699549
-8.432016 8.257243 -2.724645 2.699502
-8.373405 8.315152 -2.724398 2.699489
-8.326255 8.384585 -2.728036 2.699675
-8.278535 8.453763 -2.731672 2.699862
-8.223213 8.515387 -2.732967 2.699928
-8.166828 8.576017 -2.734060 2.699984
-8.110019 8.636293 -2.735159 2.700040
-8.052783 8.696214 -2.736265 2.700097
-7.995121 8.755776 -2.737376 2.700154
-7.937040 8.814977 -2.738494 2.700211
-7.878538 8.873814 -2.739618 2.700268
-7.819620 8.932281 -2.740747 2.700326
-7.760286 8.990376 -2.741883 2.700384
-7.700536 9.048101 -2.743025 2.700443
-7.640378 9.105448 -2.744173 2.700501
-7.579807 9.162416 -2.745326 2.700561
-7.518832 9.219000 -2.746485 2.700620
-7.457451 9.275198 -2.747650 2.700680
-7.395666 9.331010 -2.748821 2.700740
-7.333482 9.386429 -2.749998 2.700800
-7.270896 9.441455 -2.751180 2.700860
-7.208055 9.496262 -2.752420 2.700924
-7.144680 9.550489 -2.753613 2.700985
-7.080911 9.604317 -2.754812 2.701046
-7.016756 9.657736 -2.756016 2.701108
-6.952210 9.710748 -2.757226 2.701170
-6.887282 9.763346 -2.758441 2.701232
-6.821971 9.815530 -2.759661 2.701295
-6.756279 9.867298 -2.760887 2.701357
-6.690210 9.918644 -2.762118 2.701421
-6.623764 9.969569 -2.763354 2.701484
-6.556947 10.020066 -2.764595 2.701547
-6.489759 10.070134 -2.765841 2.701611
-6.422202 10.119773 -2.767093 2.701675
-6.354281 10.168976 -2.768349 2.701739
-6.285995 10.217743 -2.769610 2.701804
-6.217351 10.266068 -2.770876 2.701869
-6.148349 10.313951 -2.772147 2.701934
-6.078990 10.361390 -2.773423 2.701999
-6.009281 10.408380 -2.774704 2.702065
-5.939219 10.454919 -2.775989 2.702131
-5.868812 10.501003 -2.777278 2.702197
-5.798061 10.546632 -2.778573 2.702263
-5.726965 10.591803 -2.779872 2.702329
-5.655533 10.636511 -2.781175 2.702396
-5.583762 10.680756 -2.782483 2.702463
-5.511660 10.724531 -2.783795 2.702530
-5.439227 10.767838 -2.785112 2.702598
-5.366463 10.810673 -2.786433 2.702665
-5.293377 10.853032 -2.787758 2.702733
-5.219966 10.894915 -2.789087 2.702801
-5.146239 10.936316 -2.790420 2.702869
-5.072195 10.977235 -2.791757 2.702938
-4.997835 11.017670 -2.793099 2.703007
-4.923167 11.057614 -2.794444 2.703075
-4.848189 11.097071 -2.795793 2.703145
-4.772909 11.136033 -2.797146 2.703214
-4.697328 11.174500 -2.798503 2.703283
-4.621445 11.212469 -2.799863 2.703353
-4.545269 11.249937 -2.801227 2.703423
-4.468799 11.286903 -2.802595 2.703493
-4.392043 11.323363 -2.803966 2.703563
-4.315000 11.359315 -2.805341 2.703633
-4.237671 11.394758 -2.806719 2.703704
-4.160066 11.429688 -2.808100 2.703775
-4.082181 11.464103 -2.809485 2.703846
-4.004026 11.497999 -2.810873 2.703917
-3.925601 11.531376 -2.812264 2.703988
-3.846907 11.564233 -2.813659 2.704059
-3.767952 11.596563 -2.815056 2.704131
-3.688734 11.628367 -2.816457 2.704202
-3.609262 11.659642 -2.817860 2.704274
-3.529536 11.690386 -2.819266 2.704346
-3.449558 11.720597 -2.820675 2.704418
-3.369336 11.750272 -2.822087 2.704491
-3.288868 11.779409 -2.823501 2.704563
-3.208163 11.808005 -2.824918 2.704636
-3.127223 11.836060 -2.826338 2.704709
-3.046046 11.863570 -2.827760 2.704781
-2.964643 11.890532 -2.829185 2.704854
-2.883014 11.916947 -2.830612 2.704927
-2.801157 11.942813 -2.832041 2.705000
-2.719088 11.968123 -2.833472 2.705074
-2.636804 11.992879 -2.834906 2.705147
-2.554309 12.017077 -2.836342 2.705221
-2.471606 12.040717 -2.837780 2.705294
-2.388692 12.063798 -2.839219 2.705368
-2.305585 12.086313 -2.840661 2.705442
-2.222281 12.108264 -2.842105 2.705516
-2.138784 12.129648 -2.843550 2.705590
-2.055099 12.150464 -2.844997 2.705664
-1.971221 12.170711 -2.846446 2.705738
-1.887168 12.190383 -2.847896 2.705812
-1.802938 12.209481 -2.849348 2.705886
-1.718534 12.228004 -2.850801 2.705961
-1.633960 12.245948 -2.852255 2.706035
-1.549213 12.263313 -2.853711 2.706110
-1.464310 12.280097 -2.855168 2.706184
-1.379249 12.296297 -2.856627 2.706259
-1.294034 12.311913 -2.858086 2.706334
-1.208668 12.326941 -2.859546 2.706409
-1.123150 12.341383 -2.861007 2.706484
-1.037495 12.355234 -2.862470 2.706558
-0.951702 12.368494 -2.863933 2.706633
-0.865775 12.381162 -2.865396 2.706708
-0.779718 12.393234 -2.866861 2.706783
-0.693527 12.404712 -2.868326 2.706858
-0.607221 12.415591 -2.869791 2.706933
-0.520797 12.425872 -2.871257 2.707008
-0.434259 12.435553 -2.872724 2.707083
-0.347611 12.444632 -2.874190 2.707159
-0.260851 12.453108 -2.875657 2.707233
-0.173997 12.460979 -2.877124 2.707309
-0.087045 12.468245 -2.878591 2.707384
0.000000 12.474903 -2.880058 2.707459
0.087134 12.480953 -2.881525 2.707534
0.174358 12.486394 -2.882992 2.707609
0.261657 12.491224 -2.884459 2.707684
0.349031 12.495442 -2.885925 2.707759
0.436476 12.499047 -2.887391 2.707834
0.523989 12.502038 -2.888857 2.707909
0.611572 12.504415 -2.890322 2.707984
0.699206 12.506173 -2.891787 2.708059
0.786895 12.507316 -2.893250 2.708134
0.874633 12.507839 -2.894714 2.708209
0.962417 12.507744 -2.896176 2.708284
1.050249 12.507028 -2.897637 2.708359
1.138110 12.505691 -2.899098 2.708434
1.226003 12.503732 -2.900557 2.708508
1.313924 12.501150 -2.902015 2.708583
1.401868 12.497945 -2.903473 2.708658
1.489837 12.494115 -2.904928 2.708732
1.577814 12.489660 -2.906383 2.708807
1.665800 12.484579 -2.907836 2.708881
1.753791 12.478871 -2.909287 2.708955
1.841781 12.472527 -2.910735 2.709030
1.929775 12.465563 -2.912183 2.709104
2.017754 12.457973 -2.913630 2.709178
2.105719 12.449753 -2.915075 2.709252
2.193667 12.440904 -2.916517 2.709326
2.281592 12.431425 -2.917958 2.709399
2.369497 12.421315 -2.919397 2.709473
2.457363 12.410575 -2.920834 2.709547
2.545192 12.399203 -2.922268 2.709620
2.632981 12.387201 -2.923701 2.709693
2.720724 12.374567 -2.925130 2.709767
2.808423 12.361300 -2.926558 2.709840
2.896060 12.347401 -2.927983 2.709913
2.983637 12.332870 -2.929405 2.709985
3.071149 12.317706 -2.930825 2.710058
3.158592 12.301910 -2.932241 2.710131
3.245968 12.285480 -2.933656 2.710203
3.333258 12.268418 -2.935067 2.710275
3.420465 12.250724 -2.936475 2.710347
3.507583 12.232396 -2.937880 2.710419
3.594608 12.213436 -2.939281 2.710491
3.681542 12.193842 -2.940680 2.710563
3.768367 12.173617 -2.942075 2.710634
3.855084 12.152760 -2.943467 2.710706
3.941689 12.131270 -2.944856 2.710777
4.028176 12.109149 -2.946241 2.710847
4.114549 12.086394 -2.947622 2.710918
4.200788 12.063010 -2.949000 2.710989
4.286895 12.038996 -2.950373 2.711059
4.372866 12.014351 -2.951743 2.711129
4.458696 11.989076 -2.953109 2.711199
4.544386 11.963169 -2.954471 2.711269
4.629919 11.936636 -2.955829 2.711339
4.715296 11.909474 -2.957183 2.711408
4.800512 11.881685 -2.958532 2.711477
4.885563 11.853269 -2.959877 2.711546
4.970450 11.824224 -2.961218 2.711614
5.055156 11.794555 -2.962554 2.711683
5.139681 11.764261 -2.963885 2.711751
5.224021 11.733344 -2.965212 2.711819
5.308172 11.701804 -2.966534 2.711886
5.392135 11.669639 -2.967851 2.711954
5.475891 11.636854 -2.969164 2.712021
5.559443 11.603450 -2.970471 2.712088
5.642786 11.569426 -2.971774 2.712155
5.725914 11.534783 -2.973071 2.712221
5.808831 11.499521 -2.974363 2.712287
5.891517 11.463645 -2.975649 2.712353
5.973974 11.427155 -2.976931 2.712419
6.056197 11.390051 -2.978207 2.712484
6.138183 11.352334 -2.979477 2.712549
6.219931 11.314004 -2.980742 2.712614
6.301425 11.275066 -2.982001 2.712678
6.382666 11.235520 -2.983254 2.712743
6.463649 11.195368 -2.984502 2.712806
6.544369 11.154610 -2.985743 2.712870
6.624828 11.113245 -2.986979 2.712933
6.705009 11.071280 -2.988209 2.712996
6.784913 11.028715 -2.989432 2.713059
6.864534 10.985551 -2.990649 2.713121
6.943869 10.941789 -2.991860 2.713183
7.022918 10.897429 -2.993065 2.713245
7.101665 10.852477 -2.994263 2.713306
7.180111 10.806933 -2.995454 2.713367
7.258251 10.760800 -2.996639 2.713428
7.336081 10.714078 -2.997818 2.713488
7.413600 10.666766 -2.998989 2.713548
7.490794 10.618873 -3.000154 2.713608
7.567663 10.570397 -3.001312 2.713667
7.644202 10.521342 -3.002463 2.713726
7.720407 10.471708 -3.003606 2.713784
7.796279 10.421494 -3.004743 2.713843
7.871801 10.370710 -3.005873 2.713901
7.946975 10.319355 -3.006995 2.713958
8.021795 10.267430 -3.008110 2.714015
8.096259 10.214938 -3.009218 2.714072
8.170365 10.161878 -3.010318 2.714128
8.244099 10.108259 -3.011410 2.714184
8.317460 10.054080 -3.012495 2.714240
8.390447 9.999345 -3.013573 2.714295
8.463052 9.944054 -3.014642 2.714350
8.535276 9.888206 -3.015704 2.714404
8.607106 9.831814 -3.016758 2.714458
8.678385 9.774698 -3.017749 2.714509
8.749420 9.717216 -3.018787 2.714562
8.820051 9.659191 -3.019817 2.714615
8.890281 9.600624 -3.020838 2.714667
8.960093 9.541525 -3.021852 2.714719
9.029487 9.481894 -3.022857 2.714770
9.098460 9.421732 -3.023854 2.714821
9.167008 9.361043 -3.024842 2.714872
9.235131 9.299825 -3.025821 2.714922
9.302814 9.238091 -3.026793 2.714972
9.370060 9.175838 -3.027755 2.715021
9.436861 9.113071 -3.028709 2.715070
9.503216 9.049792 -3.029655 2.715118
9.569124 8.986000 -3.030591 2.715166
9.634571 8.921707 -3.031518 2.715214
9.699558 8.856912 -3.032437 2.715261
9.764081 8.791617 -3.033346 2.715307
9.828135 8.725828 -3.034247 2.715353
9.891722 8.659542 -3.035138 2.715399
9.957952 8.595470 -3.036974 2.715493
10.029042 8.535381 -3.040407 2.715669
10.099824 8.474758 -3.043855 2.715845
10.169058 8.412578 -3.046946 2.716004
10.230388 8.343695 -3.047793 2.716047
10.291215 8.274345 -3.048631 2.716090
10.351540 8.204527 -3.049459 2.716132
10.411358 8.134245 -3.050277 2.716174
10.470667 8.063500 -3.051086 2.716216
10.529466 7.992294 -3.051885 2.716256
10.587742 7.920640 -3.052675 2.716297
10.645497 7.848536 -3.053454 2.716337
10.702726 7.775986 -3.054224 2.716376
10.759427 7.702995 -3.054984 2.716415
10.815598 7.629560 -3.055733 2.716454
10.871228 7.555697 -3.056473 2.716491
10.926318 7.481405 -3.057203 2.716529
10.980865 7.406687 -3.057922 2.716566
11.034863 7.331547 -3.058631 2.716602
11.088314 7.255984 -3.059330 2.716638
11.141207 7.180015 -3.060019 2.716673
11.193542 7.103635 -3.060698 2.716708
11.245314 7.026852 -3.061366 2.716742
11.296521 6.949668 -3.062023 2.716775
11.347164 6.872082 -3.062670 2.716809
11.397231 6.794110 -3.063307 2.716841
11.446722 6.715751 -3.063933 2.716873
11.495636 6.637008 -3.064548 2.716905
11.543967 6.557888 -3.065153 2.716936
11.591717 6.478387 -3.065747 2.716966
11.638875 6.398522 -3.066330 2.716996
11.685442 6.318294 -3.066903 2.717025
11.731415 6.237704 -3.067465 2.717054
11.776790 6.156758 -3.068015 2.717082
11.821568 6.075456 -3.068555 2.717110
11.865739 5.993813 -3.069084 2.717137
11.909303 5.911828 -3.069602 2.717164
11.952258 5.829506 -3.070110 2.717190
11.994601 5.746851 -3.070606 2.717215
12.036332 5.663863 -3.071091 2.717240
12.077442 5.580559 -3.071564 2.717264
12.117932 5.496936 -3.072027 2.717288
12.157798 5.413001 -3.072479 2.717311
12.197039 5.328757 -3.072919 2.717333
12.235653 5.244203 -3.073348 2.717355
12.273634 5.159358 -3.073766 2.717377
12.310981 5.074219 -3.074172 2.717398
12.347692 4.988791 -3.074567 2.717418
12.383764 4.903080 -3.074951 2.717438
12.419198 4.817085 -3.075324 2.717457
12.453986 4.730823 -3.075685 2.717475
12.488129 4.644292 -3.076034 2.717493
12.521623 4.557498 -3.076372 2.717510
12.554467 4.470446 -3.076699 2.717527
12.586661 4.383135 -3.077014 2.717543
12.618198 4.295582 -3.077318 2.717559
6.972660 2.319494 -1.696497 2.646861
6.973066 2.265687 -1.692706 2.646667
6.973471 2.212116 -1.689014 2.646477
6.973875 2.158772 -1.685421 2.646293
6.974277 2.105657 -1.681924 2.646114
6.974678 2.052758 -1.678524 2.645940
6.975078 2.000071 -1.675219 2.645771
6.975476 1.947589 -1.672008 2.645607
6.975874 1.895301 -1.668891 2.645447
6.965394 1.840335 -1.663269 2.645159
6.967306 1.788899 -1.660703 2.645028
6.969171 1.737609 -1.658216 2.644901
6.970983 1.686459 -1.655805 2.644777
6.972743 1.635440 -1.653471 2.644658
6.974451 1.584555 -1.651212 2.644542
6.976107 1.533796 -1.649029 2.644430
6.977044 1.483016 -1.646763 2.644314
6.977465 1.432269 -1.644463 2.644197
6.977885 1.381656 -1.642248 2.644083
6.978302 1.331181 -1.640119 2.643974
6.978718 1.280834 -1.638075 2.643869
6.979132 1.230609 -1.636116 2.643769
6.979544 1.180502 -1.634241 2.643673
6.979954 1.130504 -1.632449 2.643581
6.980362 1.080616 -1.630740 2.643494
6.980769 1.030830 -1.629114 2.643410
6.981174 0.981140 -1.627571 2.643332
6.981578 0.931542 -1.626109 2.643257
6.981980 0.882027 -1.624728 2.643186
6.982380 0.832597 -1.623430 2.643120
6.982780 0.783243 -1.622211 2.643057
6.983177 0.733961 -1.621074 2.642999
6.983573 0.684746 -1.620017 2.642945
6.983968 0.635589 -1.619039 2.642895
6.984361 0.586492 -1.618142 2.642849
6.984754 0.537447 -1.617324 2.642807
6.986711 0.488558 -1.616948 2.642788
6.987093 0.439591 -1.616287 2.642754
6.987476 0.390658 -1.615705 2.642724
6.987858 0.341762 -1.615203 2.642698
6.988241 0.292893 -1.614779 2.642677
6.988624 0.244048 -1.614434 2.642659
6.989007 0.195221 -1.614169 2.642645
6.989391 0.146405 -1.613982 2.642636
6.989774 0.097601 -1.613874 2.642630
9.923549 0.069280 -2.291087 2.677304
11.366239 -0.000000 -3.045574 2.715933
11.365143 -0.079345 -3.045355 2.715922
11.363457 -0.158674 -3.045126 2.715910
11.361181 -0.237983 -3.044887 2.715898
11.358315 -0.317266 -3.044638 2.715885
11.354859 -0.396520 -3.044380 2.715872
11.350815 -0.475740 -3.044112 2.715858
11.346181 -0.554921 -3.043834 2.715844
11.340960 -0.634058 -3.043546 2.715829
11.335150 -0.713147 -3.043249 2.715814
11.328752 -0.792184 -3.042943 2.715799
11.321768 -0.871163 -3.042626 2.715782
11.314198 -0.950080 -3.042300 2.715766
11.306041 -1.028930 -3.041964 2.715749
11.297300 -1.107710 -3.041619 2.715731
11.287974 -1.186414 -3.041264 2.715713
11.278066 -1.265038 -3.040900 2.715694
11.267574 -1.343577 -3.040526 2.715675
11.256500 -1.422027 -3.040143 2.715655
11.244845 -1.500383 -3.039750 2.715635
11.232611 -1.578641 -3.039348 2.715615
11.219797 -1.656796 -3.038936 2.715594
11.206405 -1.734843 -3.038515 2.715572
11.192435 -1.812779 -3.038085 2.715550
11.177890 -1.890599 -3.037646 2.715528
11.162769 -1.968297 -3.037197 2.715504
11.147075 -2.045871 -3.036739 2.715481
11.130807 -2.123315 -3.036272 2.715457
11.113968 -2.200625 -3.035795 2.715433
11.096559 -2.277797 -3.035309 2.715408
11.078581 -2.354825 -3.034815 2.715382
11.060035 -2.431706 -3.034311 2.715357
11.040922 -2.508436 -3.033798 2.715330
11.021245 -2.585010 -3.033276 2.715304
11.001004 -2.661423 -3.032745 2.715276
10.980202 -2.737672 -3.032206 2.715249
10.958981 -2.813788 -3.031696 2.715223
10.937057 -2.889695 -3.031139 2.715194
10.914577 -2.965425 -3.030572 2.715165
10.891541 -3.040973 -3.029997 2.715136
10.867951 -3.116335 -3.029413 2.715106
10.843808 -3.191506 -3.028820 2.715075
10.819115 -3.266484 -3.028219 2.715045
10.793872 -3.341262 -3.027609 2.715014
10.768082 -3.415837 -3.026990 2.714982
10.741746 -3.490205 -3.026363 2.714950
10.714868 -3.564362 -3.025727 2.714917
10.687447 -3.638304 -3.025083 2.714884
10.659486 -3.712026 -3.024431 2.714851
10.630987 -3.785524 -3.023769 2.714817
10.601953 -3.858795 -3.023100 2.714783
10.572385 -3.931835 -3.022422 2.714748
10.542285 -4.004639 -3.021736 2.714713
10.511655 -4.077202 -3.021042 2.714677
10.480497 -4.149523 -3.020340 2.714641
10.448815 -4.221595 -3.019629 2.714605
10.416609 -4.293417 -3.018911 2.714568
10.383882 -4.364982 -3.018184 2.714531
10.350636 -4.436288 -3.017450 2.714493
10.316874 -4.507331 -3.016707 2.714455
10.282597 -4.578107 -3.015957 2.714417
10.247808 -4.648612 -3.015198 2.714378
10.212509 -4.718842 -3.014432 2.714339
10.176704 -4.788794 -3.013659 2.714299
10.140394 -4.858463 -3.012877 2.714259
10.103582 -4.927846 -3.012088 2.714219
10.062692 -4.995163 -3.010221 2.714123
10.008563 -5.055689 -3.004514 2.713831
9.965787 -5.121719 -3.002334 2.713719
9.922758 -5.187492 -3.000208 2.713610
9.860333 -5.242832 -2.992327 2.713207
9.802974 -5.300448 -2.986078 2.712887
9.754769 -5.362730 -2.982726 2.712716
9.698507 -5.420312 -2.977021 2.712423
9.636554 -5.474324 -2.969663 2.712047
9.574507 -5.527844 -2.962363 2.711673
9.512367 -5.580873 -2.955120 2.711302
9.446253 -5.631097 -2.946722 2.710872
9.378958 -5.680099 -2.938028 2.710427
9.314092 -5.730067 -2.930168 2.710025
9.252899 -5.781853 -2.923545 2.709686
9.194820 -5.835211 -2.917995 2.709401
9.138453 -5.889330 -2.913084 2.709150
9.086432 -5.945995 -2.909663 2.708975
9.024906 -5.996134 -2.903295 2.708649
8.963361 -6.045863 -2.897004 2.708327
8.897639 -6.092341 -2.889439 2.707939
8.834554 -6.140175 -2.882803 2.707600
8.777137 -6.191589 -2.878102 2.707359
8.716772 -6.240596 -2.872525 2.707073
8.655049 -6.288261 -2.866582 2.706769
8.593285 -6.335516 -2.860705 2.706468
8.531467 -6.382353 -2.854890 2.706170
8.469579 -6.428760 -2.849129 2.705875
8.407638 -6.474753 -2.843430 2.705584
8.345708 -6.520381 -2.837811 2.705296
8.283710 -6.565588 -2.832247 2.705011
8.221675 -6.610396 -2.826747 2.704729
8.159601 -6.654809 -2.821310 2.704451
8.097491 -6.698828 -2.815936 2.704176
8.035345 -6.742455 -2.810626 2.703904
7.973161 -6.785692 -2.805377 2.703635
7.902212 -6.821006 -2.797101 2.703212
7.826353 -6.851454 -2.787112 2.702700
7.756069 -6.886161 -2.779136 2.702292
7.688957 -6.923168 -2.772340 2.701944
7.616140 -6.954492 -2.763524 2.701492
7.541123 -6.983157 -2.753926 2.701001
7.466369 -7.011387 -2.744436 2.700515
7.391874 -7.039187 -2.735051 2.700035
7.313463 -7.062529 -2.724215 2.699480
7.233366 -7.083436 -2.712735 2.698892
7.154830 -7.105054 -2.701818 2.698333
7.081459 -7.131070 -2.692846 2.697874
7.008286 -7.156627 -2.683955 2.697418
6.935358 -7.181774 -2.675162 2.696968
6.862682 -7.206526 -2.666471 2.696523
6.790239 -7.230870 -2.657873 2.696083
6.718025 -7.254807 -2.649367 2.695647
6.646040 -7.278344 -2.640954 2.695217
6.570879 -7.297701 -2.631268 2.694721
6.493087 -7.313340 -2.620498 2.694170
6.417980 -7.331200 -2.610779 2.693672
6.347051 -7.353129 -2.602745 2.693260
6.276333 -7.374667 -2.594795 2.692853
6.205802 -7.395787 -2.586919 2.692450
6.132676 -7.413132 -2.577947 2.691991
6.057878 -7.427691 -2.568241 2.691494
5.983424 -7.441879 -2.558640 2.691002
5.909766 -7.456270 -2.549340 2.690526
5.835474 -7.469067 -2.539725 2.690034
5.763007 -7.483418 -2.530862 2.689580
5.694274 -7.501929 -2.523616 2.689209
5.625745 -7.520089 -2.516452 2.688842
5.557409 -7.537887 -2.509363 2.688479
5.489256 -7.555313 -2.502345 2.688120
5.418060 -7.567866 -2.493914 2.687688
5.347632 -7.580752 -2.485797 2.687273
5.279395 -7.596055 -2.478668 2.686908
5.211368 -7.611012 -2.471617 2.686547
5.141536 -7.622640 -2.463676 2.686140
5.070491 -7.631703 -2.455105 2.685701
4.999786 -7.640473 -2.446637 2.685268
4.931982 -7.652938 -2.439543 2.684905
4.865204 -7.666335 -2.432927 2.684566
4.798643 -7.679434 -2.426393 2.684231
4.732311 -7.692263 -2.419949 2.683901
4.666196 -7.704805 -2.413587 2.683576
4.600289 -7.717057 -2.407306 2.683254
4.534588 -7.729020 -2.401103 2.682936
4.469093 -7.740696 -2.394980 2.682623
4.403799 -7.752089 -2.388934 2.682313
4.338693 -7.763176 -2.382958 2.682007
4.273778 -7.773974 -2.377056 2.681705
4.209061 -7.784495 -2.371230 2.681407
4.142769 -7.791415 -2.364470 2.681061
4.076167 -7.796988 -2.357468 2.680702
4.012465 -7.807411 -2.352093 2.680427
3.948915 -7.817524 -2.346776 2.680155
3.885531 -7.827352 -2.341526 2.679886
3.822321 -7.836919 -2.336348 2.679621
3.761424 -7.850698 -2.332571 2.679427
3.699840 -7.862562 -2.328364 2.679212
3.636553 -7.870224 -2.323058 2.678941
3.573455 -7.877637 -2.317826 2.678673
3.510535 -7.884789 -2.312663 2.678408
3.447801 -7.891705 -2.307575 2.678148
3.385253 -7.898387 -2.302562 2.677891
3.324711 -7.909178 -2.298885 2.677703
3.264580 -7.920465 -2.295485 2.677529
3.204505 -7.931429 -2.292124 2.677356
3.142569 -7.937225 -2.287402 2.677115
3.080806 -7.942792 -2.282753 2.676877
3.019212 -7.948134 -2.278175 2.676642
2.959617 -7.958169 -2.275073 2.676484
2.900105 -7.967974 -2.272032 2.676328
2.840546 -7.977180 -2.268948 2.676170
2.779802 -7.982505 -2.264887 2.675962
2.720369 -7.991032 -2.261863 2.675807
2.661026 -7.999339 -2.258900 2.675656
2.601770 -8.007425 -2.256000 2.675507
2.541458 -8.011693 -2.252148 2.675310
2.481079 -8.015073 -2.248174 2.675106
2.422187 -8.022674 -2.245508 2.674970
2.363459 -8.030345 -2.242983 2.674840
2.304798 -8.037786 -2.240512 2.674714
2.245051 -8.040870 -2.236948 2.674531
2.185431 -8.043723 -2.233443 2.674352
2.126921 -8.050075 -2.231029 2.674229
2.068485 -8.056215 -2.228674 2.674108
2.010119 -8.062146 -2.226378 2.673990
1.951822 -8.067867 -2.224141 2.673876
1.894157 -8.075781 -2.222623 2.673798
1.837055 -8.085829 -2.221805 2.673756
1.779700 -8.094539 -2.220730 2.673701
1.721650 -8.099727 -2.218801 2.673603
1.663654 -8.104693 -2.216926 2.673506
1.605712 -8.109439 -2.215104 2.673413
1.547821 -8.113965 -2.213335 2.673323
1.489982 -8.118271 -2.211618 2.673235
1.432191 -8.122357 -2.209953 2.673150
1.374448 -8.126226 -2.208341 2.673067
1.316752 -8.129877 -2.206781 2.672987
1.259102 -8.133310 -2.205274 2.672910
1.201498 -8.136527 -2.203818 2.672836
1.144111 -8.140774 -2.202751 2.672781
1.086567 -8.143440 -2.201366 2.672710
1.029067 -8.145906 -2.200037 2.672642
0.971814 -8.149886 -2.199226 2.672600
0.914847 -8.156044 -2.199111 2.672595
0.857861 -8.162006 -2.199050 2.672591
0.800888 -8.168085 -2.199127 2.672595
0.743892 -8.173998 -2.199267 2.672602
0.686868 -8.179700 -2.199458 2.672612
0.629816 -8.185191 -2.199698 2.672625
0.572622 -8.188881 -2.199562 2.672617
0.515502 -8.193669 -2.199828 2.672631
0.458354 -8.198263 -2.200148 2.672647
0.401391 -8.207057 -2.201703 2.672727
0.344577 -8.221346 -2.204837 2.672888
0.287588 -8.235447 -2.208026 2.673051
0.230260 -8.243448 -2.209687 2.673136
0.172751 -8.247078 -2.210283 2.673166
0.115206 -8.250511 -2.210933 2.673200
0.057631 -8.254909 -2.211950 2.673252
-0.000000 -8.262593 -2.213955 2.673354
-0.057707 -8.265810 -2.214871 2.673401
-0.115459 -8.268604 -2.215782 2.673448
-0.173257 -8.271159 -2.216737 2.673497
-0.231161 -8.275713 -2.218336 2.673579
-0.289226 -8.282348 -2.220601 2.673695
-0.347260 -8.285378 -2.222009 2.673767
-0.405314 -8.287246 -2.223215 2.673828
-0.463648 -8.292939 -2.225557 2.673948
-0.522094 -8.298444 -2.227958 2.674071
-0.580655 -8.303760 -2.230419 2.674197
-0.639333 -8.308867 -2.232935 2.674326
-0.698128 -8.313775 -2.235510 2.674458
-0.757043 -8.318492 -2.238144 2.674593
-0.816079 -8.323022 -2.240842 2.674731
-0.875243 -8.327380 -2.243605 2.674873
-0.934533 -8.331545 -2.246431 2.675017
-0.993950 -8.335515 -2.249317 2.675165
-1.054461 -8.346912 -2.254324 2.675421
-1.114729 -8.354506 -2.258422 2.675631
-1.175182 -8.361854 -2.262571 2.675843
-1.235157 -8.364465 -2.265556 2.675996
-1.295954 -8.371348 -2.269815 2.676214
-1.357112 -8.379055 -2.274419 2.676450
-1.418260 -8.385258 -2.278734 2.676671
-1.480897 -8.398582 -2.285109 2.676998
-1.544009 -8.412642 -2.291812 2.677341
-1.607175 -8.425104 -2.298208 2.677668
-1.669651 -8.432348 -2.303307 2.677929
-1.732354 -8.439374 -2.308473 2.678194
-1.795291 -8.446178 -2.313707 2.678462
-1.859578 -8.457847 -2.320403 2.678805
-1.924307 -8.469869 -2.327330 2.679159
-1.990565 -8.486815 -2.335748 2.679590
-2.059278 -8.512035 -2.346589 2.680145
-2.126992 -8.530897 -2.355825 2.680618
-2.193050 -8.541365 -2.362886 2.680980
-2.260760 -8.556631 -2.371418 2.681417
-2.331019 -8.579573 -2.382228 2.681970
-2.401933 -8.602757 -2.393263 2.682535
-2.469821 -8.613290 -2.400932 2.682928
-2.538069 -8.623618 -2.408692 2.683325
-2.607066 -8.635019 -2.416901 2.683745
-2.677547 -8.649755 -2.426198 2.684221
-2.748437 -8.664172 -2.435565 2.684701
-2.818026 -8.672991 -2.443515 2.685108
-2.889189 -8.685223 -2.452584 2.685572
-2.960028 -8.695023 -2.461127 2.686010
-3.031307 -8.704724 -2.469804 2.686454
-3.106228 -8.723301 -2.481167 2.687036
-3.185803 -8.752923 -2.495857 2.687788
-3.263411 -8.775047 -2.508601 2.688440
-3.334289 -8.777575 -2.515918 2.688815
-3.405345 -8.779503 -2.523223 2.689189
-3.480156 -8.789871 -2.533124 2.689696
-3.558346 -8.807214 -2.545219 2.690315
-3.633743 -8.816121 -2.555062 2.690819
-3.714957 -8.837533 -2.568722 2.691519
-3.797048 -8.859175 -2.582654 2.692232
-3.879593 -8.880038 -2.596569 2.692944
-3.962910 -8.900842 -2.610678 2.693667
-4.046930 -8.921407 -2.624933 2.694396
-4.131624 -8.941651 -2.639312 2.695133
-4.215695 -8.958806 -2.652998 2.695833
-4.295766 -8.965957 -2.663932 2.696393
-4.371381 -8.962659 -2.671955 2.696804
-4.450249 -8.964967 -2.681840 2.697310
-4.529423 -8.966732 -2.691762 2.697818
-4.606153 -8.962603 -2.700110 2.698246
-4.683198 -8.958133 -2.708547 2.698678
-4.758594 -8.949613 -2.715950 2.699057
-4.831147 -8.935019 -2.721691 2.699351
-4.901895 -8.916513 -2.726411 2.699592
-4.972728 -8.897647 -2.731191 2.699837
-5.039430 -8.871000 -2.733745 2.699968
-5.102444 -8.837691 -2.734391 2.700001
-5.165321 -8.804076 -2.735081 2.700036
-5.229377 -8.772361 -2.736504 2.700109
-5.295311 -8.743597 -2.738997 2.700237
-5.361182 -8.714478 -2.741533 2.700366
-5.425278 -8.682260 -2.743246 2.700454
-5.483009 -8.639839 -2.741871 2.700384
-5.540468 -8.597122 -2.740523 2.700315
-5.597654 -8.554111 -2.739203 2.700247
-5.657762 -8.515616 -2.739458 2.700260
-5.717115 -8.475971 -2.739477 2.700261
-5.774366 -8.433248 -2.738632 2.700218
-5.831312 -8.390157 -2.737792 2.700175
-5.887950 -8.346701 -2.736959 2.700132
-5.944279 -8.302881 -2.736131 2.700090
-6.000298 -8.258700 -2.735310 2.700048
-6.056002 -8.214161 -2.734495 2.700006
-6.111391 -8.169264 -2.733686 2.699965
-6.166463 -8.124013 -2.732883 2.699924
-6.221213 -8.078411 -2.732086 2.699883
-6.275643 -8.032457 -2.731296 2.699842
-6.329751 -7.986155 -2.730512 2.699802
-6.383530 -7.939509 -2.729734 2.699762
-6.436982 -7.892520 -2.728962 2.699723
-6.490106 -7.845189 -2.728197 2.699684
-6.542896 -7.797520 -2.727438 2.699645
-6.595355 -7.749513 -2.726686 2.699606
-6.647475 -7.701173 -2.725940 2.699568
-6.699259 -7.652503 -2.725201 2.699530
-6.750705 -7.603500 -2.724468 2.699493
-6.801807 -7.554173 -2.723742 2.699455
-6.852569 -7.504518 -2.723022 2.699419
-6.902983 -7.454543 -2.722308 2.699382
-6.953051 -7.404248 -2.721602 2.699346
-7.002772 -7.353633 -2.720901 2.699310
-7.052140 -7.302705 -2.720208 2.699275
-7.101158 -7.251462 -2.719521 2.699239
-7.149820 -7.199910 -2.718841 2.699205
-7.198126 -7.148049 -2.718168 2.699170
-7.246077 -7.095881 -2.717501 2.699136
-7.293666 -7.043412 -2.716841 2.699102
-7.340896 -6.990639 -2.716188 2.699069
-7.387762 -6.937569 -2.715542 2.699036
-7.434263 -6.884203 -2.714902 2.699003
-7.480399 -6.830542 -2.714269 2.698971
-7.526166 -6.776591 -2.713644 2.698938
-7.571566 -6.722349 -2.713025 2.698907
-7.616593 -6.667822 -2.712413 2.698875
-7.661247 -6.613011 -2.711808 2.698844
-7.705528 -6.557917 -2.711210 2.698814
-7.749432 -6.502546 -2.710618 2.698784
-7.792961 -6.446896 -2.710034 2.698754
-7.836108 -6.390973 -2.709457 2.698724
-7.878875 -6.334779 -2.708887 2.698695
-7.921262 -6.278314 -2.708324 2.698666
-7.963264 -6.221583 -2.707768 2.698638
-8.004882 -6.164587 -2.707219 2.698610
-8.046112 -6.107331 -2.706677 2.698582
-8.086954 -6.049816 -2.706142 2.698555
-8.127409 -5.992041 -2.705615 2.698528
-8.167471 -5.934015 -2.705094 2.698501
-8.207142 -5.875734 -2.704581 2.698475
-8.246418 -5.817207 -2.704075 2.698449
-8.285299 -5.758434 -2.703576 2.698423
-8.323786 -5.699413 -2.703084 2.698398
-8.361873 -5.640154 -2.702600 2.698373
-8.399562 -5.580653 -2.702123 2.698349
-8.436849 -5.520918 -2.701653 2.698324
-8.473735 -5.460950 -2.701190 2.698301
-8.510219 -5.400748 -2.700735 2.698278
-8.546297 -5.340319 -2.700287 2.698255
-8.581971 -5.279662 -2.699847 2.698232
-8.617237 -5.218783 -2.699413 2.698210
-8.652095 -5.157684 -2.698987 2.698188
-8.686544 -5.096364 -2.698569 2.698167
-8.720582 -5.034831 -2.698158 2.698146
-8.754210 -4.973082 -2.697754 2.698125
-8.787423 -4.911124 -2.697357 2.698105
-8.820222 -4.848959 -2.696969 2.698085
-8.852608 -4.786586 -2.696587 2.698065
-8.884575 -4.724012 -2.696213 2.698046
-8.916126 -4.661236 -2.695846 2.698027
-8.947258 -4.598265 -2.695487 2.698009
-8.977970 -4.535100 -2.695136 2.697991
-9.008262 -4.471739 -2.694792 2.697973
-9.038132 -4.408191 -2.694455 2.697956
-9.067578 -4.344454 -2.694126 2.697939
-9.096601 -4.280535 -2.693804 2.697923
-9.125198 -4.216434 -2.693490 2.697906
-9.153372 -4.152152 -2.693184 2.697891
-9.181116 -4.087696 -2.692885 2.697876
-9.208434 -4.023064 -2.692593 2.697861
-9.235322 -3.958263 -2.692310 2.697846
-9.261780 -3.893294 -2.692034 2.697832
-9.287808 -3.828157 -2.691765 2.697818
-9.313403 -3.762859 -2.691504 2.697805
-9.338568 -3.697399 -2.691251 2.697792
-9.363297 -3.631783 -2.691005 2.697779
-9.387592 -3.566012 -2.690767 2.697767
-9.411453 -3.500087 -2.690536 2.697755
-9.434876 -3.434014 -2.690313 2.697744
-9.457865 -3.367792 -2.690098 2.697733
-9.480413 -3.301429 -2.689891 2.697722
-9.502524 -3.234924 -2.689691 2.697712
-9.524197 -3.168278 -2.689499 2.697702
-9.545428 -3.101498 -2.689314 2.697693
-9.566219 -3.034582 -2.689137 2.697684
-9.586568 -2.967538 -2.688968 2.697675
-9.606474 -2.900366 -2.688807 2.697667
-9.625938 -2.833067 -2.688653 2.697659
-9.644958 -2.765647 -2.688507 2.697651
-9.663534 -2.698106 -2.688369 2.697644
-9.681664 -2.630449 -2.688238 2.697638
-9.699348 -2.562679 -2.688115 2.697631
-9.716586 -2.494794 -2.688000 2.697625
-9.733377 -2.426803 -2.687892 2.697620
-9.749721 -2.358704 -2.687793 2.697615
-9.765615 -2.290504 -2.687701 2.697610
-9.781061 -2.222203 -2.687616 2.697606
-9.796058 -2.153802 -2.687540 2.697602
-9.810604 -2.085308 -2.687471 2.697598
-9.824700 -2.016720 -2.687410 2.697595
-9.838345 -1.948044 -2.687357 2.697592
-9.851538 -1.879282 -2.687311 2.697590
-9.864279 -1.810433 -2.687274 2.697588
-9.876567 -1.741505 -2.687243 2.697587
-9.888402 -1.672496 -2.687221 2.697586
-9.899783 -1.603415 -2.687207 2.697585
-9.910710 -1.534260 -2.687200 2.697584
-9.921184 -1.465032 -2.687201 2.697585
-9.931202 -1.395739 -2.687209 2.697585
-9.940764 -1.326380 -2.687226 2.697586
-9.949872 -1.256961 -2.687250 2.697587
-9.958523 -1.187482 -2.687282 2.697589
-9.966718 -1.117945 -2.687321 2.697591
-9.974455 -1.048357 -2.687369 2.697593
-9.981736 -0.978716 -2.687424 2.697596
-9.988559 -0.909030 -2.687487 2.697599
-9.994925 -0.839298 -2.687558 2.697603
-10.000832 -0.769521 -2.687636 2.697607
-10.006281 -0.699707 -2.687722 2.697611
-10.011271 -0.629854 -2.687816 2.697616
-10.015803 -0.559970 -2.687917 2.697621
-10.019876 -0.490054 -2.688027 2.697627
-10.023490 -0.420108 -2.688144 2.697633
-10.026644 -0.350138 -2.688269 2.697639
-10.029338 -0.280143 -2.688401 2.697646
-10.031572 -0.210131 -2.688541 2.697653
-10.033346 -0.140102 -2.688689 2.697661
-10.034661 -0.070055 -2.688845 2.697669
-10.035515 0.000000 -2.689008 2.697677
-10.035909 0.070067 -2.689179 2.697686
-10.035841 0.140136 -2.689358 2.697695
-10.035314 0.210209 -2.689544 2.697705
-10.034326 0.280285 -2.689738 2.697715
-10.032877 0.350356 -2.689940 2.697725
-10.030967 0.420424 -2.690149 2.697736
-10.028596 0.490481 -2.690366 2.697747
-10.025765 0.560527 -2.690591 2.697758
-10.022472 0.630562 -2.690823 2.697770
-10.018720 0.700577 -2.691063 2.697782
-10.014505 0.770576 -2.691311 2.697795
-10.009831 0.840550 -2.691566 2.697808
-10.004696 0.910498 -2.691829 2.697822
-9.999100 0.980421 -2.692099 2.697835
-9.993044 1.050311 -2.692377 2.697850
-9.986526 1.120170 -2.692663 2.697864
-9.979549 1.189990 -2.692956 2.697879
-9.972113 1.259770 -2.693257 2.697895
-9.964215 1.329511 -2.693565 2.697911
-9.955858 1.399205 -2.693881 2.697927
-9.947041 1.468853 -2.694204 2.697943
-9.937764 1.538448 -2.694535 2.697960
-9.928029 1.607989 -2.694874 2.697978
-9.917834 1.677477 -2.695220 2.697995
-9.907181 1.746903 -2.695573 2.698013
-9.896068 1.816270 -2.695934 2.698032
-9.884498 1.885569 -2.696302 2.698050
-9.872469 1.954801 -2.696678 2.698070
-9.859982 2.023965 -2.697061 2.698089
-9.847039 2.093053 -2.697452 2.698109
-9.833638 2.162067 -2.697850 2.698130
-9.819780 2.231000 -2.698256 2.698151
-9.805467 2.299851 -2.698669 2.698172
-9.790696 2.368620 -2.699089 2.698193
-9.775471 2.437299 -2.699517 2.698215
-9.759789 2.505890 -2.699952 2.698237
-9.743653 2.574385 -2.700394 2.698260
-9.727064 2.642784 -2.700844 2.698283
-9.710019 2.711087 -2.701301 2.698307
-9.692522 2.779286 -2.701765 2.698330
-9.674571 2.847383 -2.702237 2.698354
-9.656168 2.915370 -2.702716 2.698379
-9.637313 2.983246 -2.703202 2.698404
-9.618006 3.051012 -2.703695 2.698429
-9.598248 3.118660 -2.704196 2.698455
-9.578041 3.186192 -2.704704 2.698481
-9.557384 3.253599 -2.705219 2.698507
-9.536277 3.320882 -2.705741 2.698534
-9.514721 3.388041 -2.706270 2.698561
-9.492718 3.455067 -2.706806 2.698588
-9.470266 3.521962 -2.707350 2.698616
-9.447370 3.588720 -2.707901 2.698644
-9.424026 3.655338 -2.708458 2.698673
-9.400237 3.721818 -2.709023 2.698702
-9.376004 3.788152 -2.709595 2.698731
-9.351326 3.854340 -2.710174 2.698761
-9.326206 3.920377 -2.710760 2.698791
-9.300644 3.986260 -2.711353 2.698821
-9.274639 4.051991 -2.711952 2.698852
-9.248194 4.117561 -2.712559 2.698883
-9.221308 4.182972 -2.713173 2.698914
-9.193983 4.248218 -2.713793 2.698946
-9.166221 4.313295 -2.714421 2.698978
-9.138020 4.378207 -2.715055 2.699011
-9.109383 4.442943 -2.715696 2.699044
-9.080309 4.507506 -2.716344 2.699077
-9.050801 4.571889 -2.716999 2.699110
-9.020859 4.636091 -2.717661 2.699144
-8.990483 4.700112 -2.718329 2.699178
-8.959676 4.763944 -2.719004 2.699213
-8.928437 4.827590 -2.719686 2.699248
-8.896769 4.891040 -2.720374 2.699283
-8.864671 4.954297 -2.721069 2.699319
-8.832144 5.017357 -2.721771 2.699355
-8.799191 5.080215 -2.722479 2.699391
-8.765811 5.142872 -2.723194 2.699427
-8.732006 5.205321 -2.723916 2.699464
-8.697779 5.267561 -2.724643 2.699502
-8.663126 5.329592 -2.725378 2.699539
-8.628054 5.391406 -2.726119 2.699577
-8.592559 5.453006 -2.726866 2.699615
-8.556646 5.514383 -2.727620 2.699654
-8.520315 5.575537 -2.728380 2.699693
-8.483565 5.636469 -2.729147 2.699732
-8.446402 5.697170 -2.729920 2.699772
-8.408821 5.757642 -2.730700 2.699812
-8.370829 5.817878 -2.731485 2.699852
-8.332424 5.877878 -2.732277 2.699893
-8.293607 5.937641 -2.733075 2.699933
-8.254382 5.997159 -2.733880 2.699975
-8.214746 6.056436 -2.734690 2.700016
-8.174706 6.115462 -2.735507 2.700058
-8.134260 6.174239 -2.736330 2.700100
-8.093408 6.232765 -2.737159 2.700143
-8.052155 6.291032 -2.737993 2.700185
-8.010498 6.349044 -2.738834 2.700228
-7.968442 6.406793 -2.739681 2.700272
-7.925988 6.464278 -2.740534 2.700315
-7.877724 6.517022 -2.739512 2.700263
-7.829004 6.569314 -2.738451 2.700209
-7.764136 6.607800 -2.731831 2.699870
-7.696118 6.643112 -2.724151 2.699476
-7.655647 6.702012 -2.726321 2.699588
-7.619070 6.764528 -2.730047 2.699778
-7.560208 6.807242 -2.725918 2.699567
-7.497966 6.846586 -2.720644 2.699297
-7.443841 6.893073 -2.718400 2.699182
-7.397989 6.947174 -2.719301 2.699228
-7.360494 7.009305 -2.723440 2.699440
-7.323984 7.072689 -2.728134 2.699680
-7.270122 7.119431 -2.726519 2.699598
-7.214053 7.163865 -2.724182 2.699478
-7.157797 7.207942 -2.721874 2.699360
-7.104826 7.255211 -2.720927 2.699311
-7.066195 7.317260 -2.725630 2.699552
-7.033851 7.386274 -2.732978 2.699929
-6.993485 7.447306 -2.737429 2.700156
-6.953901 7.509529 -2.742388 2.700410
-6.915337 7.573262 -2.747965 2.700696
-6.869981 7.629887 -2.751041 2.700853
-6.824159 7.686237 -2.754113 2.701010
-6.772898 7.736620 -2.755157 2.701064
-6.721134 7.786508 -2.756146 2.701115
-6.669014 7.836066 -2.757139 2.701165
-6.616543 7.885288 -2.758138 2.701216
-6.563719 7.934176 -2.759142 2.701268
-6.510549 7.982723 -2.760151 2.701320
-6.457033 8.030928 -2.761165 2.701372
-6.403170 8.078791 -2.762184 2.701424
-6.348966 8.126306 -2.763207 2.701476
-6.294419 8.173472 -2.764235 2.701529
-6.239537 8.220286 -2.765269 2.701582
-6.184317 8.266747 -2.766306 2.701635
-6.128762 8.312852 -2.767349 2.701688
-6.072875 8.358597 -2.768396 2.701742
-6.016657 8.403981 -2.769447 2.701796
-5.960114 8.449000 -2.770504 2.701850
-5.903244 8.493653 -2.771564 2.701904
-5.846048 8.537939 -2.772629 2.701958
-5.788533 8.581853 -2.773699 2.702013
-5.730696 8.625394 -2.774773 2.702068
-5.672544 8.668557 -2.775851 2.702124
-5.614078 8.711343 -2.776933 2.702179
-5.555297 8.753750 -2.778020 2.702235
-5.496208 8.795772 -2.779111 2.702290
-5.436809 8.837410 -2.780206 2.702346
-5.377106 8.878658 -2.781306 2.702403
-5.317100 8.919518 -2.782409 2.702459
-5.256791 8.959985 -2.783516 2.702516
-5.196185 9.000057 -2.784627 2.702573
-5.135281 9.039733 -2.785743 2.702630
-5.074086 9.079009 -2.786862 2.702687
-5.012599 9.117883 -2.787985 2.702745
-4.950384 9.155546 -2.788865 2.702790
-4.883829 9.185146 -2.787428 2.702716
-4.819171 9.218228 -2.787189 2.702704
-4.759334 9.260663 -2.789905 2.702843
-4.699119 9.302672 -2.792609 2.702981
-4.637693 9.342575 -2.794800 2.703094
-4.574237 9.378576 -2.795949 2.703152
-4.507130 9.407109 -2.795006 2.703104
-4.440502 9.436548 -2.794474 2.703077
-4.378640 9.476243 -2.797108 2.703212
-4.316417 9.515491 -2.799730 2.703346
-4.253017 9.552434 -2.801795 2.703452
-4.187970 9.585890 -2.802963 2.703512
-4.120078 9.612863 -2.802372 2.703481
-4.051240 9.637517 -2.801245 2.703424
-3.987485 9.674367 -2.803796 2.703554
-3.925263 9.715367 -2.807668 2.703753
-3.858967 9.746642 -2.808852 2.703813
-3.792431 9.777473 -2.810039 2.703874
-3.725657 9.807860 -2.811228 2.703935
-3.658645 9.837803 -2.812421 2.703996
-3.591402 9.867295 -2.813616 2.704057
-3.523926 9.896339 -2.814813 2.704118
-3.456226 9.924930 -2.816014 2.704180
-3.388301 9.953067 -2.817217 2.704241
-3.320152 9.980748 -2.818422 2.704303
-3.251787 10.007971 -2.819630 2.704365
-3.183204 10.034736 -2.820841 2.704427
-3.114411 10.061037 -2.822054 2.704489
-3.045408 10.086875 -2.823269 2.704551
-2.976196 10.112249 -2.824486 2.704614
-2.906783 10.137156 -2.825706 2.704676
-2.837166 10.161593 -2.826927 2.704739
-2.767355 10.185560 -2.828151 2.704801
-2.697349 10.209055 -2.829377 2.704864
-2.627149 10.232076 -2.830605 2.704927
-2.556764 10.254621 -2.831835 2.704990
-2.486193 10.276688 -2.833066 2.705053
-2.415436 10.298277 -2.834300 2.705116
-2.344504 10.319384 -2.835535 2.705179
-2.273397 10.340009 -2.836772 2.705243
-2.202118 10.360148 -2.838011 2.705306
-2.130669 10.379804 -2.839251 2.705370
-2.059049 10.398973 -2.840493 2.705433
-1.987271 10.417651 -2.841736 2.705497
-1.915334 10.435840 -2.842981 2.705560
-1.843240 10.453536 -2.844227 2.705624
-1.770994 10.470738 -2.845474 2.705688
-1.698592 10.487448 -2.846722 2.705752
-1.626050 10.503659 -2.847972 2.705816
-1.553365 10.519373 -2.849223 2.705880
-1.480540 10.534588 -2.850475 2.705944
-1.407578 10.549301 -2.851728 2.706008
-1.334479 10.563514 -2.852982 2.706073
-1.261255 10.577223 -2.854236 2.706137
-1.187905 10.590426 -2.855492 2.706201
-1.114433 10.603124 -2.856748 2.706265
-1.040842 10.615314 -2.858005 2.706330
-0.967129 10.626997 -2.859263 2.706394
-0.893310 10.638168 -2.860521 2.706459
-0.819382 10.648829 -2.861780 2.706523
-0.745348 10.658978 -2.863039 2.706587
-0.671213 10.668613 -2.864298 2.706652
-0.596975 10.677734 -2.865558 2.706717
-0.522647 10.686338 -2.866818 2.706781
-0.448228 10.694427 -2.868079 2.706846
-0.373722 10.701997 -2.869339 2.706910
-0.299132 10.709047 -2.870600 2.706975
-0.224456 10.715579 -2.871861 2.707039
-0.149709 10.721589 -2.873121 2.707104
-0.074889 10.727077 -2.874382 2.707168
0.000000 10.732041 -2.875642 2.707233
0.074955 10.736483 -2.876902 2.707297
0.149977 10.740398 -2.878162 2.707362
0.225053 10.743789 -2.879421 2.707426
0.300182 10.746653 -2.880680 2.707491
0.375363 10.748989 -2.881938 2.707555
0.450591 10.750797 -2.883197 2.707620
0.525868 10.752076 -2.884454 2.707684
0.601179 10.752826 -2.885710 2.707748
0.676525 10.753044 -2.886966 2.707813
0.751904 10.752732 -2.888222 2.707877
0.827312 10.751888 -2.889476 2.707941
0.902749 10.750511 -2.890729 2.708005
0.978202 10.748601 -2.891981 2.708070
1.053671 10.746158 -2.893232 2.708133
1.129154 10.743179 -2.894482 2.708197
1.204645 10.739666 -2.895731 2.708261
1.280148 10.735618 -2.896979 2.708325
1.355647 10.731033 -2.898225 2.708389
1.431144 10.725913 -2.899470 2.708453
1.506634 10.720256 -2.900713 2.708517
1.582114 10.714062 -2.901955 2.708580
1.657586 10.707329 -2.903196 2.708643
1.733034 10.700059 -2.904434 2.708707
1.808460 10.692251 -2.905671 2.708770
1.883859 10.683895 -2.906904 2.708833
1.959230 10.675011 -2.908137 2.708897
2.034573 10.665586 -2.909368 2.708960
2.109872 10.655622 -2.910598 2.709023
2.185131 10.645120 -2.911825 2.709085
2.260343 10.634078 -2.913050 2.709148
2.335506 10.622497 -2.914273 2.709211
2.410622 10.610374 -2.915493 2.709273
2.485674 10.597714 -2.916712 2.709336
2.560665 10.584514 -2.917928 2.709398
2.635590 10.570774 -2.919141 2.709460
2.710446 10.556494 -2.920352 2.709522
2.785234 10.541674 -2.921561 2.709584
2.859939 10.526315 -2.922766 2.709646
2.934562 10.510417 -2.923969 2.709707
3.009100 10.493979 -2.925169 2.709769
3.083784 10.477802 -2.926590 2.709841
3.158865 10.462654 -2.928447 2.709936
3.233898 10.447028 -2.930322 2.710032
3.308885 10.430923 -2.932212 2.710129
3.383823 10.414338 -2.934119 2.710227
3.458711 10.397273 -2.936043 2.710325
3.533551 10.379727 -2.937983 2.710425
3.608329 10.361702 -2.939940 2.710525
3.680407 10.335780 -2.939804 2.710518
3.751834 10.308081 -2.939303 2.710492
3.823154 10.280154 -2.938879 2.710471
3.897507 10.260250 -2.940897 2.710574
3.971785 10.239866 -2.942930 2.710678
4.045990 10.219001 -2.944980 2.710783
4.120120 10.197654 -2.947046 2.710889
4.194171 10.175826 -2.949127 2.710995
4.268148 10.153514 -2.951226 2.711103
4.342035 10.130721 -2.953340 2.711211
4.415710 10.107159 -2.955386 2.711316
4.486280 10.076349 -2.955463 2.711320
4.556074 10.043812 -2.955177 2.711305
4.625668 10.010855 -2.954910 2.711291
4.698858 9.985577 -2.957060 2.711401
4.772009 9.959948 -2.959264 2.711514
4.844135 9.931950 -2.960921 2.711599
4.913042 9.897262 -2.960733 2.711589
4.981740 9.862160 -2.960565 2.711581
5.051415 9.828985 -2.961120 2.711609
5.123846 9.801010 -2.963397 2.711726
5.196159 9.772553 -2.965689 2.711843
5.266194 9.739625 -2.966781 2.711899
5.333910 9.702340 -2.966695 2.711895
5.401414 9.664687 -2.966640 2.711892
5.468688 9.626629 -2.966605 2.711890
5.535731 9.588168 -2.966589 2.711889
5.602542 9.549304 -2.966594 2.711890
5.669766 9.511115 -2.966956 2.711908
5.738048 9.474638 -2.968001 2.711962
5.806085 9.437654 -2.969041 2.712015
5.871278 9.396009 -2.968762 2.712001
5.933772 9.350130 -2.967283 2.711925
6.000445 9.310862 -2.968044 2.711964
6.068270 9.273284 -2.969497 2.712038
6.135931 9.235316 -2.970984 2.712114
6.204396 9.198396 -2.972969 2.712216
6.273766 9.162606 -2.975485 2.712345
6.341151 9.123714 -2.977160 2.712430
6.406818 9.082239 -2.978149 2.712481
6.472202 9.040274 -2.979132 2.712532
6.537299 8.997820 -2.980109 2.712582
6.602105 8.954880 -2.981080 2.712631
6.666621 8.911450 -2.982044 2.712681
6.730834 8.867542 -2.983003 2.712730
6.794744 8.823153 -2.983955 2.712778
6.858348 8.778285 -2.984901 2.712827
6.923822 8.735691 -2.986782 2.712923
6.990861 8.694872 -2.989441 2.713059
7.057695 8.653585 -2.992113 2.713196
7.124326 8.611829 -2.994800 2.713334
7.190749 8.569601 -2.997499 2.713472
7.253168 8.522445 -2.998644 2.713530
7.314693 8.474148 -2.999547 2.713577
7.375876 8.425392 -3.000442 2.713623
7.436718 8.376176 -3.001331 2.713668
7.497215 8.326501 -3.002213 2.713713
7.557363 8.276370 -3.003088 2.713758
7.617163 8.225782 -3.003956 2.713803
7.676603 8.174748 -3.004817 2.713847
7.735682 8.123265 -3.005671 2.713890
7.794399 8.071336 -3.006518 2.713934
7.852748 8.018964 -3.007357 2.713977
7.910731 7.966146 -3.008189 2.714019
7.968335 7.912896 -3.009014 2.714061
8.025561 7.859209 -3.009832 2.714103
8.082407 7.805089 -3.010642 2.714145
8.138867 7.750540 -3.011444 2.714186
8.194943 7.695559 -3.012239 2.714226
8.250623 7.640158 -3.013026 2.714267
8.305908 7.584334 -3.013806 2.714307
8.360794 7.528092 -3.014578 2.714346
8.415277 7.471435 -3.015342 2.714386
8.469359 7.414359 -3.016098 2.714424
8.523028 7.356878 -3.016847 2.714463
8.576285 7.298989 -3.017587 2.714500
8.629127 7.240696 -3.018320 2.714538
8.681548 7.182003 -3.019045 2.714575
8.733552 7.122906 -3.019762 2.714612
8.785126 7.063419 -3.020470 2.714648
8.836271 7.003541 -3.021170 2.714684
8.886984 6.943273 -3.021863 2.714719
8.937262 6.882620 -3.022547 2.714754
8.987105 6.821579 -3.023222 2.714789
9.036503 6.760165 -3.023890 2.714823
9.085456 6.698374 -3.024549 2.714857
9.133962 6.636211 -3.025199 2.714890
9.182016 6.573679 -3.025841 2.714923
9.229620 6.510777 -3.026475 2.714955
9.276764 6.447516 -3.027100 2.714988
9.323447 6.383896 -3.027717 2.715019
9.369668 6.319921 -3.028325 2.715050
9.415423 6.255594 -3.028924 2.715081
9.460712 6.190913 -3.029515 2.715111
9.505527 6.125892 -3.030097 2.715141
9.549868 6.060529 -3.030670 2.715170
9.593730 5.994828 -3.031234 2.715199
9.637113 5.928793 -3.031790 2.715227
9.680016 5.862422 -3.032336 2.715255
9.722430 5.795729 -3.032874 2.715283
9.764356 5.728712 -3.033402 2.715310
9.805790 5.661376 -3.033922 2.715337
9.846731 5.593723 -3.034433 2.715363
9.887179 5.525753 -3.034935 2.715389
9.927125 5.457480 -3.035427 2.715414
9.966570 5.388903 -3.035910 2.715439
10.005510 5.320024 -3.036385 2.715463
10.043944 5.250849 -3.036850 2.715487
10.081873 5.181375 -3.037306 2.715510
10.119287 5.111617 -3.037752 2.715533
10.156187 5.041574 -3.038189 2.715555
10.192571 4.971249 -3.038617 2.715577
10.228436 4.900647 -3.039036 2.715599
10.263784 4.829766 -3.039445 2.715620
10.298606 4.758622 -3.039845 2.715640
10.332903 4.687212 -3.040236 2.715660
10.366673 4.615540 -3.040617 2.715679
10.399912 4.543611 -3.040988 2.715698
10.432623 4.471424 -3.041350 2.715717
10.464797 4.398993 -3.041703 2.715735
10.496435 4.326317 -3.042046 2.715753
10.527535 4.253401 -3.042379 2.715770
10.558097 4.180247 -3.042703 2.715786
10.588118 4.106856 -3.043017 2.715802
10.617593 4.033243 -3.043322 2.715818
10.646523 3.959405 -3.043617 2.715833
10.674904 3.885347 -3.043902 2.715848
10.702737 3.811074 -3.044177 2.715862
10.730021 3.736585 -3.044443 2.715875
10.756749 3.661894 -3.044699 2.715889
10.782924 3.587000 -3.044945 2.715901
10.808542 3.511908 -3.045182 2.715913
10.833602 3.436622 -3.045409 2.715925
10.858105 3.361141 -3.045626 2.715936
10.882045 3.285481 -3.045833 2.715947
10.905423 3.209639 -3.046030 2.715957
10.928237 3.133621 -3.046217 2.715966
10.950485 3.057432 -3.046395 2.715975
8.199942 2.227872 -2.276819 2.676573
8.198150 2.166043 -2.272067 2.676330
8.197137 2.104666 -2.267659 2.676104
7.312892 1.823309 -2.019470 2.663397
7.123573 1.723374 -1.963819 2.660547
7.173624 1.682556 -1.974330 2.661086
6.549245 1.487951 -1.799586 2.652139
7.193729 1.581643 -1.973593 2.661048
7.254098 1.541906 -1.987154 2.661742
7.266623 1.491624 -1.987684 2.661769
7.275517 1.440589 -1.987317 2.661751
7.284056 1.389506 -1.986951 2.661732
7.292242 1.338376 -1.986587 2.661713
7.297115 1.286678 -1.985419 2.661654
7.297517 1.234283 -1.983136 2.661536
7.297919 1.182003 -1.980954 2.661425
7.298320 1.129838 -1.978873 2.661318
7.298721 1.077780 -1.976894 2.661217
6.555961 0.921380 -1.773928 2.650825
7.299521 0.973965 -1.973235 2.661030
7.344974 0.927884 -1.983722 2.661566
7.349969 0.876429 -1.983370 2.661549
7.355080 0.825004 -1.983147 2.661537
7.356508 0.773200 -1.982028 2.661480
7.122035 0.698322 -1.917495 2.658176
7.439897 0.677081 -2.001753 2.662490
7.443150 0.625017 -2.001405 2.662472
8.449501 0.650153 -2.270729 2.676261
9.059731 0.633518 -2.433475 2.684594
11.349511 0.714052 -3.047105 2.716012
11.353733 0.634769 -3.046974 2.716005
11.357364 0.555465 -3.046834 2.715998
9.710224 0.406978 -2.604131 2.693331
8.205750 0.286551 -2.200064 2.672643
8.206201 0.229221 -2.199703 2.672625
8.206631 0.171902 -2.199442 2.672611
8.207041 0.114598 -2.199284 2.672603
9.712844 0.067809 -2.602612 2.693254
